Sourcebusa,Sourcebusb,Sourcebusc,799a,799b,799c,701a,701b,701c,702a,702b,702c,705a,705b,705c,713a,713b,713c,703a,703b,703c,727a,727b,727c,730a,730b,730c,704a,704b,704c,714a,714b,714c,720a,720b,720c,742a,742b,742c,712a,712b,712c,706a,706b,706c,725a,725b,725c,707a,707b,707c,724a,724b,724c,722a,722b,722c,708a,708b,708c,733a,733b,733c,732a,732b,732c,709a,709b,709c,731a,731b,731c,710a,710b,710c,735a,735b,735c,736a,736b,736c,711a,711b,711c,741a,741b,741c,740a,740b,740c,718a,718b,718c,744a,744b,744c,734a,734b,734c,737a,737b,737c,738a,738b,738c,728a,728b,728c,729a,729b,729c,799ra,799rb,799rc,time
0.999986561495465,0.9999910159421839,0.9999908817208527,0.913784857146512,0.9423471128744542,0.9438057031393917,0.978001347568116,1.015126237633308,1.0125577758110382,0.9698293206810019,1.009645741385831,1.0057295519453502,0.9690862529544442,1.0087570134713548,1.0042560607135362,0.9682662531516187,1.0081531776203023,1.0037716343132308,0.9622354335291867,1.0048237444085422,1.001126673776097,0.9610410400490927,1.0039754904921518,1.000411791296292,0.9565576454508873,1.001414833493085,0.9974557590168447,0.9667627003885141,1.0059971520371054,1.0015590526970954,0.9665778037895154,1.0058061166222654,1.0015338653938666,0.9653797829554198,1.0038438937035647,0.9983012092054169,0.9690063817166943,1.008045874235659,1.0037028158257761,0.9687003360325782,1.0087570427296815,1.003786857965383,0.9653650343974993,1.0035328270159598,0.9979793916177659,0.9653575489585648,1.0032483167663526,0.9977453900975015,0.9648002960769947,0.9999622167252945,0.9947330750502418,0.9647828419225887,0.9992341820562636,0.9941679534951078,0.9647273679335935,0.9995708427806651,0.994357177581753,0.952353074110816,0.9987806403854153,0.9951810786342469,0.9499612325093306,0.9972828982669716,0.9940827015932019,0.9520688060143729,0.9987806918872998,0.99484036217772,0.954934757271155,1.0002786433893647,0.9964549148781439,0.9549064112281291,0.9996790922578123,0.9958412851987096,0.9454385234500953,0.9946922700859374,0.9906918295344553,0.9451135239151793,0.9946922901207856,0.9902935971014337,0.9454078796759239,0.9934350356286729,0.9896927642160411,0.9411926345664806,0.9925077148969238,0.9900061371397498,0.9409625459544662,0.992507804748974,0.9897987326529586,0.9408481148984786,0.9925077348881887,0.9895940176994903,0.9655752512106054,1.0049694035363224,1.0015637716360912,0.9604346725504509,1.0033834268431,1.0001258106410444,0.9462958253218202,0.9952024846960924,0.9921326660025391,0.943191605893806,0.9931487058147166,0.9912327943481277,0.9418828987506576,0.9925073730080531,0.990636574471254,0.9600362326208157,1.0030022291748724,0.9997431927466943,0.9601478690054807,1.0031406604011355,1.0001345568286824,0.9936725697913174,1.0247545574868306,1.0263317115116586,2.0
0.9999870104251248,0.9999911602308592,0.9999911607927523,0.9165785643133175,0.9431776812748178,0.9452938014680264,0.9815685963796995,1.0162412540978125,1.0146383829979064,0.9736683902761394,1.0109023937707586,1.0080381776607792,0.9729560952266622,1.0100305878643168,1.0066405413199648,0.9721292940005083,1.0094218557882249,1.0061628598305994,0.9663500684163353,1.0062868474028188,1.003562134704693,0.9651994994964108,1.0054659366020968,1.0028728872728172,0.9608973140643688,1.0030441789761915,1.0000007194652734,0.9706297645650125,1.0072831373389153,1.0040332039272963,0.970438073379981,1.007096672638211,1.0040094626247154,0.9692993357285523,1.0051432694229983,1.0008963507288335,0.9728794768492666,1.0093329806533506,1.0061072947797094,0.972586178994432,1.010030617159522,1.006201852275663,0.9692855012810021,1.0048327939246906,1.0005859264554184,0.9692784531486177,1.0045508209182805,1.0003625000036787,0.9687442433602389,1.0013128789890535,0.9974877506837706,0.968727296629963,1.0006240061975222,0.9969443924236959,0.9686744157207674,1.000921991782771,0.9971292393402259,0.9568684061424406,1.0005327047297534,0.9977875172817705,0.9545766222804581,0.9991022493541364,0.9967231467820128,0.9565997142019269,1.000532756321881,0.9974474011282517,0.9593421405429138,1.0019633833398325,0.9990291937463067,0.9593145124584823,1.0014037307514272,0.9984431148414946,0.95024212487737,0.9966368398780538,0.9934451908059815,0.9499346218158656,0.9966368599520842,0.9930612401540968,0.95021227785544,0.9954543575473663,0.9924839232659192,0.9461632349449383,0.9945368612481233,0.9927538867703706,0.9459405412617772,0.9945369512836157,0.9925544855433548,0.9458375281355772,0.9945368812802574,0.9923515334419744,0.9693871477440228,1.0062767712606782,1.004038237944304,0.9646138536316271,1.0048917097329662,1.002591703891796,0.951053586734173,0.9971166869239226,0.9948335104624517,0.9480591907834105,0.9951504544981844,0.993951904406687,0.9468244860588876,0.9945365186612498,0.9933694833226725,0.9642269791168848,1.0045220783767679,1.0022193448065366,0.9643402940960003,1.0046562596945081,1.0026001947880951,0.9967129549811529,1.0256589018974087,1.0279519695192407,3.0
0.999987954807581,0.9999914893308817,0.9999916568418944,0.9224801324292701,0.9451529437187165,0.9479270566867163,0.9890951036113583,1.0188158785200085,1.0183823687939384,0.981763727485591,1.0137641835435973,1.0122341996522881,0.9811139479596489,1.0129234520388195,1.0109845020968775,0.9802806385070796,1.0123157416202564,1.0105158205735698,0.9750217049814087,1.0095477937097503,1.0080221658842576,0.9739573043211592,1.0087761408874516,1.0073804484488567,0.9700305761675713,1.0066133214475195,1.0046865340821094,0.9788089396333186,1.0102233108792755,1.008547462910658,0.9786104433836316,1.0100478361326022,1.0085263271271234,0.9775755039914626,1.0081110563262545,1.005647498433341,0.9810442601225623,1.012250693934097,1.0104924193022724,0.980776304934821,1.0129234814178798,1.010603703926214,0.9775633425661318,1.0078003916456757,1.0053573455042104,0.9775570933350791,1.0075219930616415,1.005152995675058,0.9770655401733506,1.0043885570456317,1.002559660957533,0.9770496808360619,1.0037765867343187,1.0020603505405812,0.977001424623744,1.0039995690438763,1.0022360587555845,0.9663607224281437,1.0043282643328861,1.0026026601747524,0.9642748280989217,1.0030214508170145,1.0016100321551638,0.9661210040165096,1.0043283161203387,1.0022647077766285,0.9686137822248478,1.005635209167333,1.003775389045177,0.9685875032147858,1.0051514803413668,1.003241001143858,0.9603219132840272,1.00078945719556,0.9985634580413264,0.9600468416066837,1.0007894773531214,0.9982086173779103,0.960293554414884,0.9997499758231962,0.9976727025627455,0.9565939296439124,0.9988414895950707,0.9978749906071138,0.9563858303951819,0.9988415800189498,0.9976922507057813,0.9563035163583706,0.998841509713724,0.9974935904295438,0.9775043070451723,1.0092766391955836,1.0085524178250935,0.9734136516921572,1.0082349052078798,1.0071080316567917,0.9610483955163638,1.001211211193205,0.9998473982542916,0.9582941161409511,0.9994053041512702,0.9990091724804997,0.9571993347470379,0.9988411455303794,0.9984577639105794,0.9730478650818998,1.0078862317628887,1.0067544286725922,0.973166401290506,1.0080126962026124,1.0071160754624913,1.0031355921456968,1.027809182487471,1.0308193077342398,4.0
0.9999889527624094,0.9999919617886814,0.9999921221761062,0.9287257031424075,0.9481090956858688,0.9504514277450081,0.985313748589227,1.0106001482423572,1.0099664581781338,0.9785436660077215,1.0058530382647288,1.0042310135354369,0.9779476917404583,1.0050443448053905,1.003112497192547,0.9771303641645485,1.004456504767447,1.0026455534856622,0.9723691678984604,1.0020102578380146,1.0002759899837594,0.9713782208737713,1.0012760573267867,0.9996688179312253,0.9678350004853749,0.999354505311954,0.9971624871003004,0.9757170619348726,1.0024390322531465,1.0008177051156033,0.9755244461725872,1.0022799690443054,1.0007987464997978,0.9745578223554034,1.0003567090433136,0.9981254841655589,0.9778859583955881,1.004397210508594,1.00266389070689,0.9776363425377816,1.005044373955985,1.0027778037838293,0.9745471770425753,1.0000419576850834,0.9978517957466516,0.9745416495863218,0.9997635916169375,0.9976637587804015,0.9740880254188147,0.9967514216289111,0.9953346398860126,0.9740732706539452,0.9962135836613524,0.9948780592322856,0.9740289735107515,0.9963659993909518,0.9950430508047718,0.9645156385450077,0.997271166613429,0.995199916058824,0.9626339562193906,0.996073114675613,0.9942747963598998,0.96429861365261,0.9972712180364106,0.9948607563540228,0.9665533627555924,0.9984692480978618,0.9963091748981338,0.966528792175844,0.9980598291278803,0.9958291736602667,0.959043486053158,0.9940521411717733,0.9914429863038173,0.9587940070642404,0.994052161193353,0.991113130569475,0.9590168983594062,0.993155361411829,0.9906271463934087,0.9556703672149158,0.9922227411487631,0.9907637765586143,0.9554755774572975,0.9922228309711727,0.9905986616112422,0.9554072831335824,0.9922227611336832,0.9903993641556067,0.9744418575510561,1.0015970717122653,1.0008209578456255,0.9708719747383662,1.00076069494495,0.9994011893967748,0.9597026710579254,0.9944159289117857,0.9926315027066196,0.9572081048238108,0.9927453309263308,0.991837082305396,0.956230364074402,0.9922223993726753,0.9913154094369432,0.9705209561816336,1.0004266374806492,0.9990604192655198,0.9706508635841251,1.0005501547067532,0.9994088666506074,0.9983242732540644,1.0191757100469898,1.0216879772470915,5.0
0.999989817851718,0.9999923444307532,0.9999923762391705,0.9341421176068719,0.9505281873359472,0.9516955207728097,0.9863067116416265,1.0076183541089547,1.0059328990439405,0.9800815267662686,1.003143295654274,1.0005631481021173,0.979539854237785,1.002356752963544,0.9995616282783159,0.9787368242085609,1.0017850014433494,0.9990970280599222,0.9744567294134738,0.9996526072059932,0.9968432587511642,0.9735360482092696,0.9989542594750355,0.9962701220676151,0.9703653039479756,0.9972530844023804,0.9939307334824438,0.9773844696080992,0.9998227636271555,0.997398226325341,0.9771975938164871,0.9996763885622648,0.997381441800667,0.9762998913643082,0.9977586715929575,0.9948958216865151,0.9794853973218762,1.0017273334466845,0.9991517182846836,0.9792556114567981,1.0023567820362718,0.9992681159753637,0.9762906567467952,0.9974394267786115,0.994637097930581,0.9762857995795137,0.9971604746531052,0.9944640247268081,0.9758672057895955,0.9942456604802828,0.9923783669484452,0.9758535803227931,0.9937733259441143,0.9919624568563832,0.975812814831163,0.9938619205990051,0.9921160416041264,0.9673913383658572,0.9953577694821533,0.9920826537662846,0.965711331394021,0.9942622841316263,0.99122149040292,0.9671956667239067,0.9953578208058524,0.9917430408712771,0.9692168443214788,0.9964531958462762,0.9931313151233644,0.9691938932243801,0.9961072872450409,0.9926992788285923,0.9624858405664974,0.9924382169938352,0.9885934397036432,0.9622619298967462,0.992438236982586,0.9882885494345826,0.9624607622672082,0.9916658402458112,0.9878412801354143,0.9594590275544885,0.9907308828986124,0.9879226287728333,0.9592758539269015,0.9907309725834555,0.9877730522011607,0.9592212393884657,0.9907309028530165,0.9875750047504586,0.9761376623703225,0.9990611306076619,0.9974006580681308,0.97306531235632,0.9984636346762209,0.9960085390039713,0.9630778969836381,0.9927514691421128,0.9896911527160858,0.9608468518689742,0.9912135441812202,0.9889384422927124,0.959977433365031,0.9907305416459687,0.988444825839035,0.9727299020100164,0.9981446763075548,0.9956815478227324,0.9728671796623618,0.9982633560190751,0.9960158990327863,0.9983132915005655,1.015837630256937,1.0170800774468416,6.0
0.9999905790789949,0.999992683639888,0.9999925271654638,0.9389242311107314,0.9526948556920267,0.9523542383121303,0.9864542299078334,1.0042750572963146,1.0011323126519904,0.9807231999234651,1.0000438740634081,0.9960869717977104,0.9802271282527716,0.999277267626308,0.9951878467915838,0.9794403007217733,0.9987197118915286,0.9947257180942711,0.9756027592189516,0.9968679092129913,0.9925777589487141,0.9747446879452419,0.9962010517683745,0.992034356224606,0.9719173095856825,0.9946932856092048,0.9898452039665445,0.9781447028502736,0.9968067909615588,0.9931415651969783,0.9779636961914754,0.9966714790145803,0.9931267799680976,0.9771256040480161,0.9947595216283817,0.9908073983264959,0.9801793335092462,0.9986637933487936,0.9948138293216053,0.9799652371678755,0.99927729660982,0.994928857780333,0.9771177135523363,0.9944361085324726,0.9905629819585176,0.9771134953586333,0.9941566634194554,0.9904041459461105,0.9767246228900904,0.9913294015250105,0.9885296628341885,0.9767120142726718,0.9909166789951447,0.9881502293184561,0.9766742056803328,0.9909470570458604,0.9882928683222219,0.9692595835821813,0.9929630783162231,0.9881002276751855,0.9677643337814238,0.9919576955223873,0.9872972843326056,0.9690833770042595,0.9929631295158284,0.9877600997254221,0.9708907517965149,0.9939683367164543,0.9890937950200259,0.9708691201149322,0.9936780984410124,0.9887024106838854,0.9648683265261945,0.9903063463211641,0.9848510531249229,0.9646658161974578,0.9903063662666439,0.9845678575733223,0.9648445633103879,0.9896451169842495,0.9841545228546885,0.9621690213745625,0.9887046311513258,0.9841957850047576,0.9619967708008764,0.9887047206502295,0.9840607835876535,0.9619544255956755,0.98870465106444,0.9838638668395369,0.976927821145224,0.9961147760723039,0.9931434191231762,0.9743056131158184,0.995732194687705,0.9917779137245275,0.9654041767411259,0.9905744481677017,0.9858697453097957,0.9634199395139302,0.9891514076022954,0.9851573006856602,0.9626489606265437,0.988704290606183,0.9846902382858382,0.9739838392153007,0.9954262225433478,0.9914629309485472,0.9741282106064801,0.9955410521767878,0.9917850010041438,0.9975601370009322,1.0122007553628836,1.0118340781478914,7.0
0.9999912912380468,0.9999929878247391,0.9999927317838634,0.943443597107455,0.9546350570466882,0.9534243587705378,0.9921338548110663,1.0066499534150044,1.0028005154184452,0.9868783461535987,1.002648233989943,0.9980864722721215,0.9864271891801775,1.0018973144239092,0.997283064230201,0.9856557987039765,1.00135851118664,0.9968275371624473,0.9822372236242004,0.9997624913815847,0.994801302802652,0.9814393580266834,0.9991268636509755,0.9942894344935773,0.9789267629054831,0.9977911807685915,0.9922526324407407,0.9844140260243152,0.9994953584234997,0.9953525943211318,0.9842383990170834,0.9993700945922703,0.9953395464954627,0.9834574666582755,0.9974709412185209,0.9931793630321961,0.9863851395532467,1.001296386753902,0.9969382681108141,0.9861879267792003,1.001897343483502,0.9970595932805623,0.9834507517530178,0.9971466426575702,0.9929489249324002,0.9834470942724286,0.9968690062945678,0.992803284591459,0.983084745988233,0.9941219319972374,0.9911150802813883,0.9830728909581283,0.9937641736591069,0.9907651970415183,0.9830378941772041,0.9937414887302894,0.9909014736441807,0.97656539596124,0.9962095386252708,0.9906199683715737,0.9752419681891363,0.9952849188590069,0.9898791465672779,0.9764088441386283,0.9962095899916794,0.9902841649131414,0.9780143857202687,0.9971339892780285,0.9915515292961032,0.9779937094437732,0.9968954544735681,0.991194736474913,0.9726538904593621,0.9937869058955675,0.987622018784116,0.9724713682834938,0.9937869259108314,0.9873623767511371,0.9726311330749625,0.9932219225259804,0.9869706362653451,0.9702595143578322,0.9922838909771917,0.9869936808424972,0.9700965389458301,0.9922839807977336,0.9868723807759229,0.9700670090980525,0.9922839109619471,0.9866804114812271,0.983224226919345,0.9988661712352452,0.9953538643018055,0.981030919509473,0.9986795351076481,0.9940395128538563,0.9731373241121075,0.9940159080267792,0.9885611168577249,0.9713820629403719,0.9926965450048947,0.9878945708438424,0.970702890184102,0.9922835492082114,0.9874572494486245,0.9807236553309158,0.9983873914689522,0.9937376562133672,0.9808718803970794,0.9984963284645351,0.9940463721867108,1.002365521461086,1.0142636927751276,1.0129731183205168,8.0
0.9999920217875456,0.9999933620838082,0.9999931132355692,0.9481187274418237,0.9570191956728769,0.9556979142001829,0.9859904043207155,0.9975326812582457,0.9938288918907251,0.9811510449173904,0.9937576661854228,0.9894466884160076,0.9807356424235115,0.9930322032578871,0.9887344300206915,0.9799816630897358,0.992512557037703,0.9882822102997825,0.9769295116572057,0.991124988323577,0.9863829604721678,0.9761782781069324,0.9905115653029897,0.9858953818414942,0.9739484072326934,0.9893383210616324,0.9840179659872852,0.9787911972326454,0.9907138715371481,0.9869076287146182,0.9786224334456103,0.9905988773399464,0.9868959731293163,0.9778839565346572,0.9887313307223525,0.9848827731042052,0.98069923339049,0.9924516414361105,0.9884188053448466,0.9805135949264611,0.99303223206045,0.988543771033225,0.977878167796242,0.9884044073680757,0.9846627264377869,0.9778749518868062,0.9881266875537221,0.9845272912838227,0.9775367952340271,0.9854995023066143,0.9830110470210377,0.977525679535702,0.9851993256159375,0.9826909541984492,0.9774931600265478,0.9851252551686677,0.9828178480009974,0.9718408630078965,0.9878891336920277,0.9824914576089132,0.9706659478958825,0.9870353983574728,0.9818096683710661,0.9716988950909348,0.9878891846289048,0.9821575482066974,0.9731338609092917,0.9887426761306272,0.983364945970473,0.9731141984987036,0.9885558042012101,0.9830434871247495,0.9683336101855848,0.985674926220892,0.9797297538361351,0.9681652956396064,0.9856749460724883,0.9794905606954353,0.9683120686103412,0.9852040321089018,0.9791276427003207,0.9662075131591646,0.9842477871492962,0.9791289882457387,0.9660535286665268,0.984247876240259,0.9790221669176846,0.9660306468706946,0.9842478069717837,0.9788307438629995,0.9776406101486841,0.9901487769846615,0.9869080498226691,0.9757938918083562,0.9900794623139174,0.9856486188871647,0.9687795839782656,0.9858657102523471,0.980595666647378,0.9672247341265725,0.9846340295326462,0.9799727815821369,0.9666220616044227,0.9842474481563791,0.979563648204927,0.9754963030631781,0.9897966170904778,0.9853553462226615,0.975651239956019,0.9899024769176105,0.9856553196355794,0.9954853313475223,1.0048363799355813,1.0034456078855278,9.0
0.9999926661607524,0.9999936431548002,0.999993465166802,0.952273330455437,0.958807523600141,0.957827121242209,0.9910806376901778,0.9997176682084935,0.9966778381590012,0.9866386496532027,0.9961466474687837,0.9926318028469413,0.9862571773013094,0.9954382299757044,0.9920038507340727,0.9855162713376833,0.9949389338442032,0.991560365786475,0.9828190392167825,0.9937515080371784,0.9898030824414218,0.9821163052555579,0.9931632077127587,0.9893439117943741,0.9801418568456499,0.9921344227190353,0.9876258495161442,0.9843656792507501,0.9931942914500865,0.9902809046944747,0.9842009062102902,0.9930879742266364,0.9902705558911755,0.9835057318800083,0.9912488635484625,0.9883967563841428,0.9862253362345729,0.9948713035732908,0.9917105656332375,0.9860520549637913,0.9954382588481081,0.9918470199260583,0.9835007769923939,0.9909238736687747,0.988188145361205,0.9834979611020868,0.9906495567848259,0.9880629038019563,0.9831804260988531,0.9881089416167749,0.9866906993901208,0.9831696915010277,0.9878577533464986,0.9863903412300085,0.98313957967931,0.9877389510228743,0.9865159857452922,0.9782733468483485,0.9908082775994567,0.9862169397694789,0.9772372974691343,0.9900210395787791,0.9855995467505829,0.9781457412785245,0.9908083286863963,0.9858901433811174,0.9794193699828037,0.9915953107013314,0.987023665121051,0.9794003124354622,0.9914533242964322,0.9867294989643814,0.9751512661540671,0.9887866996987343,0.9837095891813666,0.9749984798364362,0.988786719612771,0.9834943177214627,0.9751305045027494,0.9883940877211723,0.9831430481437876,0.9732723344301607,0.9874421044382194,0.9831482655430132,0.9731266055508008,0.987442193816582,0.98305505909343,0.9731121969047295,0.9874421243247148,0.9828694752394359,0.9832350905539325,0.9926829295069269,0.9902806588139975,0.9817569244396572,0.9927484072726555,0.9891027249267966,0.9755565129679978,0.9889456815919373,0.9844988491187173,0.97418328692568,0.98780001605252,0.9839262926892562,0.9736564440007833,0.9874417643517407,0.9835495833615484,0.9814711016908148,0.9924769180989456,0.9888203764813491,0.981629358051407,0.9925777922599689,0.989109255377576,0.9998505834183383,1.0067155436665398,1.0056836144884242,10.0
0.9999933121786935,0.999993947622931,0.9999938860232885,0.956455593908814,0.960748542480296,0.9604369322219247,0.9901500909931931,0.9960452353118894,0.9940280222096944,0.9860627830755675,0.9926733999879316,0.9903158328794813,0.9857085306028646,0.9919893777479672,0.9897703649066973,0.9849824424044146,0.9915079163960749,0.9893326690580884,0.9826012342230325,0.990490525583427,0.987715557767781,0.981940192626014,0.9899237228585699,0.9872806882883692,0.9801939605351125,0.9890290873663525,0.9857228078170488,0.983868354187083,0.9898242991295224,0.9881416974870538,0.9837077578834699,0.9897267130227878,0.9881324368294813,0.9830491235064213,0.9879257159165908,0.9863887126580312,0.9856809603390453,0.9914419681566347,0.9895006102358216,0.9855165334030839,0.9919894065203888,0.9896453731300753,0.9830448272827714,0.9876021822890305,0.9861892863639771,0.9830423280256515,0.9873305214177768,0.9860722434411396,0.9827416745675079,0.9848933456309023,0.9848276122076354,0.9827313684461711,0.9846900003209006,0.9845476267625078,0.9827030886083705,0.9845298333383355,0.9846685717696052,0.978532997592526,0.9878160660901104,0.9844262091721036,0.9776174986847814,0.9870900571532182,0.9838701578430381,0.9784176729573026,0.9878161170223911,0.9841064040214079,0.9795514199288335,0.988541868558117,0.9851690143166718,0.9795329587563903,0.9884407606317928,0.98490015369319,0.9757406974363885,0.9859717155826322,0.9821608526320709,0.9756003215159391,0.9859717354397848,0.9819680637237859,0.9757207564799562,0.9856520941243663,0.9816293673386215,0.9740761521637754,0.9846993489494277,0.9816352194053205,0.973938237978214,0.9846994380780637,0.9815547934080804,0.97392858485064,0.9846993687804124,0.981373812464733,0.9827600186240513,0.9893658799391305,0.9881406389799277,0.9816022564372323,0.9895236222855087,0.9870432789109582,0.9761133151542105,0.9861010479729135,0.9828774172781339,0.9748964473446818,0.9850339257631072,0.9823517279248282,0.9744349873886486,0.9846990098131613,0.982005447028526,0.981325570655443,0.9892610266369871,0.9867694253771703,0.9814887382583997,0.9893591930076153,0.9870496433149707,0.9982671566339305,1.002750660813525,1.0024239152271288,11.0
0.9999939165723423,0.9999942166147738,0.9999943271194096,0.9603907545165631,0.9624639615296259,0.9632121899353027,0.9948834979125167,0.9981347815506043,0.9975789516354696,0.9911270932638745,0.994952105429901,0.9942079099432892,0.9908000536323139,0.9942881002262789,0.9937363693444656,0.9900843879980169,0.993829770232883,0.9933149866565841,0.9879972374963454,0.9929663948585598,0.9918459285465131,0.9873772896440963,0.9924210214534667,0.9914367275896714,0.9858313024884133,0.9916506750768922,0.9900414569227173,0.9890016928853261,0.9922085054340858,0.9922141397216435,0.9888439474561613,0.9921189828504802,0.992205863464682,0.9882224094454586,0.9903634539021,0.9905951415715499,0.9907760961341853,0.9937567039185682,0.9934831393990134,0.9906216725803666,0.9942881290653833,0.9936433351691403,0.9882187133249324,0.9900453046100242,0.9904059815464633,0.9882165054961235,0.9897793582881492,0.9902973037587187,0.987931417394392,0.987440343906262,0.98917282738998,0.9879214131090731,0.9872798118298428,0.9889090880556356,0.9878949286435154,0.9870843265320492,0.9890293006222572,0.9843576810728525,0.990543774356972,0.988862097733133,0.9835506439023297,0.9898753038785667,0.9883687195404579,0.9842531436774061,0.9905438254295814,0.9885520556056502,0.9852609392181652,0.9912120413345817,0.9895376832224058,0.9852430876675159,0.9911488201506875,0.9892928317123426,0.9818625359599484,0.9888642204254806,0.9868435808202091,0.9817339578266512,0.988864240340746,0.9866745050077754,0.9818432863675531,0.9886099896341543,0.9863421879963736,0.9803842682048246,0.9876631961915722,0.9863537970679935,0.9802535748712736,0.9876632855873504,0.986284925181332,0.9802468248490397,0.9876632160820463,0.9861105189299414,0.9879070110219861,0.9917982969570319,0.9922122997379541,0.9870602535114722,0.992035626897002,0.9912043080322595,0.9822041679036988,0.9889669873394494,0.9874862655734594,0.9811222973446468,0.987973986143599,0.9870080236380449,0.9807206286454367,0.9876628560388258,0.9866924981756029,0.9867934728403024,0.9917827860654383,0.990939912791337,0.9869591966514519,0.9918763656906054,0.9912105416717046,1.0023769918998122,1.0045424956279616,1.0053230752218756,12.0
0.9999944945406983,0.9999945201571973,0.9999948062952208,0.9641544628803642,0.9644044028600552,0.9662605411461967,0.9872718465681617,0.9883706434816357,0.989265717307466,0.9837960202285796,0.9853666329917382,0.986209591295524,0.983489893195796,0.9847320423450123,0.9858066418483646,0.9827879958074922,0.9842926770696068,0.985398917014527,0.9809438100273216,0.9835424192377551,0.9840571427939127,0.9803566738044642,0.9830139247526354,0.9836673902791965,0.9789814174710036,0.9823496640517003,0.9824234516311943,0.9817345045547148,0.9827413174260029,0.9843788844420522,0.9815803573835966,0.9826599616805726,0.9843713719236689,0.9809870206208102,0.9809594058979394,0.9828801360774296,0.9834695468743455,0.984224179658143,0.9855716076768283,0.9833213531022762,0.9847320709069708,0.9857411092730065,0.9809837951033585,0.9806438717319355,0.9826984198413579,0.9809818159659519,0.9803811414855057,0.9825960744520109,0.9807105075789804,0.9781674319431652,0.9815783939267638,0.9807008696451615,0.9780467739300939,0.9813315891957429,0.9806758494509759,0.9778222265631066,0.9814478902345167,0.9776612608238755,0.9813312562906523,0.9813458666634616,0.9769438899667213,0.9807102853939246,0.980908006374362,0.9775645302400021,0.9813313068880012,0.9810415398418134,0.9784702123174237,0.9819520322949581,0.9819635226945955,0.9784530279693235,0.9819227899589934,0.9817415886337798,0.9754080508642465,0.9797900368322111,0.9795464303625043,0.975288272212112,0.9797900565645995,0.9793975270036352,0.9753896649692708,0.9795976043179863,0.9790781011957055,0.9740896648006665,0.9786389848806569,0.9790856427013767,0.9739649573899589,0.9786390734586026,0.9790270578183388,0.9739611463255898,0.9786390045892003,0.9788576830406175,0.9806601874208029,0.9823790509623798,0.9843761324165015,0.9800564119141403,0.982639785065323,0.9834373506955127,0.9757264373195261,0.9798677037132585,0.9801232437727158,0.9747565915778534,0.9789330497029853,0.979686070127356,0.974406790863067,0.9786386478397804,0.9793972729810222,0.9797965035854667,0.982393862980426,0.9831794045963196,0.9799674400722199,0.9824865137777069,0.983443416847102,0.9942561795000934,0.9945146555782406,0.9964294085636669,13.0
0.9999949694630806,0.9999947401350407,0.9999952127451611,0.9672585642358039,0.9658072505792247,0.9688570563323741,0.9909503013714797,0.9900733115079593,0.992512524038739,0.9877277232499572,0.9872245493853266,0.9897439078096301,0.9874439824200755,0.9866095423262993,0.9893984241820527,0.9867484010992825,0.9861910985856694,0.9890098822508775,0.9851268874114937,0.9855499926428857,0.9877894274623863,0.9845716310128491,0.9850377408077658,0.9874190713327583,0.9833442826895478,0.9844710491838313,0.9863135423933658,0.9857171504261022,0.9846982726437346,0.9880661344298324,0.985563833314536,0.984623902525499,0.9880593820920468,0.9850063413590131,0.9829712753245938,0.986680848574228,0.9874263802157393,0.986117346192238,0.9891746844793566,0.9872868178974797,0.9866095709426945,0.9893588940306861,0.9850035080520549,0.982662015146172,0.9865071707356983,0.9850017218277346,0.9824052686858997,0.9864109369516915,0.9847426572416373,0.9802836447140749,0.9854857670984474,0.9847332093543857,0.9801968405258853,0.98525046157711,0.9847096411884284,0.9799467063224799,0.9853673333904657,0.9821646204986908,0.9835352017338768,0.9853350452646555,0.9815288784221954,0.9829588494058694,0.9849504835959255,0.9820752264815702,0.9835352524446604,0.9850387686838789,0.9828871955496047,0.9841113660007268,0.9858954266429147,0.9828704215826651,0.9841123364640338,0.985691534102415,0.9801368887715536,0.9821224827463644,0.9837444902079753,0.9800273616503544,0.982122502525656,0.9836159378203678,0.980118994575832,0.9819817461229752,0.9832982989312624,0.9789575682627496,0.9810266604351475,0.9833169886480583,0.9788384048295111,0.9810267492285855,0.9832677651504308,0.9788390789314817,0.9810266801916753,0.9831055247908405,0.984644518889946,0.9843769902041039,0.9880625980974235,0.9842876391680043,0.9846748490523071,0.9871924274877876,0.9804284023709005,0.9821791481275255,0.9842593994669477,0.9795537436812157,0.9813019804523527,0.9838632774307572,0.979254473257628,0.9810263225743162,0.9836012666636563,0.9840346305498253,0.9844358870232324,0.9869411961802425,0.9842091601020285,0.9845261058334583,0.9871983795123253,0.9974591675395872,0.9959624880112923,0.9991091877968287,14.0
0.9999953935780109,0.9999949582441218,0.9999956195598634,0.9700360771648968,0.9672009696820619,0.9714750608797695,0.9942277082478483,0.9917636260150648,0.9957498126855742,0.9912318632133075,0.9890664855227524,0.9932488756546044,0.9909691787264844,0.9884721999726925,0.9929540750212622,0.9902788099545407,0.988074952959508,0.9925850646474688,0.9888549754056034,0.987529749175034,0.9914789155243897,0.9883290945798887,0.9870336756192498,0.9911265709406265,0.9872318665117584,0.9865565250395942,0.9901495396096321,0.9892660357868955,0.9866426983957671,0.9917108134541213,0.9891133334356539,0.9865752001014411,0.991704670494639,0.988587172473363,0.9849742679279978,0.9904291152846859,0.9909540622569333,0.9879965806341287,0.9927393324786733,0.9908227867963575,0.9884722286430818,0.992938199767383,0.9885846651922565,0.9846725134844091,0.9902631250096842,0.9885830414072481,0.9844226018912936,0.9901724204163554,0.9883330163887635,0.9823920121194034,0.989323512428825,0.9883237130542752,0.9823353854931453,0.9890978078523107,0.9883012192097048,0.9820640545876458,0.98921520411356,0.9861769533738572,0.9856977356388752,0.9892628769817357,0.9856131272705676,0.9851631983064307,0.9889273169892376,0.9860948619355455,0.9856977864609998,0.9889749971406281,0.9868228299026387,0.9862320916962664,0.9897700407135596,0.9868064091531186,0.986260434513736,0.9895822098400506,0.984343629146183,0.9844055366852974,0.9878613318587476,0.9842417334303987,0.9844055565105242,0.9877504896735949,0.9843261612814336,0.9843112583556838,0.9874345325782935,0.9832973440378024,0.9833637513408676,0.9874706732202817,0.9831834556848278,0.9833638403454117,0.9874301112314765,0.9831892182821117,0.9833637711444001,0.9872753615511847,0.9881938331671721,0.9863608604555582,0.9917064146561784,0.9880607033732244,0.9866818759020893,0.9909037005171579,0.9846151133314626,0.9844433283643628,0.9883223202094195,0.9838254935793198,0.9836215939265581,0.9879652011378836,0.9835740727562651,0.9833634126767746,0.9877287993904539,0.987814946816808,0.9864502571017348,0.9906595097763917,0.9879920969694548,0.9865376637173902,0.9909095345212814,1.000325122443264,0.9974008924568952,1.0018110157719395,15.0
0.9999958028081596,0.9999951833182708,0.999996035948411,0.9727222429670128,0.968645671039819,0.9741685703634222,0.9973806747762142,0.9935068892501422,0.9990534016026124,0.9945910466869503,0.990956348771464,0.9968068094919627,0.9943469297951204,0.9903846963147889,0.9965560354507692,0.9936627929190808,0.9900078872200548,0.9962073514959237,0.992416976510014,0.9895419809005288,0.9952139818196476,0.9919167096899973,0.9890594588154854,0.9948771839499478,0.9909372191200203,0.9886644101634978,0.9940265358713257,0.9926689057962182,0.9886378613557287,0.9953976812012341,0.9925167169725491,0.9885766438206622,0.9953920037457056,0.9920223234144805,0.9870331803328329,0.9942123849493667,0.9943338948781608,0.9899271829550874,0.996348347698422,0.994210121096809,0.990384725040613,0.996561276949433,0.9920199554327437,0.9867395461950018,0.9940520397769329,0.9920184053071455,0.9864965443808597,0.9939648523529888,0.9917787959775859,0.9845618594381789,0.9931837800435935,0.9917697130947025,0.9845342865111661,0.992969042718861,0.9917483493281274,0.9842437839104117,0.9930837502046201,0.98999342867474,0.9878751612082538,0.9932284654217782,0.9894935498095652,0.9873782774259373,0.9929399283484106,0.9899177543277459,0.9878752121425137,0.9929491572574426,0.9905709877812687,0.988371870169356,0.9936841434473207,0.9905549008958099,0.988425316770946,0.9935110931204005,0.988333631143842,0.9866924064945918,0.9920092408057312,0.9882389331808002,0.9866924263658458,0.9919155367734097,0.9883166507681587,0.9866421556539766,0.9916025248229964,0.9874021645864626,0.985697637917872,0.9916512347077053,0.9872926725027897,0.985697727133336,0.9916183857573617,0.9873032039230546,0.9856976577683636,0.9914712872789667,0.9915967465799881,0.9883908513088763,0.9953924606359487,0.9916618141752134,0.9887170304864048,0.9946573376316643,0.9885861915550128,0.9867123113813028,0.9924175154796212,0.9878697296349603,0.9859400215261552,0.9920970969295293,0.9876610086946683,0.9856972984512246,0.9918847935896815,0.9914219127202689,0.9884914385715856,0.9944189018791799,0.9916016764041976,0.9885761761593711,0.994663094233307,1.0030967683311576,0.9988918690476086,1.0045906644229374,16.0
0.99999615918404,0.9999954287707579,0.9999964347057,0.9750539917398652,0.9702237639393422,0.976756390458458,0.9878779641414248,0.9832227467134484,0.9899395945805638,0.9852548166400865,0.9808099919545998,0.987910381952161,0.9850261975224424,0.9802685538755572,0.9877045658501237,0.984345521842694,0.979906687327871,0.9873645026214083,0.9832448854817634,0.9794928209161519,0.9864537808887308,0.9827634081205514,0.9790198641709567,0.9861273168983486,0.9818881280037338,0.9786962552063833,0.9853822063607343,0.9833671107982932,0.9786018985885365,0.9866066055352198,0.9832165104602268,0.978547030417277,0.986601257686609,0.9827409080471642,0.9770635895370327,0.9854983542172913,0.9850152532896926,0.9798352139003956,0.9875065186302976,0.9848971258968032,0.9802685823079529,0.987729544834211,0.9827386018390257,0.9767744005582073,0.9853410218040595,0.9827370867281081,0.9765351818389759,0.9852556917525452,0.9825054173316794,0.9747146816469149,0.9845281096253693,0.982496629775064,0.9747132742624162,0.9843254631951512,0.9824759729868312,0.9744084410460045,0.9844337501778943,0.9810347539417709,0.9779657944502494,0.9846522843320967,0.9805870761197648,0.9775006969825576,0.984401047129919,0.9809647773189859,0.9779658448734846,0.9843769367671853,0.9815567603881918,0.9784307255554241,0.9850690156469141,0.9815411174334964,0.9785056347390659,0.9849105492881375,0.979520223071376,0.9768760407826872,0.983582501084181,0.9794327729708748,0.9768760604562164,0.9835031088210155,0.9795038900845562,0.9768658950281821,0.9831987980728757,0.9786776232636795,0.975915687757544,0.9832391570633346,0.9785721993771124,0.9759157760872902,0.9832130998914115,0.9785851654241896,0.9759157074109839,0.9830692236121212,0.9823036530028757,0.9783894375373083,0.9866005263495884,0.9825182744227494,0.9786837091541029,0.9859076176012107,0.9797536756031511,0.9768796585308722,0.9839442274959297,0.979095654593737,0.9761479435957117,0.9836498800656042,0.9789230915428839,0.9759153516610707,0.983455091759861,0.9822811661318985,0.9784612536587874,0.9856717961562467,0.9824657675414464,0.9785465421723007,0.9859132752127087,0.9933148742647184,0.988392997066543,0.9950519607960836,17.0
0.9999964065664708,0.999995597471533,0.999996732117055,0.9766707884977941,0.9713008431049969,0.9786863503185892,0.9897775112689979,0.9845305788849816,0.9922811514676004,0.9872919078504977,0.9822405233435425,0.9904340866886485,0.9870775932147999,0.9817201720628875,0.9902647885617352,0.9863968965139899,0.9813766925886948,0.9899383346207861,0.9854205280522409,0.9810223565747608,0.9890895250337793,0.9849607020645749,0.9805610092298476,0.9887754774061013,0.9841649561609462,0.9803077577267941,0.9881079650323842,0.9854257603642324,0.9801289431115628,0.9892295628095585,0.9852745566486419,0.9800803060425671,0.9892244866006251,0.9848210528145462,0.9786479936872551,0.988195217560845,0.9870680702694135,0.9813037012155451,0.9900731353285424,0.986956043059039,0.9817202005373267,0.9903068766165897,0.9848189271334177,0.9783664951226054,0.988043603483947,0.9848175052240069,0.9781339206873231,0.9879619474811915,0.9845941526780836,0.9763986857494985,0.9872907777576453,0.984585568045274,0.9764213552836156,0.9870976325480155,0.9845657962685557,0.9761016348571241,0.9872034758409907,0.9833881412686587,0.9796371470871703,0.98743145655678,0.9829840206485869,0.9792045769375421,0.9872084489030077,0.9833239669809976,0.9796371975965357,0.9871605324831318,0.9838631050229916,0.9800695538770348,0.9878180121047411,0.9838478039760395,0.9801654620960317,0.9876726745258686,0.9819914792529327,0.9786405864119757,0.9864716799816932,0.9819099983291473,0.9786406061210682,0.9864023365032958,0.9819754841622663,0.9786650356273617,0.9861026990456552,0.9812273247161409,0.9777225948743228,0.9861490929869705,0.9811253783571028,0.9777226833676694,0.9861293516941513,0.9811430977188847,0.977722614564187,0.9859883113330633,0.9843559778747716,0.9799522545941016,0.9892224057756466,0.9847265981906218,0.9802328754373769,0.9885578278340112,0.982209270346764,0.978630149828766,0.9868013021370852,0.981596368063978,0.977942078357092,0.9865290596280714,0.9814585590316773,0.9777222581553474,0.9863494564714034,0.9844938392093509,0.9800149590016899,0.988326195742255,0.9846816559267639,0.9800993862884746,0.988563387214089,0.9949629793068483,0.9894911964233012,0.9970194922489755,18.0
0.9999966434027013,0.9999957600800509,0.99999700522842,0.9782171358218479,0.9723417093836594,0.9804591074113486,0.9915994755501252,0.9857919295215483,0.9944375440999484,0.9892361456728338,0.9836167643576443,0.9927530169474591,0.989034293560728,0.9831179025604692,0.9926156536883768,0.9883537895316654,0.9827901238852627,0.9923021962382331,0.9874883516835804,0.9824874764171291,0.9915053971858145,0.9870479032955358,0.9820366465586726,0.9912029096671254,0.9863244223907879,0.9818473664567513,0.9906019468877687,0.9873890058098608,0.9815961109949856,0.9916373527591186,0.9872367690547126,0.9815527278475032,0.9916324862950131,0.9868057418361021,0.9801725789181408,0.9906690130356947,0.9890260601331216,0.9827186230293696,0.9924292622863933,0.9889192585694596,0.9831179310753889,0.9926729502227235,0.986803722204408,0.9798988420194139,0.9905222095640049,0.9868023579350955,0.9796727909546287,0.9904433761190227,0.9865865687646113,0.9780209940896382,0.9898200546626437,0.9865782069377603,0.9780662915789502,0.9896365260510714,0.9865591845908754,0.9777331161735755,0.9897384459201845,0.9856157865835473,0.9812313444077265,0.9899711560710907,0.9852502772521236,0.9808285327927929,0.9897723688555311,0.9855571786267455,0.9812313949992598,0.9897040977974194,0.9860488483772217,0.9816339947230942,0.9903318611926532,0.9860338075952917,0.9817486091907147,0.9901976501107604,0.9843235170585682,0.9803197904981859,0.9891054297775863,0.9842474908862114,0.9803198102411308,0.9890444524956549,0.9843078321308301,0.9803756524921092,0.9887498350943272,0.9836303816210823,0.9794399472958151,0.9888024825250776,0.9835315651648013,0.9794400359447154,0.9887885045505783,0.9835546872823946,0.9794399670203108,0.9886499894211274,0.9863100320407571,0.9814482527230873,0.9916292965193421,0.9868239751876932,0.981715748682569,0.9909875175059606,0.9845269966311426,0.9802965923027062,0.9894078647890676,0.9839533495618783,0.9796483372521944,0.9891550962448089,0.9838476869244601,0.9794396099849542,0.9889890090814485,0.9865957011551424,0.9815024538333244,0.9907601942216487,0.9867855435492833,0.9815850797511098,0.9909930076993874,0.9965392886884951,0.9905524603639063,0.9988267787761518,19.0
0.99999688021965,0.9999959372457303,0.9999973053524347,0.9797700273763625,0.9734816232613909,0.9824161048801138,0.9934092620647555,0.9871626122425302,0.9967892497363537,0.9911630078412875,0.9851053655089606,0.995266246963961,0.9909727872402367,0.984630583767022,0.9951573931957565,0.990294894481492,0.9843192002508357,0.9948591605182212,0.9895309235247318,0.9840581038593212,0.9941151387954423,0.9891074138466079,0.9836161229242718,0.9938231144838424,0.9884523786614424,0.9834875841708697,0.9932891806758352,0.9893389689751966,0.983183661535378,0.9942381966434245,0.9891864720722132,0.9831453091020688,0.9942334570975954,0.9887758183271934,0.9818247115642232,0.9933359120342777,0.9909659776023524,0.984250568077315,0.9949755818567548,0.9908636680619826,0.9846306123257592,0.9952283539285182,0.9887737766257827,0.9815594290780927,0.9931926493173919,0.9887724093309258,0.9813401740810347,0.9931153238542758,0.9885625759961576,0.9797825924528104,0.9925412909629318,0.9885543344606722,0.9798470201982065,0.9923643563868906,0.9885359459635036,0.9795059709911161,0.9924657002083306,0.9878068738560861,0.9829226576886267,0.992703550767052,0.9874770223913851,0.9825477444769282,0.99252833629831,0.987753357849679,0.9829227083673274,0.9924409300357685,0.9882011395058928,0.9832974118353189,0.9930386191563324,0.9881863579563698,0.9834293227129667,0.9929149085855113,0.9866110906317164,0.9820908084938826,0.9919302829411477,0.9865401132524603,0.9820908282725217,0.9918777560329163,0.9865957339287083,0.9821760366408556,0.991588017096608,0.9859798041303626,0.9812463317819298,0.991643456916232,0.985884127565754,0.981246420594404,0.9916348835673487,0.9859103240026107,0.9812463515428399,0.9914982255184499,0.9882560147951486,0.9830624701445184,0.9942292912282115,0.9888924988709203,0.9833013273561121,0.9936098906579656,0.9868013072433507,0.9820556797771058,0.9922053354446416,0.9862636650944614,0.9814448738188416,0.9919706660795325,0.9861857501449857,0.981245993848667,0.9918171399707859,0.9886683550011983,0.9830923593011293,0.9933865613244027,0.9888595848728793,0.9831725997439392,0.9936153417537149,0.9981222059749802,0.9917146606129009,1.0008217877357193,20.0
0.9999970903447286,0.9999961074781756,0.9999975747681679,0.9811472254460029,0.9745801471435218,0.9841752081926266,0.9950155233358615,0.9884785493219711,0.9988978272219816,0.992871741443645,0.9865267264643017,0.9975166639515448,0.9926921351575864,0.9860747609547418,0.9974326999316047,0.9920144694118904,0.9857779975082932,0.997147322784268,0.9913433677921921,0.9855481362355812,0.996448348147844,0.9909361147020853,0.9851141344337963,0.9961660324610415,0.990339924891652,0.9850352858306376,0.9956896404672383,0.9910637279315851,0.984696539915083,0.996563470584505,0.9909107434223079,0.9846624513644806,0.9965588214721155,0.9905154969257967,0.983399388130128,0.9957169055233479,0.9926864611365191,0.9857129982014812,0.9972541915221838,0.9925885375569814,0.9860747895553152,0.9975161116075892,0.9905134325280932,0.9831425641065845,0.9955771218757518,0.9905120619519928,0.9829300981130968,0.9955012467781634,0.9903073187758439,0.9814595757470149,0.9949655916581117,0.9902991686058469,0.9815410816778151,0.9947941918938131,0.9902813345053456,0.9811936005922718,0.9948947499011845,0.9897506588285774,0.9845118200349064,0.9951432660533921,0.989452837835986,0.9841591442568609,0.9949887174569584,0.9897013324069941,0.9845118707955129,0.9948838953380044,0.9901103701189363,0.9848643383712464,0.9954562229766218,0.9900958497452033,0.9850122340197095,0.9953424806001833,0.9886463733341504,0.9837439126329055,0.9944524314601976,0.9885817700888875,0.9837439324448596,0.9944079522643595,0.9886312747678336,0.9838549864567918,0.9941211982716447,0.9880632935401886,0.9829250947576279,0.9941779353631136,0.9879710116941386,0.9829251837221171,0.9941745461746717,0.9879996739229003,0.9829251145523763,0.9940386593420162,0.9899756940161892,0.9845974059916642,0.9965538439767451,0.9907292106889598,0.984804873428877,0.9959544899074756,0.9888199103335831,0.983698283815772,0.9947020796172589,0.9883111818968437,0.9831159456321986,0.9944831906971373,0.9882583545484245,0.9829247562459457,0.9943405528199528,0.9905084281750045,0.9845994468441817,0.9957343959342377,0.9907014117811115,0.9846780549887835,0.9959598999426849,0.9995260414258398,0.9928346372849968,1.0026150377489913,21.0
0.99999725396634,0.9999962562384072,0.9999977915605748,0.9822158765298896,0.9755398882657618,0.9855910181989945,0.9962728400504833,0.9896310775504408,1.0005965815045286,0.9942085857418606,0.9877750891247945,0.9993278976213416,0.9940376498282234,0.9873420518508812,0.999263356325518,0.993359646784675,0.987060390725122,0.9989910008560045,0.9927606053323276,0.9868601467980949,0.9983186120769448,0.9923674518681689,0.9864330978771585,0.998044767639698,0.9918180015900602,0.9864029679159001,0.9976071819607942,0.9924133857837708,0.9860280963424627,0.998439054489746,0.9922596872895264,0.9859980828688711,0.998434558488409,0.9918802155675991,0.9847865125030889,0.997639956201833,0.994032770020672,0.9869954318558273,0.9990856463612436,0.9939386633409314,0.9873420804881522,0.9993578183348122,0.9918782062592894,0.9845378205893438,0.9975043884718025,0.9918768693830478,0.9843320467433249,0.9974307111332636,0.9916784336521735,0.9829369043360542,0.9969247886630839,0.9916703654214339,0.9830338858304564,0.9967584128737654,0.9916532704776273,0.9826802500711297,0.9968578473346056,0.991272557172034,0.9859202192321983,0.9970865361963536,0.9909999626708998,0.9855897033225647,0.996945863496778,0.9912263592142497,0.9859202700654146,0.9968282799485149,0.9916053416691476,0.986250578072515,0.9973853699246444,0.9915910098216393,0.9864125978277672,0.9972799592175587,0.9902381312817949,0.9852158092742833,0.9964528220910723,0.9901784872526381,0.9852158291159202,0.9964133137569602,0.9902234272804991,0.9853531874063983,0.9961358294138201,0.9896916178763657,0.9844211249937742,0.9961831585970962,0.9896014310321892,0.9844212140938352,0.9961838979934154,0.9896330903422798,0.9844211448187016,0.9960474052417534,0.9913191792372135,0.9859502785259279,0.9984287888350957,0.992167686307929,0.9861286538097769,0.9978347078135033,0.9903986128133052,0.9851594932374018,0.9966837626519844,0.9899104118288271,0.984605044398162,0.9964742968314957,0.9898785570988368,0.9844207859662382,0.9963386382995607,0.9919499621110934,0.9859264214394251,0.9976174945442133,0.9921446341417248,0.986003749137488,0.9978400735127592,1.0006154057182146,0.9938131346587603,1.004058338753507,22.0
0.9999973654104807,0.9999963750989976,0.9999979428548988,0.9829367242311925,0.9763046936579557,0.9865771733700681,0.9971423893375165,0.9905574163286288,1.0017902484504442,0.9951375569522526,0.9887831374736887,1.0005992578795497,0.994973224272646,0.9883673380192526,1.0005529166733753,0.9942954065161014,0.988096686748958,1.0002854364777594,0.9937496181503725,0.9879233890967843,0.9996229887246485,0.9933699669358326,0.98750378535163,0.9993575233267139,0.9928544526319962,0.9875147042066675,0.9989371469661135,0.9933528786671479,0.9871052015365581,0.9997544576389886,0.9931982487587526,0.9870792208471738,0.9997499910312423,0.9928352502391468,0.9859069372225296,0.998986957886418,0.9949689391842192,0.9880345084969826,1.0003769759061685,0.9948777579964779,0.9883673666862065,1.0006569685117594,0.9928332540099246,0.985664604760846,0.9988542823623398,0.9928319291518646,0.9854639900519009,0.9987819505668115,0.9926393459275018,0.9841261852035321,0.9982918461856337,0.9926313545004827,0.9842372123566402,0.9981301209602065,0.9926149371106203,0.9838762930122491,0.998226771018389,0.9923416720657497,0.9870671718178873,0.9984275185636291,0.9920872316246081,0.9867557077762948,0.9982926768974171,0.9922993663517752,0.9870672227102614,0.9981691708123835,0.9926543947341865,0.987378477966323,0.9987211433546164,0.9926402399370844,0.987553262823232,0.9986233859512861,0.9913568283313806,0.9864174497042691,0.9978193964031657,0.9913012505023643,0.9864174695701587,0.9977817586656293,0.9913424098321816,0.9865772352914155,0.997513480957466,0.9908354153170805,0.9856448213185438,0.9975482631407386,0.9907471645432734,0.9856449105296169,0.9975520863984213,0.9907811702120131,0.9856448411681832,0.9974132410164183,0.9922513652750696,0.9870496901405228,0.9997433752145767,0.9931771185039343,0.9872043726761901,0.9991492351082049,0.9915066211309762,0.9863520300759235,0.9980409744745794,0.9910295939956602,0.9858217544660399,0.9978340466416296,0.9910159991818246,0.9856444818686032,0.9977009702844759,0.9929629238550971,0.9870057048982873,0.9989352759062868,0.993158431315277,0.9870813342384887,0.9991545554624864,1.0013503059221653,0.9945929250399898,1.0050636842525518,23.0
0.999997404694443,0.9999964619613553,0.9999980320587644,0.9831799278457263,0.9768595977342797,0.9871579349474279,0.9974688241213172,0.9912432600203803,1.0024965444217455,0.9955034384832341,0.9895368902209332,1.0013497678117835,0.9953453835338367,0.9891354088247172,1.001319818829961,0.994664305000006,0.9888737418168032,1.0010534668046431,0.9941576493496209,0.9887264159848894,1.0003772722248017,0.9937895006351725,0.9883139273789358,1.0001182413807914,0.9933021588917648,0.9883621329996002,0.9996952499057418,0.9937190164849428,0.9879159291072384,1.000538125368075,0.9935627993454639,0.987893479440781,1.0005338158720103,0.9932103960875237,0.9867535041178473,0.9997934688974394,0.9953414219116358,0.9888140339546493,1.0011457194361821,0.9952534451649513,0.9891354375138905,1.0014323225579216,0.9932084804829501,0.9865164827677851,0.9996639870506855,0.9932071990831277,0.9863203315462729,0.9995934967969503,0.9930191300843311,0.985031057889819,0.9991188070359979,0.9930111640312576,0.9851540129317349,0.99896022056255,0.9929953222067484,0.9847868868342465,0.9990558923643863,0.9928168374819962,0.9879474797437442,0.9991832659475626,0.9925776682879008,0.9876540942839196,0.9990476867154937,0.9927783514370231,0.9879475306815441,0.9989229862742186,0.993112674935693,0.9882407053295559,0.9994793996175628,0.9930985643577225,0.9884259814875385,0.9993867978411382,0.9918755227860145,0.9873487449486157,0.9985768168905458,0.9918244636809169,0.9873487648333247,0.9985389119936717,0.991861367289961,0.9875287970309767,0.9982811663957383,0.9913767191127213,0.9865968887668306,0.9982984925412687,0.9912903722569066,0.986596978064407,0.9983040514447227,0.9913284784554993,0.9865969086357278,0.99816311716853,0.9926056055024205,0.9878791682605164,1.000526463707473,0.9936023246775761,0.9880192517026372,0.9999110314197087,0.9920134600695734,0.9872750915958676,0.9987949193591545,0.9915447043804999,0.9867674632695074,0.9985853480977405,0.9915496018830793,0.9865965489877428,0.9984516479729206,0.9933907492290802,0.987823220045207,0.9996993769714511,0.9935883000730437,0.9878989684088352,0.9999162695914199,1.0015983822216428,0.9951587682089377,1.0056557696636086,24.0
0.9999973976407026,0.9999965146032929,0.999998057897612,0.9831137952645161,0.9771903828213879,0.9873215073256177,0.9974535360477947,0.9916710362580795,1.0027181688230271,0.9955098512618868,0.9900154339717194,1.001588033280109,0.995358180661134,0.9896271122612089,1.0015731989736163,0.9946708704300626,0.9893704045404907,1.001303178332376,0.9941902174225238,0.9892427103253718,1.0005991024753618,0.9938330920505786,0.988837094987586,1.0003463845011122,0.9933633229334042,0.9889141437111838,0.9999056497840614,0.993720290964063,0.9884387823537325,1.0007988839037283,0.9935619448033133,0.9884194021708121,1.0007947955612426,0.9932196849938919,0.987303829152409,1.0000698337945115,0.9953544911477895,0.9893162651861939,1.001402702663281,0.9952698715000728,0.9896271409645876,1.0016920672945862,0.9932177472192141,0.9870696876207115,0.9999412296436213,0.9932164578904326,0.9868758030087913,0.9998709502190547,0.9930345696701702,0.9856314178173224,0.999420955858268,0.9930265991342853,0.9857647323309974,0.9992645549965975,0.9930115647812443,0.9853921375324476,0.999361051943451,0.9928964658167837,0.9885249842072157,0.9993808364878342,0.9926667194212538,0.9882451878038728,0.999238559870572,0.9928626580708962,0.9885250351748522,0.9991177214033644,0.9931809719246821,0.9888046177584646,0.9996861320727535,0.993166996042918,0.9890001081869209,0.9995996966253927,0.991982961222784,0.9879661346054752,0.9987533404520779,0.991935924329774,0.9879661545026907,0.9987127804613634,0.9919690765162664,0.9881649833057357,0.9984678965802994,0.9914961762726832,0.9872279852352476,0.9984609544338823,0.9914116227228753,0.9872280745903339,0.9984670581576973,0.991453612427334,0.9872280051169481,0.9983231489685288,0.992591994305324,0.9884189583934258,1.0007867435122075,0.9936508439720456,0.9885468175501245,1.0001405590461,0.9921103314571144,0.9878848446431552,0.9989741992335862,0.9916414044243258,0.987393433407222,0.9987563055242794,0.9916623917827199,0.9872276452373345,0.9986182989048068,0.9934423517121223,0.9883538043405534,0.9999315936837857,0.9936405752943072,0.9884283965562584,1.0001457468259671,1.0015312065293178,0.9954961662155586,1.0058226278227873,25.0
0.9999973471058075,0.999996538888693,0.9999980355550055,0.9827595373216114,0.9773355403762216,0.9871687579038115,0.9971138716909945,0.9918850156851762,1.0025672854121097,0.9951767849922939,0.9902657883989807,1.0014285296275158,0.9950330980939266,0.9898899399263638,1.0014287819484737,0.9943381387723303,0.9896346734867962,1.001151025129847,0.9938638223972642,0.9895208014670133,1.0004021370753997,0.9935139485373637,0.9891205713850109,1.000152393765501,0.9930551190354866,0.9892204813089769,0.9996827125911056,0.9933813278107254,0.9887231727357444,1.000653963208642,0.993220609959529,0.988706591589561,1.0006500798039923,0.9928886505458716,0.9876081482908399,0.9999349384579055,0.9950296125985582,0.9895890712751664,1.0012640464829088,0.9949494275581957,0.9898899686373157,1.0015523798638604,0.9928867897962463,0.9873763287068575,0.999808142746379,0.992885539539484,0.9871844814710701,0.999739048844758,0.9927088323877029,0.985972477445287,0.9993071662681833,0.9927008913406649,0.9861158247503352,0.9991536801348683,0.9926865138616624,0.9857364057476065,0.9992495511841081,0.9925998299342984,0.9888510712371772,0.999136296540579,0.9923759713723717,0.9885816096127824,0.9989830943831829,0.9925697719159369,0.9888511222216959,0.9988686582098503,0.9928772378869888,0.9891203665060159,0.9994559168890444,0.99286334640419,0.9893246994965934,0.9993744959534975,0.9917079606649705,0.9883246285174411,0.9984728289817744,0.9916656085245346,0.9883246484219517,0.9984285714801001,0.9916943122111432,0.988540175963972,0.9981964648447622,0.9912241085219387,0.9875940892149688,0.9981609322044362,0.9911407258449754,0.9875941786036014,0.9981664263407556,0.9911878322805748,0.9875941091041385,0.9980197799726084,0.9922363358312678,0.9887188127745178,1.000641368608015,0.993335082147095,0.9888336828834791,0.999947149587851,0.9918230561329817,0.9882365543881688,0.9986996113782826,0.9913496455966252,0.9877580760349797,0.9984695504171927,0.9913839412173994,0.9875937490894121,0.9983249594531142,0.9931284917255933,0.9886424983957272,0.9997397155971982,0.9933275925443253,0.9887160731013765,0.9999523250039224,1.001170375814313,0.9956443532546105,1.0056670526581053,26.0
0.9999972687871521,0.9999965490868087,0.9999979734442362,0.9822208558749429,0.9773895362775725,0.986755076179417,0.9965692713120318,0.9919907129351127,1.0021087339469268,0.9946310372352599,0.9904040206952621,1.0009410719446346,0.9944936767804426,0.990037301077177,1.0009509933227256,0.9937933199781782,0.9897836438303907,1.0006671425185358,0.9933170443085533,0.9896891905500471,0.9998646502790464,0.9929739894860097,0.9892932231285635,0.9996174277454207,0.9925236183113821,0.9894218061715107,0.9991091681312766,0.9928305193644159,0.9888876779270668,1.0001733823752776,0.9926675638589515,0.9888738812356107,1.0001696162101446,0.9923455923751202,0.9877855679466265,0.9994590316024896,0.9944902738320698,0.989743735362035,1.0007906300414309,0.9944137405222594,0.9900373297923502,1.001077112228827,0.9923439089709567,0.9875557762751535,0.9993350956619214,0.992342745553093,0.9873659495827536,0.9992682187701155,0.9921714617186652,0.9861729598644285,0.9988458411008722,0.9921635733391091,0.986325889724582,0.9986957372420192,0.9921498768558944,0.9859383838616926,0.9987895930735561,0.9920783826113209,0.9890765105622806,0.9985341518651304,0.991859174993853,0.9888201858385403,0.9983658671591217,0.9920527195318779,0.9890765615585075,0.9982618264141876,0.9923496306045153,0.9893326655518049,0.9988724421723043,0.9923358552543107,0.9895452764051968,0.9987962269725963,0.9912029614527371,0.9885862167682961,0.99781862895614,0.9911648457315972,0.9885862366781577,0.997769545559114,0.9911893782037612,0.9888141299194174,0.9975467219895726,0.9907189002961482,0.9878727798837825,0.9974834333431627,0.9906364302660282,0.9878728692981068,0.9974876645222339,0.9906876982458723,0.9878727997786755,0.9973374063974391,0.9916697701206638,0.9888995084324596,1.000160218831252,0.9927975650502534,0.9890089396550101,0.9994125121664688,0.9913070182352618,0.9884931195725816,0.9980561466919192,0.990827311032018,0.9880316965988853,0.9978100457999903,0.9908742382425518,0.9878724396604677,0.9976563820413922,0.9925924933185248,0.9888191466878021,0.9992061946709948,0.9927929080083064,0.9888925523363239,0.999417657646151,1.0006215924235728,0.9956996027878982,1.0052454987008264,27.0
0.9999971705382128,0.9999965502172576,0.9999978969312863,0.9815517123346358,0.9773843928391455,0.9862476765286968,0.995874260054438,0.9920283621066492,1.0015353946070567,0.9939250422476533,0.9904701392812724,1.0003302898296151,0.9937942434849546,0.9901115521806371,1.0003493598771784,0.9930840651492153,0.9898579297566492,1.0000565326677224,0.9926045860589715,0.9897857701492941,0.9991998847912825,0.9922673060602847,0.9893933974540325,0.9989545749941481,0.9918239099886782,0.9895531164127169,0.998405207769854,0.9921139712078209,0.9889737876935003,0.9995644478072868,0.9919488347621344,0.9889625068562116,0.9995608559745046,0.9916341557021462,0.9878802631733482,0.9988520238427687,0.9937909418515027,0.9898244922476424,1.0001940841602652,0.9937181680156923,0.9901115808979094,1.0004771511699968,0.9916326068880735,0.9876513498928325,0.9987299225377049,0.9916315088107794,0.9874625222988942,0.9986645562910006,0.9914666957761781,0.9862862733280248,0.9982574550992767,0.9914588340293159,0.9864475287558625,0.9981099243659706,0.9914459769679921,0.9860528122600927,0.9982032306636895,0.9913869588936776,0.989233868180831,0.9977997132424233,0.9911716682434409,0.9889920151030157,0.997615440996839,0.9913651061796827,0.9892339191852662,0.9975222271313873,0.9916531357888254,0.989475548165821,0.9981577905183803,0.991639483244038,0.9896957287522893,0.998086593726615,0.9905262668276235,0.9887836853926741,0.9970302449883797,0.9904923212171456,0.9887837053066025,0.9969761015568263,0.9905128653975832,0.989025088023616,0.9967656955315999,0.9900429428232976,0.9880903256475766,0.9966693012786256,0.9899611451840129,0.9880904150820906,0.9966719276254274,0.9900168230898971,0.9880903455469694,0.9965183009688247,0.9909379807777774,0.9890004050666772,0.9995508302765428,0.9920928185148841,0.9891112427923328,0.9987499699024267,0.9906194107558934,0.9886851079276789,0.9972779289750591,0.9901346796613036,0.9882430552974498,0.9970149185830444,0.9901940404753178,0.98808998534744,0.9968516319390774,0.9918891987170961,0.9889227697072805,0.9985446809896672,0.9920905992630942,0.9889958155551785,0.9987550934626277,0.9999398323926557,0.995694571588348,1.0047284010399007,28.0
0.9999970836027712,0.9999965418297393,0.9999978091382429,0.9809585096054403,0.9773190652386097,0.9856651706833522,0.99526570341498,0.991989745284163,1.0008800048396786,0.9933069572058418,0.9904511409932116,0.9996332073812211,0.9931832378461406,0.9900984999919498,0.999659669054768,0.992462574749804,0.989842252546,0.9993574940701822,0.9919807575747274,0.9897930245455188,0.9984500342360878,0.9916489973118942,0.9894041453812498,0.9982065382197818,0.9912121014049466,0.9895902188821091,0.9976171849801916,0.9914861601173788,0.9889629318033542,0.9988648812674621,0.9913185424868604,0.9889531856530601,0.9988615112110558,0.9910135866094701,0.9878724615189631,0.9981506665035864,0.9931800379583196,0.9898161967673511,0.9995083181705272,0.9931113332413607,0.9900985287087979,0.9997889507436616,0.9910121686916671,0.9876438437458591,0.9980301251697449,0.9910111336328243,0.9874555339801389,0.9979661375698565,0.9908520696812968,0.9862864069867101,0.9975665017714125,0.990844200835704,0.9864546870511389,0.9974204909999789,0.9908321273294016,0.9860528727013501,0.9975133968211717,0.9907827435385855,0.9892933508877158,0.9969823535445304,0.990571410905449,0.9890639297016153,0.9967829738620532,0.9907638279076317,0.9892934018953079,0.996699542134016,0.991044265765476,0.989522596036212,0.9973593195120113,0.9910306975979764,0.9897492916562404,0.9972921869679069,0.9899369836805999,0.9888769179056286,0.9961609419469243,0.9899070135046237,0.9888769378215162,0.9961019976179931,0.9899236712562937,0.9891291850500188,0.9959010813754466,0.9894545786512676,0.9882002282466362,0.9957775376262524,0.9893738015994581,0.9882003176915551,0.995778764541687,0.9894333784035909,0.9882002481483508,0.9956219243617055,0.9902927228068517,0.9889977346836665,0.9988510792098263,0.9914763335971467,0.9891240517676022,0.9980023075099148,0.9900197590144774,0.9887739270115418,0.9964192028272101,0.9895303140997186,0.9883481666334912,0.9961406600110513,0.9896011404173244,0.9881998879069097,0.9959685383203528,0.9912741903556422,0.9889368905774557,0.997798102231324,0.9914758974911592,0.9890089286042563,0.998007432884936,0.9993354673431188,0.9956281606341552,1.0041347636957303,29.0
0.9999970184559374,0.9999965326757213,0.9999977220792433,0.9805100097757268,0.9772504309464478,0.9850862764756031,0.9948236131393964,0.9919420506364004,1.0002367582731027,0.9928583388982855,0.9904207857381665,0.9989502356795621,0.9927406801175299,0.9900724441746824,0.9989824059824796,0.9920121894637992,0.9898150820917684,0.9986720133989224,0.9915284608640497,0.9897860484635607,0.9977196066434835,0.99120136851698,0.9894013704249239,0.9974765559445429,0.9907726102962916,0.9896078659330813,0.996853961309744,0.9910303646422339,0.9889403833774908,0.9981770951742873,0.9908610186282568,0.9889325938754763,0.9981739355725884,0.9905624633350875,0.9878497581261386,0.9974585318532092,0.9927376070508787,0.9897935803702962,0.9988340739292596,0.9926723162567886,0.9900724728907347,0.9991128480386181,0.9905611681279518,0.9876210312046786,0.9973392988329116,0.9905601917701797,0.9874328919517683,0.9972765417905549,0.9904061241755326,0.9862657841801524,0.996881247594765,0.9903982280351727,0.9864401618314534,0.9967360794344692,0.9903868616371065,0.9860315593566401,0.9968289102402711,0.9903509099912343,0.9893293388511784,0.9961937948049473,0.9901436872319364,0.989110051728353,0.9959815534460874,0.990334571576379,0.9893293898607014,0.9959061875592081,0.9906077306274823,0.9895484474303855,0.9965870189585202,0.9905942154126541,0.9897807450867903,0.9965231335414095,0.9895229168706487,0.9889434982932398,0.995328291942018,0.989496986021455,0.9889435182105394,0.9952654152306579,0.9895096691590609,0.9892053568697975,0.9950722449452213,0.98904066507299,0.9882828998045555,0.9949243438845778,0.9889609015517627,0.9882829892573599,0.9949244173297235,0.989023775263539,0.9882829197080303,0.9947645943274954,0.9898248827870666,0.9889869293319042,0.9981629883704339,0.9910306148130065,0.9891238869767716,0.9972722942084097,0.9895951673184337,0.9888366112165347,0.9955952274543014,0.989102383740677,0.9884270918686595,0.9953028618246698,0.9891831576084205,0.9882825594348242,0.9951229869712293,0.9908293438252777,0.988937424134905,0.9970686442633824,0.9910328542339575,0.9890106075841826,0.9972773613801149,0.9988785887478328,0.9955583535359956,1.0035448313625157,30.0
0.9999969607140512,0.9999965314043495,0.9999976501320246,0.9801132655845933,0.9772347397705089,0.9846081613015116,0.9944319045226997,0.991952042243348,0.9997043358096899,0.9924680485674007,0.9904479896900975,0.9983854761223949,0.9923562014541202,0.9901018452846451,0.9984220917888984,0.9916224799800908,0.9898447339196078,0.9981052455280981,0.9911402146201779,0.9898374916633417,0.9971178606169631,0.9908180228337862,0.989456235844196,0.9968759425407133,0.9903993216649876,0.9896851692013178,0.9962269782089828,0.9906383935595069,0.9889735893583269,0.9976079520048831,0.9904678522614181,0.9889677270261187,0.9976048998701366,0.9901768377916272,0.9878806502072321,0.9968855492082466,0.9923531784038628,0.9898247391319667,0.9982752375006823,0.9922912868978109,0.9901018740015114,0.9985540922449914,0.990175644941276,0.9876515040541759,0.9967672524594394,0.9901747172474347,0.9874632421317786,0.9967054472024791,0.9900265905028878,0.9862948612355477,0.9963137357327293,0.9900186706906965,0.9864749307896734,0.9961694012830724,0.9900081264198598,0.9860595017337777,0.9962619841234113,0.989986787808702,0.9894262237549024,0.995546609491338,0.9897841942774683,0.9892178990979515,0.9953238899486682,0.9899734821048978,0.989426274769494,0.9952554592137377,0.9902379837007214,0.9896343678046216,0.9959529768612239,0.9902245507001065,0.9898719540067995,0.995892553205368,0.9891756840560808,0.9890712378246351,0.9946460956166447,0.9891531904103663,0.9890712577445745,0.9945799728695408,0.9891625631393954,0.9893430375422696,0.9943953117129489,0.9886976999578209,0.9884260418951065,0.9942255248575003,0.9886191683414113,0.9884261313612369,0.9942249294094846,0.9886847870255592,0.9884260618015523,0.9940625309542079,0.9894244905279967,0.9890323067966703,0.9975934448626812,0.9906490440805262,0.9891808877339034,0.9966717106555395,0.9892389496524517,0.9889603120651481,0.9949193329662177,0.9887453551043808,0.9885662056568367,0.9946160314313279,0.9888359722706098,0.9884257014746699,0.9944300906736137,0.9904486221994491,0.9889951177613533,0.9964686107548649,0.9906533691365821,0.989068806590028,0.9966767429481688,0.9984744329299026,0.9955424955623219,1.0030575961090422,31.0
0.9999969089771067,0.9999965264261073,0.9999976060519075,0.9797617803524502,0.9771956889356405,0.9843153927985198,0.9940705144961297,0.9919319178261666,0.9993774227793887,0.9921074269637352,0.9904425003257421,0.9980403164488505,0.9919982880034067,0.9900982691898768,0.9980804972293535,0.9912621799543405,0.9898435600334952,0.997761551153706,0.9907827260328224,0.989850677738154,0.9967474583629848,0.9904654765268721,0.989472704858284,0.9965073859766703,0.9900527693709528,0.9897179722306374,0.9958391321861351,0.9902778557846064,0.9889786697575733,0.9972672006212115,0.9901066701552494,0.988974846114418,0.9972642658497936,0.989822473694457,0.9878863598145177,0.9965490937752562,0.991995359689254,0.989822693576833,0.9979352572000731,0.991934927341422,0.9900982979066046,0.9982134258493351,0.9898213361796386,0.9876564216234516,0.9964310404042124,0.9898204342927707,0.9874676406870773,0.9963696251307714,0.9896760594538413,0.9863082136870408,0.9959963644145051,0.9896681231076992,0.9864936268045652,0.9958529163111017,0.9896580980552009,0.9860730089221873,0.9959469647138023,0.9896475403343336,0.989473199831592,0.9951444494348541,0.989448938512638,0.9892725101481031,0.9949143717443387,0.9896361263484272,0.9894732508486593,0.9948500790401292,0.9898942693127443,0.9896737072999757,0.9955604785095452,0.989880979071969,0.9899165805885523,0.9955042102341559,0.9888503766420524,0.9891390643982906,0.9942198711672096,0.9888308609264939,0.9891390843196465,0.9941514186974244,0.988837385201136,0.9894200943592038,0.9939741878537725,0.9883715344205293,0.9885005425075256,0.9937855659601987,0.9882936191582545,0.9885006319806694,0.9937844366908705,0.9883617710477313,0.988500562415536,0.9936200322615638,0.9890596100903457,0.9890509336276317,0.9972522823084632,0.9902984981969624,0.98919940660121,0.9963035262747237,0.9889058498600577,0.9890243887452785,0.9944970942337008,0.9884087963135944,0.9886385989512453,0.9941854229216935,0.9885068151462029,0.9885002020604028,0.9939947911443492,0.9900992945298626,0.9890147708568006,0.9961013844279178,0.9903045335786784,0.9890881540049697,0.9963085363681209,0.9981163313280969,0.9955028113916193,1.0027592458163381,32.0
0.9999968877451997,0.9999965255124584,0.9999975807660464,0.9796123560148999,0.9771838529818078,0.9841447643659896,0.9939396884053646,0.9919419006382998,0.999203151161978,0.9919849175972705,0.9904666179370005,0.997861086562412,0.991879145406037,0.9901246403300275,0.9979073349991542,0.9911418364041543,0.9898715509326771,0.9975858549397754,0.9906678602754795,0.9898928402068621,0.9965551332829059,0.9903554567275697,0.9895177874263691,0.996317733245287,0.98994958018734,0.9897790939646868,0.9956378913501053,0.9901584546272174,0.9890122742037076,0.9970958298688333,0.9899868856357891,0.9890102864362711,0.9970930510028401,0.9897091641947718,0.9879202971547142,0.9963838868714316,0.9918763383771014,0.9898508674315192,0.997764491025097,0.9918177143546568,0.9901246690474894,0.9980421069549644,0.9897081160013866,0.9876898951881437,0.9962666679063565,0.989707256450449,0.9875009375014928,0.9962061195200687,0.9895650225793677,0.9863478840411524,0.9958480398572517,0.9895570306528685,0.986537457980119,0.9957042995443853,0.9895473664542751,0.9861127716219728,0.9958008906417986,0.989552778409945,0.9895480923106477,0.994935235391174,0.9893582773651909,0.9893548544756341,0.9947008146646603,0.9895439771326758,0.9895481433316243,0.9946392250767149,0.989794352667884,0.9897411466234048,0.9953570182504906,0.9897812194742376,0.9899889947863723,0.9953048776908099,0.988769714665607,0.9892374134444429,0.9939975846489986,0.9887524912759098,0.9892374333678267,0.9939275681294192,0.9887569432672836,0.9895287769899015,0.9937591518092596,0.9882963559366725,0.9886076820192914,0.993553830881629,0.9882194053171672,0.9886077715023791,0.9935527656186813,0.988289426561458,0.9886077019295186,0.993386804859958,0.9889376014681923,0.9890966775847341,0.9970805966123655,0.9901906565997729,0.9892463059080674,0.9961146675692969,0.9888191404683893,0.989118539129762,0.994275929681084,0.9883228190302086,0.9887435414374688,0.9939590228546221,0.9884283078260718,0.9886073415343308,0.9937657009554163,0.989993133457185,0.9890632653252477,0.995913986645593,0.990197560112812,0.9891348276128437,0.9961196950984701,0.9979641734972174,0.9954908614322684,1.0025854258421454,33.0
0.9999968844867484,0.9999965326066464,0.9999975659851983,0.9795829975628841,0.9772262003601371,0.9840435048399051,0.9939413535602281,0.9920086504874633,0.9991091352340559,0.9919984635233613,0.9905457277915272,0.9977644800027863,0.9918952357400451,0.9902052781171812,0.9978164175295274,0.9911588096656447,0.9899517794378984,0.9974916638012834,0.9906904831551289,0.9899901140163687,0.9964501766489284,0.9903813971531614,0.9896166008698211,0.9962144144035198,0.9899848403391225,0.9898953512787628,0.9955275293272645,0.9901770531202023,0.9890941303744851,0.9970029661614601,0.9900051253187093,0.989093403501049,0.9970002534936999,0.9897341179326398,0.9879990824521139,0.9962930066621333,0.9918925771632318,0.9899327274791156,0.9976753319216998,0.991835220820495,0.9902053068369604,0.9979532840805935,0.9897331259910749,0.9877679920335016,0.9961761396182283,0.9897322927213644,0.9875786010287839,0.9961160593468029,0.9895932538231131,0.986424105519371,0.9957641561913303,0.9895852027020636,0.9866173315633918,0.9956199102764083,0.9895760345799528,0.9861880829519413,0.9957180023266382,0.989597331904252,0.9896788087312836,0.9948197191673379,0.9894079631801607,0.9894937025494306,0.9945827643240109,0.9895901084237794,0.9896788597590381,0.9945222991095555,0.9898331976471082,0.9898637305627368,0.99524515368873,0.9898201198549992,0.9901153084151403,0.9951953510024726,0.9888289392473207,0.9893907715843354,0.9938738730387575,0.9888133139561968,0.989390791510846,0.9938028952042098,0.9888162285885279,0.9896890210385428,0.9936383702625327,0.9883643954997465,0.9887714002886584,0.9934264767464321,0.9882885132339575,0.9887714897867649,0.9934259040231347,0.988359863676562,0.9887714202022323,0.9932587403455112,0.9889534407424352,0.9891868145590458,0.9969874671924457,0.99021805838366,0.9893461316196374,0.9960115117364153,0.988874186615259,0.9892690999719493,0.9941535280940732,0.9883808424001439,0.9889055736317838,0.9938338820487085,0.988493118968429,0.9887710597465496,0.9936394429535317,0.9900211832637437,0.9891636781858986,0.9958113491981825,0.9902261577073628,0.9892350643357861,0.9960165315340149,0.9979343749237265,0.9955341134090443,1.002482305973683,34.0
0.9999968894111055,0.9999965390464381,0.9999975640420959,0.9796105607616807,0.9772655028384675,0.9840278009324532,0.9939958256591567,0.9920668453808115,0.9991091146881,0.9920598654019175,0.9906125158284165,0.9977659655466018,0.9919591399594272,0.9902734401943108,0.9978236275795002,0.9912209479845937,0.9900174148289772,0.9974955204865872,0.9907569632264965,0.9900728332067983,0.9964474454100534,0.9904500611865619,0.9897006154155604,0.9962124355436021,0.9900593299809632,0.9899939697968781,0.9955217926144801,0.9902397351022744,0.9891581108232932,0.9970088175312796,0.9900671078241674,0.9891577520182785,0.9970062739215447,0.989802294337631,0.9880597231654555,0.9963011239325154,0.9919568001309627,0.990001988725469,0.9976839385541701,0.9919003884141946,0.990273468916051,0.997962881372347,0.98980135418712,0.9878279916200634,0.9961845959181178,0.9898005450985518,0.9876381989988049,0.9961249619533985,0.9896638100498815,0.986481182515,0.9957776375753037,0.9896557045872388,0.9866777628130404,0.9956329040872852,0.9896469098167064,0.9862441662984224,0.995732263021309,0.9896781999764934,0.9897897366161788,0.9948111877274465,0.9894925296841293,0.9896116401401786,0.994573166234229,0.9896717916941543,0.9897897876496802,0.9945125762332488,0.9899101373238353,0.9899676481247324,0.9952385622990388,0.9898970473597122,0.9902219777191311,0.9951898329214066,0.9889186293557505,0.9895219045232119,0.9938619749344717,0.9889036607775163,0.9895219244523936,0.9937902458641247,0.9889060107606167,0.9898271579421477,0.9936300825779271,0.9884621922750081,0.988911867014519,0.9934126955445542,0.9883868458217859,0.9889119565254981,0.9934126432660291,0.9884593229132039,0.9889118869309612,0.9932446034104112,0.9890109179568584,0.9892526325215308,0.996993383218299,0.990287991465627,0.9894310543373778,0.9960093913928566,0.988962132642794,0.9893973874755367,0.9941421176756611,0.9884708954651588,0.9890437803286022,0.9938209857322795,0.98858884330132,0.9889115264234306,0.9936260705422261,0.990091260423521,0.9892487304388418,0.9958093084933534,0.9902975375356888,0.9893209039526085,0.996014383147149,0.9979625494321557,0.9955742372311177,1.0024663694513418,35.0
0.9999969037698837,0.9999965460487839,0.9999975741974809,0.9797013585996199,0.9773084741990595,0.9840915740599444,0.9941190322839162,0.9921296038127436,0.9992033374255275,0.9921956072869123,0.9906854625529837,0.9978697745285522,0.9920968665349837,0.9903479025665511,0.997933895286676,0.9913590062040493,0.9900899689376996,0.9976030124300539,0.9909026032839691,0.9901625635193303,0.9965549025454818,0.990599900209604,0.9897927896142317,0.9963220594810132,0.9902133846253153,0.9900991704973539,0.995631712822187,0.9903790919862253,0.9892301069049648,0.9971190992665417,0.9902060878069775,0.9892302725182642,0.997116693244345,0.9899465502319901,0.9881288964102128,0.9964150929699108,0.9920947663483682,0.9900776635343862,0.9977961271596036,0.9920391272626446,0.9903479312904364,0.9980755836376617,0.9899455394772454,0.9878955790801462,0.9962970384978651,0.9899446951080247,0.987704350504174,0.9962363255352021,0.9898100497043957,0.9865513858922577,0.9959032256985414,0.9898019417669144,0.9867519667743248,0.9957592692915918,0.9897934086118788,0.9863138734476682,0.9958592460656682,0.989839022125992,0.9899063616608402,0.9949212693291153,0.98965747193822,0.9897345332069469,0.9946833181899534,0.9898329301405248,0.9899064127003829,0.9946216977190899,0.9900668239803174,0.9900780047887788,0.9953492325384209,0.990053878718897,0.9903360477342481,0.9953038568934922,0.9890908351761872,0.9896552689045539,0.9939730509632729,0.9890770774672264,0.9896552888364468,0.9939015433618844,0.9890781899377281,0.9899648847500723,0.9937415093380447,0.9886410442665045,0.9890554787382928,0.9935235095529674,0.9885664884301214,0.9890555682624075,0.9935242838840522,0.9886392530723902,0.989055498657662,0.9933553012399542,0.9891473655312709,0.989327806033097,0.9971036616960758,0.9904396984588708,0.9895248731999897,0.9961192511297634,0.9891312012145405,0.9895289801332765,0.9942524762160851,0.9886421891770615,0.9891840103625038,0.9939312156242386,0.9887658768588898,0.989055138097223,0.9937365186700964,0.9902436530214107,0.9893432256456438,0.9959197900346342,0.9904509752790389,0.989416172766455,0.996124193689841,0.9980551619069169,0.9956181023891241,1.0025314490025448,36.0
0.9999969227219402,0.9999965510031779,0.9999975920806128,0.9798234967419986,0.977338086657673,0.9842063773312241,0.9942736886495983,0.9921766429632136,0.9993568994506553,0.9923664130238412,0.9907424454861153,0.9980409223467125,0.9922680037099848,0.9904072202763122,0.9981118699362634,0.9915315717206956,0.9901491991506756,0.9977805358991902,0.9910909019023865,0.9902328222991984,0.9967343856316835,0.9907916077952172,0.98986468253213,0.9965033208542401,0.9904162528003619,0.9901819483503874,0.9958193893983968,0.9905533342517147,0.9892925964903753,0.9973036955032868,0.990380317860238,0.9892936449565087,0.9973014435440833,0.9901244690615909,0.9881922578173596,0.9966099153442932,0.9922661711963576,0.9901388489575541,0.9979770964577421,0.9922102637146092,0.990407249001903,0.9982554084767171,0.9901235351210823,0.9879586469368027,0.9964926858294256,0.990122727209131,0.9877673586997502,0.9964327952019479,0.9899913333187855,0.9866209019257647,0.9961176548027306,0.9899832652068515,0.9868259874473037,0.9959755033785228,0.9899751248049254,0.9863834824398511,0.9960759493781661,0.9900513375063453,0.9899984815202322,0.9951130601683176,0.9898751167284614,0.9898318223527056,0.9948774210687961,0.9900462356216608,0.9899985325645403,0.9948133850312038,0.9902733410927291,0.9901649549564359,0.9955389266508574,0.9902604727289572,0.9904258205918115,0.9954956715711701,0.9893193697628605,0.9897624210533208,0.9941749783666317,0.9893072089214031,0.9897624409873919,0.99410434565183,0.9893068267519783,0.9900782983364728,0.9939470081892063,0.9888755075942821,0.9891671351157464,0.9937257123866396,0.9888024132297085,0.9891672246500679,0.9937277345387441,0.9888746698778492,0.9891671550373895,0.9935577334875727,0.9893210687343332,0.9893956479431222,0.9972882081203848,0.9906328254826339,0.9895979080142677,0.9963005163824931,0.9893555422004939,0.9896335883955254,0.9944506788201802,0.988869550420413,0.9892952993384097,0.9941308642088281,0.9889978767774202,0.9891667944358401,0.9939374641877,0.9904370342441716,0.9894165398316587,0.9961013041778491,0.9906453656611649,0.9894900848763277,0.9963054310355193,0.9981797013173058,0.9956483491424913,1.002648542869674,37.0
0.9999969446307981,0.9999965583151187,0.9999976078527418,0.9799650192068676,0.9773837124659912,0.9843072964585918,0.9944513020387652,0.9922402491469253,0.9994944365143454,0.9925588580405558,0.9908148131543222,0.9981934345809358,0.99246328103399,0.9904816340043023,0.998272302456149,0.9917251433754494,0.9902218571235006,0.9979376585846502,0.9912972705311315,0.9903190027397202,0.9968944145018735,0.9910019097822476,0.9899536130360845,0.9966657408354979,0.9906331727720743,0.990279397388506,0.9959849544193893,0.99074778761163,0.989365683611306,0.997465416977638,0.990574548895396,0.9893671441611358,0.9974632502267958,0.9903221411619151,0.9882643802012928,0.9967783914139947,0.992461771894623,0.9902148994436483,0.9981401381469545,0.9924069991774579,0.9904816627320424,0.9984186362413806,0.9903212733232498,0.9880304093845023,0.9966618263482497,0.9903204966784566,0.9878389820224555,0.9966026236282718,0.9901903559347872,0.9866944164366421,0.9962976410209448,0.990182259658802,0.9869024933209554,0.9961554611503486,0.9901743280051405,0.9864567073253218,0.9962574431177377,0.99027502899608,0.9901045841181575,0.9952811307976691,0.9901027437117117,0.989942822406014,0.9950470039968353,0.9902704540031337,0.9901046351679494,0.9949812511730911,0.9904928702978515,0.9902661598634452,0.9957056966951765,0.990480026964815,0.9905291094329565,0.9956636180218823,0.9895536108502223,0.9898796319900012,0.9943495179112097,0.9895426905326514,0.989879651926448,0.9942797275664731,0.9895410307659541,0.9901987989612173,0.9941213883493151,0.9891110536718442,0.9892874559873223,0.9939011553967614,0.98903800269764,0.9892875455326099,0.9939037822455254,0.9891112565877447,0.9892874759114084,0.9937336791227595,0.989513870075483,0.9894716488173556,0.9974498883376828,0.9908451726765978,0.9896886582777471,0.996463507424193,0.989586572660908,0.9897494633978738,0.9946230935847077,0.989100946476694,0.9894157374408658,0.9943043645759585,0.9892322117883319,0.9892871152656882,0.9941119684461699,0.9906504893573147,0.9895083799291449,0.9962653417025604,0.9908591697402268,0.9895820865261795,0.996468379399384,0.998324000923585,0.9956949092735635,1.002751483611243,38.0
0.99999696908669,0.9999965664240003,0.9999976242353571,0.9801223868713913,0.9774341010642174,0.9844116031279007,0.9946517465765922,0.9923121430225398,0.9996405842128178,0.9927742343010209,0.9908937321308213,0.9983550765175794,0.9926790318365957,0.9905625053170104,0.998439963234265,0.9919426978945752,0.9903011130751899,0.9981028860582764,0.9915276685280485,0.9904087465144709,0.997067277111118,0.9912359298513503,0.9900456020442738,0.9968409643390502,0.9908744717267635,0.9903789199112792,0.9961674002677532,0.9909657241172052,0.9894454338789094,0.9976330010707138,0.9907924555405961,0.9894475704658764,0.9976309363976891,0.990541677478717,0.9883417587657266,0.9969492207600259,0.9926778264277343,0.9902973325420157,0.9983103979796151,0.9926227479432662,0.9905625340470855,0.9985879591398374,0.9905408745115318,0.9881074465898857,0.9968333151577241,0.9905401285591195,0.9879158917483367,0.9967747917809913,0.99041133350081,0.986769309660427,0.996474496793504,0.9904031807808676,0.986979581437495,0.9963314849634972,0.9903955024523171,0.9865309306122226,0.996435218266665,0.9905220381812402,0.9902109714655326,0.9954678891832205,0.990353110213724,0.990052815552161,0.9952359558921204,0.9905177913248306,0.9902110225208341,0.9951677679431851,0.9907363990861666,0.9903689410411973,0.9958904693534144,0.9907237205555945,0.9906349035251779,0.9958516477084429,0.9898108682240819,0.9899964663949142,0.9945459171023444,0.9898012040799137,0.9899964863337347,0.9944770259257332,0.9897983742838447,0.9903209132122485,0.9943207812433118,0.9893709750150356,0.9894081228153716,0.9940973691477717,0.989298366919228,0.9894082123716831,0.9941007414885463,0.9893720219802499,0.9894081427419128,0.9939303370608608,0.9897315083816953,0.9895560458068586,0.9976173919046738,0.9910809397572432,0.9897821285807495,0.99663926539369,0.9898405286068974,0.9898641526962306,0.9948159394821272,0.9893554117166519,0.9895343742305814,0.9944985350867559,0.9894907338452221,0.9894077820517932,0.994307121629852,0.9908872596420999,0.9896028373359104,0.9964420558846427,0.9910956841110313,0.9896758682544903,0.996644130214433,0.9984844668416025,0.9957463377118111,1.0028578949954883,39.0
0.9999969821687147,0.9999965698715014,0.9999976358632284,0.980206390874896,0.9774546706275922,0.9844860793018755,0.994759841000361,0.9923456469763636,0.9997423838838576,0.9928961007891546,0.9909319608695106,0.9984685706929719,0.99280189655613,0.9906018703727748,0.9985589090472828,0.9920690817803325,0.9903406538272548,0.998220978957044,0.9916587584206615,0.9904536875836071,0.9971866831201504,0.9913672855066357,0.9900895731247306,0.9969608945208431,0.9910147653528487,0.9904330248268329,0.9962929571679675,0.9910939064622176,0.9894868780312671,0.9977542544155311,0.990920797180717,0.9894898974996872,0.9977521893092628,0.9906728501593336,0.9883817223113277,0.9970755859588281,0.9928008237863111,0.9903376065944249,0.998431350854884,0.9927461131156077,0.9906018991039814,0.9987086707102902,0.9906720958098765,0.9881469568495388,0.9969600891265128,0.9906713726810594,0.987955148647837,0.9969020371530941,0.9905426114152988,0.986809497579624,0.9966094152484641,0.9905345256037625,0.9870239713929955,0.9964687536997897,0.9905267835242686,0.986570485192962,0.9965708828138682,0.9906683095287268,0.9902718312240829,0.9955963378105307,0.9905028733435687,0.9901173758878521,0.995365954644034,0.9906644739078605,0.9902718822825388,0.9952959879362829,0.9908790119461265,0.9904260999308244,0.9960175774381447,0.990866432864762,0.9906942842034432,0.9959808954963145,0.9899674042377625,0.9900670127047158,0.9946805941254463,0.9899588264695858,0.9900670326449731,0.9946124157869148,0.989954887674694,0.9903944683061848,0.9944555678382074,0.9895339619752362,0.9894854756153618,0.9942339469613094,0.9894622895758699,0.9894855651787652,0.9942382042084384,0.9895360177609315,0.9894854955434831,0.9940674089213636,0.9898604852276679,0.9896035570758582,0.9977384191208185,0.991212373917999,0.9898255190577169,0.9967589294803723,0.9899942489976653,0.9899334770949045,0.9949487191960573,0.9895110056497828,0.9896082360702566,0.9946328542600559,0.9896516509681561,0.989485134824799,0.9944424813030711,0.9910183759626948,0.9896459426093612,0.996561429359951,0.9912272230174783,0.9897187335112222,0.996763818471121,0.9985701283715045,0.9957673518795517,1.0029338655253148,40.0
0.9999969943896112,0.9999965662467,0.9999976418240052,0.9802851138033116,0.9774291502512477,0.9845231919368175,0.9948602661568241,0.9923240528442532,0.9998013010185313,0.9930077343626372,0.9909129002648428,0.9985365334226742,0.9929158459873113,0.9905844261312866,0.9986329071122697,0.992182951468087,0.9903221739904112,0.9982920329174695,0.9917792153311815,0.9904391393001752,0.9972590028612107,0.9914893882433935,0.9900758345752348,0.9970344459577192,0.9911423607773712,0.9904231334439992,0.9963696864470325,0.9912100656899836,0.989469245099529,0.9978284365987095,0.9910369313505095,0.9894729478246335,0.9978264395857666,0.990793559545496,0.9883622068049076,0.9971544065112915,0.9929150534335537,0.9903214553993976,0.9985076296600871,0.9928612427188309,0.9905844548619805,0.9987845794014045,0.9907928117562512,0.988126647930569,0.9970386719061921,0.9907920910102086,0.9879342170168531,0.9969805652693543,0.9906637418408482,0.9867902561972853,0.9966967302501357,0.990655596634138,0.9870063736869918,0.9965550532270763,0.9906479782436453,0.9865510210689188,0.996659467636507,0.9908012920481419,0.9902652053088403,0.9956758056974973,0.9906389789412055,0.99011246336296,0.9954471330739739,0.9907979137227116,0.9902652563669667,0.9953752035712045,0.9910086864132811,0.9904177602522193,0.9960955681024983,0.9909961428244913,0.990687385467857,0.9960598997690611,0.9901111490189527,0.9900669209629075,0.9947663803167642,0.9901037093890085,0.9900669409031759,0.994698832885132,0.9900986137469361,0.9903972268861346,0.9945414904822159,0.9896858220361454,0.9894889180731811,0.9943230910406091,0.9896153091075988,0.9894890076369719,0.9943282254807374,0.9896896389526131,0.9894889380013903,0.9941574553820729,0.9899766102592362,0.9895909683074314,0.9978124721614364,0.991335286476448,0.9898123066422799,0.9968326723100048,0.9901350420739363,0.989932227820028,0.995032810122198,0.989654561325254,0.9896103180690282,0.9947190219282575,0.989800359911724,0.9894885772811425,0.9945301149037851,0.9911417104259524,0.989633157300254,0.9966355863296099,0.991350537307643,0.9897055185537689,0.9968375650424097,0.9986503991238215,0.9957413766300233,1.0029717537075769,41.0
0.9999970027168436,0.9999965676315434,0.9999976465008169,0.9803365181188062,0.9774353783191229,0.9845514355193401,0.9949376501721264,0.992344404015775,0.9998532977380482,0.9930920572301377,0.9909428907522576,0.998596799282219,0.9929992495745686,0.9906174619065113,0.998698863443012,0.9922685346670651,0.9903529888354293,0.9983556205693576,0.991871561894122,0.990483251321143,0.9973213960465698,0.9915836276158718,0.9901207747871228,0.9970979612846423,0.9912441068669163,0.990482374883696,0.9964344842278713,0.9912963956632755,0.9895012606187488,0.9978957168215741,0.991123131950748,0.9895056004292084,0.9978938785342033,0.9908825575913185,0.9883932787250908,0.9972266572144369,0.9929987232854772,0.9903569273353172,0.9985776834761102,0.9929438954877052,0.9906174906381503,0.9988508770160796,0.9908818801484328,0.9881574791816838,0.9971116765111281,0.9908811928286927,0.9879650139515526,0.9970543155741103,0.9907546982304096,0.9868221157992668,0.9967788981258621,0.9907465311262664,0.9870403797763491,0.9966371718306701,0.9907391935271739,0.9865826455197054,0.9967429385939672,0.9909102205914929,0.9903367078881878,0.9957414380201306,0.9907524213037698,0.9901911842889695,0.9955133853312316,0.9909068235770877,0.9903367589500287,0.9954401631612311,0.9911132092642156,0.9904820440481849,0.9961610075955087,0.9911007386857764,0.9907532599279214,0.9961269023589059,0.9902325901737344,0.9901585388584672,0.9948349050832881,0.9902258115773793,0.9901585588006085,0.9947675273688682,0.990220096156345,0.9904925872746447,0.9946117373869151,0.9898176996539622,0.9895950806261451,0.9943918504484964,0.9897473496662849,0.9895951701996999,0.9943972783284666,0.9898231732225832,0.9895951005565313,0.9942269067035122,0.990062160883072,0.9896272877289856,0.9978797419500495,0.9914301410479681,0.9898577879139596,0.9968961888762546,0.9902547478269422,0.9900223253340243,0.9951001946680996,0.9897792372920824,0.9897123858651099,0.9947866156636228,0.9899302428445494,0.9895947397969552,0.9945981780242288,0.9912367363576521,0.9896788099681004,0.9966992562874777,0.991445765896986,0.9897510293495378,0.9969010836018014,0.9987028564168259,0.9957477887317923,1.0030006162242133,42.0
0.9999970103836737,0.9999965659769328,0.9999976402046593,0.980383774940316,0.9774227902761372,0.9845076987816336,0.9950091451259743,0.9923378080485112,0.9998197406736841,0.9931700254690782,0.9909409287376496,0.9985654052337659,0.9930774970501139,0.990615300949028,0.9986692308542994,0.9923484081185322,0.9903508897565225,0.9983253329019428,0.9919551478518381,0.9904899489680978,0.9972919361788519,0.9916693757332298,0.9901292899065682,0.9970696951746646,0.9913335114922691,0.9904976173972051,0.996407390996653,0.9913766410957349,0.9894989695680921,0.9978655576320794,0.99120327101698,0.9895039318689475,0.9978637608483935,0.9909648792001609,0.9883879011203125,0.9971966685382305,0.9930770358202162,0.9903546072137861,0.9985485567301586,0.9930222620829461,0.9906153296805918,0.998821922062318,0.9909642662678364,0.9881518216780061,0.9970823507680846,0.9909636095482887,0.9879592737749104,0.997025659511105,0.9908372757269995,0.9868117918987593,0.9967491570733045,0.990829014465534,0.9870306717817574,0.9966054499751509,0.9908218192769792,0.9865715797361558,0.9967135444290944,0.9910016365492085,0.9903584263014278,0.9957140618698367,0.9908450451522958,0.9902165308151809,0.995485816771701,0.9909984326144698,0.990358477364417,0.995412190384691,0.9912034098200186,0.9905001338431243,0.9961342329531692,0.9911910504886673,0.9907730863801012,0.9961022111440764,0.9903282141302355,0.9901900545036302,0.994808397005523,0.9903224168783964,0.9901900744464289,0.9947412743550234,0.9903157611206268,0.9905275023087826,0.9945868660576898,0.9899108755665844,0.989629915967948,0.9943624356136387,0.9898400724250631,0.9896300055447752,0.9943677672328857,0.989917127243974,0.9896299358990641,0.9941974887231171,0.9901416260845725,0.9896293390033124,0.9978494484936381,0.9915169007335062,0.9898674563418706,0.9968681987952607,0.9903478037490981,0.9900524599821795,0.9950723590349261,0.9898706836521696,0.9897470625705419,0.994757827627429,0.9900231067693378,0.989629575126306,0.9945690889279294,0.9913241141730439,0.9896890575635873,0.9966718350870795,0.9915334537315902,0.9897616009487823,0.9968730618838798,0.9987510810444638,0.9957349959493127,1.0029561009242978,43.0
0.9999970178030295,0.999996559260312,0.9999976277584106,0.9804299586237263,0.9773776541061394,0.9844236172363952,0.9950768802502028,0.9922901460247637,0.9997382009731903,0.9932388440103109,0.9908939202502787,0.9984808864700516,0.993147137184193,0.9905691347516559,0.9985878495852728,0.9924174372094946,0.9903018213757127,0.9982401851198678,0.9920243057032929,0.9904482911540214,0.9972039962903764,0.9917399565797959,0.990088930267907,0.9969818532033002,0.9914043039965096,0.990460814604676,0.9963175833102637,0.9914437134402283,0.9894469298339232,0.9977783269178492,0.9912698454801032,0.9894519322982647,0.9977765437442034,0.9910321240665761,0.988331788193145,0.9971062809866027,0.9931467875331895,0.9903091148395103,0.9984687909149378,0.9930923117576433,0.9905691634818756,0.9987412117574938,0.9910315395739528,0.9880951588225729,0.9969920780354758,0.9910308959451806,0.9879022281499422,0.996935606638444,0.9909060404547971,0.9867488632074461,0.9966565884750683,0.9908976980711323,0.9869684143165267,0.9965111939208652,0.990890795065247,0.986507656322405,0.9966209599310927,0.9910728403402199,0.9903256691828288,0.9956226763729833,0.9909166482849776,0.9901862011422378,0.9953940385115512,0.9910695921790671,0.99032572024415,0.9953200180300228,0.9912743514616552,0.9904649487410019,0.9960437370086859,0.9912619500963439,0.9907382010202331,0.9960113181624811,0.9903989139685948,0.9901643082028458,0.9947153682963746,0.990393013890611,0.9901643281451447,0.9946476869218495,0.9903865223279334,0.9905052249697351,0.9944959312477287,0.989985698398895,0.9896066689545808,0.9942698990467362,0.9899155359062393,0.9896067585294056,0.99427557270121,0.9899928253972925,0.9896066888852526,0.9941049376389034,0.9902045290917442,0.9895767578128979,0.9977622176043172,0.9915879086125274,0.989827965301752,0.9967799944260385,0.9904187463508964,0.9900253043156855,0.9949799330987505,0.9899409539633489,0.9897226128630822,0.9946651971704007,0.9900964320335783,0.9896063281205593,0.9944764835232958,0.9913947968763882,0.9896492212947069,0.9965833206604503,0.9916057720533369,0.9897236187249422,0.9967848025300728,0.9987982011784485,0.9956890094022736,1.0028704575464338,44.0
0.9999970128196043,0.9999965564678348,0.9999976202829927,0.9803945079571246,0.9773575328011915,0.9843731448130343,0.9950495062778278,0.9922751476687623,0.9996894130622794,0.9932146363223845,0.9908835945567614,0.998432835656982,0.9931241724714542,0.9905589554843571,0.9985421082615068,0.9923954368385799,0.9902920160645782,0.9981935022799098,0.9920002627809823,0.990445752654219,0.9971555161077164,0.9917181550082975,0.9900880476006804,0.9969346892964841,0.9913811281498724,0.9904664917202761,0.996268603662822,0.9914238004815624,0.989437883062538,0.9977331298234514,0.991249849634044,0.9894436001829908,0.9977314212385437,0.9910168480542357,0.9883206435142039,0.9970631538314296,0.9931238794016046,0.9902990527065175,0.998423877502304,0.9930700506367546,0.9905589842142687,0.9986962352294338,0.9910162509933158,0.9880831923712649,0.99694843856522,0.9910156005911295,0.9878895704692711,0.9968916653506513,0.9908924990028011,0.9867370265194105,0.9966193576406324,0.9908841296577394,0.9869580860653203,0.9964736890933922,0.9908774841355662,0.9864954919380793,0.9965845430866872,0.991049613700523,0.9903373864346663,0.9955717319319858,0.9908934408395944,0.9902012206500653,0.9953417624457346,0.9910464143633413,0.9903374374966213,0.9952683159488401,0.9912511909479559,0.9904733632751632,0.9959946117775866,0.9912389622984562,0.9907486334714911,0.9959651672171507,0.9903727615791488,0.9901849780062308,0.9946582435792628,0.9903661772968956,0.9901849979489683,0.9945895716816342,0.9903603529127707,0.9905277533056462,0.9944388671981662,0.9899629399276739,0.9896327869922319,0.9942130013098907,0.9898934067378785,0.9896328765695424,0.9942189530429081,0.9899701339825343,0.9896328069234586,0.9940474377225944,0.9901837937448011,0.989572155110923,0.9977169237821862,0.9915669311274912,0.9898281034949156,0.9967331317973551,0.990394380333591,0.9900452193676459,0.9949253597860018,0.9899156369282451,0.9897475611749829,0.9946093565487856,0.9900731507684134,0.989632446148751,0.9944200911660328,0.9913744668419608,0.9896499783409561,0.996537036509183,0.9915855898606891,0.9897245553139001,0.9967379114696068,0.9987621138406532,0.9956685392571525,1.0028190516691893,45.0
0.9999970049840975,0.9999965501553605,0.9999976181283772,0.9803409096439131,0.9773139516586337,0.9843579190811647,0.9949978882990628,0.9922348293495086,0.9996803144335262,0.993162399820713,0.9908447374940845,0.9984258860680765,0.9930742149569013,0.9905208699734033,0.9985387150812745,0.99234271650451,0.990252712420287,0.9981880745948613,0.9919460863170794,0.9904119586383292,0.9971482641322607,0.991663356769714,0.9900532405632433,0.9969273005603935,0.9913286772185405,0.9904418436490586,0.9962624245425363,0.9913701551874787,0.9893979429545913,0.997729886875311,0.9911956800006824,0.9894036316617351,0.9977281301922598,0.990965047449365,0.9882805375525016,0.997063654280882,0.9930740314757562,0.990261584436037,0.9984218691865153,0.9930213785888404,0.9905208987021954,0.9986939371799521,0.9909644745954396,0.9880426575038606,0.996949047778948,0.9909638353859022,0.9878487472125558,0.9968924643104506,0.9908435227775985,0.9866997770039768,0.9966307145610711,0.9908351390312805,0.9869223854976675,0.9964850530333678,0.99082887859808,0.9864583714347075,0.9965973163894934,0.990997719037211,0.9903195616209051,0.9955647887301792,0.9908416898260967,0.9901871711858534,0.9953340426267002,0.9909949750955628,0.9903196126819748,0.9952609414770974,0.9911989916680024,0.9904517625432518,0.9959887856853261,0.9911869496942672,0.9907290929002349,0.9959624946959875,0.9903206275300382,0.9901787205631044,0.994649561159686,0.9903141376335515,0.9901787405057427,0.9945804510348039,0.9903083441719105,0.9905258141166505,0.9944339243326715,0.9899077100813818,0.9896317112860253,0.9941993355001647,0.9898384421927889,0.9896318008633778,0.9942053709061205,0.9899141224016322,0.9896317312172632,0.9940326445409885,0.9901264226474633,0.9895322506454876,0.9977136052615718,0.9915116260021057,0.9897926054993677,0.9967254509387283,0.9903419503846388,0.9900372071725836,0.994916298248812,0.9898606174820288,0.9897453633328209,0.9945979888590163,0.9900187512493188,0.9896313704423855,0.9944075513443297,0.991318785085831,0.9896141372640318,0.9965289903258775,0.9915301802472039,0.9896886090336681,0.9967302493775857,0.9987075171388866,0.9956241646355127,1.0028035694573683,46.0
0.9999969985957765,0.9999965395955218,0.9999976153685713,0.9802977179530252,0.9772431180609642,0.9843388621828036,0.9949537869084936,0.9921601796182772,0.9996652568315098,0.9931193965436046,0.9907681795802208,0.998410952681614,0.9930308085146643,0.9904437523582241,0.9985239276267273,0.9923008613761916,0.9901758959031343,0.9981736468283509,0.9919034968243038,0.9903350947501929,0.9971344128460461,0.9916221378818374,0.989977414111822,0.9969139432531352,0.9912859650667368,0.9903655509689798,0.9962509481302955,0.9913282905369174,0.9893207581670235,0.9977154952171438,0.9911535485741891,0.9893267787879743,0.9977137072688077,0.9909252984798064,0.9882015325172073,0.9970496445698848,0.9930305692018968,0.9901840190732891,0.9984071015156523,0.9929777722350912,0.990443781084771,0.9986792225802857,0.9909247357164996,0.9879631754162035,0.9969349651941307,0.9909241008970429,0.9877689060274629,0.9968784137137205,0.9908047327321988,0.9866191386165689,0.9966193676421196,0.9907963369399301,0.9868431668447818,0.9964737221359113,0.9907902155509717,0.9863772963115383,0.9965863155778772,0.99095217260313,0.9902428068158999,0.9955529489692194,0.9907944030201834,0.9901097645479612,0.9953217917140535,0.9909495250228512,0.9902428578730371,0.9952485234597035,0.991155223802031,0.9903756590195381,0.9959777427696694,0.9911433503331732,0.9906547761103631,0.9959542462547497,0.9902699751043137,0.9901019974409283,0.9946363177057372,0.9902634552758869,0.9901020173820377,0.9945667688163252,0.9902577636224625,0.9904522581482551,0.9944229449916017,0.9898509468750638,0.9895504479243189,0.9941835380730063,0.9897813895911878,0.9895505374943983,0.9941893962625785,0.989857437418385,0.9895504678539382,0.9940163784685655,0.990082860831859,0.9894577782952554,0.9976990654744646,0.9914706507144722,0.9897174238696796,0.9967119393621647,0.9902913469415875,0.989959197249878,0.9949032763817321,0.9898046360090407,0.9896658398417646,0.9945836568985076,0.9899623380654821,0.9895501071083533,0.9943925547602672,0.9912777305942135,0.9895389036978256,0.9965154094267619,0.9914901000107516,0.9896144779923493,0.9967166989808548,0.9986635103697293,0.9955519972336675,1.0027841757639862,47.0
0.9999969962267267,0.9999965293660663,0.9999976115203739,0.9802809433012916,0.9771747053275418,0.9843124559368409,0.9949406646366541,0.9920870922457043,0.9996432265176535,0.9931004916171641,0.9906923625933132,0.9983872124635557,0.9930100556954994,0.9903679180997593,0.9984998342185382,0.9922811534926248,0.9901002101706786,0.9981498322049988,0.9918804846081707,0.9902570116884324,0.9971092863420636,0.9915983138538957,0.9898983820288328,0.9968884327411904,0.991260777433853,0.9902881446334026,0.9962258902294997,0.9913079095801157,0.9892452674227739,0.997691888100573,0.9911329536218,0.9892516898323142,0.997690137028282,0.9909057079459456,0.98812470909051,0.9970262832399374,0.9930098195085918,0.9901081710104443,0.9983834730653022,0.9929559083203062,0.9903679468240996,0.9986545687438628,0.9909051509623822,0.9878859064921837,0.9969114936708229,0.9909045184967357,0.9876912927243461,0.9968549330760879,0.9907860646184734,0.9865416376427293,0.9965993279103739,0.9907775155503248,0.9867643456837965,0.9964499733167921,0.9907716919689751,0.9862999160885002,0.9965672957694215,0.9909247746186176,0.990165421227054,0.9955272009516831,0.990765457281366,0.9900321746094707,0.9952955303090646,0.9909225541669759,0.9901654722802208,0.9952224946105123,0.9911292059417206,0.9902984773026697,0.9959527522220457,0.9911174304626483,0.9905786490977084,0.995930877875346,0.9902378412681655,0.9900244226035705,0.994608921834712,0.9902314272544074,0.990024442543131,0.9945391027518641,0.9902256582253339,0.9903769565425645,0.994396649709463,0.9898156958886771,0.9894697901221723,0.9941551659005222,0.989745653677584,0.989469879685023,0.9941607621461429,0.9898230406078007,0.9894698100501824,0.9939881311048943,0.9900605846222282,0.9893843658624929,0.9976754056767243,0.9914462176971403,0.9896377509028346,0.9966860268454667,0.9902589267050041,0.989880698984676,0.9948761363899314,0.9897681657233602,0.989585680912662,0.9945559381871085,0.9899266967154424,0.9894694493337115,0.9943645361959745,0.9912527400087112,0.989458707396272,0.99648898268724,0.991465571007806,0.9895344541321189,0.9966908011830271,0.9986464309526802,0.9954822914916874,1.0027572955097583,48.0
0.9999969887929538,0.9999965228381841,0.9999976139359465,0.9802308793698468,0.9771300384504429,0.9843277157442712,0.9948885283748228,0.9920443309186749,0.999666667065359,0.9930449031409558,0.9906512873261221,0.9984135859604883,0.9929545646150901,0.9903277743456549,0.9985278849175923,0.9922245532787378,0.9900601227537063,0.9981778548476291,0.991822427680856,0.9902186459085648,0.9971361957735005,0.9915417049518608,0.9898614066675091,0.9969163971981525,0.9912003801764643,0.9902529183520005,0.9962528568442968,0.9912503864505107,0.9892066150326004,0.9977226266775137,0.991075180868352,0.98921329959985,0.997720874874343,0.9908486427507767,0.9880873249940746,0.9970613106287164,0.9929544835879341,0.9900687724736381,0.9984126991935167,0.9929003593672562,0.9903278030688204,0.9986827442304087,0.9908481146314734,0.9878483717292188,0.9969468095301376,0.9908474958449128,0.9876537057242435,0.9968905467206206,0.9907294401887927,0.9865092296861739,0.9966443793225772,0.9907208955267593,0.9867334266135996,0.996495435906364,0.9907151243532188,0.986267923045223,0.9966135901513994,0.9908618608772243,0.9901324836744082,0.9955534982746087,0.9907012829866156,0.9900004797246611,0.9953215811536555,0.9908592497883982,0.9901325347258967,0.9952480291391482,0.9910678565866972,0.9902642965597733,0.9959797269867654,0.9910561594142197,0.9905452725814459,0.9959591474015248,0.9901697747484455,0.9899960021256711,0.9946349133154473,0.9901629835996905,0.9899960220646761,0.994564563051909,0.9901577405538258,0.9903528329626274,0.9944268848437104,0.989749784507533,0.9894405111650223,0.9941807250583892,0.9896804140479699,0.9894406007253079,0.9941866147776132,0.9897575117065804,0.9894405310924621,0.9940135600029948,0.9900010893195414,0.9893472070455807,0.9977060785264736,0.9913902212737622,0.9896016006619861,0.9967143562725255,0.9901917805740825,0.9898505322892162,0.9949017856725632,0.9896995114100282,0.9895562120354441,0.9945814607911395,0.9898597752813932,0.9894401703863218,0.9943900795572564,0.991197412775709,0.9894232379520627,0.9965179363012094,0.9914098168538681,0.9894984626438056,0.9967191254269442,0.9985954208452279,0.9954368043987845,1.0027728759886056,49.0
0.9999969866024743,0.9999965187457224,0.9999976116648519,0.9802151335590046,0.9771020071847839,0.9843119595339399,0.994877366836886,0.9920175939341807,0.9996551703247207,0.9930340256536986,0.9906252703090133,0.9984033716771962,0.9929462505556327,0.9903025779362163,0.9985207546780566,0.9922130476259463,0.9900336727619401,0.9981686982127874,0.9918106438833725,0.9901955531582615,0.9971249211125189,0.9915304173095458,0.9898387826865997,0.9969054172112894,0.9911889765113792,0.9902336044776683,0.9962411180882272,0.9912381245818,0.9891795452336622,0.9977151489718419,0.9910624401138064,0.9891860881033658,0.997713402755473,0.9908379829546831,0.9880606023378357,0.9970564198322505,0.9929462888915827,0.9900442325563831,0.9984065422271822,0.9928934940628251,0.9903026066586438,0.9986767343262339,0.9908374667147009,0.9878214296684794,0.9969419711902214,0.990836853410251,0.9876266145513548,0.9968858024235192,0.9907208759209285,0.9864849674235839,0.9966462697600601,0.99071230794146,0.9867100249368971,0.9964969842418722,0.9907068371033217,0.9862438464309788,0.996616419866111,0.9908510822369594,0.9901161943985534,0.9955412531973891,0.9906905503904173,0.9899859556931775,0.9953089681057656,0.9908491402170174,0.9901162454492175,0.9952357951993513,0.9910567017173508,0.9902462416898038,0.995967940020777,0.9910450471675103,0.9905276833333302,0.9959480744572897,0.9901581941637942,0.9899845353656075,0.994621051840883,0.9901513131356479,0.9899845553043946,0.9945504182370173,0.9901461588666195,0.9903427004149848,0.9944132906859378,0.989739207112419,0.9894321611269653,0.9941665239912949,0.9896700024314381,0.989432250686572,0.9941724741653413,0.9897472414291084,0.9894321810542549,0.993999239615288,0.9899854626810647,0.9893191203167156,0.9976986206087467,0.9913790310426086,0.9895792456415452,0.99670333980087,0.990180434320877,0.9898385236477687,0.9948885526710075,0.9896869480843675,0.9895466891751842,0.994567680103295,0.9898487643206827,0.9894318203508485,0.9943760590744533,0.9911862626452254,0.989400928982122,0.9965069530810402,0.991398897229764,0.989476332060147,0.9967081013558826,0.9985793948370237,0.995408258869311,1.0027568436966923,50.0
0.999996986010091,0.9999965125505307,0.9999976123751787,0.9802103738355964,0.9770602114230358,0.9843158423422504,0.9948765306596548,0.991974837864848,0.9996666003207381,0.9930358622404162,0.9905819840185922,0.9984178119654458,0.9929484628707603,0.9902590850492762,0.9985355538372506,0.9922188281134989,0.9899917236206253,0.9981869776935628,0.9918091738396305,0.9901512789828193,0.9971387477954611,0.9915279458653609,0.989794170054893,0.9969185765281676,0.9911863650045047,0.9901900143600487,0.9962555544895718,0.9912476673618696,0.9891395342887024,0.9977381696955291,0.9910718374595461,0.9891464048797156,0.9977364914866989,0.9908545611791747,0.9880222032233077,0.9970864326538019,0.9929484761682615,0.9900005744007359,0.9984212343756342,0.9928959507030146,0.9902591137704345,0.998691829075426,0.9908540577113164,0.987782909179363,0.9969721000596449,0.9908534504016525,0.9875880270852802,0.9969160635379626,0.9907389259808562,0.9864518203638286,0.9966858554272011,0.9907303101048115,0.9866770892062467,0.9965355283359912,0.9907250867066965,0.9862113518964758,0.9966574188725319,0.9908491658561163,0.9900726840581183,0.99555625211842,0.9906886847898594,0.9899422975117557,0.995324010437595,0.9908479202477212,0.990072735106549,0.9952508942008996,0.9910543790403803,0.990202878916527,0.9959829354796227,0.991042829843096,0.9904852782480839,0.9959647400776367,0.9901591464911839,0.9899418447887857,0.9946370320722618,0.9901532672316998,0.9899418647267209,0.9945668869786705,0.9901470712384415,0.9903004869434114,0.9944284607443271,0.9897373282134772,0.9893889229589433,0.9941813544697383,0.9896682624887826,0.9893890125146826,0.9941873461029566,0.9897458192369503,0.9893889428853723,0.994014108680668,0.9899938592148398,0.9892808814495294,0.997721636496326,0.9913762533333139,0.9895344000762536,0.9967162229706907,0.9901787982879304,0.9897956396067683,0.9949035919489604,0.9896839029473058,0.9895044959859637,0.994582517861176,0.9898462875133835,0.9893885821975426,0.9943909345713673,0.9911831162021711,0.9893557452585533,0.9965195005931863,0.9913963656923488,0.9894316869011616,0.99672097776183,0.9985745576846823,0.9953656823334247,1.0027608296886696,51.0
0.999996973762238,0.9999965148214163,0.999997615323781,0.9801289944434012,0.9770738810050789,0.9843355813621713,0.9947858720334358,0.9919968684250456,0.9996873097963664,0.9929435293775394,0.9906093131699142,0.9984410368376649,0.9928536823935357,0.9902885131579016,0.9985604974692002,0.9921281056604362,0.9900205393492314,0.9982131703822162,0.9917142792064004,0.9901847586485757,0.9971590164862899,0.991433285337227,0.9898279789013327,0.996939008211637,0.9910914156451217,0.9902301699086273,0.9962728454323052,0.9911589427820114,0.9891705040515771,0.9977685884910132,0.9909829902813647,0.9891776535488103,0.9977669829951115,0.9907699363750101,0.9880553197503177,0.9971229973472835,0.9928537347172316,0.990031681678463,0.9984486847239433,0.9927996723555973,0.9902885418799066,0.998715924013308,0.9907694406581896,0.987815941754347,0.9970087074928206,0.9907688369920995,0.987621012537871,0.996952728404706,0.9906571438748688,0.9864913727001455,0.9967339702688608,0.9906485621762935,0.9867182203466186,0.9965847678679954,0.9906436700019733,0.9862514952063892,0.9967068630393957,0.9907563618768531,0.9901187356243903,0.9955723056586527,0.9905968161381765,0.9899920198068813,0.9953394198228147,0.9907558735628004,0.9901187866752033,0.9952670693693297,0.9909602477407622,0.9902452595376063,0.9959996604061239,0.9909486664902766,0.9905274507797567,0.9959810256158838,0.9900678281449972,0.9899975239513242,0.994650655208132,0.9900618190620122,0.9899975438903919,0.9945802660422329,0.9900557345816327,0.9903569692087342,0.9944419184738584,0.9896480609353988,0.9894522685300811,0.99419369202716,0.9895790681842732,0.989452358091623,0.994199690149654,0.9896564387042776,0.9894522884578034,0.9940261021614673,0.9899044079770635,0.9893136318908536,0.9977520642356439,0.9912816746592531,0.9895683902044808,0.9967366343809595,0.9900878251242434,0.9898509926838717,0.9949179171906833,0.9895935221552644,0.989566025030642,0.9945957472965676,0.989757155031469,0.9894519277466006,0.994403665107273,0.9910886061902996,0.989389822486084,0.9965399436278115,0.9913018858309859,0.9894656831360402,0.9967413893452726,0.9984916238858379,0.9953796462110042,1.0027809455069685,52.0
0.9999969699090154,0.9999965145160868,0.9999976144944579,0.9801028508819634,0.9770711816524115,0.9843299083877936,0.9947596168250663,0.9919972447515909,0.9996826886756325,0.9929159788251309,0.9906114661983272,0.9984362676914698,0.9928248280589254,0.9902910710670595,0.9985553971447484,0.9920998643250429,0.9900229303342271,0.9982090668890713,0.9916875890154752,0.9901897419063791,0.9971529714417626,0.9914069180186347,0.98983341984357,0.9969331658901608,0.991066682943989,0.9902381685783516,0.9962661290264956,0.9911292381711247,0.9891732425112998,0.997765342136749,0.9909530341733087,0.9891803794208036,0.997763753373029,0.9907394872700108,0.9880589719653976,0.9971209867297914,0.9928249273636147,0.9900345634933924,0.998443905148471,0.9927700004859809,0.9902910997891324,0.9987103845043315,0.9907390192607879,0.9878197228695162,0.9970070816578369,0.9907384289781145,0.9876249605849641,0.996951430991759,0.9906262570265613,0.9864972258755917,0.9967349593565659,0.9906176814067171,0.9867250118996527,0.9965861016551102,0.9906127251115087,0.9862574876304586,0.9967081889673022,0.9907332991290242,0.9901296125088395,0.9955655236884388,0.9905745460546252,0.9900047697490162,0.9953328484453964,0.990733310064882,0.9901296635602206,0.9952602956795128,0.9909361451576006,0.9902542630932553,0.9959927333417495,0.990924506017491,0.990535956212123,0.9959731941536742,0.9900468743401487,0.9900138358526727,0.9946452914704063,0.9900410581999426,0.9900138557920786,0.9945749129701762,0.9900348446645136,0.990375506925459,0.9944384760543319,0.9896300808498506,0.9894707012024389,0.9941880010135746,0.9895614744829995,0.9894707907657014,0.9941941488507534,0.9896390585599796,0.9894707211305448,0.9940205873357829,0.9898730772009,0.9893163485868598,0.9977488253232427,0.9912554525724747,0.9895740984313158,0.9967308157664875,0.9900663437935951,0.9898664001013183,0.9949117455433706,0.9895728371043946,0.9895839096306136,0.9945896754608624,0.989738145804782,0.9894703604124125,0.9943977714819614,0.9910625012988544,0.9893956507010231,0.9965342211350495,0.9912762365871256,0.9894721080849437,0.9967355438799838,0.9984649905139175,0.9953769116143701,1.0027751722823877,53.0
0.9999969702470072,0.9999965137067345,0.9999976132960298,0.9801041576765981,0.9770652235073267,0.9843214682420262,0.9947661652680753,0.9919936105761118,0.9996775751892434,0.9929229425632657,0.9906087492582356,0.998430897967683,0.9928324348736074,0.9902889155807075,0.9985510749841051,0.9921091498094848,0.9900197192067399,0.9982056378954581,0.9916901802383283,0.9901895180247371,0.997144463033197,0.9914081073774474,0.9898323923117099,0.9969233120344242,0.9910686122446387,0.9902419585041321,0.9962560097950081,0.9911389875879378,0.9891693204326607,0.9977634755281927,0.9909623955450518,0.9891762068123662,0.9977619309292456,0.9907519585431055,0.9880556652214951,0.9971212443153923,0.9928325917680708,0.990032857172722,0.9984400401916461,0.9927779500162285,0.9902889443027132,0.9987063479184188,0.9907514904527374,0.9878163486306105,0.9970073112892464,0.990750900066679,0.9876215316246293,0.9969516488078954,0.9906393635612372,0.9864959109587348,0.996738352874727,0.9906307939485548,0.9867245313995259,0.9965898021492843,0.9906259135632113,0.9862563010317815,0.9967119432027272,0.9907358049207885,0.9901368074159844,0.9955544676673123,0.9905774889267375,0.9900140318234855,0.9953213696208942,0.9907357438436478,0.9901368584677462,0.9952488963535088,0.9909382993134338,0.9902593906669711,0.9959823080244792,0.9909266769914709,0.9905412200612107,0.9959630330581786,0.9900483584412874,0.9900257245864588,0.9946317823244135,0.9900420173963717,0.9900257445261123,0.9945609611435428,0.9900363011398207,0.9903878361716161,0.99442445945829,0.989639900809569,0.9894876319933613,0.9941772987771849,0.9895720651139259,0.9894877215582101,0.9941837737245309,0.9896496623338512,0.9894876519218214,0.9940102052500344,0.9898799282610735,0.9893102105475079,0.9977470677331556,0.9912559836321669,0.989572588795244,0.9967202588781636,0.9900692040151531,0.9898781101027102,0.9948995938568448,0.9895777775327547,0.9895982524069372,0.994578111305175,0.9897463300064518,0.9894872911972991,0.9943865596970906,0.9910620348245924,0.9893931748667113,0.9965227229045862,0.9912771791299345,0.9894710914323983,0.9967249687556704,0.9984663396614044,0.995370854073163,1.002766587773045,54.0
0.9999969740231062,0.999996514219967,0.9999976172194869,0.9801274535561108,0.9770671761643248,0.9843461747886102,0.9948019981232783,0.9920033040082153,0.9997160684684492,0.9929616568858199,0.9906230885627324,0.998472594905569,0.9928718518673733,0.9903036311845516,0.998593746520233,0.9921491077724094,0.9900344340590465,0.9982488872508187,0.9917300739247076,0.9902103034804349,0.9971880052380844,0.9914491821474417,0.9898543481540745,0.9969674888621569,0.9911102851622277,0.99026925154418,0.996301071436043,0.9911795743113648,0.9891845809750072,0.9978085763866703,0.9910027944929303,0.9891914297615728,0.9978070221291686,0.9907946176713907,0.988072171139895,0.9971692555668639,0.99287201334887,0.9900478738151262,0.9984830709658722,0.99281778524353,0.9903036599069753,0.9987493347099127,0.9907941677062405,0.9878329691403227,0.9970555972574264,0.9907935860928363,0.9876382861120508,0.9970001643925811,0.9906820926756982,0.986515420370286,0.996790464983018,0.9906735032000332,0.9867443314055309,0.9966415245610132,0.9906686549452949,0.9862761567160417,0.9967646516548359,0.9907786645278194,0.9901691144134015,0.995599620805109,0.9906212750772666,0.9900491840022111,0.9953663926753541,0.9907782873048251,0.9901691654668475,0.9952935884566446,0.9909804558272559,0.9902888522963731,0.9960278402308705,0.990968967799001,0.9905718514053994,0.9960106876515036,0.9900933856100202,0.9900659996565574,0.9946770781443368,0.9900870975028598,0.9900660195970366,0.9946062174150574,0.9900813752878731,0.9904298463244765,0.9944711717845194,0.9896871085548172,0.989534168067092,0.9942208641414937,0.9896191461296833,0.98953425763623,0.9942272426069688,0.9896970603468517,0.989534187996508,0.994053722445373,0.9899188741701409,0.9893247280833842,0.9977921773828015,0.9912975803781825,0.9895952788279487,0.996764651168821,0.9901140744838841,0.9899176801066294,0.9949444173214774,0.9896234470530462,0.9896424306907984,0.99462224686213,0.9897934911546894,0.9895338272547084,0.9944303381422324,0.9911040311501342,0.9894162586862593,0.9965674922172434,0.991319599436826,0.9894948705522061,0.9967693199748363,0.9984901154525843,0.9953728804457077,1.0027918091239556,55.0
0.9999969657737299,0.999996520083467,0.9999976213663172,0.9800721267280327,0.9771045708375133,0.9843735715946487,0.9947431203421132,0.9920526639231932,0.9997472165759913,0.9929020050150872,0.9906791998488186,0.9985035807220387,0.9928122360146181,0.9903602918121681,0.9986255665599074,0.9920898932255756,0.9900928326908341,0.9982792455744032,0.991669848971819,0.9902721575918532,0.9972191334871119,0.9913891775002126,0.9899165229382059,0.9969985375884695,0.9910512829130239,0.9903375026632484,0.9963325039098461,0.9911215680902833,0.9892462844198211,0.9978384742562081,0.9909452864911937,0.9892540118557467,0.9978368283699222,0.9907366396470252,0.9881340451442159,0.997199109803892,0.9928124130996429,0.9901049739086478,0.9985154487042975,0.9927581793633473,0.9903603205362276,0.9987812369762721,0.9907362231060461,0.9878950997176783,0.9970859466518174,0.9907356577349576,0.9877007000678513,0.9970309178399576,0.9906237302696556,0.9865769696815874,0.9968194192645059,0.9906151006429957,0.986805734760415,0.9966695896631442,0.9906102487606486,0.9863376868033094,0.9967936290529136,0.9907201441092317,0.9902425061749832,0.9956303735776335,0.9905628604758923,0.9901255843304452,0.9953965184776837,0.9907201268489222,0.9902425572322278,0.9953243086045498,0.9909216552496645,0.9903592353355778,0.9960592879120341,0.9909102488645802,0.9906429881713594,0.9960434840689534,0.9900329527273293,0.9901474754719397,0.9947055081249557,0.9900260648194816,0.990147495414072,0.9946341792980075,0.9900209866645315,0.990512939673914,0.9945010020332802,0.9896290657722658,0.9896212018063499,0.9942480586301947,0.989560986498306,0.989621291383431,0.9942543467776898,0.9896388730074742,0.9896212217375352,0.994080633897772,0.9898646655784589,0.9893932113361593,0.9978217574141466,0.9912376674475593,0.9896576639174297,0.9967955893397646,0.9900551832773321,0.9899984985935629,0.9949734959230863,0.989565047063386,0.9897278878392576,0.9946503440468093,0.9897357859899794,0.9896208609637425,0.9944579353722243,0.991044035043202,0.9894785746138441,0.9965983210312684,0.9912599477249928,0.9895575222541599,0.9968002482604512,0.9984337429348032,0.9954110274211168,1.0028197350837573,56.0
0.999996961617758,0.99999651962607,0.9999976232012594,0.9800444629069849,0.9771010502247708,0.9843856734604166,0.9947124002776311,0.9920515062051939,0.9997613463898352,0.9928688075232375,0.990678081625781,0.9985184974690744,0.992779263263324,0.9903588913343836,0.9986403349270548,0.9920558324266082,0.9900928396048709,0.9982945047672335,0.9916350256543532,0.9902701189406027,0.9972345915000694,0.9913548574539921,0.9899143216046297,0.99701437185299,0.9910141912131383,0.9903354756072055,0.9963482537530675,0.9910870040515288,0.9892479195231179,0.9978548128851894,0.9909107659086688,0.9892558549952675,0.9978531293537067,0.9907013307100219,0.988137102665246,0.9972173609344999,0.9927794042774417,0.9901033476247544,0.9985298669736787,0.9927253685871089,0.9903589200583978,0.9987961788739121,0.9907009143115484,0.9878981437291073,0.9971041907089844,0.9907003490007479,0.9877037351355893,0.9970491583917406,0.9905879580612844,0.9865839580237525,0.9968426426011288,0.9905793112818514,0.9868128876292737,0.9966924754158457,0.9905744188475729,0.9863451623747874,0.9968175539712559,0.990681324986364,0.9902400749827632,0.9956458249676648,0.990523129960401,0.9901227454077829,0.9954117127448311,0.9906810757139747,0.9902401260398872,0.9953393797237865,0.9908839166678391,0.9903572117465693,0.9960752048889018,0.9908725957792771,0.9906417386012971,0.9960607755327527,0.98999219497764,0.9901450150726602,0.9947204697095215,0.9899854527084789,0.9901450350147464,0.9946491862386191,0.9899802371289994,0.9905113136241874,0.9945163398655278,0.989586618367329,0.9896178308425629,0.9942618428794602,0.9895186850768483,0.9896179204193581,0.9942681469342649,0.9895963051858163,0.9896178507736845,0.9940941782851229,0.9898305289537199,0.9893965630682126,0.9978379979250432,0.9912032890039635,0.9896553486287755,0.9968113751849444,0.990014043575153,0.989995699269739,0.9949881869067367,0.9895226416408053,0.9897249013060355,0.9946646066430798,0.9896933803808811,0.9896174900010425,0.9944719740912172,0.9910096072028346,0.9894762281340811,0.9966140547483002,0.9912252193652107,0.9895545955872437,0.9968160579662138,0.998405550696058,0.9954074528667274,1.002832072536452,57.0
0.9999969624109845,0.9999965196315344,0.9999976230466205,0.9800488241346244,0.9771004386693004,0.9843841596442687,0.9947222842643206,0.9920540987352774,0.9997641024267128,0.9928803401741302,0.9906833649994325,0.9985233415026606,0.9927909737023646,0.9903644688597739,0.9986461385885428,0.9920680644166832,0.9900992414925419,0.9983004091406611,0.9916477707024128,0.9902780833212107,0.9972401230983285,0.9913684272287812,0.9899227105775981,0.9970201141080077,0.9910280767739224,0.9903463538150816,0.9963548294981371,0.9910997033412372,0.9892559400098695,0.9978622578576128,0.9909235309037848,0.9892641416375826,0.9978606113384701,0.9907146527570574,0.988146259669274,0.9972270045630868,0.9927910173261959,0.9901091604743182,0.9985362267545752,0.9927372588318584,0.9903644975839443,0.9988021411774822,0.9907142247325763,0.9879071782402231,0.9971136416757618,0.990713653742701,0.9877126446913485,0.9970584570221077,0.9906013338810565,0.9865967187331347,0.996857400780378,0.9905926494442368,0.9868253510849919,0.996706332963515,0.9905878076331424,0.9863584405710963,0.9968331213302325,0.9906959803265173,0.9902530321096595,0.9956525043316437,0.9905383282597031,0.9901368104527795,0.9954183124095599,0.9906956332047098,0.9902530831674592,0.9953457859289513,0.9908981170988371,0.9903690608520196,0.9960821238536905,0.9908868887939507,0.9906544222364257,0.9960691732818756,0.99000952377279,0.9901628028536126,0.9947271708610745,0.9900030024698846,0.9901628227960643,0.9946559838551026,0.989997569178688,0.990529800505569,0.9945232679035019,0.9896052176638278,0.9896406826486497,0.9942669269956799,0.9895379070368473,0.9896407722275566,0.9942734585006067,0.9896144081140482,0.9896407025802422,0.9940987739754747,0.9898436867787882,0.9894062512401758,0.9978454210915915,0.9912169721087345,0.9896640217018493,0.9968169985438007,0.9900307965361019,0.9900132030723323,0.9949945452090722,0.9895402450464436,0.9897461366094611,0.994670290826361,0.9897119870242226,0.9896403417990948,0.9944773092704364,0.9910231732879091,0.9894847879055366,0.9966195655694807,0.9912395686613584,0.9895641495555438,0.9968216481210311,0.9984100127341496,0.9954068454536635,1.0028305472025147,58.0
0.9999969585905247,0.9999965268703788,0.9999976209406467,0.9800220666821383,0.9771473581772513,0.9843700511667213,0.994699524333673,0.9921122608168329,0.9997495634453513,0.992860156660959,0.9907440480369513,0.9985094113659597,0.9927710858944815,0.9904258238245925,0.9986337420821497,0.9920500806580211,0.9901601751540393,0.9982876435997134,0.9916270767860421,0.9903421751388088,0.9972248504415918,0.9913486120585291,0.989987460682741,0.9970051693447889,0.9910072149021811,0.9904134275995242,0.99633810242252,0.9910824295911148,0.9893172373056494,0.9978502646548199,0.9909062287612159,0.9893255219758571,0.9978486476740728,0.9906987358647326,0.9882077704707695,0.997216047478337,0.9927710733813594,0.9901710529774137,0.9985248410668847,0.9927175906230176,0.9904258525505395,0.9987899066775474,0.9906983438138419,0.9879689475559057,0.9971032118008737,0.9906977902833507,0.9877747018683337,0.9970484601152966,0.9905856659685416,0.9866581361624988,0.9968468320068977,0.9905770198081773,0.986887810869046,0.9966968654697655,0.9905721661642823,0.9864196812789386,0.9968224296125997,0.990673802498069,0.9903226231369813,0.9956339427324921,0.9905151193432759,0.9902079247786495,0.9953986161957925,0.9906738863252557,0.9903226741983734,0.9953272611350498,0.9908767506589574,0.9904371285067122,0.9960647306738041,0.9908655312140756,0.9907226149858447,0.99605197289885,0.9899816168753437,0.9902378155082923,0.994702821822021,0.9899738027461169,0.9902378354522601,0.9946307147103228,0.989969636247579,0.9906049638517964,0.9944984347504564,0.9895818451123318,0.9897210460534253,0.9942433752182884,0.9895148047415128,0.9897211356396417,0.9942499612525139,0.9895906500456746,0.9897210659866451,0.9940747769404659,0.9898261299293887,0.9894678946976855,0.9978334459071073,0.9911974511812798,0.9897291917749562,0.9968021008495517,0.9900062618083065,0.990088154649859,0.9949727855584912,0.9895166327145739,0.9898253958628528,0.9946475959414045,0.9896888492133512,0.9897207051760559,0.9944541523189218,0.9910038143964122,0.9895501008605261,0.9966047865250296,0.9912201511653462,0.9896294066058476,0.996806747386913,0.9983827706640831,0.9954546906434724,1.00281617463589,59.0
0.9999969496337617,0.9999965336629875,0.9999976220649544,0.9799619536200503,0.977191063327853,0.9843776570588498,0.9946357326904082,0.9921678121445027,0.9997569459307254,0.9927945659955563,0.9908060775611643,0.9985178897985264,0.9927057812106257,0.9904879928709691,0.9986426272683222,0.9919855738316818,0.9902244105438395,0.9982993684328013,0.9915573311183503,0.9904113449095837,0.9972295692050814,0.9912796538452742,0.9900579173501269,0.9970094481650184,0.9909354649574734,0.9904882570403352,0.9963391374825465,0.9910177693167804,0.989384665825844,0.9978661296656663,0.9908416812635888,0.98939322208562,0.9978645519541269,0.9906334585424972,0.9882786824622558,0.9972380962996037,0.9927057968633732,0.9902333336316815,0.9985339296054663,0.9926524364194723,0.9904880215987102,0.9987988833811543,0.990633104040377,0.988040142357781,0.9971258128427563,0.9906325687519513,0.9878462101253681,0.9970715124982236,0.9905205596108722,0.9867376508907941,0.9968814385528758,0.9905119504319552,0.9869682722077535,0.9967325375990802,0.9905070762834706,0.9865001696480886,0.9968585054539245,0.9906005100246338,0.9904025182969142,0.9956322548668612,0.9904411356815056,0.9902909990282963,0.9953956286785776,0.9906002297261315,0.9904025693624237,0.9953250684402063,0.9908043990548732,0.990513844493546,0.9960646049811528,0.9907931408346439,0.9907990296663238,0.9960512946051532,0.9899029275759735,0.9903265798254058,0.9946956444214385,0.9898938666833416,0.9903265997711665,0.9946226424508312,0.9898909755387674,0.9906948409230312,0.9944922194398998,0.9895040718925485,0.9898176874098438,0.9942336765208989,0.9894367596221348,0.9898177770048441,0.9942400550922161,0.9895117532461848,0.9898177073450202,0.9940641285434507,0.9897620439068046,0.9895367483752593,0.9978493096002391,0.9911288559237452,0.989800517367292,0.996806099413107,0.9899308027534713,0.9901764667571263,0.9949675444591425,0.9894406896952875,0.9899194097691453,0.9946402331551986,0.9896127246235399,0.9898173464990546,0.9944455376711394,0.9909349641840464,0.9896211817888896,0.9966085050642229,0.9911525573976921,0.9897021268586395,0.9968106925791042,0.9983215220539701,0.9954992646975284,1.0028239245725814,60.0
0.9999969458160078,0.9999965366816679,0.9999976195345265,0.9799359925557773,0.9772104910124142,0.9843609416368008,0.9946101189488343,0.9921923593954283,0.9997379845256742,0.9927709080917324,0.9908346826035761,0.9984981096028596,0.9926829254605473,0.9905166469052693,0.998622893678251,0.9919638835975325,0.990254688788516,0.9982813687426485,0.991532968222736,0.9904436116362428,0.9972066176152989,0.9912550955655631,0.9900900765320011,0.9969856656815498,0.9909124074751186,0.9905241782456762,0.9963143195234572,0.9909968647115229,0.9894173643616431,0.9978500055795503,0.9908210214056383,0.9894263442838512,0.9978484288139345,0.9906128235862255,0.9883127642624862,0.997224923355335,0.9926831326246915,0.9902620268515918,0.9985139563135892,0.992629918294667,0.9905166756338368,0.9987793575160915,0.9906124572906285,0.9880740699279422,0.9971124185851258,0.9906119162201438,0.9878799860307309,0.9970579462413005,0.9905000084708083,0.9867763105326853,0.9968753876125291,0.9904914070603434,0.9870072906565519,0.9967267564463101,0.9904865348604435,0.9865393703799128,0.9968533407663197,0.9905785200842734,0.990441729469271,0.9956060708329353,0.9904203712191277,0.9903322819445489,0.9953690753069898,0.9905773351613453,0.9904417805368007,0.9952980669258586,0.9907817461440178,0.9905509838985879,0.9960391768255135,0.9907704601316367,0.9908359391803317,0.9960254531091397,0.9898845566892271,0.9903704378470303,0.9946684585258181,0.9898758066489466,0.9903704577936766,0.99459561019788,0.9898725581644996,0.9907382864843267,0.9944639514253242,0.9894890609037158,0.9898658179226689,0.9942065341358732,0.9894219503522238,0.9898659075220438,0.9942129314390927,0.989497242575113,0.98986583785882,0.9940371437597075,0.9897433118945911,0.9895730463849653,0.9978330641254819,0.9911040232444508,0.9898326577929698,0.9967817623608917,0.9899116425534408,0.9902204925933503,0.9949403987031037,0.989423647285576,0.9899666283251592,0.9946129882652762,0.9895969711404693,0.9898654769952319,0.9944183158434989,0.9909093853303469,0.9896525918441756,0.9965834457529863,0.9911280401433308,0.9897346867620046,0.9967863396377169,0.9982950771928347,0.9955190779143284,1.0028068893922395,61.0
0.9999969318246619,0.9999965353980431,0.9999976198503541,0.9798447456622011,0.9772020468212784,0.9843641662862375,0.9944991441797996,0.9921823558315576,0.9997321866723664,0.9926564874916997,0.99082549656571,0.9984910697991299,0.9925666643444052,0.9905068580722189,0.9986139335004095,0.9918492286744732,0.9902459965215542,0.9982760393717686,0.9914159966042969,0.9904361780211687,0.9971963801368808,0.9911390754856311,0.990083237233838,0.9969754721684705,0.9907928134372151,0.9905174277984979,0.996300802910578,0.990882645868282,0.9894093900512655,0.9978478002235968,0.9907066801172484,0.989418180053786,0.9978461789617249,0.9904998178926969,0.9883069540552172,0.9972277690759216,0.9925668809230379,0.990251755780589,0.9985044395104495,0.992512545701534,0.9905068868004994,0.9987696627495886,0.9904994885630211,0.9880684968212007,0.99711580025344,0.9904989654181965,0.9878746902868987,0.9970617737742243,0.9903861013710675,0.9867758897438327,0.9968861019244987,0.9903774708758563,0.9870065019907014,0.9967367733446175,0.9903725148031458,0.9865397114844955,0.9968651912056433,0.9904574027222535,0.9904356388113126,0.9955902345194099,0.9902986791709357,0.9903266232808206,0.9953521445324518,0.9904556565898663,0.9904356898785218,0.9952816479776825,0.990661562648187,0.9905444613055229,0.9960247216908669,0.9906502599952964,0.9908292904736056,0.9960107724080605,0.9897582807081908,0.9903633843201767,0.9946465084141327,0.9897484674065906,0.9903634042666766,0.99457291372235,0.9897461601866242,0.9907292824719238,0.9944389211838796,0.9893649845613777,0.9898595350068323,0.9941866586521328,0.9892974524587737,0.9898596246056248,0.9941927794494189,0.9893734818617638,0.989859554942854,0.9940173115556207,0.9896286239526344,0.9895645677299162,0.9978308321620027,0.9909881637224174,0.9898262277735536,0.996771351590043,0.9897881808714692,0.9902142321361305,0.9949216406108359,0.989299494876244,0.9899600799487991,0.9945937456970028,0.9894729907150762,0.9898591940816127,0.9943987487497876,0.9907932975376249,0.9896459618190325,0.9965727972570559,0.9910129915195199,0.9897293916178573,0.9967758852733576,0.9982020536217721,0.9955104693677248,1.0028101435285646,62.0
0.9999969286776208,0.9999964734179342,0.9999976207816567,0.9798261206142634,0.9767922770184015,0.9843681276852803,0.9944687247036678,0.9917199500919083,0.9997572636576751,0.9926191288452858,0.9903426710182018,0.9985270592957711,0.9925271604597198,0.9900176354270358,0.9986531983958308,0.9918091691840569,0.9897546096479647,0.998318385140634,0.9913717195609277,0.9899529991355299,0.9972418894761301,0.9910946788750021,0.9896004987332794,0.9970232123347638,0.9907409146369756,0.990036554183415,0.9963510898719631,0.9908383782844697,0.9889056669797688,0.9978973865943559,0.990661281481478,0.9889144023999243,0.9978959308665434,0.9904561781918143,0.9877864630580383,0.9972882669741991,0.9925271230175398,0.9897574156355903,0.9985450244650906,0.9924719461411825,0.9900176641411154,0.9988099042840761,0.9904559937689416,0.9875452651500273,0.997176982249623,0.9904555374110431,0.9873495960615989,0.9971241566441867,0.9903437930653635,0.9862351441876852,0.9969704441433757,0.9903352837481515,0.986465924556236,0.9968236394908758,0.9903303610112603,0.9859963014409989,0.9969522537195051,0.9903997815814051,0.989958282656873,0.99564501330678,0.9902371643003511,0.9898520161771243,0.9954095765639835,0.9903984481824646,0.9899583336994979,0.9953379731411607,0.9906074217363818,0.9900643552942682,0.9960759495357228,0.9905959175946931,0.9903463305119534,0.9960581656003918,0.9896854034323355,0.9898918745755872,0.9947096246447181,0.9896740946172158,0.9898918945126158,0.9946367226663131,0.9896732145508577,0.9902564824937671,0.99449997801201,0.9892883676616219,0.9893947429603492,0.9942546630764099,0.9892208088863063,0.9893948325172315,0.9942613816974177,0.9892957033459857,0.9893947628870473,0.9940860191945396,0.9895768870189003,0.9890621082801575,0.9978804648040261,0.9909430506559568,0.9893434975308852,0.9968196147382477,0.989719218529726,0.9897432472672212,0.9949837929138545,0.9892236311364739,0.9894935092266973,0.9946582544285376,0.9893973566524762,0.9893944021945987,0.9944649527461384,0.9907488309891185,0.9891639898402597,0.9966218355384776,0.9909673093101651,0.9892459421845449,0.9968241754476406,0.9981830188561118,0.9950928355477322,1.0028142678706697,63.0
0.9999969256897597,0.9999963486251519,0.9999976234563759,0.9798121435702444,0.9759683445995593,0.9843821674911925,0.9944272070187866,0.9907843173435296,0.9998097043429756,0.9925681154213088,0.9893633929250789,0.9986008535459588,0.99247434294624,0.9890263416728884,0.9987342263924753,0.9917539384720941,0.9887571994908362,0.9984000028568503,0.9913090156399148,0.98896658625857,0.9973416528884261,0.9910295635383527,0.9886146273830276,0.9971240936101472,0.9906659760796099,0.989049331281985,0.9964716920987922,0.9907773538442799,0.9878821145231774,0.997986779100473,0.9905982776616608,0.987890850108533,0.9979854655134787,0.9903989915938722,0.9867260863538904,0.9973902047176884,0.9924739507804097,0.9887565098507881,0.9986282541692019,0.9924183141371316,0.9890263703581986,0.9988936240040954,0.9903990431423197,0.9864794058026797,0.9972796565553109,0.9903986945826435,0.986279888859346,0.9972286491406903,0.9902870344961624,0.9851236662383377,0.9970980005323301,0.9902786219550219,0.9853520567140581,0.9969524211589226,0.9902736429637177,0.9848785419893724,0.9970829755769756,0.9903148530029403,0.9889714190007366,0.9957804298113804,0.9901460747137321,0.9888657829190124,0.9955528285488983,0.9903129316381024,0.9889714699925589,0.9954756166882416,0.9905286487993205,0.9890768596997018,0.9962020850153204,0.9905171792697692,0.9893568285279419,0.9961834995854405,0.98958252817105,0.9889064002007989,0.9948745348056017,0.989570898887857,0.9889064201180333,0.9948046757112657,0.9895703652035548,0.9892711041993472,0.9946649106721323,0.9891754693642547,0.9884099896246735,0.9944286004295853,0.9891083468786828,0.9884100790927343,0.9944367529937641,0.9891822351180721,0.9884100095316081,0.9942625489834711,0.9895027710220591,0.9880421370439889,0.9979697295479601,0.9908756869976831,0.988357603420014,0.9969200287362147,0.989617163405817,0.9887577344360944,0.9951407829346939,0.9891090538565152,0.9885088105835564,0.9948224928642521,0.9892838663823598,0.9884096491968914,0.994634050649039,0.9906805711314147,0.9881774828575675,0.9967217641887466,0.990900413064653,0.9882609476071281,0.9969245540052325,0.998168643959697,0.9942530624123621,1.0028287312940978,64.0
0.9999969315251807,0.9999962383976269,0.9999976283774218,0.9798546551091182,0.9752399032755217,0.9844107185509934,0.9944602348803442,0.9899609879429434,0.9998840882726793,0.9925961869230985,0.9885036846308266,0.9986986215943793,0.9925026455643889,0.9881574738141483,0.9988419165728476,0.9917803472048214,0.9878824259039036,0.9985056391118258,0.9913263959823314,0.988101936658706,0.9974650866359354,0.9910445588853262,0.9877503502063217,0.997248808081339,0.9906725376520102,0.9881862533713442,0.9966154362191282,0.9908000909811291,0.9869856247696372,0.9980999068294679,0.9906195343934215,0.9869948573962481,0.9980988358031472,0.9904262342213274,0.9857965077995012,0.9975147842996022,0.9925020018579803,0.987880315036254,0.9987397452485964,0.9924469459419945,0.9881575024742418,0.9990044192451869,0.9904264801664073,0.985544784643964,0.9974046562201374,0.9904262199057385,0.9853416772131754,0.9973550825833531,0.9903148120571656,0.9841484325559763,0.9972456942868121,0.9903065352287252,0.9843757005775887,0.99710250850992,0.9903014688351451,0.9838975366985161,0.997233322474419,0.9903130933656579,0.9881100944620465,0.9959381631159344,0.9901390848269385,0.9880056891311068,0.9957176115122407,0.9903107646139444,0.9881101454095388,0.9956354688675915,0.9905320385137454,0.9882143031344235,0.9963514131231405,0.9905207051171014,0.9884935225918408,0.9963338206308298,0.9895649268387293,0.9880486362211158,0.9950583519342159,0.9895527070377945,0.9880486561211275,0.9949910695975797,0.9895527876357696,0.9884134560994586,0.9948487440348757,0.9891491892619125,0.9875557978770293,0.9946199758795294,0.98908285619562,0.9875558872680772,0.9946296067713803,0.9891546523272837,0.9875558177668287,0.9944557569276249,0.9895160524461949,0.9871521507350869,0.998082747835162,0.9908888133677244,0.9874932074788754,0.9970446371441826,0.9896010855349275,0.9878999238776407,0.9953178944483639,0.9890818301212378,0.9876535939696568,0.9950056526357512,0.9892575787034442,0.987555457742282,0.9948212923604531,0.9906933139168228,0.9873129303730277,0.9968463446248905,0.9909133406912686,0.9873964098816391,0.9970491673940064,0.9982118824433848,0.9935106349439028,1.002858002393766,65.0
0.9999969299035334,0.9999961397812519,0.9999976374120029,0.9798492496706643,0.9745885088976899,0.9844678996158819,0.9944316489910101,0.9892228009127626,0.999978701776787,0.992558752829586,0.9877330973936614,0.998811241038636,0.992465607692015,0.9873774587308302,0.9989615692610905,0.9917403127695914,0.9870975080606718,0.998624851777124,0.9912744690613625,0.9873281751955044,0.9975983170335693,0.9909894698124163,0.9869761390914987,0.9973824990681547,0.9906079960923572,0.9874158008936162,0.9967642072025191,0.9907544051994048,0.9861800463881378,0.9982248144133429,0.9905721236549148,0.9861890842012739,0.9982238948483617,0.9903825770202626,0.9849629506890513,0.997648631468652,0.992464554814068,0.9870927583595467,0.9988610950232771,0.9924104544477378,0.9873774873682838,0.9991270213616615,0.9903829727909539,0.9847067895004457,0.997538624581712,0.9903827800715979,0.9845004782972316,0.997490083555567,0.9902729615798206,0.9832768153853388,0.9974004907892243,0.9902647858143374,0.9835035138566272,0.9972591030680756,0.9902598380315087,0.9830210507213816,0.9973905819634695,0.9902406358041966,0.9873427969972919,0.9960985575742785,0.9900617188200181,0.9872404446463228,0.9958839790724293,0.9902378748441362,0.9873428479052927,0.9957976674200554,0.9904644626230388,0.9874449516268873,0.9965046681542734,0.9904531769688942,0.9877236201458498,0.9964871426500918,0.9894778516348124,0.9872866539991819,0.9952419812706208,0.9894653144226401,0.9872866738838952,0.9951771327679411,0.9894657731471432,0.9876522948836984,0.9950334459066016,0.9890507333949481,0.986795997896628,0.9948080658419804,0.9889851522288429,0.9867960872191748,0.9948190232444997,0.9890543364716164,0.9867960177711861,0.99464497715075,0.9894591261158723,0.9863481352953631,0.9982076362680534,0.9908316761718651,0.9867184023118006,0.9971779796514609,0.9895148090505804,0.98713760836144,0.9954947606327416,0.9889848940520517,0.9868944556628335,0.9951871753016651,0.9891598990457382,0.9867956580225286,0.9950061250337255,0.9906354353399552,0.9865376201544771,0.9969792801242381,0.9908561345601027,0.9866215757774756,0.9971825106581268,0.9982062635349894,0.9928467243262872,1.0029164065773328,66.0
0.9999969251072515,0.9999960593174619,0.9999976502125844,0.979822627669223,0.9740568799277453,0.9845507520743104,0.9943795349038946,0.9886214995741277,1.0000949185566694,0.9924939772680236,0.9871039941224162,0.9989439586733687,0.992401405775723,0.9867410497522429,0.9991010883482799,0.9916708214086319,0.9864575357503594,0.9987622092381158,0.9911947594935001,0.9866933828412143,0.9977495509916301,0.9909064035441885,0.9863405474814831,0.9975337458968169,0.9905149388177471,0.9867814180908046,0.9969295108471864,0.9906786056577641,0.9855244077614871,0.9983665471150962,0.9904948653405422,0.985533438236736,0.9983657615816072,0.9903062929534368,0.9842856311490951,0.9977971980956942,0.9923999727203676,0.986450505496717,0.999002424120615,0.9923468834807181,0.9867410783712254,0.9992692657481689,0.9903068638676359,0.9840263534339734,0.9976881500495096,0.9903067520372952,0.983817957439675,0.9976411402538298,0.9901960644528885,0.9825689366029711,0.9975628172092463,0.9901879394707892,0.9827958746213421,0.9974223470118372,0.9901828529075157,0.9823091526503169,0.9975545694746379,0.9901377593962447,0.9867084023077995,0.996273535794277,0.9899528598237227,0.9866059024493836,0.9960637696320792,0.990134460140479,0.986708453183149,0.9959740775998904,0.9903676436958921,0.9868107035605324,0.9966738812330633,0.9903564279553958,0.9870900489866172,0.996657276250357,0.9893560591187907,0.9866526233299371,0.9954343176998641,0.9893424303288515,0.986652643201919,0.9953710225687972,0.9893440085184978,0.9870185045196046,0.9952260883402165,0.9889210515762058,0.9861609308912234,0.9950067063417514,0.9888553440016731,0.986161020156507,0.9950184308511952,0.9889240816482969,0.9861609507530394,0.994845249081229,0.9893737806882246,0.9856946177278114,0.9983493344784157,0.9907466046753616,0.9860820372831618,0.9973287795661112,0.989395841867283,0.9865034803961407,0.9956829346616497,0.9888560384372577,0.9862607559464835,0.9953797728626721,0.9890304549136569,0.9861605912350118,0.9952017916355358,0.9905494996221275,0.985900615535864,0.9971295074249045,0.9907707608707792,0.9859847815853521,0.9973333267451313,0.9981790290469034,0.9923048859698301,1.0030009453094282,67.0
0.9999969230110306,0.9999959963449534,0.9999976635419846,0.9798127623238428,0.9736405423326474,0.9846373509296688,0.9943518042516384,0.9881521055830045,1.0002127621234884,0.9924598823896921,0.9866143118907439,0.9990763171997363,0.992369643885487,0.9862448690385088,0.9992387517210282,0.9916325502709407,0.9859584278490486,0.9988973482933601,0.9911525502767025,0.9862022765581354,0.997900361613735,0.9908623516118247,0.9858500340144203,0.9976855599010082,0.990465210954822,0.9862931572119608,0.9970943095723921,0.9906345786287207,0.9850117093422835,0.9985036558135422,0.9904493353897111,0.9850205210061466,0.9985030100502597,0.9902625064508461,0.9837553886989304,0.9979371797520458,0.9923679397102456,0.9859491264869882,0.9991402026139078,0.992316726241628,0.986244897643086,0.9994100272308876,0.990263172475863,0.9834934205149685,0.9978282770796773,0.990263103634226,0.9832830970735422,0.9977819595540888,0.990150656093566,0.9820132595775749,0.9977078502316223,0.990142490164066,0.9822398723537314,0.9975661879787391,0.9901372394546424,0.9817502124949387,0.9977004579714267,0.9900825981731544,0.9862220117566461,0.9964478843823235,0.9898942644982173,0.9861204345792669,0.9962428869244544,0.99007908063714,0.9862220626069759,0.9961497859561184,0.990315841219292,0.9863233895620839,0.9968425930025989,0.9903046974567021,0.986603842179507,0.9968271593799306,0.9892895285965684,0.9861697895730536,0.9956259626285683,0.98927505014856,0.9861698094353504,0.9955640132110499,0.98927755803714,0.9865369578753787,0.9954194885813695,0.9888517051081691,0.9856793452630697,0.9952040784584609,0.9887856214565336,0.9856794344849814,0.9952163024029862,0.988855238471371,0.9856793651152361,0.9950446158301467,0.9893195098414638,0.9851814424142036,0.9984865155420694,0.990701611537407,0.9855916342748465,0.9974808819965232,0.9893314867449876,0.986020123695376,0.9958703683100024,0.9887852283746662,0.9857795360729116,0.9955713830169337,0.9889604275491098,0.9856790057718889,0.9953962975878659,0.9905047935342874,0.9854106528930006,0.9972820736685513,0.9907259264303108,0.9854945645891232,0.9974854221486409,0.9981688970505215,0.9918805603147111,1.0030892899048134,68.0
0.9999969296748729,0.9999959476483717,0.9999976748435235,0.9798589505287291,0.9733182655433343,0.9847103584100417,0.9943967972174003,0.9877904113357165,1.0003180190052756,0.9925000518038749,0.9862398064245368,0.9991968033163916,0.992408526567725,0.985866217033001,0.9993626884965017,0.9916704541810846,0.9855794964059174,0.9990220517120258,0.991188324046921,0.9858265562807174,0.9980362319116938,0.9908960689762837,0.9854743216447855,0.9978223103976598,0.9904976731595374,0.9859205275152862,0.9972423311323813,0.990669748799926,0.984626407555013,0.9986329210445738,0.9904835368873173,0.9846356359369639,0.9986323850073097,0.9903000513129041,0.9833597843763562,0.9980733952288626,0.9924064935469419,0.9855671577105345,0.9992650468692207,0.9923550846479712,0.9858662456265815,0.9995353550428816,0.9903008897490416,0.9830967684147485,0.9979662528378291,0.9903009024014625,0.9828860081484897,0.9979217754776545,0.9901899345129528,0.9816019952535234,0.997852272785849,0.990181799524242,0.981829720898652,0.9977113502268558,0.9901767390735713,0.9813367321930381,0.9978458405091755,0.990109923685931,0.9858518028114551,0.9966032886102201,0.9899184761100867,0.9857516167983783,0.9964021768839314,0.9901060439225436,0.9858518536427415,0.996306183584122,0.9903463269181888,0.9859517887826129,0.9969934512833123,0.9903351778299302,0.9862327169777663,0.9969780053886443,0.9893070838459189,0.9858039294538954,0.9957967257484882,0.989292207413153,0.9858039493088566,0.9957360644756259,0.9892952456637544,0.9861734654792219,0.9955934396045895,0.9888619233466832,0.9853142116187087,0.9953762092618789,0.9887959922205679,0.9853143008077561,0.9953890307842783,0.9888645898907432,0.9853142314635627,0.995217485848068,0.9893484132789226,0.9847999524880054,0.9986156888168944,0.9907343931768133,0.9852156769545266,0.9976179909967561,0.9893500219595706,0.9856533012756609,0.9960364877574547,0.9887962561449023,0.9854144783401947,0.99573997237018,0.9889711449382859,0.9853138722525782,0.9955666632558869,0.9905379460931368,0.9850351745278741,0.997419695987874,0.9907585059221745,0.9851182377822885,0.9976225457751268,0.9982159301560135,0.9915521081400652,1.003163789306405,69.0
0.9999969301904424,0.9999959125838089,0.9999976838757595,0.9798645348404482,0.9730862624926924,0.9847691767079468,0.9943946757699135,0.9875296217269681,1.0003973639163528,0.9924940617226116,0.9859712203353826,0.9992854231479525,0.9924012811468522,0.9855946413224546,0.999453268257534,0.9916613632915717,0.9853079345799264,0.9991124126803512,0.9911817012082346,0.9855582013164488,0.9981353245255098,0.990888871326427,0.9852064116324816,0.9979223886414975,0.9904903999931789,0.9856548973418755,0.9973499003126206,0.9906566279566997,0.9843505625084976,0.998724555185301,0.9904695864188204,0.9843601419190836,0.9987239710969489,0.9902864462432485,0.9830768205295777,0.9981676686169549,0.9923990266527616,0.9852931906004261,0.9993557730227539,0.9923472530323291,0.9855946699081475,0.999627001879364,0.9902873705638064,0.9828129091721977,0.9980612658699118,0.9902874234629053,0.9826016354407036,0.9980176561888017,0.9901769967127603,0.9813082723624185,0.9979501218768095,0.9901688613714078,0.9815364015676814,0.997809156580176,0.9901638883467346,0.9810415435962173,0.9979441666700439,0.9901007833012092,0.985588554528956,0.9967163814128344,0.9899078551088673,0.9854898424945775,0.9965181802821108,0.9900972762929677,0.9855886053467026,0.9964204507036382,0.9903383220344689,0.9856870660246081,0.997102955718792,0.9903271064985275,0.98596795096304,0.9970865878826302,0.9892937808889432,0.9855427779516758,0.9959212842931224,0.9892792100151084,0.9855427978014015,0.9958620256968526,0.9892819201629633,0.9859119692551158,0.9957172485102388,0.9888431869157874,0.9850527541165894,0.9955034919407149,0.9887773160380031,0.9850528432821116,0.9955167191684405,0.9888460528117687,0.9850527739562089,0.9953458689967634,0.989330201704801,0.9845279051049338,0.9987070842813351,0.9907264085509996,0.9849478700633966,0.9977181042646881,0.9893359329014161,0.9853922901540827,0.9961577039851502,0.9887769134203018,0.985154404078545,0.9958636941831028,0.9889518422805978,0.9850524148399714,0.995692211960862,0.9905299537049312,0.9847674508051772,0.997519913875508,0.9907505144781881,0.9848503546278349,0.997722662267038,0.9982215811702,0.9913156575172751,1.0032237893777438,70.0
0.9999969253174831,0.9999958838856349,0.9999976966720876,0.97983492176832,0.9728962179191593,0.9848533146063162,0.9943498508894167,0.9873172457449166,1.0004999750769372,0.9924416420359676,0.9857517826366683,0.9993970365514327,0.992345917000095,0.9853732806059233,0.9995651618435155,0.9916067612620499,0.985086715321382,0.9992269923843022,0.9911235766990538,0.9853367480176827,0.9982547735023872,0.9908301781716103,0.9849861017000336,0.9980428452979334,0.9904268104106319,0.9854329035531614,0.9974746934938357,0.99059863198976,0.9841267837440557,0.9988421809003442,0.9904105643015739,0.9841363029379946,0.9988415949172081,0.9902294648839604,0.9828507320214964,0.9982902008294653,0.9923433551304405,0.9850702916817713,0.9994677259593077,0.9922903533727265,0.9853733091851866,0.9997390197122975,0.9902304074801739,0.9825860954441581,0.9981837771192043,0.9902304684403855,0.9823742934216503,0.9981402989369643,0.9901198966272334,0.9810811728392408,0.9980804814531302,0.9901118117936748,0.9813105115572653,0.9979408039719121,0.9901067647924333,0.9808141225727431,0.9980753453157227,0.9900311993733114,0.9853658826321927,0.9968439190854141,0.9898348850379927,0.9852666730554384,0.996647191730322,0.9900270287860913,0.9853659334384837,0.9965482102968568,0.9902724248324448,0.9854648912583117,0.9972287960730689,0.9902611982559514,0.9857461644778037,0.9972123882873056,0.9892132042165046,0.9853183214883612,0.9960533830605918,0.989197976040906,0.9853183413335835,0.9959945612324259,0.9892012867419566,0.9856866622326971,0.9958477770293072,0.9887576637750037,0.984826102001337,0.9956386912991629,0.9886917773975388,0.9848261911464495,0.9956521517402708,0.9887604340148908,0.9848261218364146,0.9954816615174436,0.9892657954983989,0.9843046431426962,0.9988246399367811,0.9906674947536691,0.9847280955557537,0.9978390253809889,0.9892570878171761,0.9851681797413754,0.99628930540649,0.9886919426947623,0.9849293823938583,0.9959967809992992,0.9888662640926048,0.9848257628023793,0.995826408060184,0.990471698302552,0.9845484155087845,0.9976415423058468,0.9906915472560914,0.9846304459749815,0.9978435884929002,0.9981913522388467,0.991121975767619,1.003309575179385,71.0
0.9999969151835445,0.9999958704636078,0.9999977086394463,0.9797692381098064,0.972806461062827,0.9849322345284102,0.994269471715401,0.9872220980281882,1.0005925306541639,0.992356832405773,0.9856577687953202,0.9994943564752119,0.9922601890765931,0.9852788077865882,0.9996638972490808,0.991523364231956,0.9849938907101989,0.9993259850495778,0.9910310132385491,0.9852446298705334,0.998355580120985,0.9907375044182954,0.9848954221820859,0.9981446658607829,0.9903279458386332,0.9853433543930925,0.9975764035866809,0.9905160257007949,0.9840356835080409,0.998942122576185,0.9903277051079777,0.9840461053055668,0.998941432759213,0.9901508787438623,0.9827581835947291,0.9983924577324035,0.9922574610851068,0.9849754518265104,0.9995667708930293,0.9922041996155786,0.9852788363631028,0.9998383725485889,0.9901518078576081,0.9824931002857141,0.9982857067611903,0.9901518619520066,0.9822809182494378,0.9982420204279054,0.9900424670611218,0.9809870511622764,0.9981839098906802,0.9900343857903676,0.9812166630735379,0.9980443384666737,0.99002948551773,0.9807197527478341,0.9981789105458337,0.989926406347327,0.9852783849201688,0.9969452304989735,0.9897271510055988,0.9851803707386563,0.9967483852685576,0.9899209436558432,0.9852784357219704,0.9966490671551902,0.9901712762495876,0.9853761978381262,0.9973303331829865,0.9901600315503764,0.9856577956756383,0.9973138308922888,0.989098761174523,0.9852336810288155,0.9961528086457369,0.9890827874633202,0.985233700872349,0.9960940772125716,0.9890866760141697,0.9855992851856837,0.9959428686313514,0.9886430490302494,0.9847478479843007,0.9957412238048183,0.9885770853118616,0.9847479371224435,0.9957547804207869,0.9886458449037911,0.9847478678178284,0.9955845800732952,0.9891820810987974,0.9842205984936666,0.9989242065660422,0.9905748425138826,0.9846381640229123,0.9979413433375031,0.9891446510653334,0.9850846520335632,0.9963902568422228,0.9885763314271089,0.9848495897235287,0.9960982594641984,0.9887515915068317,0.9847475088118637,0.9959283631354636,0.9903798151998743,0.9844593030462606,0.9977446169916264,0.990599160549641,0.9845408282666145,0.9979458943478922,0.9981243843937363,0.9910305260135551,1.003390027360356,72.0
0.9999969126289564,0.9999958716133399,0.9999976996262111,0.979751120793214,0.9728139743845808,0.984872595233425,0.9942546181499627,0.9872311658745561,1.0005253441443047,0.9923405629508173,0.985667552458188,0.9994212531286218,0.992243976198012,0.98528991856031,0.9995924102531061,0.9915070668852758,0.9850035987158531,0.9992521876571333,0.991013274247876,0.985255161820636,0.9982744631389476,0.9907196785714002,0.9849054493082762,0.9980634266629596,0.9903102633884403,0.9853542543613196,0.9974882515171317,0.9904996917830373,0.9840452818144002,0.998867828847041,0.9903112990758447,0.9840554664296811,0.9988671486561518,0.9901346479797791,0.9827688786351912,0.9983173167953339,0.9922413661457565,0.9849876244510073,0.9994969307033471,0.9921879320347522,0.9852899471371516,0.9997666202224786,0.9901355959963241,0.9825039188783335,0.9982108321631896,0.9901356592571365,0.9822918752901348,0.998167365691817,0.9900269885108643,0.9809995403130842,0.9981087447432792,0.9900189171254684,0.9812294867056373,0.9979694808770551,0.9900141035352666,0.9807324229547131,0.9981036934490312,0.9899095858187579,0.9852901586594258,0.9968531012655117,0.9897109848357298,0.985192895184983,0.9966546520306191,0.9899040914639634,0.9852902094618236,0.9965564403434385,0.9901538879980973,0.9853872209028629,0.9972401173217236,0.9901424629433407,0.9856677813449269,0.9972210109990617,0.9890827384650527,0.9852470366027344,0.996054329054441,0.9890664578734372,0.985247056446533,0.9959948524140899,0.9890706446413399,0.9856129095178683,0.9958442883325344,0.9886310218432826,0.984762437298021,0.9956418086137879,0.9885649489574807,0.9847625264374651,0.9956549902098318,0.988634581059392,0.9847624571318386,0.9954850112967368,0.9891651985780202,0.9842284663886063,0.9988499826132914,0.9905569189449448,0.9846478846711278,0.9978600480010155,0.9891294301410635,0.9850978984878563,0.9962937558446365,0.9885628550805968,0.9848635740845116,0.9960004610009872,0.9887389660254708,0.9847620981206314,0.9958297368800744,0.9903618000994014,0.9844689036656671,0.9976632163083456,0.9905810834170081,0.9845502555653871,0.9978646107883763,0.9981059393085225,0.9910381863766841,1.0033292454621743,73.0
0.9999969061927584,0.999995894531412,0.9999976751347498,0.9797047127980981,0.9729652078710256,0.9847111732507883,0.9942191642419488,0.9874028146534463,1.0003357612955592,0.9923132292823489,0.9858490547288787,0.9992199414488214,0.9922180687326588,0.9854715188088554,0.9993898272822677,0.99148266374952,0.9851863649492966,0.9990502364436573,0.9909924569911512,0.9854470247968878,0.9980605109155399,0.9907025005826782,0.9850993912882211,0.9978503424038802,0.990295520050161,0.9855515145831923,0.9972630510690569,0.9904809934181836,0.9842298691007216,0.9986673812786954,0.9902932972489463,0.9842395988497781,0.9986666966569293,0.9901199665531791,0.9829576639149958,0.9981190705378036,0.9922156499614536,0.9851693029904341,0.9992943224338223,0.9921627360531187,0.9854715473909678,0.9995632932887771,0.990120909390984,0.9826928294973408,0.9980124981177899,0.9901209703130509,0.9824808604504074,0.9979689247513918,0.9900135381536787,0.981197534473428,0.9979171722743573,0.9900054844289621,0.9814279417189562,0.9977784994098463,0.9900008109985515,0.9809315459652412,0.9979128970370794,0.9899003598563537,0.9854916016566019,0.9966193404609132,0.9897050454245768,0.9853967214764168,0.9964160815961008,0.9898953455073686,0.9854916524693621,0.9963216869125775,0.990141276290361,0.9855862810608712,0.9970118513080806,0.9901299015045022,0.9858677743850455,0.9969938503184131,0.9890812475799151,0.9854542575878592,0.9958016839414882,0.9890645132928269,0.985454277435815,0.9957403467102997,0.9890690636310899,0.9858190126409351,0.9955895772927364,0.988636778914749,0.9849751195518113,0.9953846636235427,0.9885704523219287,0.98497520871041,0.9953970020954064,0.9886405151578369,0.9849751393898931,0.9952263707490812,0.9891510685170505,0.9844100015852829,0.9986496758214648,0.9905417001224165,0.9848433125299368,0.9976475743504697,0.9891291565306176,0.9853055739455818,0.9960467874693717,0.9885696222667057,0.9850758592015083,0.9957489125203453,0.988745227303175,0.9849747803015381,0.9955753763505001,0.9903476588988473,0.9846652545520731,0.9974516435362136,0.9905661939197739,0.98474607645417,0.9976521229649618,0.9980587071937903,0.9911923270272153,1.0031646986929097,74.0
0.9999969017718877,0.9999959183210697,0.9999976486063491,0.9796717039616165,0.9731226107930491,0.9845363260925559,0.9941986323256635,0.9875794366158535,1.0001300329327105,0.9922993478602212,0.986032438248432,0.9990008450966008,0.9922062824439686,0.9856561882967478,0.9991712600829458,0.9914713361142392,0.9853703458820186,0.9988286617148605,0.9909830590065336,0.9856361184707754,0.99782783225805,0.9906959803881357,0.9852903059776272,0.9976181058107311,0.9902900936098555,0.9857412227732963,0.9970185193283759,0.9904737553979341,0.9844147038995575,0.9984440947194603,0.9902866835898411,0.9844239209703406,0.9984433174246274,0.9901147034836325,0.9831455140756149,0.9978935155415607,0.9922040465272048,0.9853550012375845,0.9990767434941366,0.9921520690249355,0.9856562168842273,0.9993443020620993,0.9901157013944051,0.9828814469871514,0.9977878558384805,0.9901157894033495,0.9826702034579899,0.9977449648075165,0.9900100046546394,0.9813886060678529,0.9976885403087391,0.9900019121159824,0.9816183367162071,0.9975489647813006,0.9899975092559404,0.9811231438496577,0.9976840054751147,0.9898979123279575,0.9856816481171538,0.9963658744881895,0.9897042845335098,0.9855869008684731,0.996157749881349,0.9898934574420674,0.9856816989396842,0.9960673091363742,0.9901369918123472,0.9857761950492534,0.996763896366406,0.9901256012224121,0.9860580585375767,0.9967459584469801,0.9890837168636517,0.9856442377420187,0.995529711371848,0.9890670287010199,0.9856442575937796,0.9954668882071999,0.9890714048416992,0.9860072200093003,0.9953145481321932,0.9886407283732853,0.9851692670770462,0.995106324080713,0.9885744092990565,0.9851693562531045,0.995117968333508,0.988643602247608,0.9851692869190141,0.9949458809884,0.9891476304549415,0.9845911745406928,0.998426458596101,0.9905369546054114,0.985035542889071,0.9974158646987078,0.989131558924795,0.9854962748542287,0.9957799197908589,0.9885753953704732,0.985267506328675,0.9954770740257453,0.98875063169677,0.9851689277603382,0.9953002065412849,0.9903438588919585,0.9848582745232587,0.997220709410907,0.9905614295853369,0.9849381963291274,0.9974204184739534,0.9980251304858897,0.9913527459080942,1.0029864644722193,75.0
0.9999969042068348,0.9999959372531291,0.9999976260391998,0.9796843234030819,0.9732479660192916,0.9843872648118263,0.9942292986358076,0.9877194919693993,0.9999586107024582,0.9923362619069952,0.986178224636014,0.9988177873705838,0.9922444224569171,0.9858030485128307,0.998987821108465,0.9915120518930659,0.9855166793924189,0.9986430374305557,0.9910224785492232,0.9857858451366353,0.9976344222254814,0.9907376334014327,0.9854411798084759,0.9974250170263164,0.9903314894996615,0.985891393454191,0.9968160163824438,0.9905180066535393,0.9845618168708926,0.9982553615431025,0.9903316041671346,0.9845706627755163,0.998254460355249,0.9901599990299841,0.983294756197333,0.9977005611828496,0.992242368205996,0.9855027204598452,0.9988938565413871,0.9921908077119181,0.9858030771045774,0.9991602200390582,0.9901609439690869,0.983030593082676,0.9975941629542574,0.9901610065553645,0.9828191376675418,0.9975506099441719,0.9900563273241699,0.9815416623288887,0.997492775732327,0.9900482288287304,0.9817712345671904,0.9973531059842532,0.9900439668618095,0.9812767218782844,0.9974878881411301,0.9899420971686566,0.9858318760931176,0.9961571136048829,0.9897501694400545,0.98573703783692,0.9959456503775468,0.9899379336541361,0.9858319269233746,0.9958576103903378,0.9901794639084808,0.9859265143773527,0.9965591018419651,0.9901680924842561,0.9862089958159566,0.9965417255786666,0.98913315335593,0.985797226476641,0.995308851648652,0.9891162470255432,0.9857972463314709,0.995244540535128,0.9891209336879083,0.9861625732261968,0.9950963613708896,0.9886940916437046,0.9853251686767549,0.9948786213110882,0.9886277290642526,0.9853252578668449,0.9948896161510772,0.9886965578360092,0.9853251885218456,0.9947165098663369,0.9891964032908924,0.9847362164702249,0.9982377023305504,0.9905800068131437,0.9851872853067063,0.9972232029369265,0.9891815260386424,0.9856483024342738,0.9955618430639683,0.9886295897375411,0.9854211399648368,0.9952548093753785,0.9888049166758442,0.9853248293066549,0.9950751504889123,0.9903876447674971,0.9850106157397398,0.9970286542424022,0.9906045548469709,0.9850899813907545,0.9972277559962488,0.9980380539534424,0.9914805001047556,1.002834529226263,76.0
0.9999969036006059,0.9999959550209183,0.9999976108718702,0.9796778768863013,0.9733653858046144,0.9842872940407246,0.9942334293894456,0.9878517244608733,0.9998410705190834,0.9923436257112324,0.9863184575067092,0.9986909010614093,0.992251700521124,0.9859429246955961,0.9988582654671068,0.9915219574758175,0.9856597297492992,0.9985150482767873,0.9910320072030699,0.9859311514738608,0.9974987375524131,0.9907482578485742,0.9855865281380001,0.9972889603437805,0.9903439895103885,0.9860398199068037,0.9966730360305529,0.9905319720126224,0.9847089312329341,0.9981272027631398,0.9903465588839675,0.9847180215073117,0.9981262611552377,0.990174543657907,0.9834457077858717,0.9975723124926489,0.9922497256110047,0.9856423111147863,0.9987633947387569,0.9921979742410503,0.9859429532914008,0.9990297422963614,0.9901754308266607,0.9831813525817217,0.9974650795842117,0.9901754656048268,0.9829696012545405,0.9974207965351397,0.9900703055332514,0.9817016286975454,0.9973690278305193,0.990062229810373,0.9819315740422879,0.9972300150483254,0.9900578676207332,0.9814378053844921,0.9973646217462511,0.9899578947267355,0.9859825109286382,0.9960086001886781,0.9897674983499352,0.9858888407927875,0.9957937714556044,0.9899547778447587,0.9859825617666429,0.9957088624826689,0.9901932445023001,0.9860759814678829,0.9964142431605841,0.9901819352459379,0.9863593959096472,0.9963980842337249,0.9891526661385901,0.9859516873820702,0.9951480936265482,0.9891355063455535,0.9859517072399985,0.9950825487112654,0.9891404573293876,0.9863180391456725,0.9949361761921556,0.9887162092707275,0.9854826458924164,0.9947122930258963,0.9886496672494068,0.985482735096683,0.9947226903179007,0.9887181182222462,0.9854826657406628,0.9945486703449028,0.9892174244929867,0.9848855745955277,0.9981094640269131,0.9905913202788982,0.9853328070974765,0.9970870944479977,0.9892016941704168,0.9858023549326881,0.9954040603923472,0.9886535720441565,0.9855774910326176,0.9950932566833502,0.9888281936255582,0.9854823064683753,0.9949111735343119,0.9903989413791136,0.9851560364276831,0.9968924548241922,0.9906159219966014,0.985235535598828,0.9970916468213529,0.9980315286399934,0.9916001720334082,1.0027326212551515,77.0
0.9999968986476268,0.9999959708559814,0.999997603102974,0.9796441277182872,0.9734701108975747,0.9842365064982671,0.9941993264086624,0.9879695187551203,0.9997754673498775,0.9923158862848661,0.9864415799832887,0.9986191911758258,0.9922242438387253,0.9860682307826797,0.9987879779478819,0.9914974674184827,0.9857834074539942,0.9984412576888197,0.9910081781485629,0.9860577760034307,0.9974212457150107,0.9907253150174969,0.9857132156581929,0.9972115375872933,0.9903239099302887,0.986168014921318,0.9965903805735524,0.9905110128189232,0.9848334015128496,0.9980507328562985,0.9903263135985024,0.9848423833746354,0.9980497032391792,0.9901546151930952,0.9835710063714042,0.9974921390475607,0.9922225432575023,0.9857693641950268,0.9986950874151886,0.9921704810432294,0.986068259382129,0.9989588228130623,0.9901554592958555,0.9833064695602658,0.997384261195608,0.990155473311812,0.9830944680111942,0.9973394214047088,0.9900496189247778,0.9818283246374631,0.9972842992429028,0.990041530748317,0.9820580293087734,0.9971450224705624,0.9900370841168851,0.9815647209366283,0.9972793397491214,0.9899418397804979,0.9861117352673495,0.9959221778383887,0.9897537415546223,0.9860185706791645,0.9957051896826808,0.9899391781293536,0.9861117861120013,0.9956220572201859,0.9901747186781671,0.9862047006437373,0.9963302802737934,0.9901634391787022,0.9864887411535482,0.9963148101211073,0.9891423235626989,0.9860826837258828,0.99505282939386,0.9891248549056648,0.986082703586437,0.9949863359480347,0.9891300646692499,0.9864490251109163,0.9948398986088887,0.9887130874683714,0.9856154115823723,0.9946158944882063,0.9886466518580465,0.9856155007985813,0.9946259687431335,0.9887154610574214,0.9856154314332767,0.9944517457267471,0.9892016997808468,0.9850102271987712,0.9980329330615958,0.9905691474831301,0.9854596357023517,0.9970099183155374,0.9891921755560613,0.9859333557413341,0.9953116741950598,0.988649524752315,0.9857098816395559,0.9949991207477316,0.9888246557404025,0.9856150721128898,0.9948158932316138,0.9903771585433241,0.9852831914490339,0.9968155817218187,0.9905937330746475,0.9853622981116459,0.9970144734945394,0.997997151421454,0.9917069050997399,1.0026808274171382,78.0
0.9999968938517451,0.9999959859893465,0.9999975972580261,0.9796121767257446,0.9735705520489526,0.984198637963984,0.9941633758003643,0.9880805464419243,0.9997221740890069,0.9922836352881641,0.9865550367594967,0.998559078150432,0.9921926767010245,0.9861819371263064,0.9987278780794044,0.9914678387143053,0.9858962254312773,0.9983779161836476,0.9909763539507211,0.9861729180663478,0.9973577135013081,0.9906932276530188,0.9858279749875011,0.9971477771232607,0.990293000995098,0.9862837466731726,0.9965231309272053,0.9904842234819361,0.984945285154444,0.997982822749752,0.9903001636998777,0.9849541664750052,0.997981763115936,0.9901282076731207,0.9836811477812513,0.997417303942861,0.9921910851156945,0.9858832701536451,0.9986351743170199,0.9921392423010318,0.9861819657290629,0.9988985906632886,0.9901290124329419,0.9834163158124268,0.9973087811168548,0.9901290073624933,0.983203981939864,0.997263408170253,0.9900224441894021,0.981933857480429,0.9971983241618783,0.9900143297649062,0.9821631626431795,0.9970584370287773,0.9900098134774276,0.9816697144562069,0.9971920078479354,0.989912557284091,0.986227550565015,0.995851871484767,0.9897254738347123,0.9861342727562945,0.9956330494254373,0.989909957697455,0.9862276014156277,0.9955513389725086,0.9901444461755193,0.9863206295312921,0.9962620702706803,0.9901332202035935,0.9866054750498593,0.9962476498377367,0.9891141185264529,0.9861981454600393,0.9949744655559101,0.9890959737437229,0.986198165322908,0.9949070811460042,0.9891017837903334,0.9865640032851449,0.9947598426066662,0.9886908197558256,0.985730883462872,0.9945378943688126,0.9886246366327401,0.9857309726894645,0.9945478527364177,0.9886932680126511,0.9857309033160873,0.9943732434463535,0.9891793106030702,0.9851217018163048,0.9979650402757855,0.9905376374456965,0.9855742248408128,0.9969464627911883,0.9891657596717477,0.9860490143256844,0.9952363146341313,0.9886270693657067,0.9858255296263109,0.9949226484896939,0.9888022027204737,0.9857305439538805,0.9947386613288045,0.9903460847025114,0.9853981613019,0.9967524790320533,0.9905619027837329,0.9854763843358716,0.9969510373974997,0.9979645932205868,0.99180926267036,1.0026421913264836,79.0
0.9999968981510415,0.9999959962641273,0.9999975952727188,0.9796402003080824,0.9736388671400464,0.9841857011880104,0.9941968011890177,0.9881555156995627,0.9997044513690602,0.9923195491761955,0.9866306977680896,0.9985392292136662,0.9922269262460637,0.9862560741137846,0.9987043840845705,0.9915064171053319,0.9859725689147589,0.9983583552801784,0.9910129083755227,0.9862479893946493,0.9973374262952397,0.9907307403452839,0.9859029940709266,0.9971282990955697,0.9903277058065425,0.9863568292969997,0.9965005540775845,0.9905270911882771,0.9850226105548094,0.9979642212773241,0.990343617772929,0.9850314332480116,0.997963181216564,0.990174020433104,0.9837595792426876,0.9974000276332051,0.9922254263204693,0.985956187727365,0.9986099448228889,0.9921724242499917,0.9862561027186951,0.9988742114237925,0.9901747574603945,0.9834940864209084,0.9972903868047343,0.9901747193653768,0.983281063676135,0.9972441197711268,0.9900699041137478,0.9820170043697902,0.9971863427321835,0.9900617530408168,0.9822458114081498,0.9970455565913591,0.990057494033682,0.9817535554782991,0.9971808586488383,0.9899457294810949,0.9862984709487659,0.9958267872597281,0.9897576447749503,0.9862036936474418,0.9956063013695218,0.9899432580025973,0.986298521803017,0.9955261235973856,0.9901785734949843,0.9863930497523474,0.9962387485709923,0.9901674050813983,0.9866787207974571,0.9962253989953427,0.98914039418002,0.9862644881520606,0.9949409344751559,0.989120720205178,0.9862645080162497,0.9948723502610841,0.9891279791166321,0.9866297342546916,0.9947244322474049,0.9887206674371977,0.9857936518841532,0.9945061447932889,0.9886549226921147,0.9857937411163358,0.9945161852842485,0.9887224092115635,0.985793671738612,0.9943407329680496,0.9892258806384466,0.9851982862417504,0.9979465132077082,0.9905758696298913,0.985649269894864,0.9969274585950018,0.9891960441490314,0.9861156059947229,0.9952066671191802,0.9886582797739314,0.9858889571017708,0.99489221826857,0.9888325257153594,0.9857933123538913,0.9947075919671352,0.9903849719074622,0.9854738113978572,0.9967340683966557,0.9906001238661479,0.9855513753770543,0.9969320356156021,0.9979931633042822,0.9918788785756759,1.0026289917562998,80.0
0.9999969099212935,0.9999960002329263,0.9999975965655671,0.9797179088403092,0.9736656316261455,0.9841939205451394,0.9942860583387507,0.9881828113350485,0.9997164213524449,0.9924122005824381,0.9866584327263237,0.9985507076505618,0.9923195963727041,0.9862831819249595,0.9987153561816089,0.9916013880452726,0.9859997646104478,0.9983696730522006,0.991105791864455,0.9862764637091038,0.9973494163724511,0.9908254590615503,0.9859330533523157,0.9971409970960617,0.9904175529815065,0.9863823388371423,0.996510886579541,0.9906242917510023,0.9850490225642388,0.9979749351115853,0.9904412223927493,0.9850575368536316,0.997973833324882,0.9902718808970788,0.9837857900204418,0.9974101219737656,0.9923181545602432,0.9859827937774582,0.9986205898375538,0.9922650620218141,0.9862832105306645,0.9988851250933384,0.9902725734662114,0.9835197048305193,0.9972996986960176,0.9902725135359438,0.9833061022492967,0.9972528322641816,0.9901669871383959,0.982044595730772,0.9971971386910093,0.9901588343606741,0.9822735842165609,0.9970563373056138,0.9901544759175399,0.9817812983699842,0.9971917481768338,0.9900344075071728,0.9863210627814379,0.9958357969577949,0.9898459146944796,0.9862243558451391,0.9956145261817362,0.9900314016096361,0.9863211136368365,0.9955347493556178,0.9902679783384942,0.9864175715671064,0.9962487123494053,0.9902568442797318,0.986703898790398,0.9962360461109004,0.9892259621175944,0.9862815088970707,0.9949454809755669,0.9892055296516035,0.9862815287615866,0.994876412012259,0.9892134439211623,0.9866457188454223,0.9947264409437915,0.9888060669856579,0.9858061849302406,0.9945115952897473,0.9887403234603653,0.9858062741634659,0.9945215861725168,0.988807200332661,0.9858062047849305,0.9943456948926992,0.9893255161945682,0.9852226101347011,0.9979572556312291,0.9906718117408807,0.9856804394207327,0.9969405738183291,0.9892836260813844,0.9861330483055831,0.9952135052896629,0.9887459064695884,0.9859028802258715,0.994898576136644,0.9889186653145208,0.9858058453960126,0.9947135413597951,0.9904815539332255,0.9855055805614076,0.9967477952923509,0.9906967733013113,0.9855835410656247,0.9969451131925822,0.9980723676611117,0.9919061426613183,1.0026373749033035,81.0
0.9999969150724054,0.99999600175506,0.9999976012313871,0.9797532661661279,0.9736763901003755,0.9842249462907188,0.9943200788156914,0.9881908501163739,0.9997486112625883,0.9924498035884344,0.9866652472351864,0.9985825386269043,0.9923557805293997,0.9862887721752974,0.99874540812052,0.9916415153184653,0.986003686947319,0.9984014131603142,0.9911437805514871,0.9862855565589494,0.9973830058943812,0.9908643474656997,0.9859428218759746,0.9971755717025668,0.9904538877959569,0.9863916391394648,0.9965433199256504,0.9906653089628251,0.9850487617576918,0.998005232958633,0.990482155398943,0.9850562926831485,0.998004066989122,0.9903136084982033,0.983783970946422,0.9974384448655321,0.9923543463493567,0.985987404557752,0.9986498710656925,0.9923003891462006,0.9862888007811706,0.9989146878381695,0.9903142272412219,0.9835169595431016,0.9973267431994189,0.9903141311185518,0.9833024453125596,0.9972788897983819,0.9902079975879695,0.9820420780319713,0.9972245283893468,0.9901998411120418,0.9822713030733261,0.9970836793237082,0.9901953934087269,0.9817786521988207,0.9972190237245641,0.9900707533604546,0.9863304697067055,0.9958676800605035,0.9898824423796874,0.9862337999662348,0.9956461799448209,0.9900674448395586,0.9863305205625793,0.9955664965986811,0.9903043112976643,0.9864269415809814,0.9962808692297128,0.9902931467760554,0.9867134095064293,0.996267887646465,0.9892594947882334,0.9862905917711311,0.9949754358846766,0.9892379678007736,0.9862906116358217,0.9949057964168412,0.9892469824424323,0.9866558010190618,0.9947567257327646,0.9888438830039733,0.9858130885736952,0.99454309804402,0.9887778495186144,0.9858131778074878,0.994552957855508,0.9888451531020702,0.9858131084285118,0.9943773323545055,0.9893651773256991,0.9852151363406534,0.9979877517043193,0.9907116776083955,0.9856906693155926,0.996975863367377,0.9893200021190157,0.9861417252682939,0.9952448101871345,0.9887842780425251,0.9859103957003095,0.9949300405930592,0.9889565985758215,0.9858127490373081,0.9947450446689458,0.9905224238929288,0.9855167846508297,0.9967840392969528,0.9907368340261055,0.9855940592195406,0.9969803917220352,0.9981083827727687,0.9919170877763617,1.0026689825013846,82.0
0.9999969267630532,0.999996013365722,0.9999976151337302,0.9798321389523427,0.9737537933958719,0.9843170889234286,0.9944019012583454,0.988274354853533,0.9998491375528147,0.9925377790027986,0.9867522291511743,0.9986879149704435,0.9924437399561147,0.9863751929094892,0.9988493943804277,0.9917327594236748,0.9860925953056402,0.9985080946794056,0.9912341139668752,0.9863726071363531,0.9974929106337255,0.9909555563682834,0.9860306756505899,0.9972857137852733,0.9905430898137998,0.9864757267233755,0.9966553010258297,0.9907597400683269,0.9851404468169177,0.9981126651610943,0.990577303380857,0.985148164269999,0.9981115195141459,0.9904087250074842,0.983878107078801,0.9975468447907528,0.9924424484741512,0.9860733761338898,0.9987523412209113,0.9923882322158345,0.9863752215178744,0.999018977055776,0.9904092911693917,0.9836109587469727,0.9974344514185821,0.9904091697450432,0.9833962160104338,0.9973859884270301,0.9903028956646951,0.9821414909913668,0.9973344937267536,0.9902946857990597,0.9823702494223844,0.997192357687546,0.9902902714047596,0.9818788269818164,0.9973293948393324,0.9901608093032204,0.9864116917643857,0.9959812743056851,0.9899727982420105,0.9863131439136441,0.9957603873200241,0.9901577985935713,0.9864117426244239,0.9956806029721019,0.9903938462285581,0.9865100421327873,0.9963935678355464,0.990382701208204,0.9867970719224196,0.9963810599740264,0.9893497891506606,0.9863672551874253,0.9950901847565949,0.9893278830169776,0.9863672750536413,0.9950207722581921,0.9893371701731892,0.9867314656073956,0.9948688777586973,0.9889359885655988,0.9858876137976939,0.9946598945717585,0.9888702750851099,0.9858877030381328,0.9946700510261831,0.9889366168324304,0.9858876336539885,0.9944940384292672,0.9894643350736523,0.9853077086935987,0.9980952075953825,0.9908036954245077,0.9857791495591637,0.9970861387251301,0.9894113252281186,0.9862187950947916,0.9953600242153664,0.9888771352420167,0.9859850087660224,0.995046101233203,0.9890490422929884,0.9858872742360175,0.994861475427376,0.9906146273542101,0.9856054486768515,0.9968944974186699,0.9908291234346881,0.9856829612949037,0.9970906507420342,0.998188746368238,0.991995957978775,1.0027628737244603,83.0
0.9999969548392291,0.9999960366457149,0.9999976336425772,0.9800177017874652,0.9739080018445269,0.9844388969650605,0.9946133696595972,0.9884465635330268,0.999991395752644,0.992753697007024,0.9869315294455084,0.9988359165780775,0.992658429930723,0.9865556567702783,0.9989972572958427,0.9919506960656875,0.9862745942392502,0.9986557023107873,0.9914531607346969,0.986553467688431,0.9976460040545947,0.9911750341860028,0.9862119503948825,0.997438915860566,0.9907620701128003,0.9866549884169087,0.996810470359422,0.9909808529897751,0.9853263318068085,0.9982591130015588,0.9907992461189464,0.9853342745542965,0.9982578577220634,0.9906299526464053,0.9840677024704532,0.9976919901234373,0.9926571437146979,0.9862547706744819,0.9988999426449838,0.9926021818392478,0.9865556853839067,0.9991669525441059,0.990630445049745,0.983800810665249,0.9975788150539038,0.9906302885404413,0.983586104021016,0.9975295770909773,0.990523311751541,0.9823364385555864,0.9974749856936397,0.9905150413200074,0.9825648303532531,0.9973314243381964,0.9905105911596807,0.9820745293253436,0.9974695020472055,0.9903798759574034,0.9865897249235904,0.9961377566266532,0.9901917806421799,0.9864904809741813,0.9959175469057958,0.9903769977208782,0.9865897757927796,0.9958376952893577,0.9906128426936595,0.9866887718120129,0.996549003395918,0.9906016122011075,0.9869755128398912,0.9965353326764079,0.9895672791252332,0.9865447887480351,0.9952480981103297,0.9895445957058038,0.9865448086178086,0.9951788928228483,0.9895545713232577,0.9869084048283763,0.9950246760055454,0.9891548166652092,0.9860662601960936,0.9948191617810234,0.9890891332392912,0.9860663494526056,0.9948295898107038,0.9891541537780689,0.9860662800559649,0.9946530120098515,0.9896906204123946,0.9854944625918063,0.9982415502116464,0.9910239055076924,0.9859608181057291,0.9972394485915953,0.9896308716792416,0.9863965705784987,0.9955182586148196,0.9890985324849172,0.9861633359604998,0.9952048474836236,0.9892691951761502,0.9860659205732587,0.9950204714945318,0.9908349564163084,0.9857872095770116,0.9970479260730803,0.9910495519881749,0.9858649831801413,0.9972439471023762,0.9983778805473976,0.9921531171620753,1.0028870255032343,84.0
0.9999969709771739,0.9999960541079342,0.9999976538726749,0.9801259808433442,0.9740238329463441,0.9845727974968003,0.9947287065540095,0.9885746292999313,1.0001401912263765,0.9928740064640217,0.9870660668760295,0.9989918875837189,0.9927790958887954,0.9866899625093873,0.9991520598523944,0.9920727402589601,0.9864122205400524,0.9988129439971055,0.9915764012201914,0.9866896550171497,0.9978080155472471,0.9912974249777526,0.9863476425443785,0.9976008912320716,0.9908868361309463,0.9867916740955859,0.9969757592747688,0.9911052427917376,0.9854684129774683,0.9984174751247729,0.9909243201034809,0.9854765214195589,0.9984161689822779,0.9907539221509825,0.9842148704392916,0.9978522298861362,0.9927778485728991,0.9863888907890338,0.9990529254674083,0.9927230329619479,0.9866899911269129,0.9993224185789996,0.9907543685027025,0.983948349596012,0.9977386560412115,0.9907541902828793,0.9837338382631788,0.9976889732962857,0.9906469030069902,0.9824926656726474,0.9976372800800588,0.9906385990858345,0.9827213678008933,0.9974930437334537,0.9906341383367848,0.9822318886546784,0.9976321681961007,0.9905071634238727,0.9867266820573695,0.9963053976354003,0.990320520920924,0.9866275431118823,0.9960863334976876,0.9905043417934785,0.9867267329335974,0.9960058426789845,0.9907385755577967,0.9868256243365939,0.9967151843329689,0.9907273290492578,0.987112670714384,0.9967014526754628,0.9896986387701264,0.9866829660677268,0.9954196636183539,0.989675845757827,0.9866829859402686,0.9953510360978408,0.98968586262732,0.9870461852999266,0.9951946321706497,0.9892906660746632,0.9862067934701226,0.994992641562177,0.9892249390580803,0.986206882739278,0.99500328065505,0.9892898673120979,0.9862068133328072,0.9948269056497593,0.9898203374547473,0.9856385075900457,0.9983998231586776,0.9911467154311019,0.9860962605834374,0.9974017293483921,0.989762543509709,0.9865349094999158,0.9956889759887012,0.9892341521683418,0.986303153047583,0.9953768180845282,0.9894051017160038,0.986206453799179,0.9951931729772702,0.9909581114044849,0.9859229946529784,0.9972105373871606,0.9911722902221007,0.9860003622404556,0.9974062299371909,0.9984882172386481,0.9922711584339884,1.0030234781538654,85.0
0.9999969924273645,0.9999960725953438,0.9999976685223776,0.9802672175133476,0.9741458827060097,0.984669053122001,0.9948923278574014,0.9887131381068412,1.0002547135572812,0.9930469280508444,0.9872112746387137,0.9991140366465118,0.9929525803398078,0.9868357913391987,0.9992743559230426,0.9922503594552753,0.986559414941055,0.998937695116188,0.991752601774707,0.9868386712948499,0.99793515644349,0.9914726632491303,0.9864966332894721,0.9977273412809436,0.9910662916926822,0.9869430012808612,0.9971063962633242,0.9912876248624716,0.9856184711337435,0.9985445396187221,0.9911071264028302,0.9856265641086903,0.9985432704768854,0.9909409111211716,0.9843688315230448,0.9979825101213785,0.9929514525451063,0.9865352163144808,0.9991745696714791,0.9928967658085595,0.9868358199609559,0.9994452915008903,0.9909413190756527,0.984102578800276,0.9978685890612582,0.9909411227058234,0.983888193956845,0.9978185298403737,0.9908351023377063,0.9826533605785004,0.9977690703755915,0.9908267376539003,0.9828820802293757,0.9976234804927173,0.9908225050957511,0.982393458663519,0.9977643672359124,0.9906904493543346,0.9868797557792749,0.9964384864915471,0.9905056339359772,0.9867815928142007,0.9962204204982001,0.9906884319806228,0.9868798066633798,0.9961398593941205,0.9909195039819123,0.9869777224007632,0.9968467996006467,0.9909082548005583,0.9872652527887702,0.9968332401207612,0.9898858840621323,0.9868387622134249,0.9955558813675504,0.9898627625973794,0.9868387820890953,0.9954875589128293,0.9898730649696118,0.9872019243038709,0.9953298723672125,0.9894802883656925,0.9863643267124428,0.9951298397204318,0.9894145731190844,0.9863644159958035,0.9951406704439316,0.9894789385298028,0.986364346578289,0.9949641347837253,0.9900055881694991,0.9857880652363263,0.9985269636821605,0.9913223277227929,0.9862453340634897,0.997528191205157,0.9899506597911711,0.9866907290656309,0.99582479802013,0.9894250202878189,0.986460952729265,0.9955132177283247,0.989595245019368,0.9863639869874471,0.9953299801194411,0.9911336838535499,0.9860720116159779,0.9973369682915897,0.9913483301520946,0.9861500851101633,0.9975326669497188,0.9986321816971864,0.9923955542746803,1.0031215945225747,86.0
0.9999970017723716,0.9999960823796253,0.9999976774389415,0.9803304458844044,0.9742113946630795,0.9847283280439689,0.9949571575320542,0.9887823042436307,1.0003170090194475,0.9931146776984069,0.9872821628539276,0.9991753480582869,0.9930195144946966,0.9869058663534834,0.9993333112871456,0.9923205123671872,0.9866306828222331,0.9989959735369424,0.9918210079776015,0.9869080880924598,0.9980009049813489,0.9915400725881742,0.9865653011431313,0.9977930933543712,0.9911342721071442,0.9870108400075656,0.9971745684306099,0.9913604943331663,0.9856902741149247,0.9985977827571425,0.9911805899275018,0.9856986449215787,0.9985964088210132,0.9910147402393948,0.9844392734231863,0.9980285622438166,0.9930183687562378,0.986604640561708,0.999231703889921,0.9929632242823666,0.9869058949772787,0.9995041990367823,0.9910150908274038,0.9841729494331997,0.9979139155120239,0.9910148669320414,0.9839583760498382,0.9978632015587846,0.9909078110542879,0.9827182231864076,0.9977994478915917,0.9908993493010186,0.9829464417697504,0.9976515939262266,0.9908950829886045,0.9824576707268896,0.9977930568196614,0.9907576848060358,0.9869459449809869,0.9965077001073268,0.9905720183511061,0.9868466583398487,0.9962899044059048,0.9907562729644244,0.9869459958684971,0.9962097221552614,0.990987197982318,0.9870450355144055,0.9969154166981785,0.9909759477468484,0.9873330969347045,0.9969020743865478,0.9899493285675507,0.9869048640682503,0.9956250804686317,0.98992522773844,0.9869048839452456,0.995556456689576,0.9899365235081278,0.9872689057822096,0.9953995712139132,0.9895453103207484,0.9864304146201449,0.9951994723613372,0.9894798440594189,0.9864305039094499,0.995210533092113,0.9895429271768094,0.9864304344873138,0.9950333108057233,0.9900825055642941,0.985861926244355,0.9985800518845286,0.9913899061911762,0.9863135488643628,0.9975942504555637,0.9900166447707732,0.9867564735180531,0.9958945781864181,0.9894919407718599,0.9865272348272609,0.9955829439597157,0.9896611665659615,0.9864300748725316,0.9953996657522026,0.9912016094179733,0.9861405587437148,0.9974033565734005,0.991415292832668,0.9862174371203654,0.9975987590242744,0.9986966025719931,0.9924623004745389,1.003181984026102,87.0
0.9999970030569666,0.9999960883591693,0.9999976843324757,0.9803405770328667,0.9742515811300746,0.9847744765878618,0.9949604383426658,0.9888239991420587,1.0003622000218175,0.9931196648249087,0.987324908077971,0.9992202309615379,0.9930235503169381,0.98694811798249,0.9993762709404788,0.992325702524927,0.9866746973939651,0.9990390395539828,0.9918293204424791,0.9869486081263555,0.9980485248421928,0.9915476165762783,0.9866057671494296,0.9978407262399636,0.9911448703439946,0.9870480485623138,0.9972240348695427,0.9913680389085574,0.9857361156183923,0.9986391174653825,0.991188625684495,0.985744734988419,0.9986376300848909,0.991023298206084,0.9844860287583522,0.998067867010599,0.9930224049320153,0.9866464971876413,0.9992734976794949,0.99296668907789,0.9869481466075154,0.9995468791158693,0.9910236006325046,0.9842195648421012,0.997952572542467,0.9910233535607428,0.9840047705545221,0.9979012904468124,0.9909155872389163,0.9827662455538626,0.9978343821761816,0.9909070945663604,0.9829953430944459,0.9976860335445241,0.9909027620819313,0.9825057189023331,0.9978274980421709,0.9907688670034884,0.9869803754042766,0.9965581277322317,0.9905832780999928,0.9868794141325737,0.9963409470394836,0.9907679359995755,0.9869804262935465,0.9962605788691875,0.9909980033538365,0.9870811407409533,0.9969650249214848,0.9909866665840421,0.9873690332077978,0.9969505718167242,0.9899594355203175,0.9869361547627192,0.9956769395355702,0.9899347442880645,0.9869361746403345,0.9956080916528381,0.9899466634005744,0.9873013128520431,0.9954524052937038,0.9895597388514186,0.9864582387800414,0.995253433295859,0.9894948761592934,0.9864583280718069,0.9952648158339655,0.9895574535914734,0.9864582586477567,0.9950874053343445,0.990093553287042,0.9859099412097091,0.9986212159859476,0.9913978305335082,0.9863539851263223,0.9976423119381276,0.9900282733304856,0.9867873105410566,0.9959466242922724,0.9895050964259583,0.9865555971221511,0.9956359417116573,0.9896748566189969,0.9864578990230655,0.9954531629900022,0.9912101037540264,0.9861815537409417,0.9974519519029957,0.9914225210203093,0.9862569073789377,0.9976468570603416,0.9987069017899534,0.9925032405080658,1.0032289894546367,88.0
0.9999970119853496,0.9999960959314996,0.9999976806460458,0.9803988516309584,0.9743020561408589,0.9847499903402241,0.9950305154458322,0.9888784114013098,1.0003352847431106,0.9931925461309071,0.9873816491145734,0.9991912520565533,0.9930972041793117,0.9870041167638176,0.9993462788319631,0.992398377420048,0.9867309345700046,0.999008022290266,0.9919057933282283,0.987008057431856,0.9980207330732599,0.9916244879394974,0.9866659747651738,0.997813229404902,0.9912243717840774,0.9871085696808996,0.9971967531288338,0.9914412657317127,0.9857916191172538,0.9986056338418832,0.9912619255890603,0.9858000525729432,0.998604134274576,0.9910967149867388,0.9845412049681402,0.9980306008973977,0.9930960391446811,0.986701902051698,0.9992423588964763,0.9930408212054925,0.987004145390469,0.9995171390456578,0.9910969836152562,0.9842745611556977,0.9979148120123772,0.9910967201983156,0.9840595404207257,0.997863110728711,0.990989238665674,0.9828199320253529,0.997791055661565,0.990980675844023,0.9830493586661571,0.9976412204405574,0.990976455182156,0.9825591583096575,0.997783615416252,0.9908515146723017,0.9870416874970231,0.9965313173637469,0.9906673038606923,0.9869411597343756,0.9963142187461317,0.9908515438961364,0.9870417383894495,0.9962344015972577,0.991078707984765,0.9871420194838149,0.996937865581421,0.9910673376569924,0.987430172794046,0.9969231251760733,0.990043289480783,0.9869982715668257,0.9956486863548394,0.9900177855503218,0.9869982914456887,0.9955793088334833,0.9900304849806882,0.9873632895356024,0.9954234117184154,0.9896533810391587,0.9865208872246767,0.99522958676118,0.9895892848337802,0.9865209765220928,0.9952413108825682,0.9896519984862009,0.9865209070936498,0.9950640887771964,0.9901672623274639,0.9859641475133606,0.9985877680463799,0.9914752530250142,0.9864146988451927,0.997615147348294,0.9901142534954507,0.9868494844366739,0.9959200493649972,0.9895951252405607,0.9866182597722829,0.9956105751455447,0.9897666898405066,0.9865205474462001,0.9954285583451763,0.9912880216572515,0.986242707916024,0.9974252435029158,0.9914997731674278,0.9863174354218274,0.9976196995041652,0.9987663103270598,0.9925546718859428,1.0032040326326843,89.0
0.9999970139916025,0.9999960938288535,0.9999976777808961,0.9804129225839583,0.974289043377579,0.9847313157381308,0.9950425669818379,0.9888589318810456,1.0003110774041868,0.993201266981063,0.9873588743251971,0.999164505808438,0.9931054926542812,0.9869799882756558,0.999316849155272,0.9924055339766108,0.9867073665958116,0.9989807225302311,0.9919129054146173,0.9869821079088247,0.9979931630922673,0.9916318664927375,0.9866405103319844,0.9977859539541958,0.9912285306144468,0.9870780306075448,0.9971675016584567,0.9914481020914714,0.985766904686242,0.9985786633644601,0.9912684766649426,0.9857746525726797,0.9985770710116997,0.9911040188307233,0.9845183633399338,0.998004568286973,0.9931042888342807,0.9866766904842906,0.9992112551066639,0.993048879161725,0.986980016901611,0.9994873549747784,0.9911043274917516,0.9842520699845233,0.9978894170319256,0.9911040835550048,0.9840374207674287,0.9978382308050538,0.9909967623423628,0.9827998921742028,0.9977658122817239,0.990988159437963,0.9830302927568726,0.997615280380886,0.9909840138610764,0.9825393301215224,0.9977585844324743,0.9908535022256608,0.9870069989465485,0.996500646625445,0.9906678734101826,0.9869038514122174,0.9962827123900941,0.9908537005037577,0.9870070498371732,0.9962037526732943,0.9910820275505289,0.9871099508603092,0.9969080423447678,0.9910706358900294,0.9873984283264057,0.9968931760837261,0.9900390604141242,0.9869557553286931,0.9956131426625543,0.9900127984844255,0.9869557752066884,0.9955431518365637,0.9900261628136625,0.9873193235723227,0.9953854734420098,0.9896468329030217,0.986470861444652,0.9951957288240764,0.989582292551923,0.9864709507374764,0.9952071663580159,0.9896456589019417,0.9864708813126016,0.9950301945087284,0.9901718649399396,0.9859347392140708,0.9985608629337726,0.9914829962207602,0.9863895463863697,0.9975881716933342,0.9901120332081638,0.9868075577172432,0.9958870732660279,0.989590607884227,0.9865713500483798,0.9955773053200513,0.9897603923463476,0.9864705216836471,0.9953950958901141,0.9912961860526166,0.9862179551106575,0.9973986711002543,0.9915077173932882,0.9862926357849006,0.9975927101127257,0.9987806367828954,0.9925413862020473,1.0031849867154063,90.0
0.9999970094762005,0.9999960930770903,0.9999976722684017,0.9803840636659631,0.9742849355167968,0.9846955230303285,0.9950047996894975,0.9888494952413843,1.0002631501129944,0.9931555484476171,0.9873477480510692,0.9991083268670325,0.9930594531615855,0.986967150625911,0.9992577181249395,0.9923586139502422,0.9866952145755112,0.9989226675702658,0.9918588689796328,0.9869701363586597,0.9979312177612185,0.9915779431425248,0.9866289243493938,0.9977239488728986,0.9911666547993808,0.9870635009724452,0.9970984534906352,0.991400933649178,0.9857532681373806,0.9985188562283195,0.991221150114983,0.9857605849076169,0.9985171740342149,0.9910569895034204,0.9845047004877123,0.9979425310768202,0.9930581818070604,0.9866624836102988,0.9991502234776531,0.9930026975361778,0.986967179251497,0.999427878260254,0.9910572810703547,0.9842382125163324,0.9978270792328232,0.9910570287824598,0.9840233665435133,0.9977756562908645,0.9909516018637521,0.9827861479758372,0.9977023433079484,0.9909428785975163,0.983016129775582,0.9975490577605924,0.9909391161529667,0.9825256412655622,0.9976953636889376,0.9907875932276162,0.9869906506022347,0.9964277387355943,0.9905996023463566,0.9868865366157467,0.99620800882161,0.9907876803971502,0.9869907014920023,0.9961306023022116,0.9910185689160872,0.987094569087207,0.9968370661575049,0.9910070231262648,0.9873823034151515,0.9968200388296784,0.989965850357267,0.9869370047906049,0.9955335966517173,0.9899392815253222,0.9869370246682135,0.9954632182882055,0.9899528904229626,0.9872995232650899,0.9953043529986302,0.9895672625805618,0.9864514394237168,0.9951131823767041,0.989502024343657,0.9864515287147447,0.9951241912095862,0.9895650917202206,0.9864514592912664,0.9949467251755892,0.9901235572307329,0.9859184550043479,0.9985010557764181,0.9914292592786508,0.9863782222017886,0.9975262329501443,0.9900396466287584,0.9867892340097925,0.9958091745131241,0.9895149695552277,0.9865520948837414,0.9954973750830778,0.9896827663657647,0.9864510996695477,0.9953138633587509,0.9912425590924528,0.9862067232812064,0.9973368217662175,0.9914541980722746,0.9862816864628676,0.997530756668084,0.9987512062998086,0.9925371762856189,1.0031484791396383,91.0
0.999997004630812,0.9999960921888054,0.9999976687980052,0.9803526150322103,0.9742794600801138,0.9846729951852532,0.994966135166858,0.988841142807931,1.0002328224330437,0.9931153706151755,0.9873391690122538,0.9990728932898026,0.99302039189698,0.9869589071972564,0.9992226840040873,0.9923191078636575,0.9866857011453097,0.9988844083730417,0.9918150837681282,0.9869612695807605,0.997894047559792,0.9915345324293146,0.9866203713753865,0.997687130255525,0.9911189955741786,0.987053701620328,0.9970585067646418,0.9913621812708762,0.985742399139139,0.9984766729026817,0.9911824749315641,0.9857496026832298,0.9984747514199708,0.991019046340119,0.9844921121844539,0.9978957075602182,0.9930192839445695,0.9866545086880603,0.9991153854052998,0.9929641834700281,0.9869589358226075,0.9993929367474123,0.9910193436870712,0.9842255922729635,0.9977803038427567,0.9910190941423265,0.984010732618865,0.9977289320157429,0.9909130057172021,0.9827685465397865,0.9976460901437428,0.9909041814815799,0.9829984928809947,0.9974905586350465,0.9909004507883447,0.9825073907152316,0.9976382354201683,0.990738272873675,0.986979994736582,0.996386431693897,0.99054919334818,0.986875334946197,0.9961660555447405,0.9907385320805381,0.9869800456258004,0.9960892485010943,0.9909702584643987,0.9870844590203988,0.9967964583483386,0.9909586525599742,0.9873722848577109,0.9967787593343094,0.989913367351497,0.9869261636002191,0.9954908993679049,0.9898867471302032,0.9869261834776109,0.9954202919139248,0.9899005042719627,0.9872904035808204,0.9952641998188481,0.9895103832034982,0.9864387684345831,0.9950667537291438,0.9894444517973575,0.9864388577244623,0.9950773311571696,0.9895079049056487,0.9864387883018767,0.9948998293058106,0.9900855808206408,0.9859080819259,0.9984586127733956,0.9913860587762648,0.9863698612251532,0.9974896387744596,0.989987258059626,0.986777692918503,0.9957660394705161,0.989460496469439,0.9865397974002034,0.995452794411332,0.9896270170759561,0.9864384286847847,0.9952683710941319,0.9911996818112158,0.9861986696119194,0.9973005223884216,0.9914109133284893,0.9862732588107985,0.997494164666376,0.9987191435670013,0.9925315852552559,1.0031255014796416,92.0
0.9999970032738041,0.999996088633648,0.9999976741458633,0.9803443944395479,0.9742558335245535,0.9847083101207651,0.9949533152715855,0.988815272751463,1.0002731347677447,0.9931009512852607,0.9873131213029636,0.9991145976374148,0.9930066825609345,0.9869324742935823,0.9992650733101375,0.9923062820833568,0.9866597970443522,0.9989268665318418,0.9917949187973789,0.9869352979359827,0.9979368237961712,0.9915147846798659,0.9865954323770392,0.9977303732389651,0.9910925836613002,0.9870266783072358,0.9971001917725614,0.9913509026395402,0.985716703220903,0.9985195790496878,0.9911711223031359,0.9857240788841573,0.9985176288573162,0.9910108594395943,0.9844659953125181,0.9979395442438468,0.9930055202448643,0.9866277676533974,0.99915768620475,0.9929509410554291,0.9869325029181669,0.9994358034679809,0.9910111270434221,0.9841990761651879,0.9978236217429561,0.9910108628939438,0.9839838312142412,0.9977718545012874,0.9909042905492014,0.9827426240373842,0.9976897889848705,0.9908954211389812,0.9829735246296997,0.9975334361100836,0.9908916738440299,0.9824813429920948,0.997682045882562,0.9907091755612767,0.9869520019556387,0.9964281977719075,0.9905183814379268,0.9868467231526519,0.9962078745191356,0.9907095157859168,0.9869520528434134,0.9961312601009112,0.9909428010552043,0.9870570851571644,0.9968380287324451,0.9909311329037285,0.9873450199240221,0.9968196197465741,0.989880698268891,0.9868965189154799,0.9955344767505102,0.9898546615189722,0.986896538792275,0.9954645025594582,0.9898678410069295,0.9872606390873578,0.9953078673415019,0.9894689437511455,0.9864070445120686,0.9951072383619255,0.9894025456448059,0.9864071337990828,0.9951176723473578,0.9894656426132948,0.9864070643787244,0.9949399124867654,0.9900740296813259,0.9858839596650619,0.9985014284525019,0.9913665789603867,0.9863455478069516,0.9975331294519524,0.9899530693714458,0.9867480968830387,0.9958079335130529,0.9894222886931054,0.9865091175233462,0.995494049549156,0.9895869709927474,0.9864067047731719,0.9953092749258862,0.991180577924434,0.9861747446375718,0.9973443819423188,0.9913918137820577,0.9862495504034325,0.9975376317259671,0.9987107522286104,0.9925075091034107,1.003161496336543,93.0
0.9999970052330399,0.9999960816689062,0.999997685411207,0.9803587709074548,0.9742097136014822,0.9847825750622993,0.9949631276419983,0.9887638468309232,1.0003596621072581,0.993106240739551,0.9872587930055283,0.9992064652542247,0.9930107761824567,0.9868789422604655,0.9993588970298839,0.9923115696176353,0.9866044863996553,0.9990191035788106,0.9917941530341813,0.9868788960982579,0.9980336267450791,0.9915140574117953,0.9865393921674288,0.9978280217654399,0.9910843740943104,0.9869684723009848,0.9971987415779019,0.9913551366461351,0.9856599745449777,0.9986110524559879,0.9911749771819995,0.9856673491996603,0.998609042776415,0.9910158517691509,0.9844075431084071,0.9980302611650724,0.9930095794274104,0.986574872777863,0.9992529145172173,0.9929543433209804,0.9868789708834984,0.9995297475334863,0.9910161038318294,0.984140282311137,0.9979140326771069,0.9910158319212691,0.9839247333694879,0.997862054274595,0.9909072164777364,0.9826810464879787,0.9977763941557232,0.9908982501881085,0.9829118513356918,0.9976178275210478,0.9908943455280096,0.9824193728046624,0.9977684642440554,0.9906980777435384,0.9868924227521664,0.9965296496153278,0.9905058689976225,0.986786372035567,0.9963113058854125,0.9906977148313305,0.9868924736368752,0.9962327769071768,0.9909334565768144,0.9869982775758456,0.9969373636266036,0.990921669842764,0.9872858543540624,0.9969173415278938,0.9898666392383056,0.9868365683367072,0.995644649094443,0.9898408920734079,0.9868365882123019,0.9955755397569102,0.9898538910497946,0.9872023540330079,0.9954207664925132,0.9894503968116942,0.9863453013600002,0.9952167773973397,0.9893843764274043,0.9863453906414655,0.9952276456786535,0.9894464344789101,0.9863453212254206,0.9950495587190358,0.9900760328258841,0.9858279011986174,0.9985927989273821,0.9913656789756449,0.9862896551742012,0.997631007840155,0.9899382126156242,0.9866874691124983,0.9959147495773456,0.9894043465325579,0.986447833929724,0.9956020450733714,0.9895686684885896,0.9863449616422164,0.9954180575557319,0.9911799664032509,0.9861191792985263,0.9974425720006872,0.9913909026974705,0.9861937036571176,0.9976355077761753,0.9987253801459001,0.9924605070695064,1.0032371962794722,94.0
0.9999970012140194,0.9999960768684527,0.9999976971627449,0.9803341271025902,0.9741778959994375,0.9848605172647734,0.9949258210858094,0.9887285386351163,1.0004454508652183,0.9930610817538328,0.987222148562234,0.9992961209536897,0.9929640449421032,0.9868420323833501,0.9994486222185635,0.9922647776314467,0.986568512527799,0.9991094040206456,0.9917421736373967,0.9868405773011443,0.9981265045767936,0.9914613251220945,0.9865018665700682,0.9979203265399668,0.9910258875841326,0.9869276515152489,0.9972932854889963,0.9913076616092795,0.9856249727927325,0.9987023381139576,0.9911273855213348,0.9856326435059568,0.9987002436704778,0.9909684995148041,0.9843727206044904,0.9981236610246319,0.9929627851699068,0.9865377506083435,0.9993427692608563,0.9929067162530811,0.9868420610053118,0.9996194174525923,0.9909688021931067,0.9841057150649283,0.9980081673932808,0.990968554739349,0.9838904928634359,0.997956814386395,0.990857714151183,0.9826460308825133,0.9978694602772165,0.9908486502461663,0.9828766037565232,0.9977086577665072,0.9908445781670501,0.9823843689469568,0.9978618395137525,0.9906351947175976,0.9868495142556846,0.9966257930366451,0.9904402488176018,0.9867422097219025,0.9964083842252235,0.9906348004101102,0.9868495651381789,0.9963293822419025,0.9908732602436747,0.9869566226942184,0.9970322764045398,0.9908613801699552,0.9872440477375124,0.9970110547018405,0.9897936644829469,0.9867913291105636,0.9957432426905892,0.9897668588215106,0.9867913489852485,0.9956740605183414,0.9897809346641082,0.9871570294972885,0.9955197320780905,0.9893733395441126,0.9862976434968136,0.9953166930748409,0.9893071708837639,0.9862977327739784,0.9953277295425352,0.9893685199888903,0.9862976633612763,0.9951494091155908,0.9900279850519941,0.9857954576174629,0.998683901923993,0.9913127148665729,0.9862526194164548,0.9977230374078568,0.9898679822137442,0.9866422644560711,0.9960133818823653,0.9893298694045625,0.9864014838376278,0.9957012174187012,0.9894926229836196,0.9862973037953939,0.9955176432104345,0.9911266234085065,0.9860818268374332,0.9975342699443739,0.9913382860079075,0.9861572375143266,0.9977275147721715,0.9987002300997749,0.9924280817313338,1.0033166266175282,95.0
0.99999698691382,0.9999960730495592,0.9999977144643581,0.9802424372376356,0.9741521706152877,0.9849756297262048,0.9948074675134853,0.9887025364139671,1.0005679644020027,0.9929358989933069,0.9871936563453788,0.9994226079236537,0.9928389930636549,0.9868139907640633,0.9995774943536238,0.9921362492426025,0.9865384287257918,0.9992346755134215,0.9916122047948354,0.9868115944228402,0.9982577687119044,0.991330914409427,0.9864730198160867,0.9980516212748208,0.9908909754781244,0.9868988069169178,0.997427423464089,0.9911764888717656,0.9855925905672783,0.9988262491737846,0.9909956981436364,0.985599939013969,0.9988241257942114,0.990835982272544,0.9843389772642172,0.9982456483019362,0.9928375986472106,0.9865100695945359,0.9994727565381935,0.9927818442854554,0.986814019385212,0.9997488843670482,0.9908363329228398,0.9840722728944831,0.9981308682371799,0.9908361087134537,0.9838574120867101,0.9980801123008425,0.9907240895846394,0.9826077878906374,0.997985384701714,0.9907149879114403,0.982839061453925,0.9978238906197826,0.9907108151369186,0.9823454279784684,0.9979770826082962,0.9904958735251417,0.9868204773048502,0.996761353695486,0.9902979724708882,0.9867129344143114,0.9965444371444857,0.9904957918040519,0.9868205281858576,0.9964655634372476,0.9907366509028971,0.9869278239011676,0.9971669960542817,0.9907247629895949,0.9872158325634767,0.9971459439436481,0.9896441303572994,0.9867624488203259,0.9958810630620136,0.9896165847302801,0.9867624686944368,0.9958119365622989,0.9896314788296383,0.9871290920534843,0.99565950801417,0.9892176660795782,0.9862678142826281,0.9954531284346235,0.9891510334100024,0.9862679035571337,0.9954641475516075,0.9892116925314328,0.9862678341464991,0.9952855033292807,0.9898934336504492,0.9857611658724048,0.998807842309025,0.9911819305487038,0.9862238137518766,0.9978541913840893,0.9897203399882155,0.9866130007115896,0.9961502634535442,0.9891776864692567,0.9863720592391346,0.9958378691177369,0.9893386478095598,0.9862674745913266,0.9956541977908075,0.9909956192373964,0.9860528875032606,0.9976652315375607,0.9912075413217687,0.986128548487946,0.9978586631556025,0.99860673113108,0.9924018772904896,1.0034339231148448,96.0
0.9999969840365179,0.9999960662923784,0.9999977201461047,0.9802256007222269,0.9741081389550912,0.9850135707833783,0.9947781536629094,0.9886496194610341,1.0006065611308748,0.9929016201893477,0.9871366070779679,0.9994595894529242,0.9928048113548126,0.9867548245717913,0.9996127455685799,0.9921004256074143,0.9864813129208262,0.9992717453567469,0.9915733227712934,0.9867502637842397,0.9982936634254462,0.9912917971212989,0.986411617786317,0.9980877071783939,0.9908464290352388,0.9868323502238914,0.997460780539032,0.9911389973753515,0.985535380614753,0.9988632169264005,0.9909579751109703,0.9855427560588901,0.998861032423842,0.9907974338708067,0.9842817565245388,0.9982828611190513,0.9928032399897673,0.986449209755491,0.9995059548137868,0.9927478538207295,0.9867548531912275,0.9997846372911567,0.9907977912304275,0.9840150225696895,0.9981681642784542,0.9907975702049142,0.9838001575594212,0.9981174915012395,0.9906861582784982,0.9825506527840903,0.9980236615332274,0.9906769567817268,0.9827813284489018,0.9978598021570675,0.990672980073317,0.9822883986672551,0.9980158717921823,0.9904479697271866,0.986749632526471,0.9967930931025958,0.9902478627108006,0.9866394099149237,0.9965751460205586,0.990448072897642,0.9867496834038085,0.9964977760478995,0.9906907948211208,0.9868596590035309,0.9971994944765411,0.9906788161858653,0.987147568622743,0.9971772904080444,0.9895880010700592,0.9866821872769026,0.995904398662026,0.9895595238270282,0.9866822071493816,0.9958350870644562,0.9895748883559347,0.9870396640842234,0.9956706075624843,0.9891620186616651,0.9861895623974077,0.9954840626859339,0.9890956067859543,0.9861896516647869,0.9954953450622824,0.9891558406329934,0.9861895822596917,0.995316641821758,0.9898548104263508,0.9857049413102176,0.9988447014848071,0.9911424002441944,0.9861623251585511,0.9978901494181234,0.9896668201084615,0.9865364655814831,0.9961790506715036,0.9891220060736872,0.9862941203869093,0.9958676251542986,0.9892829231908306,0.9861892227332214,0.99568455270197,0.990955865890688,0.9859912164096396,0.9977010062759135,0.9911678312532776,0.9860668795092221,0.9978946274311218,0.9985895342124117,0.9923569849901089,1.003472576551133,97.0
0.999996988265003,0.9999960574556437,0.9999977261387498,0.980254688546146,0.974049950734802,0.9850528823054346,0.9948064948714189,0.9885827494209104,1.0006545485674687,0.9929276910075454,0.9870671147554775,0.9995095555373452,0.9928298111704502,0.9866849477933418,0.9996623161890784,0.992125401262678,0.9864122730605632,0.999321120469858,0.9915992912615965,0.9866769068827939,0.9983470773452738,0.991316756598026,0.986337171553195,0.9981404801377637,0.9908719158715367,0.9867567494950652,0.9975181104794179,0.9911617786815691,0.9854669949149657,0.9989111640795647,0.9909807371892927,0.9854746741813587,0.9989089444563531,0.9908173780103138,0.9842129131131622,0.9983288912171496,0.9928281403795234,0.9863790254367416,0.9995553771647772,0.9927722857130452,0.9866849764107497,0.9998340819587354,0.990817690194019,0.983945754575101,0.9982134949025279,0.9908174471501596,0.9837304494719559,0.9981622648625638,0.9907063851474445,0.982481994353364,0.9980702924002784,0.9906971018753664,0.9827122100634325,0.9979044778081375,0.9906932567178778,0.9822198371310575,0.9980628897045883,0.9904734368693373,0.9866720365266994,0.9968539115305003,0.9902727054477408,0.9865605665799961,0.996637832797117,0.9904745403331028,0.9866720874000385,0.9965595460730284,0.9907162596069851,0.9867833100922938,0.9972579889966656,0.990704209285147,0.9870713132789954,0.9972349213673979,0.9896118364983175,0.986604200599626,0.9959732525076601,0.9895832142923168,0.98660422047054,0.9959041518167738,0.9895989641633847,0.986965364752839,0.9957455201302072,0.9891876887503229,0.9861090233219837,0.9955528436192678,0.9891216066317408,0.9861091125820985,0.9955643825968694,0.9891819611392898,0.9861090431826505,0.9953859632405067,0.9898776529415734,0.985638930507679,0.9988925215026168,0.9911663594919315,0.9860871856844415,0.9979422779037788,0.9896909345697291,0.9864569795751477,0.9962448950921208,0.9891455851773912,0.9862131522558825,0.9959348172420996,0.989307667443379,0.9861086836854387,0.9957525256711787,0.9909787922375237,0.9859151050371606,0.9977522095042604,0.9911919144261947,0.9859920044963267,0.9979467453105225,0.9986191612210765,0.9922976742202113,1.003512655507448,98.0
0.9999969803306094,0.9999960528311109,0.99999773059019,0.9802043061179537,0.9740196449688973,0.9850829515668572,0.9947397129125424,0.9885467141148729,1.0006819628013857,0.9928581052747876,0.9870326323335749,0.9995359203315008,0.9927592704751192,0.9866512397739083,0.9996894643639683,0.9920552797906584,0.9863781973382986,0.9993465783039871,0.9915279705890134,0.9866437075929939,0.998372381797262,0.9912455130306717,0.9863042606652982,0.9981664930339178,0.9907990222924224,0.9867242207496442,0.9975407939310612,0.9910923010232268,0.9854335062452902,0.9989358523715905,0.9909113023986037,0.9854414968411604,0.9989335978867057,0.9907490510095249,0.9841787452322118,0.9983526665243959,0.9927576392704948,0.9863459370268821,0.9995834244900081,0.9927011424038619,0.986651268390341,0.9998610258504846,0.9907493788702815,0.983911701148236,0.9982375110574586,0.9907491434406516,0.9836965274951159,0.9981864799248392,0.9906370204276028,0.9824454902856269,0.9980898862607863,0.9906276545502963,0.9826749773826459,0.9979220814917175,0.9906237696917217,0.9821831431456096,0.9980822523130015,0.9903998792701151,0.9866405294910846,0.9968757159475254,0.990198688143189,0.9865298572940719,0.9966595261028589,0.9904011042989532,0.9866405803627937,0.996581564874302,0.990643071044716,0.9867510052740712,0.9972797857667537,0.9906308279557478,0.9870381852502553,0.997254044459169,0.9895352780844189,0.9865747102483087,0.9959942476364226,0.9895061220116885,0.9865747301186287,0.9959249670761344,0.9895224102894478,0.986935150630604,0.9957664701803443,0.9891147387609273,0.9860819597480514,0.9955756061224545,0.9890479214555302,0.986082049005724,0.9955868347510958,0.9891100685828929,0.986081979608175,0.9954095233973933,0.9898089840218873,0.9856083346530851,0.9989170721938703,0.9910951923147995,0.9860543819994165,0.9979687058497365,0.9896157623513343,0.9864277831795892,0.9962663762160904,0.9890714248472089,0.9861859000132356,0.9959567909898991,0.989234181310823,0.9860816201207995,0.9957748871647092,0.9909082096112638,0.9858828950245048,0.9977791920600653,0.9911201959389903,0.985958480228833,0.997973200057514,0.9985677775759237,0.992266777956598,1.003543278743235,99.0
0.9999969909775166,0.9999960469059113,0.9999977261212238,0.9802744239465071,0.9739811714824903,0.9850528737593834,0.99482135310832,0.98849954441882,1.000653558376064,0.9929375109565016,0.9869820852155935,0.999506109477313,0.9928382315864692,0.986599023138544,0.9996576616743459,0.992135163094702,0.9863273833111973,0.9993166232964239,0.9916038250214683,0.9865894676312281,0.9983428844319538,0.9913218336617302,0.9862502351892333,0.998137428803611,0.9908697354043229,0.9866659430947842,0.9975105583408372,0.9911723381334749,0.9853823063716463,0.9989054556615661,0.9909911877016013,0.9853902147348402,0.9989030927332463,0.9908302791329596,0.9841274988039269,0.9983222300840394,0.9928363868377328,0.9862923846798909,0.9995499846573863,0.9927799969978223,0.9865990517534627,0.99982925604127,0.9908305834190663,0.9838602555398259,0.9982067268172871,0.9908303365126214,0.9836448659359995,0.9981554152434534,0.9907179279305651,0.9823945591545185,0.9980592522367968,0.9907085089298664,0.9826236001392298,0.9978901347507727,0.9907046437479391,0.9821323235837295,0.9980517995462701,0.9904662319082549,0.9865783556539369,0.9968446501629901,0.9902628503549569,0.986465133156171,0.9966280991709004,0.9904666014109085,0.9865784065224353,0.9965500270151075,0.9907121051187315,0.9866913817232478,0.9972492630527893,0.9906998514444635,0.9869793058444616,0.9972236796259466,0.9895971194923682,0.9865069602680171,0.9959623851949874,0.989568299511841,0.9865069801369681,0.9958934176084843,0.9895842171600432,0.9868658459691649,0.9957334496915036,0.9891694619613777,0.986011820187639,0.9955416971401875,0.9891022863805148,0.9860119094389467,0.9955527487241641,0.9891641280904245,0.9860118400463453,0.9953751979373671,0.9898880328654244,0.9855569736703303,0.9988865557558523,0.9911714002216322,0.9860004672366107,0.9979396854160646,0.9896767438166805,0.986360664924227,0.9962341700223618,0.9891287581050859,0.9861164526547492,0.9959238769606581,0.9892900387401686,0.9860114805846059,0.9957414994831961,0.9909844510263487,0.9858289978039066,0.9977502340706546,0.9911962245087798,0.9859044030943404,0.9979441856433338,0.998639245578875,0.9922275479563628,1.0035126424921281,100.0
0.9999969965387064,0.9999960400236755,0.9999977224898774,0.9803116913386007,0.973936393681003,0.985028735600164,0.9948620307678808,0.9884447609160583,1.0006280781434567,0.9929795433668201,0.986926443452352,0.9994816995193264,0.9928789904997948,0.9865435272345842,0.9996334405567678,0.9921781944125206,0.9862725032557927,0.9992923178517044,0.9916474049290064,0.9865316516792125,0.9983195474507313,0.991365938773225,0.986192760729507,0.998114329828695,0.9909134548228212,0.9866055376997163,0.9974884857061805,0.9912152115831826,0.9853285267073345,0.9988806547439308,0.9910341440836433,0.9853366660091347,0.9988782117060777,0.990872786917376,0.9840741543163132,0.9982971721680869,0.9928768915396697,0.9862370055265169,0.999526376090225,0.9928201825009207,0.986543555847895,0.9998046888301886,0.99087307053767,0.9838067784719421,0.9981813804810584,0.9908728136129769,0.983591234440983,0.9981298297426995,0.9907602975735927,0.9823425394501615,0.9980352259692208,0.9907508490353774,0.9825713417818219,0.997865372842582,0.9907470000273755,0.9820805144462705,0.9980280236754422,0.9905113630781278,0.9865152239008403,0.9968240372529392,0.9903085966389843,0.9864001382149712,0.9966081585593435,0.9905121566743222,0.9865152747660801,0.996529728276034,0.9907563690828995,0.9866301131453018,0.9972278427840954,0.9907441223401144,0.9869189411441252,0.997202702273363,0.9896446110671074,0.9864398067188836,0.9959436233434261,0.9896159008183029,0.9864398265864796,0.995874742910495,0.9896317078918643,0.9867977234268235,0.9957144071025721,0.9892198014459817,0.9859432203114479,0.9955247329942587,0.989152768983747,0.9859433095565365,0.9955358083063536,0.989215432178,0.9859432401687694,0.9953588318897432,0.9899314993679481,0.9855049715628417,0.9988616057007178,0.9912154161186505,0.9859431971874444,0.9979165421394485,0.9897239503785403,0.9862939049774644,0.9962152952590715,0.9891766271283545,0.9860479573501512,0.9959058997541542,0.9893391156214831,0.9859428807320781,0.995724033316442,0.9910283934010552,0.9857716482882183,0.997727046956326,0.9912402762427814,0.9858472833561546,0.9979210362986624,0.9986772198753725,0.9921818902290607,1.0034880466915839,101.0
0.9999969932844416,0.9999960361351493,0.9999977323271647,0.9802905269255423,0.9739098059127351,0.9850933730679032,0.994836597241438,0.9884199397602832,1.0007048429156218,0.9929554728778368,0.9869030875341439,0.9995598917663925,0.9928566336679197,0.9865208157038542,0.9997138135123235,0.9921541418267997,0.9862501248175338,0.9993708155971763,0.9916238457114547,0.9865089790858224,0.9983977859868632,0.9913423216686095,0.9861700370235486,0.9981923153923312,0.9908907553701229,0.9865837418336619,0.9975672896415747,0.9911916105613273,0.9853075617478751,0.9989599674678459,0.9910105805984794,0.9853158988945978,0.9989575286716109,0.9908498594126302,0.9840543350921475,0.9983777354885346,0.9928544456356133,0.9862148095707193,0.9996075227729314,0.9927989208252934,0.9865208443165063,0.9998857897473247,0.9908501384838596,0.9837870343961768,0.9982619335644806,0.9908498794504407,0.9835715457737757,0.9982103581703101,0.9907374281597668,0.9823252354429255,0.9981183761181084,0.9907279603325355,0.9825537923327292,0.9979480305020347,0.9907241412352769,0.9820635775185703,0.9981115885789538,0.9904899428500508,0.9864936041068073,0.9969032571863984,0.9902877132910154,0.9863784022827968,0.9966873673503444,0.9904911574914392,0.9864936549709334,0.9966092233191505,0.9907341666163927,0.9866086094933324,0.9973069620882024,0.9907219442703461,0.9868985318503467,0.9972825789837504,0.989622735977613,0.9864171369441012,0.9960217850938817,0.9895934881869722,0.9864171568112405,0.9959525191365206,0.9896098378058638,0.9867741718301195,0.9957924708959252,0.9892009171964791,0.9859212109033674,0.9956041406821503,0.989133677799157,0.985921300146467,0.9956150542032155,0.9891971543112177,0.9859212307602464,0.9954385575244843,0.9899084680557275,0.9854856598575065,0.9989408670754651,0.9911914997943727,0.9859204367934025,0.9979943072903712,0.9897034709494746,0.9862715933475797,0.9962944990297613,0.9891564037039047,0.9860252485020085,0.9959852242389615,0.989319751476377,0.9859208713315654,0.9958033762364558,0.9910041326711673,0.9857485907922607,0.9978045079444409,0.9912167086303837,0.9858250935433739,0.9979987789773151,0.9986556437141131,0.9921548172728251,1.003553940651623,102.0
0.9999969176546741,0.9999960734453185,0.9999976692637388,0.9797806173011484,0.9741532074881109,0.9846788949056797,0.9942971107554526,0.9887151356484473,1.0002082571127995,0.9924138866798481,0.9871977340761304,0.9990595668580334,0.9923150165038394,0.9868140018083598,0.9992113758653667,0.9916113671617024,0.9865453952381044,0.9988711529323552,0.9910821250861842,0.9868034065934432,0.9978932005824599,0.9908008152144858,0.9864646701714079,0.9976877127532884,0.990349907901468,0.9868776700801158,0.9970594799070457,0.9906475414588485,0.9856037379784163,0.9984615489994386,0.990466298759815,0.9856120164410546,0.9984591027624371,0.9903051476285005,0.984352513249581,0.9978812532239136,0.9923127225494616,0.9865068271528814,0.999103209199184,0.9922573645717923,0.9868140304295091,0.9993834915625279,0.9903054512383886,0.9840853477503271,0.9977655821213008,0.9903052041842826,0.983870005085349,0.997714103141306,0.9901936719003407,0.9826282209500269,0.9976279207799705,0.9901841862269882,0.9828564545388775,0.9974574340196279,0.9901805125075768,0.9823672417490293,0.9976219415504615,0.9899472994443701,0.9867871374071673,0.9963923902404451,0.9897435985987866,0.9866717067829572,0.9961750035705546,0.9899492899788505,0.9867871882864173,0.9960982752118488,0.9901926013865145,0.9869023714470292,0.9967977097304359,0.9901802484489628,0.9871922239344423,0.9967720269236104,0.9890740742569643,0.9867111238763778,0.9955040207433266,0.9890438491196744,0.9867111437494359,0.995433776699725,0.9890611518483626,0.9870668302544167,0.9952743823044271,0.9886538870840473,0.9862172696725151,0.9950862360706377,0.98858690063196,0.986217358942413,0.9950971350884027,0.9886499326877223,0.9862172895353571,0.9949199961331997,0.9893629495786979,0.9857812661379011,0.9984424769038617,0.9906499097322711,0.9862151485376397,0.997489632261655,0.9891573608901768,0.9865661197665664,0.995779409839139,0.9886098056970968,0.9863215389074973,0.9954688051256969,0.9887728220693591,0.9862169299987461,0.9952862165729481,0.9904627647833839,0.9860433600785112,0.9972997488810307,0.9906750287087778,0.9861197473505496,0.9974941049379846,0.9981360974753033,0.992402989374621,1.0031314232811652,103.0
0.9999967677967322,0.9999961441804663,0.9999975506137158,0.9787729170502595,0.9746150940079228,0.9838996821546415,0.993223659667508,0.9892745916929446,0.9992689378922691,0.9913329357582641,0.9877546774975982,0.9981089478929497,0.9912339617964867,0.9873705532614205,0.9982598063198472,0.9905276937396914,0.9871020712517716,0.9979162360187845,0.9899975033481966,0.9873570512788338,0.9969351124914279,0.9897162527295852,0.9870187222976158,0.9967295986648654,0.9892632677421123,0.9874275876153656,0.9960951792451357,0.9895616738158712,0.9861600254502083,0.9975012965345715,0.9893804914132314,0.9861687802128402,0.9974988778222627,0.9892163426838111,0.9849059498645126,0.9969126772222213,0.9912317034802168,0.9870630648896209,0.9981506898650545,0.9911762209386942,0.9873705818987114,0.9984320642131003,0.9892165132334614,0.9846374680683743,0.9967944027415199,0.9892162015092242,0.984420731221342,0.9967408028391477,0.9891048330113382,0.9831789476181051,0.9966539295425921,0.9890953246773856,0.9834066557344682,0.9964834540802671,0.9890916729389887,0.9829176975488931,0.9966472429324024,0.9888567514275616,0.9873341283882736,0.9954232821025859,0.9886503875492303,0.9872170132034246,0.9952038227991822,0.98885946182872,0.9873341792957181,0.9951284845539216,0.9891044158626319,0.9874510466967164,0.9958311241511107,0.9890918579481962,0.9877403306139165,0.9958033175307657,0.9879750594408827,0.9872544376552914,0.9945265546948212,0.9879441840196891,0.9872544575392901,0.9944552670752402,0.9879621200106746,0.9876090309653347,0.9942972580671556,0.9875531112885891,0.9867598575807457,0.9941065827666128,0.9874862440912333,0.9867599468997567,0.994117324249195,0.9875490418449364,0.9867598774545149,0.9939393189852349,0.9882781217746103,0.9863412433873812,0.9974821662344973,0.9895654391282064,0.9867693555089284,0.996531593934137,0.9880600449864432,0.9871098852590484,0.9948045188668608,0.9875095201797922,0.9868638687324054,0.994491847809433,0.9876722886848972,0.9867595177201016,0.9943078933085953,0.9893790405181061,0.986598015612356,0.9963418410929981,0.9895900311340182,0.9866732628766897,0.9965360909280525,0.9971093268834762,0.9928739251121609,1.002337076885409,104.0
0.9999966391151727,0.9999962120898953,0.9999974487646797,0.9779077016968553,0.9750589783628243,0.983230987263519,0.9923064822696643,0.9898107621751602,0.9984630252328743,0.9904121562247038,0.9882884796019016,0.99730031166497,0.9903134369672988,0.9879046415278036,0.9974516942105995,0.9896052408655991,0.9876365241360477,0.9971080011567326,0.9890753084892124,0.9878878110201834,0.9961217934351784,0.9887951978733748,0.987551065962326,0.9959166163640776,0.9883393077321195,0.9879532219000723,0.9952778441576053,0.9886370734804657,0.9866954237920774,0.9966937288977935,0.9884557389910815,0.9867041632596459,0.9966912327971484,0.9882896308953103,0.9854431522967251,0.9961065691477341,0.990311272484561,0.9875973820032847,0.9973424668359009,0.9902557787544001,0.9879046701805831,0.9976243499066553,0.9882898176620682,0.9851745966776008,0.9959880729540039,0.9882895138187511,0.9849578069175706,0.9959342902822383,0.9881772810535789,0.9837216126669942,0.995854185121349,0.9881677893689063,0.9839493463139161,0.9956846432857113,0.9881640089106865,0.983461071938808,0.9958481809491416,0.9879316200634497,0.987855438518871,0.994603820900319,0.987724257852743,0.9877357073314034,0.9943837338217677,0.9879350333744797,0.9878554894531777,0.9943085138440367,0.988179970145477,0.9879749725751658,0.9950126373428487,0.9881672412957736,0.9882640360236463,0.9949832029607816,0.9870481272930517,0.9877685073207157,0.9937052007111993,0.9870176241654529,0.98776852721506,0.9936337083487303,0.9870351975747266,0.988122470768839,0.9934768242364613,0.9866238266053977,0.9872678742917924,0.9932837681262199,0.9865570846353435,0.9872679636567481,0.9932944026960798,0.986620555182691,0.9872678941757834,0.9931162656124315,0.9873524898505801,0.9868766137375405,0.9966745571636766,0.9886450127523267,0.9873026383628816,0.995718828678718,0.9871321418578981,0.9876242102230024,0.9939833235812402,0.9865793184506724,0.9873734184482827,0.9936700577285826,0.986742119633135,0.9872675342563276,0.9934856325551441,0.9884595599913243,0.98713198099462,0.995529453628352,0.9886697280529292,0.987206781029113,0.9957233148222738,0.9962277555377552,0.9933264987978893,1.0016553951740363,105.0
0.9999965555826819,0.9999962944483949,0.9999973618364503,0.9773419598595909,0.9755995668200212,0.9826599362338061,0.9917310898852999,0.9904480837528209,0.9977799052864763,0.9898396246950442,0.988927088807215,0.9966196834322969,0.9897405150653924,0.9885423620779239,0.9967712550946711,0.9890324973447309,0.9882745942784756,0.9964286808493514,0.988506954142607,0.9885304958674246,0.9954425277256557,0.9882284634001277,0.9881956356339149,0.9952377247145732,0.9877742490070403,0.9885974862444751,0.9945996584377463,0.9880648010305926,0.9873327187235836,0.9960161176555727,0.9878833791331076,0.9873412356306459,0.9960135556610249,0.9877186628662734,0.9860805783567268,0.9954319604159513,0.9897383411476749,0.9882343914903987,0.9966613224569848,0.9896826302033341,0.988542390749193,0.9969445534948265,0.9877188393685084,0.9858115587852,0.9953127934675484,0.9877185303209094,0.9855943367356861,0.9952584927907945,0.9876077070989894,0.9843620735387448,0.9951872144723346,0.9875983218693042,0.9845914043611936,0.99502086377722,0.9875946000686296,0.9841016771741011,0.9951817035034011,0.9873695076496555,0.9885007044760455,0.9939264145024623,0.9871632987143011,0.988381448182857,0.9937067588028526,0.9873741340367754,0.9885007554436124,0.9936313911712854,0.9876160289542667,0.9886197634968982,0.9943347211020711,0.987603224560963,0.9889095160182451,0.9943051396835133,0.9864884834404026,0.9884126464911063,0.9930298561625751,0.986458181665888,0.9884126663984198,0.992958534025464,0.9864755588455248,0.9887659918055668,0.9928021978421517,0.986063587324682,0.9879105906789951,0.9926075584141432,0.9859972565138592,0.9879106801021063,0.9926184155563758,0.9860603092445234,0.987910610575926,0.9924397649756699,0.9867796384594208,0.9875127230042435,0.9959969460375969,0.988079130698144,0.987948415433335,0.9950400343452686,0.9865719727970886,0.988268599863638,0.993307244965681,0.9860187183450008,0.9880164743830279,0.9929939685333549,0.9861815205130265,0.9879102504222477,0.992809487928069,0.9878944060808696,0.9877781877348345,0.9948508808348226,0.988104634768224,0.9878537586604138,0.995044473434945,0.9956514148458694,0.9938775938882418,1.0010732628795256,106.0
0.9999965132650507,0.9999963822287815,0.9999972992379527,0.9770510789666106,0.97617710253784,0.9822487651797015,0.991460327436736,0.9911191438314382,0.9972890027511188,0.989573497385207,0.9895998863308554,0.9961400405133667,0.9894713934955939,0.9892146050515679,0.9962924696242594,0.9887676670499056,0.9889460664953651,0.9959528897067134,0.9882453981656624,0.989209574903796,0.9949706114450814,0.9879679250967156,0.9888755025341803,0.9947663240687857,0.9875152978765587,0.9892811382168321,0.9941325670212774,0.987802475033063,0.988002280497219,0.9955448299159534,0.987621114012627,0.988010347067058,0.9955422651497294,0.9874595354672955,0.9867495151120524,0.9949676204735277,0.9894693176810857,0.9889061907680585,0.9961829606405548,0.9894116392787868,0.9892146337423284,0.9964659652590288,0.9874598011411303,0.9864806093613613,0.994849292484828,0.9874595349568999,0.986263646271561,0.9947957457317074,0.987349995724702,0.9850310168282619,0.9947309319958766,0.9873407114609759,0.9852618070640067,0.9945675244039771,0.9873370574827756,0.9847703917350491,0.9947260087683613,0.9871138404056311,0.9891880951796466,0.9934632236742931,0.9869094103975038,0.9890710529104072,0.9932458903610001,0.9871188316371139,0.9891881461826406,0.9931685766106652,0.9873583173194947,0.9893049401254373,0.9938689603926663,0.9873453979190617,0.9895951156562206,0.9938385540170354,0.9862336544082548,0.9891058394452527,0.9925749032953434,0.9862020689072977,0.989105859366525,0.9925035018283577,0.9862208975814634,0.9894616746227765,0.9923521098837887,0.985818181782339,0.9886062348197499,0.9921553111643472,0.9857516629446417,0.9886063243058044,0.9921664001928614,0.9858157000989931,0.9886062547306878,0.9919884772411292,0.9865177136040526,0.9881796788383813,0.9955257697559324,0.9878192822538776,0.988628831629843,0.9945687274962532,0.9863204131563259,0.9889607797652137,0.992850523239575,0.9857712406975556,0.9887111226341725,0.9925392108184256,0.9859352074309278,0.9886058943234997,0.9923559482884355,0.987635113981874,0.9884588805872503,0.9943797143912704,0.9878450496621185,0.9885346079382883,0.994573149441573,0.9953551855527589,0.99446630684062,1.000654108610636,107.0
0.9999964984769248,0.9999964615984961,0.9999972544740411,0.9769449484885252,0.9767004913633696,0.9819547259677193,0.9913868522294799,0.9917201378718061,0.9969380229308373,0.989511580188343,0.9901962290723261,0.9958052699918792,0.9894088678105046,0.9898097721029036,0.9959612133278218,0.9887081526304385,0.98953997751552,0.9956214506743527,0.988192041159639,0.989804582089055,0.9946496332519761,0.9879150011643277,0.9894701774170488,0.9944457140883561,0.987464448019415,0.9898726073774438,0.9938213329574028,0.9877444304849314,0.9885926779527995,0.9952150046398051,0.9875636106853213,0.9886004389177796,0.9952123447940471,0.9874004660765174,0.9873355290927603,0.9946409073168617,0.9894070200841985,0.9895004172440949,0.9958521506311574,0.9893485788828748,0.9898098008109322,0.9961364833644649,0.9874007696008695,0.9870659715220054,0.9945225362933416,0.9874005209742149,0.9868485388851953,0.9944690873142172,0.9872886000932631,0.9856109612008166,0.9944065537888139,0.9872793307517366,0.9858415845325136,0.9942437269343437,0.9872753560756137,0.9853495715746365,0.9944018451254586,0.9870647749543122,0.9897765583777473,0.9931590824850762,0.9868613345915683,0.9896576887719919,0.9929459333489671,0.9870697666499921,0.9897766094110485,0.992865262594959,0.9873081183203277,0.9898952308686826,0.9935600638521365,0.9872950225126959,0.9901852991086971,0.9935277556609867,0.9861843448779525,0.9896896849987789,0.9922850667104534,0.9861516159621185,0.9896897049317901,0.9922144551707621,0.9861716484437711,0.9900460394085535,0.9920641466591306,0.9857764701499223,0.9891865735379003,0.9918717412174994,0.9857098351321341,0.9891866630763709,0.9918834016741823,0.9857745400012023,0.9891865934605005,0.9917064564320488,0.9864628784526527,0.988768505992824,0.9951959337869759,0.9877667335893623,0.9892234054029994,0.9942479381186045,0.9862740511661716,0.9895444135199634,0.99255787292217,0.9857278475263579,0.9892912729434409,0.9922507896048506,0.9858925961513059,0.9891862328422072,0.9920699436960181,0.9875825578032003,0.9890532205334908,0.9940586340356539,0.9877921786066689,0.9891287493239534,0.9942523765852835,0.9952472060013976,0.9949997904251296,1.0003543539983322,108.0
0.9999965064631036,0.999996537061031,0.99999722619798,0.9769904577845904,0.9771982508701307,0.9817683767925851,0.9914824171761906,0.9922907024209493,0.9967205945876788,0.9896251649442543,0.9907624656844821,0.995610106110965,0.9895204663226732,0.9903746259935995,0.9957704617642634,0.9888251925099213,0.9901026087933176,0.9954292652016594,0.9883213254586599,0.9903715167114451,0.994476180401605,0.9880446413378506,0.9900358190303638,0.9942732501578588,0.987601231576997,0.9904389663361057,0.9936638641741085,0.9878660828982155,0.989150096802343,0.995023916929969,0.9876861960989337,0.9891578060879859,0.9950212590939497,0.9875237926878156,0.9878843251226657,0.9944516779058434,0.9895189364934565,0.9900641650208764,0.9956625431521766,0.9894587490398216,0.9903746547180213,0.9959475219617501,0.9875241167613518,0.9876135847491028,0.9943328773047388,0.9875238768873867,0.9873952189519015,0.9942792787431912,0.987408817107165,0.9861456670161199,0.9942135920029131,0.9873995724353322,0.9863763528923661,0.9940515287521963,0.9873951635656399,0.9858824300577091,0.9942082788789746,0.9872080335992793,0.9903420699750934,0.9930127296332075,0.9870079527098419,0.9902225442221225,0.9928053972091265,0.9872137349265632,0.990342121037522,0.9927208034228944,0.9874473755915626,0.9904613990690158,0.9934067575333129,0.9874341942090906,0.9907521276085783,0.9933739006335951,0.9863348370659472,0.9902533199009824,0.9921585302333503,0.9863012814337505,0.9902533398453249,0.9920895874275779,0.9863220899200227,0.9906081192485549,0.9919364380529136,0.9859399485999989,0.9897502226425231,0.9917555284686997,0.9858740554833867,0.989750312231895,0.9917684406806241,0.9859385035830587,0.9897502425764498,0.9915923960282608,0.9865906222267316,0.9893263980053116,0.9950048670739764,0.9878966417334406,0.9897883473053285,0.9940754191740461,0.9864267120540297,0.9901086799348755,0.992427474811686,0.9858879905834526,0.9898552622957205,0.992126779377525,0.9860542141306159,0.9897498817531499,0.9919498415292689,0.9877124892960245,0.9896179844185036,0.9938859251468245,0.9879214849360228,0.9896928291274177,0.9940798910617951,0.9952937642019223,0.9955071455327635,1.0001643947082934,109.0
0.9999965256764758,0.9999966072516313,0.9999972097623071,0.9771115474251695,0.9776614106240737,0.9816598107231884,0.9916574772838692,0.992820114041493,0.9965958435578935,0.989820165586914,0.9912897370775592,0.9955113093018579,0.9897133044035049,0.9908990905619384,0.9956752364507349,0.9890246507564632,0.9906248708699019,0.9953356343133346,0.9885317911911918,0.9909060847307991,0.9944020151457442,0.9882579525083276,0.9905726978997597,0.9942005126442587,0.987816915775394,0.9909744173482457,0.9936065099300438,0.9880703091316139,0.9896651207792354,0.9949333697556415,0.9878912541015362,0.9896724070871147,0.9949307481571675,0.9877300677872465,0.9883895970994907,0.9943658609602849,0.9897121233132522,0.990586384183496,0.9955677294231084,0.9896500299373532,0.9908991193015824,0.9958541319394202,0.9877304668096701,0.988117736471832,0.9942473487236436,0.9877302617620333,0.9878986148614693,0.9941942500320112,0.9876143443788574,0.9866350013881972,0.9941283006206698,0.987605108670788,0.9868655459648926,0.9939665540426654,0.9876005918233649,0.9863697088744999,0.9941230103662064,0.9874285601193968,0.9908779554482281,0.992966797319953,0.9872310957289299,0.990758569032791,0.9927653813948407,0.9874344300309223,0.9908780065382529,0.9926768290670153,0.9876649046268229,0.990997145832192,0.9933536603503533,0.9876516330629855,0.9912885033923736,0.9933201432718235,0.9865582774517101,0.9907864205996363,0.9921326939897059,0.9865235258102107,0.9907864405546911,0.9920656567466121,0.986545410517942,0.9911382746602604,0.9919075226313747,0.9861729925585542,0.9902833754715712,0.9917404284957367,0.9861067287958275,0.9902834651090592,0.991754261795082,0.9861717029343248,0.9902833954162046,0.991579681943984,0.9868003098279281,0.9898397272534898,0.9949144473837406,0.988111784799103,0.9903269004643634,0.9940029644641504,0.9866533091174668,0.9906429773241088,0.9923979360531325,0.9861201827814621,0.9903882888181613,0.9921038028979096,0.9862867714871357,0.990283034399114,0.9919307980405662,0.9879283001660714,0.9901570096495971,0.9938139278913686,0.9881372555228879,0.9902322827901003,0.9940074023742137,0.9954173297147856,0.995979226667169,1.000053726136845,110.0
0.9999965554134047,0.9999966597434815,0.9999971989033768,0.977304146107432,0.9780088561039876,0.9815878553784174,0.9919014083292768,0.9932107392476465,0.9965151950150559,0.990083472617507,0.991669316410462,0.9954563333369294,0.9899757685906756,0.9912742926336077,0.995623104308855,0.9892908150913592,0.9909976298723736,0.9952849097161917,0.9888108870993928,0.9912843236130136,0.9943742404908574,0.988537282862193,0.990950114258951,0.9941731631922768,0.9881015565553269,0.9913485348110026,0.9935991903429046,0.9883409002422261,0.9900280252569651,0.9948850246150469,0.9881625810933827,0.990034648057229,0.9948824417709239,0.9880024795116993,0.9887400439529545,0.9943211812621957,0.9899748997355421,0.9909580844923754,0.9955150785805483,0.9899117560632235,0.9912743213841487,0.9958040963381393,0.9880029874868326,0.9884669731268624,0.9942033850561302,0.988002833438529,0.9882471043570887,0.9941511987940425,0.9878850539285255,0.9869638163357612,0.9940801906878107,0.9878757746449641,0.9871932706487931,0.9939173051802308,0.9878710861633184,0.9866958753189884,0.9940746381347695,0.9877152718149014,0.9912482581195053,0.9929724220647975,0.9875188962927349,0.9911264299220143,0.9927778425972855,0.9877209477453339,0.9912483092285864,0.9926844811453326,0.9879503216976887,0.9913698909405516,0.9933511168574215,0.9879369460733417,0.9916617129783215,0.993316615855839,0.986845215104131,0.9911481325927649,0.9921628866341377,0.9868096564605574,0.991148152555076,0.9920983037685841,0.9868322884228158,0.9914980269335718,0.991936045956739,0.9864623886907092,0.9906375122529287,0.991779954255148,0.9863963824212603,0.9906376019223004,0.9917951008587108,0.9864599766569755,0.9906375322046559,0.9916210336209049,0.9870755935287917,0.9901994156511214,0.994866276570636,0.9883916066352821,0.9907039698776164,0.9939754867769088,0.9869423674601628,0.9910054854130582,0.9924224264806919,0.9864116920626664,0.9907451744632993,0.9921351959865453,0.9865764822265413,0.9906371710591542,0.991966347358148,0.9882079394896406,0.9905337669730723,0.9937861911368279,0.9884168581608721,0.9906090302923973,0.9939799377911145,0.9956137279179031,0.9963333331309852,0.9999803787314364,111.0
0.9999965981595208,0.99999670008112,0.9999971952424092,0.9775827273452152,0.9782757528700594,0.9815619639188647,0.9922445598601434,0.9935119041026478,0.9965001744396532,0.9904438300292174,0.9919587954692489,0.9954709280626148,0.9903356163497876,0.9915599651536798,0.9956419829755098,0.9896541249323041,0.9912815500501273,0.995306816735669,0.989183707665108,0.9915715284953879,0.994415766120417,0.9889107187147259,0.9912368009117049,0.9942148705769542,0.9884761283556776,0.9916303014946573,0.99366080319955,0.9887081009465423,0.9903039206835242,0.9949133041001724,0.9885306010324508,0.9903101116537786,0.994910856806036,0.9883703851074547,0.9890051507567922,0.9943587993232503,0.9903351082288859,0.9912407119936383,0.9955348098817006,0.9902710291275331,0.9915599939125188,0.9958249071685928,0.9883709499048161,0.9887301237346613,0.9942408149024856,0.9883708211961377,0.9885087930653937,0.9941888606214737,0.9882534628849685,0.9872154118583805,0.9941309588327415,0.9882442274622032,0.9874454612323207,0.9939691702990954,0.9882395537597819,0.9869456171807978,0.9941269539405528,0.9880919231480764,0.99152542933729,0.9930487479370322,0.987896853734035,0.9914008175483402,0.9928623559015914,0.9880970403635897,0.9915254804606207,0.992762751658675,0.9883256582652148,0.9916498462570444,0.9934179333166795,0.9883121064135413,0.9919414563840663,0.99338121606219,0.9872248924745723,0.9914187432141282,0.992270616757339,0.9871890383255046,0.9914187631818632,0.9922089274946941,0.9872121043905235,0.9917703751526205,0.9920472126834893,0.986843715494318,0.990900480336938,0.9918942552063467,0.9867777730082927,0.9909005700299482,0.991910647415231,0.9868403422437637,0.9909005002939242,0.9917373795519078,0.9874480508026232,0.9904734683752625,0.9948947754182264,0.9887654381770931,0.9909905289749934,0.9940168210274711,0.9873227549866473,0.991275389092021,0.9925212382413489,0.9867943844928035,0.9910096413890327,0.9922411332862546,0.9869581004150679,0.9909001390532186,0.9920765179382576,0.9885811973347571,0.9908196606503753,0.9938269631657349,0.9887912995257772,0.9908964845941838,0.9940212386221469,0.9958977602855962,0.9966053519699051,0.9999540289924773,112.0
0.9999966252232427,0.9999967335522971,0.9999972000475497,0.977761065475779,0.9784982521447484,0.9815945440683856,0.9924487416121751,0.9937546439343005,0.9965317835410165,0.9906690219075354,0.9921925063922311,0.9955445118657433,0.990562154291784,0.9917902459069583,0.9957217259673091,0.9898805848594339,0.9915086841746386,0.9953882886731262,0.9894269508443281,0.9918085265599944,0.9945308274173287,0.9891549814058231,0.9914740036492921,0.9943306821230177,0.9887247330037582,0.9918678449715204,0.9938078155169455,0.9889364087502104,0.9905215602847,0.9950016903117405,0.98875942954952,0.9905273604815066,0.9949993571511033,0.9885981257150463,0.9892098912250882,0.9944575247836076,0.9905619437025788,0.9914682489585062,0.995616201285093,0.9904981531898657,0.9917902746724844,0.9959071105693847,0.9885988088575156,0.988933292471078,0.9943402642478528,0.988598735301625,0.9887109570248335,0.9942893051519289,0.9884802559075065,0.9874002317738362,0.9942365142450886,0.9884710457008091,0.9876306307026171,0.9940753600632547,0.9884662191028742,0.9871277856507826,0.9942333060471621,0.9883458143550895,0.9917636313435774,0.9932185403768643,0.988153643988884,0.9916394955083448,0.9930443946424073,0.988350699714688,0.991763682479166,0.9929360184277866,0.9885762602934478,0.9918875726586822,0.993573231837423,0.9885625280871141,0.9921788415114674,0.9935342010966467,0.9874819366550376,0.9916576471003703,0.99248449018847,0.9874443699444228,0.9916576670729033,0.9924265429758012,0.987469214122936,0.9920096953962831,0.9922626216080155,0.9871134886507187,0.9911394031582094,0.9921235211540705,0.9870474159153534,0.9911394928727609,0.9921415488871798,0.9871102724492373,0.9911394231199895,0.9919709882338689,0.9876796636132672,0.9906896784504862,0.9949833391533092,0.9890102063103431,0.9912279775763511,0.9941325803132866,0.9875842227997017,0.9915141232426554,0.9927247609923756,0.9870614506843972,0.991248407270768,0.9924561593164092,0.9872265923195895,0.9911390617925244,0.9922986604965967,0.9888258933710261,0.9910569896497348,0.9939426364913413,0.9890360972383194,0.9911339994888346,0.9941369955899564,0.9960795370077652,0.9968320809936189,0.9999872015172763,113.0
0.9999966346169378,0.9999967588281364,0.9999972059528678,0.9778252018915694,0.9786675494595388,0.9816367121121343,0.9925035462102197,0.9939301534859052,0.9965566292507416,0.9907468929786307,0.9923592114006236,0.9956218822119555,0.9906388283447681,0.9919528800309011,0.9958026329229331,0.9899606680798166,0.9916687467613962,0.9954748023613501,0.9895262156047737,0.9919794328901195,0.9946638779445679,0.9892550779320061,0.9916460420943547,0.9944645649644845,0.9888310227651737,0.9920408019227356,0.9939853097470842,0.9890191452599514,0.9906720342119192,0.9950964325758789,0.9888425765426866,0.9906777987102522,0.9950941778202167,0.9886826757025535,0.9893457082237058,0.9945649161498089,0.990638790341487,0.9916276267419614,0.9956982034152831,0.9905739808891459,0.991952908801146,0.9959893195306125,0.9886834038378934,0.9890668667248564,0.9944472025361827,0.9886833497241467,0.9888428265381188,0.9943962928266691,0.9885620618500559,0.9875142458288197,0.9943496982581463,0.9885528166331718,0.9877435620211864,0.9941875415241866,0.988547672554431,0.9872391289713677,0.9943474096462661,0.9884566140915355,0.9919383980667846,0.9934260033248784,0.9882664265124375,0.9918153881211564,0.9932674538484277,0.9884617133132375,0.9919384492113786,0.9931483405350271,0.9886842678197353,0.9920612135732051,0.9937620342063475,0.9886704482585014,0.9923524240852378,0.9937219444186548,0.9875933800052604,0.9918361226796534,0.9927487952978212,0.9875538623091661,0.9918361426557798,0.9926959200638031,0.9875807373438632,0.992188835555361,0.9925288474558348,0.9872366102394314,0.9913205494439636,0.9924055337179246,0.9871713000287853,0.9913206391748975,0.992425998402616,0.9872322306841349,0.9913205694093903,0.9922577607147827,0.9877650615242796,0.9908412438896778,0.995078131045305,0.9891109746011747,0.9914007713193296,0.9942667107082105,0.9877007036469938,0.9916923282323974,0.9929751020391956,0.9871822348456141,0.9914291659755042,0.9927205208676907,0.9873487214583678,0.9913202080159433,0.9925718355491651,0.9889270819599505,0.9912301875912537,0.9940771417951465,0.9891372674239185,0.9913074084249133,0.9942711020673839,0.9961448497988818,0.9970045522243944,1.0000300828160833,114.0
0.999996626436656,0.9999967728562524,0.9999972027525948,0.9777741097342453,0.9787630172781199,0.9816198789612702,0.9924207050076793,0.9940197664766507,0.9965057960997747,0.990682323247285,0.9924364894220344,0.9956167671971938,0.990573829959886,0.9920255806391893,0.9958008227971628,0.9898968844422726,0.9917390687550867,0.9954782374917046,0.9894786775007476,0.9920574580298684,0.9947069358641306,0.9892095912559546,0.9917253974084971,0.9945096135037684,0.9887854221182862,0.9921171864388748,0.9940652005955256,0.9889571137009046,0.9907323176058304,0.9951081841455269,0.9887807524222052,0.9907379222569677,0.99510602776477,0.9886221327357401,0.9893915081928338,0.9945893358990331,0.9905739302469444,0.9916966658059029,0.9956970660998401,0.9905086228546233,0.9920256094115458,0.9959889892110192,0.988622917590954,0.9891104233727999,0.9944713025770683,0.9886228885511497,0.9888847065402236,0.9944205661588502,0.9884998971805371,0.9875392027743807,0.9943829050207627,0.9884906832875683,0.9877679936072116,0.9942213516576416,0.988485291342868,0.9872614527678298,0.9943816736201558,0.988413325828253,0.992014171004073,0.9935318467736417,0.9882245695637687,0.9918910959014354,0.9933873535119452,0.9884174184988636,0.9920142221525633,0.9932577618756074,0.9886395257061148,0.992137051713079,0.9938513954734993,0.9886255520267225,0.9924267462338469,0.9938088174444029,0.9875516369354668,0.9919120059705779,0.9929063605516554,0.9875110369934386,0.9919120259482275,0.992858492735544,0.9875390075972842,0.9922640705876931,0.9926865919377519,0.9872038164070162,0.9913985138691861,0.992578959504641,0.9871393337925619,0.9913986036071517,0.9926016965295492,0.9871985073570207,0.9913985338361778,0.9924355220331896,0.9877042412257759,0.9909015967574798,0.9950899851874162,0.9890662639287547,0.991480951247519,0.9943122978897457,0.9876617670930636,0.9917684746937974,0.9931195779487796,0.9871463008918738,0.9915060158582907,0.99287788404423,0.987314761696123,0.9913981724144086,0.9927371951587107,0.9888832365651004,0.9913112145272944,0.9941235104670302,0.9890926450468066,0.9913877638344595,0.9943166818983011,0.9960926954596627,0.9971017645622972,1.0000128021294945,115.0
0.9999966033793268,0.9999967786019347,0.9999971973631058,0.9776254761704951,0.9788038716723575,0.9815894874574312,0.992221329901711,0.9940481174054149,0.9964336699264854,0.9904968931215771,0.9924483567502267,0.9955843955156866,0.9903859794201484,0.9920309786369085,0.9957677344736405,0.9897113467488287,0.9917452120398174,0.995454529422728,0.9893087354722259,0.9920639383238146,0.9947174459695618,0.9890411056731279,0.9917324331413884,0.9945217882367426,0.9886165801478154,0.992117055790463,0.9941094365150418,0.9887728955951731,0.9907302060423696,0.9950937630849155,0.9885967904815511,0.990735938679326,0.9950917904194241,0.9884387004048432,0.9893762306317432,0.9945886221585193,0.9903860821813771,0.9916968885612231,0.9956626034725625,0.9903193192293859,0.992031007409422,0.9959565033689843,0.9884395413133792,0.9890928880257479,0.9944702498294546,0.988439537030081,0.9888654852166325,0.9944196727837012,0.9883169317610887,0.9875068217292775,0.994397326272897,0.9883077971509321,0.987735494169811,0.9942375398213914,0.9883023742603345,0.987226862778562,0.9943977967446561,0.9882421158456779,0.9920093468332677,0.993598201169469,0.9880521226549253,0.9918837815892898,0.9934657251194121,0.9882449500754025,0.9920093979814951,0.9933270362013095,0.9884697501276265,0.9921347176556393,0.9939036896475508,0.9884556625046683,0.9924224714031443,0.9938589280363725,0.9873738082226243,0.9918996124346798,0.9930168169450854,0.9873319895721351,0.9918996324120705,0.992973168761091,0.9873611882570976,0.9922510040124622,0.992797147691461,0.9870255278208808,0.9913787760043625,0.9927025648976147,0.9869610665812001,0.9913788657404854,0.9927270142473015,0.9870190379304079,0.9913787959709429,0.9925626708257881,0.9875217468428599,0.9909013689170829,0.9950756937378267,0.9888980631486676,0.991488301084641,0.9943247651549008,0.9874871019473314,0.991756354488362,0.9932190256636696,0.9869690697697854,0.9914886056036619,0.9929881974198375,0.9871365905732268,0.991378434556597,0.9928542312638416,0.9887155167986952,0.9913190651447888,0.9941363964232844,0.9889240467774971,0.991394577023069,0.9943291688764889,0.9959411053947871,0.9971433171373925,0.9999816851209185,116.0
0.9999965841414518,0.9999967831281161,0.9999971853295457,0.9775008194753662,0.9788362007452247,0.9815142869658608,0.9920592486021627,0.9940697904959708,0.9963185973759842,0.9903527740150647,0.9924564934448918,0.9955063913476173,0.9902419759205878,0.9920350191447371,0.9956935156719362,0.9895700468269822,0.9917475264887373,0.9953840713566832,0.9891788176191995,0.9920694427493956,0.9946786064958514,0.9889116045004029,0.9917381477963665,0.9944835347081591,0.9884902693549344,0.9921201742520587,0.9941031121521625,0.9886343156587232,0.9907241206164318,0.9950300042963137,0.9884585781282499,0.9907301887741806,0.995028111249449,0.9883027697565292,0.9893555686118698,0.9945352271855216,0.9902421926581002,0.9916976526113319,0.9955895447821766,0.9901753006907924,0.9920350479173677,0.9958836871671535,0.9883037755650368,0.9890709159131202,0.9944182411627956,0.988303849004175,0.9888428322942004,0.9943692184229727,0.9881813420396992,0.9874617678251323,0.9943478593616853,0.9881722283507913,0.9876889696812008,0.9941882431489368,0.9881668256658213,0.9871788615993151,0.9943488228048832,0.9881166978073638,0.9920111702859797,0.9936134847575468,0.98792671920249,0.9918851055210524,0.9934922938449104,0.9881196276872546,0.9920112214343082,0.9933456815835532,0.9883437835723673,0.9921370404369261,0.9939055584673309,0.9883296988310681,0.9924233428876341,0.993860226774568,0.9872471546403364,0.9918996231976803,0.9930759087507776,0.9872050410020834,0.9918996431750757,0.9930364036723158,0.9872347162172361,0.9922537060066906,0.992860893990262,0.9868970072051362,0.9913738580528881,0.9927696421470457,0.986832160660117,0.9913739477885734,0.9927954480243703,0.9868897328158864,0.9913738780193702,0.9926329504290374,0.9873857463454113,0.9908990016459724,0.9950118900354311,0.9887684818902159,0.9914941375714836,0.994286402583035,0.9873611406847308,0.991755270922578,0.9932654568496858,0.9868409191174861,0.9914842318843439,0.9930439030738965,0.9870083016442177,0.9913735166067885,0.9929156433316537,0.9885858326045192,0.9913248112580741,0.9940979048537909,0.9887945070708865,0.9914005072237688,0.9942908021545478,0.9958139865104104,0.9971761949964172,0.9999049286543991,117.0
0.9999965478814811,0.9999967849862891,0.9999971772174957,0.9772646567815567,0.9788505592046175,0.9814662270997755,0.9917634440457123,0.9940737798653916,0.9962263289261782,0.9900677735456908,0.9924450329355222,0.9954464796886492,0.9899547774784686,0.9920187064569268,0.9956344755691074,0.9892869923574386,0.9917294711281124,0.995332384204291,0.988901547439501,0.9920546328672212,0.9946520589352643,0.9886340248683708,0.991724011570453,0.9944573767054832,0.9882127605553013,0.9921019766364328,0.9941035525785122,0.9883522079413173,0.9906965521084535,0.9949860277741487,0.9881763547371707,0.9907022688155228,0.9949842464478073,0.9880225710678238,0.9893156155033597,0.9945028558565343,0.9899550121842897,0.9916774585871598,0.9955306735737616,0.9898867708334178,0.9920187352290829,0.9958250449222943,0.9880236470545778,0.9890290156234237,0.9943858230222852,0.9880237523108709,0.9887995299097685,0.9943371657475095,0.9878994133244623,0.987405125859677,0.9943265058599432,0.9878903355286319,0.9876310486918305,0.9941674628094578,0.987884665619943,0.9871202479137178,0.9943288220410013,0.9878384420611075,0.991990673713833,0.9936318624538641,0.9876479479689338,0.9918634395271964,0.9935199932390311,0.987840740759148,0.9919907248611102,0.9933664876086558,0.9880660016590221,0.9921177131779261,0.993912971865145,0.988051985425275,0.9924028185101125,0.9938680038945419,0.9869654644621939,0.9918758707009664,0.993128908004328,0.9869225300671104,0.991875890677885,0.9930925704858662,0.9869530949092413,0.992230612514527,0.9929156515848164,0.9866183416968656,0.9913451089891542,0.9928333241955919,0.9865534935649207,0.9913451987222328,0.9928605163230921,0.9866109734936722,0.9913451289550559,0.9926997308332843,0.9871028946498639,0.9908703124561052,0.9949680694934074,0.9884911683921405,0.9914803718651458,0.9942605368830283,0.9870815560311098,0.9917312503268945,0.9933095084136373,0.9865611555755415,0.9914574165755841,0.9930967244088789,0.9867288320988933,0.9913447675529728,0.9929739599829592,0.9883090382213282,0.9913115930832725,0.9940724724078706,0.9885170883218676,0.9913866310054174,0.9942649395490836,0.9955731968704263,0.9971907699157808,0.9998558086614429,118.0
0.9999965080399364,0.9999967829980335,0.999997166618661,0.9770052872977172,0.9788396685212152,0.9814021768160905,0.9914392435424421,0.9940481209442747,0.9961141098822086,0.9897553438397756,0.9924060728668007,0.9953612605082256,0.9896425549986526,0.9919749958011349,0.9955514078309557,0.9889741444772471,0.9916840682799744,0.995252505945292,0.9886007110290413,0.9920141584057804,0.9945964589286509,0.988333554585753,0.9916836749842594,0.9944026713364374,0.9879157005636793,0.9920606567648167,0.9940723703989559,0.9880395137179381,0.9906418525279648,0.9949111912371059,0.9878636448876748,0.9906473310919958,0.9949095282295425,0.9877100691746308,0.9892481678070558,0.9944354616196981,0.9896427415124438,0.9916299478587792,0.9954476923678142,0.9895747097861786,0.9919750245720216,0.9957432045630916,0.987711219730627,0.9889598246258955,0.9943185215922613,0.9877113590992239,0.9887291107699758,0.9942703163879317,0.9875863323065008,0.9873186333418257,0.994264896836139,0.9875772830361065,0.9875432098261119,0.9941062503366962,0.9875715045614631,0.9870314862395336,0.9942679114079569,0.987544010457619,0.9919492497867708,0.9936168825400897,0.9873553514606821,0.9918221936518203,0.9935135475320052,0.9875452949110968,0.9919493009319215,0.9933533191946683,0.9877699712433318,0.9920761111719979,0.9938881520814697,0.98775604590589,0.992360035609109,0.9938438230935157,0.9866757757642359,0.9918346941402735,0.9931454642436562,0.9866326447691496,0.9918347141163668,0.9931121719826977,0.986663419274222,0.9921891335604954,0.992932517489445,0.9863341576928945,0.991304653268002,0.9928593355721239,0.9862694435351251,0.9913047429974342,0.9928878554471708,0.9863269739229573,0.9913046732330925,0.9927285577628016,0.9867900196000415,0.9908149435615368,0.9948933845524189,0.9881907324138561,0.991440062241474,0.9942060202750693,0.9867923729363496,0.9916901965459657,0.9933180227855221,0.9862740814369755,0.9914166827931583,0.9931130146254158,0.9864435158603071,0.9913043118456955,0.9929951049348104,0.9880089470117251,0.9912716624064041,0.9940182260412034,0.9882164551321104,0.9913460970268649,0.994210430307109,0.995308746717413,0.9971796055235252,0.9997903854605606,119.0
0.9999964651611526,0.9999967846688608,0.9999971562685779,0.9767252894372702,0.9788524128558673,0.9813397195168235,0.991095673519469,0.994052881578591,0.9960048147886033,0.9894234745652668,0.9923993709518338,0.9952751829968766,0.9893091453287093,0.9919643453668014,0.9954674779246292,0.9886430143859634,0.9916731167705893,0.9951721065399688,0.9882807951303603,0.9920048568923704,0.9945335574161472,0.9880144504612035,0.9916742845090492,0.9943409065782712,0.9875998519608268,0.9920486375064497,0.9940282087161461,0.9877108477295986,0.9906247725271216,0.9948368375049845,0.9875353547493839,0.9906305460488971,0.9948353211312899,0.987383388308205,0.9892201390651088,0.9943699713336726,0.9893091107808691,0.9916161391190078,0.9953648469398676,0.9892405424887235,0.9919643741373819,0.9956597511961425,0.9873846252635212,0.9889303507602828,0.9942533821888822,0.9873848046857138,0.9886986751114324,0.9942058057930467,0.9872609715077086,0.9872745707554512,0.9942077226641742,0.9872519370478179,0.9874977082278812,0.9940491664065394,0.9872463136126683,0.9869855619588987,0.994211813938376,0.9872304731028633,0.9919362114257866,0.9935855690718081,0.9870434208153741,0.9918090419404707,0.9934893507893182,0.9872309301049498,0.991936262570259,0.9933236231395823,0.9874549983745173,0.9920631862192081,0.9938485645326379,0.9874410088864609,0.992344606586489,0.9938024453045411,0.9863676955912901,0.9918200555263792,0.9931410177356073,0.9863250038209461,0.9918200755021731,0.993110734732222,0.9863552836594747,0.9921729842730268,0.9929266229393914,0.986028383725479,0.9912893039283444,0.9928628320980748,0.9859637350040591,0.9912893936563625,0.9928925389015694,0.9860213198139245,0.9912893238931202,0.9927344291120724,0.9864643233758419,0.9908012468766768,0.994819080372707,0.9878716062316785,0.9914305630172662,0.994144386771228,0.9864831732181214,0.9916761719238221,0.9933063413449056,0.9859664318212019,0.991402019772132,0.9931080915588867,0.9861368684252987,0.9912889625114188,0.9929944166576526,0.9876900866569285,0.9912624597451335,0.9939567725783955,0.9878971541013174,0.991336415278705,0.9941488024398838,0.9950232877048464,0.997192547876027,0.9997265911906701,120.0
0.9999964214620514,0.999996784088913,0.9999971443952088,0.9764403157221981,0.9788507618885895,0.9812677037857763,0.990743783978068,0.9940391858080697,0.9958826670941809,0.9890813937433146,0.9923718986168442,0.9951724200900313,0.9889665722315162,0.9919328272070282,0.9953647190263671,0.9883011244320615,0.9916399792027153,0.9950739049752582,0.9879481615651269,0.991972335059685,0.9944523184975294,0.9876823798475588,0.9916420735800906,0.9942602294417251,0.9872692274680958,0.9920104201943862,0.9939649106662101,0.9873681664428046,0.9905834584601773,0.9947421171730899,0.9871927077806011,0.990588917328763,0.994740775169045,0.9870389311447691,0.9891680778939644,0.994279871783343,0.9889668465925063,0.9915813845487906,0.9952614338154817,0.9888974428694123,0.9919328559766987,0.9955574867131941,0.9870402024360988,0.9888766091763159,0.9941629048940329,0.9870403967804596,0.9886436644807667,0.9941153334733057,0.9869170400291077,0.9872069715834265,0.9941228330820936,0.9869080000549958,0.9874284976435032,0.9939638777408504,0.9869024515862891,0.986916192561656,0.9941276725109829,0.9868989257232728,0.9918940056626459,0.9935335946637613,0.9867111036744386,0.9917647462640337,0.9934432647087965,0.9868992465496469,0.9918940568049384,0.9932734737207171,0.9871240218043371,0.9920230704343547,0.9937895130349764,0.9871100468900418,0.9923027140840461,0.9937428656328945,0.9860315963903377,0.9917711992681933,0.9931099983858535,0.9859880176237231,0.991771219242997,0.9930814599119107,0.9860191990669008,0.9921239072461646,0.9928959894017017,0.9856928163256494,0.9912331468387984,0.9928397278903529,0.9856285202062968,0.9912332365616865,0.9928706579742265,0.9856850649210984,0.9912331668024312,0.9927128385850094,0.9861218492240109,0.9907584253043272,0.9947246055041952,0.9875396779064637,0.9913985332967878,0.994063734546113,0.9861493743306156,0.9916274052834738,0.9932706312444827,0.9856313414472322,0.9913482227626901,0.9930781160983548,0.9858011860526067,0.9912328054413915,0.9929679560277745,0.9873582953140551,0.991230602760033,0.9938761822714047,0.9875651148648736,0.9913043031976241,0.9940681519924105,0.9947327472966495,0.9971908079574373,0.9996530473055203,121.0
0.9999963652782395,0.999996791118084,0.999997136082042,0.9760732170974922,0.9788986877255296,0.9812207228259933,0.990296357429221,0.9940850012322553,0.9957814149875274,0.9886444805738572,0.9924113117566534,0.9950908082857483,0.9885302163037704,0.9919684830325899,0.9952842158870159,0.9878649359989011,0.9916765778753119,0.9949986208982101,0.9875203344904631,0.9920129764845311,0.9943884895557102,0.9872550508212893,0.9916836338960938,0.9941962346662115,0.9868456397505682,0.9920505615550894,0.9939161884152331,0.9869336977713804,0.9906160018816962,0.994673852833912,0.9867586308613983,0.9906214711360795,0.994672574697163,0.9866048560930692,0.9891941315028779,0.9942223222414243,0.9885306474073794,0.9916140347884559,0.9951806024937864,0.9884613043861836,0.9919685118032932,0.9954778960744095,0.9866062319671453,0.9889017945228177,0.9941061423931431,0.9866064756172307,0.9886683957945955,0.9940594843733326,0.9864833764511654,0.9872251737075661,0.9940778554024009,0.98647435777969,0.987445824330413,0.993919304785099,0.9864688383449771,0.9869335116642206,0.9940842750911753,0.9864812451212793,0.9919345248300214,0.9934963062874671,0.9862958382638306,0.9918058098936139,0.9934115225298973,0.9864832088069149,0.9919345759743939,0.9932389432197464,0.9867027115737107,0.9920630453374658,0.9937451459406528,0.9866887641868605,0.9923411693472445,0.9936982913368024,0.9856202751815718,0.9918111556139836,0.993093266826959,0.9855768079444427,0.9918111755895854,0.9930668308175293,0.9856078476345479,0.9921628433610843,0.9928785517510981,0.985285711642408,0.9912725092054061,0.9928296489823362,0.9852213890401291,0.9912725989318125,0.9928615358865844,0.9852782036285889,0.9912725291698221,0.9927046050870864,0.9856895305777312,0.9907912502348528,0.9946564333033615,0.987112708921708,0.9914407170043547,0.9939995345027238,0.9857377755977866,0.991667776213295,0.9932487209899281,0.9852224543429237,0.9913880522001361,0.993061504684488,0.9853933290143879,0.9912721677946125,0.9929546278156278,0.9869312122407039,0.9912727233083168,0.993811767643824,0.9871384859937983,0.9913470526023473,0.9940039284566033,0.994358501022002,0.9972396135286338,0.9996049932059814,122.0
0.9999963103022663,0.9999967983174338,0.9999971287366227,0.975714386728153,0.978947898413492,0.9811804656362991,0.9898573244506248,0.9941316136365379,0.9956876086475135,0.9882203421404212,0.9924521083163486,0.9950145027943532,0.9881068064354486,0.9920055674601564,0.9952099855402896,0.9874438603563949,0.9917142765021837,0.9949277998239954,0.9871071194480051,0.9920557072703976,0.99432856760343,0.986843611576635,0.9917277388993041,0.994136467627343,0.9864367268093539,0.9920919909854388,0.9938697865050141,0.9865172033819142,0.9906492315965693,0.9946087935508658,0.9863432299119258,0.9906549575959915,0.9946076774740151,0.986189112295905,0.9892182594923081,0.9941655216303273,0.988107467004849,0.9916481499065368,0.9951069096877904,0.9880381602212245,0.9920055962319396,0.9954045089174779,0.9861905551783167,0.98892448922628,0.9940494319750436,0.9861908296256787,0.9886900962188946,0.9940031615438867,0.9860689713572984,0.98723766672306,0.994032569460504,0.9860599730677142,0.9874564781145874,0.9938741853397925,0.9860546046777937,0.9869447804801882,0.9940404705175979,0.9860770658769382,0.9919757161900339,0.9934593910360972,0.985893980611148,0.991847196999785,0.9933791949005563,0.9860796353077422,0.9919757673365149,0.9932038511694203,0.9862956431933364,0.9921040414637585,0.9937025569103908,0.9862818131322906,0.9923804999067278,0.993656502845257,0.9852225541059166,0.991854270432969,0.9930741185357854,0.9851787775382158,0.9918542904094282,0.9930491587904879,0.9852102616132722,0.9922067608952114,0.9928627546207681,0.9848926710859089,0.9913164647293058,0.9928129434711455,0.9848273853898414,0.991316554459607,0.9928452241849415,0.9848850582515564,0.9913164846945893,0.9926892020253713,0.9852805005581041,0.9908272222576604,0.9945915035057401,0.9867022986287801,0.991485826392488,0.993939667611504,0.9853408041359414,0.9917105640450643,0.9932243738575542,0.9848304105384214,0.9914323854239453,0.9930405795693182,0.9850009732810114,0.9913161233036937,0.9929358275495151,0.9865208507982146,0.9913179273886072,0.9937518417879074,0.986728599026135,0.991392991005919,0.9939440280187012,0.9939926782932486,0.9972897254453945,0.9995637907676262,123.0
0.9999963315993958,0.9999968017032321,0.9999971270118134,0.9758561738105097,0.9789726414436827,0.9811696260792511,0.9900122598510377,0.9941469965219734,0.9956735058620166,0.9883930051483842,0.9924573618309755,0.995014993894873,0.988281070230005,0.9920081847459044,0.9952148632574288,0.98761731590162,0.9917127484033901,0.9949311770194668,0.9872967564280052,0.9920614346051059,0.9943439518115755,0.9870326695235689,0.9917317990081382,0.9941502273399475,0.9866385572640864,0.9920975563671778,0.9939003789211781,0.9866938594162366,0.9906379082518514,0.9946154729780023,0.986520805013273,0.9906429163286179,0.9946146156223378,0.9863642054344656,0.989194674546524,0.994176002099323,0.9882821472972951,0.991648658842461,0.995114200831719,0.9882130725884654,0.9920082135177762,0.9954102097610651,0.9863657366851861,0.9888993757999451,0.9940603407931117,0.9863660519809604,0.9886639480440083,0.9940147829016159,0.9862445665685354,0.9871952598339324,0.9940481990644779,0.98623558511856,0.9874112913482116,0.9938895209656535,0.9862302626787012,0.9869003598169745,0.9940568250303619,0.9862881845315036,0.9919818357691492,0.9934994287340942,0.9861109740129879,0.9918539249753744,0.9934238413656237,0.9862900557851064,0.9919818869159306,0.9932448335356104,0.986501098957688,0.9921095535795978,0.9937372891206946,0.9864875274741419,0.9923847137528049,0.9936937051412498,0.9854513975523622,0.9918633038006383,0.9931315643937343,0.9854078047737007,0.9918633237772645,0.9931081173191186,0.9854392165375968,0.992215080260613,0.9929224059143714,0.9851322405086335,0.9913298413475554,0.9928735217812008,0.9850666164967603,0.9913299310789566,0.9929063877015795,0.9851247955235884,0.9913298613130855,0.9927511004647103,0.9854632661711902,0.9908119478042761,0.9945986155480954,0.9868912566210266,0.9914890884986689,0.9939524814337649,0.9855691243053109,0.991719886607955,0.9932769905373449,0.9850687735905136,0.991445032339887,0.9930967621316539,0.985240336597708,0.9913294999177568,0.9929941937581394,0.9867083089705889,0.9913197135540128,0.9937632898461024,0.986917686970374,0.9913965216947694,0.993956831705148,0.9941371657043284,0.9973148826180022,0.9995527276598685,124.0
0.9999964196779697,0.9999968024983099,0.9999971374841304,0.9764372856167532,0.978981270639629,0.9812332355541326,0.9906815948725696,0.9941395607746828,0.9957809132096672,0.9890819185032071,0.9924379329919059,0.9951335606171681,0.9889706314274762,0.9919845244876332,0.9953338361892294,0.988308655940365,0.991687933579757,0.9950530725877831,0.9880040808683541,0.9920374742169611,0.9944750987644447,0.9877412471369633,0.9917070998625398,0.9942819294985078,0.9873554501257147,0.9920662355921103,0.9940424130313951,0.9873868693879948,0.9906053127336958,0.9947397999413359,0.9872149573544735,0.9906098816584987,0.9947391537127768,0.9870523559513888,0.9891512551305612,0.9943030788615396,0.988972107791041,0.9916216137042553,0.9952332705719845,0.9889027231012026,0.9919845532588358,0.9955293551014647,0.9870539836998511,0.9888546797794577,0.994188165506341,0.9870543438940053,0.9886184304854603,0.9941435564324831,0.9869327933721442,0.9871349462027625,0.9941805222146826,0.9869238670349154,0.9873491997599934,0.9940224692287712,0.986918490626763,0.9868381252742747,0.9941897397545499,0.9870121505464081,0.9919457303858105,0.993649331511199,0.9868392581007239,0.9918154880583279,0.993577997174827,0.9870137304732959,0.9919457815306945,0.99339602615717,0.9872207174094758,0.9920757807185544,0.9938820982893886,0.9872071717732058,0.9923479598925992,0.9938372873233293,0.9861880108004324,0.99182001446619,0.9932972099939072,0.9861446603866586,0.9918200344419154,0.9932751733607589,0.9861758989258448,0.9921705780588659,0.9930889591881443,0.985874558829301,0.9912808150907949,0.9930435203188374,0.9858088567356768,0.9912809048175728,0.99307703024115,0.9858671711730466,0.991280835055295,0.9929223094119417,0.9861639119875744,0.9907773616111138,0.9947232359775308,0.9876006607089792,0.9914641164378895,0.994084406217205,0.9863050788814879,0.9916770894045943,0.9934385997051923,0.9858110082924338,0.9913977017512794,0.9932623300604507,0.9859823366538345,0.9912804736785893,0.9931620457590323,0.9874177831685883,0.9912947357852231,0.9938954452134564,0.9876268553180048,0.9913712909638488,0.9940887681187521,0.9947294606146939,0.9973235942676236,0.999617666511054,125.0
0.9999965135180807,0.9999968071399509,0.9999971596817167,0.9770564711253804,0.9790145720271842,0.981373763321614,0.9913947943741205,0.9941638940392754,0.9959802884314276,0.9898227839926296,0.9924547606542122,0.9953467697808832,0.9897147277835365,0.9919981834821657,0.9955502475436426,0.9890543711073699,0.9916990789337785,0.995270605469693,0.9887674373971527,0.992055718858516,0.9947018403007587,0.9885074863489589,0.9917253865694317,0.99450995942661,0.9881317402917825,0.9920826114141097,0.9942808214193976,0.9881374101363528,0.9906082482125419,0.994961169465065,0.9879664370330785,0.9906121110329864,0.9949607499159034,0.9878037361408494,0.989144220096279,0.9945292066286218,0.9897165530343276,0.9916327381300981,0.9954507736883109,0.9896484965456083,0.9919982122537788,0.9957468699565124,0.9878054513202682,0.9888465044243413,0.9944150072369526,0.9878058521873498,0.9886095254375267,0.9943712867061891,0.9876834465773712,0.9871120633632032,0.9944101680240383,0.9876746212683135,0.9873256668806781,0.994253992554336,0.9876690329465704,0.9868132795316126,0.9944195532349017,0.9877989964588964,0.991961564124756,0.9938960437375339,0.987632509743512,0.9918314024716453,0.9938289727482761,0.9878003701810474,0.9919616152704317,0.9936440084973922,0.9880010890064611,0.9920915348079715,0.9941237322196792,0.9879876488631057,0.9923617008960686,0.9940790737958108,0.9869918202582603,0.9918346694531729,0.9935588702723528,0.9869483287794183,0.9918346894291719,0.9935378550786093,0.9869797884251543,0.992184490875871,0.9933518635066705,0.9866946387856242,0.9912951447890104,0.9933126542015634,0.9866287837030926,0.9912952345169391,0.9933467225175864,0.9866889999502356,0.9912951647537677,0.9931936734950455,0.9869204595393775,0.9907760170464651,0.9949449932564894,0.9883680366974387,0.9914826509297013,0.9943126933783909,0.9871092221294291,0.9916920452427207,0.9936970985725607,0.9866263131158882,0.9914118885909279,0.9935257039144675,0.9868002108005981,0.9912948033724254,0.9934283086946383,0.9881853031463382,0.9913133460782085,0.9941240449982461,0.9883944267486684,0.9913901645733282,0.9943170440481457,0.995360563723151,0.9973574705998449,0.9997610172535495,126.0
0.9999966005238771,0.9999968100409468,0.9999971871408232,0.9776310004564559,0.9790358403810502,0.981549513809068,0.9920541492694903,0.9941773285663115,0.9962178896684604,0.9905049088352202,0.9924632407282105,0.9955971210371469,0.990399364900707,0.992003442060278,0.9958021705400835,0.9897411117460421,0.9917040731114983,0.9955258990134954,0.989467404974719,0.9920658910485595,0.9949638428257218,0.9892085807103858,0.9917353312793612,0.994772505116287,0.9888433196896826,0.9920920816705753,0.9945529681848804,0.9888302113122004,0.9906082077202715,0.995222030651627,0.9886603283185089,0.990611721398919,0.995221697768439,0.9884989091062572,0.9891370865850542,0.9947983318802164,0.9904016143148626,0.9916354197469784,0.9957030128314791,0.9903343229581076,0.9920034708320531,0.9959994998844561,0.9885007186039434,0.9888384921878818,0.9946850420543499,0.988501163686679,0.9886010137961323,0.9946423367790712,0.9883797057384958,0.987095038990409,0.9946892862910416,0.9883709533890896,0.9873077692497613,0.9945343293926444,0.9883654221610577,0.9867951051301735,0.9946997871252643,0.9885190791034396,0.9919711898088984,0.994174628119967,0.9883580447991951,0.9918414175035162,0.9941107642369336,0.9885197432693139,0.9919712409550466,0.9939233846542123,0.9887159673408886,0.9921007721510945,0.9943985260068183,0.9887026664104395,0.9923695126089026,0.9943546996717018,0.9877288029642433,0.9918441310887298,0.993849891835371,0.9876860587898129,0.9918441510648992,0.9938303078593494,0.9877167885103066,0.9921922731337837,0.9936425545102041,0.9874411279706702,0.9913067365979644,0.9936073983938438,0.9873752123373939,0.9913068263268108,0.993642007331575,0.9874360523352202,0.9913067565629268,0.9934897010203004,0.9876204647153343,0.9907746535067349,0.9952060015719457,0.9890701495519552,0.9914926263332325,0.9945756622740994,0.9878442543734584,0.9917021888318904,0.99398453220412,0.9873703370025677,0.9914226911179613,0.9938164913036479,0.9875458443665259,0.9913063951778868,0.993721062276275,0.9888877770440505,0.9913236333768914,0.9943875278358794,0.9890965861464377,0.9914002392544323,0.9945800107387186,0.9959461426463989,0.9973790959402736,0.9999402628754634,127.0
0.9999966796015218,0.9999968055494399,0.9999972031269742,0.9781526383794452,0.9790083824536516,0.98164959190569,0.9926560646255996,0.9941353538403321,0.9963689641793708,0.9911257212212022,0.992413083441222,0.9957594350150398,0.9910220389029528,0.9919506214199725,0.9959658781722192,0.9903658042899254,0.9916513644702039,0.9956938064553785,0.9901030652473205,0.9920118386940163,0.9951342767325239,0.9898437133483865,0.9916792779517759,0.9949423702629883,0.9894892741198276,0.9920340105328542,0.994732147898593,0.9894607253021671,0.9905518176146432,0.9953969204463983,0.9892916819919578,0.9905550504386297,0.9953967228768443,0.9891329789640028,0.9890756569129807,0.9949833679765744,0.9910246399864752,0.9915804686917289,0.9958672682597443,0.9909578501365245,0.9919506501902248,0.9961636337767855,0.9891348095401555,0.9887757060980892,0.9948698946627523,0.9891352633567181,0.988537176621902,0.9948272945647257,0.9890156443209431,0.9870300752591159,0.9948907129171968,0.9890069332504408,0.9872416072024105,0.9947362105780343,0.9890015978764275,0.9867298725678296,0.9949032835326319,0.9891702210662844,0.9919104549426011,0.9943586119382077,0.9890121773382371,0.9917793584538411,0.9942969801015049,0.9891709571425513,0.9919105060855912,0.9941084708740205,0.9893639364753533,0.9920413622876499,0.9945796087173694,0.9893507312440607,0.9923085720222169,0.9945360504361932,0.988390243075669,0.9917794731317456,0.9940425039554641,0.9883481155316504,0.9917794931065916,0.9940240157302511,0.9883782262034404,0.9921257660990279,0.9938343701055253,0.9881065435108372,0.9912407717548694,0.9938024566172171,0.9880404287946396,0.9912408614776156,0.9938374422733621,0.9881015823390862,0.9912407917184742,0.993685519528139,0.9882563998048436,0.9907168563540435,0.9953810807845256,0.9897050797166149,0.9914354722642188,0.9947451805866157,0.9885040918584066,0.9916382819339564,0.9941746179711713,0.9880353362886595,0.991357208236097,0.9940089083559388,0.9882111362201711,0.9912404303580041,0.9939148298135679,0.9895218832433421,0.9912656349419274,0.9945564468428164,0.9897311573753999,0.9913425861451479,0.9947495499053586,0.9964778215049129,0.997351057832342,1.0000423835218857,128.0
0.9999967315481313,0.9999968012988205,0.9999971969398017,0.9784938307610399,0.9789821194367543,0.9816047168131495,0.993058577535264,0.9940969047160793,0.9963446927487166,0.9915446899541137,0.9923676102962186,0.9957434731292661,0.991444713258743,0.9919041541337834,0.9959548756263775,0.9907877543749732,0.9916041323224308,0.9956809958335066,0.9905343105256808,0.9919618609428473,0.9951237258490251,0.9902746081727112,0.9916285375185919,0.9949316308720599,0.9899293717848678,0.9919786670830688,0.9947278781463675,0.9898870560814986,0.9905020463361731,0.9953874645432929,0.9897189205268757,0.9905055739016404,0.995387376146933,0.9895610026533374,0.9890197026876321,0.9949786920808842,0.991447536482716,0.9915332066301569,0.99585853514094,0.9913825814657695,0.9919041829026995,0.9961539054377744,0.9895629087879103,0.9887189484808382,0.9948658695346037,0.9895633979641425,0.9884799313997462,0.9948240310522601,0.9894454552395937,0.9869649443022369,0.9948917661213003,0.989436786076719,0.9871754940660419,0.9947378550368052,0.9894316352307277,0.9866637011237945,0.9949049947243926,0.9896138753856119,0.9918514026727617,0.9943576045537716,0.9894579858644102,0.9917183858617616,0.9942976586855747,0.9896144925289665,0.9918514538126889,0.9941081068359213,0.989805409781455,0.9919842308884954,0.9945765013368362,0.9897922426766155,0.9922496792086384,0.9945324911391734,0.9888416172650847,0.9917142405628476,0.994047866249548,0.9888001155484274,0.9917142605363636,0.9940301823002173,0.9888295877834956,0.99205870337054,0.9938388347098588,0.9885608692765833,0.9911724774495062,0.9938102296464366,0.9884945335356552,0.99117256716597,0.9938454502345083,0.9885565176346616,0.9911724974117126,0.9936940750127321,0.9886889892769518,0.9906698806107426,0.9953716408299855,0.9901362137010639,0.9913843411791998,0.9947345419306514,0.9889538437720932,0.9915737927970506,0.9941782528868366,0.9884881391873479,0.9912892200259092,0.9940145471919587,0.9886648618401874,0.9911721360765444,0.9939215599480234,0.9899529934245341,0.9912144000041997,0.9945458836232526,0.9901621719458701,0.99129130486258,0.99473891846068,0.9968256108354926,0.9973242481114423,0.9999967338153395,129.0
0.9999967093810644,0.999996800116057,0.9999971674672775,0.978346749502011,0.9789754134135478,0.981412031596587,0.9928936057731927,0.9940839674300453,0.9961114110944947,0.9913862945796078,0.9923499468072053,0.9955138888005118,0.9912873360217779,0.9918870153737869,0.995729895056634,0.9906322574959868,0.9915848335213469,0.9954539753752548,0.9903777064252964,0.9919421874413434,0.9948937029310677,0.9901180276374807,0.9916082670825612,0.9947014652125147,0.9897734954316616,0.9919568238737672,0.9944976890887812,0.9897345146899632,0.9904803878691734,0.9951621415857761,0.9895670242208344,0.9904842716497723,0.9951621383957338,0.9894096270295645,0.9889921225891587,0.9947557189852303,0.9912904711911829,0.9915164883824983,0.9956368048149866,0.9912255812588012,0.9918870441422143,0.9959292500695411,0.9894116027195884,0.9886906570806032,0.9946433739528566,0.9894121245585351,0.9884512168964096,0.9946021249200778,0.9892948115899289,0.9869281052593293,0.9946704975704624,0.9892861989298489,0.9871381379613068,0.9945177798189617,0.9892810781511743,0.9866257370654505,0.9946837638481117,0.9894590160753339,0.9918285502656524,0.9941276071721691,0.9893043563288096,0.9916952474825445,0.9940679922575145,0.9894585298248686,0.9918286014043937,0.993877633403637,0.9896499294370178,0.9919616647615551,0.9943463085439198,0.9896367861996627,0.9922254815040511,0.9943019201201246,0.9886883551699266,0.9916884953923871,0.9938176713444259,0.9886462909311471,0.9916885153653767,0.993799710131401,0.9886762887642162,0.99203092113677,0.9936074609462046,0.988414673489025,0.9911467976268248,0.9935836587350778,0.9883482720660337,0.9911468873409148,0.993619048892265,0.9884111251442506,0.9911468175885029,0.99346804597403,0.9885407219207343,0.9906509358173701,0.9951463300340926,0.9899795331012323,0.9913637389854443,0.9945041392600827,0.9888020593358742,0.9915488752399536,0.9939492578315138,0.9883391743813996,0.9912628156766158,0.9937867324547539,0.9885177798609226,0.9911464562628957,0.9936943539629629,0.9897960089839504,0.9911934421782694,0.9943151326157897,0.9900054853216999,0.9912707380975697,0.9945085142401462,0.9966757129135215,0.9973173873775812,0.9998002978814864,130.0
0.9999966292776612,0.99999679170978,0.9999971289138281,0.9778204385815881,0.9789215284279866,0.9811651052107891,0.9922730247319873,0.9940149843416862,0.995779404863888,0.9907658191575743,0.9922736783827788,0.9951798055924247,0.9906668257938246,0.9918097659246017,0.9953975522728798,0.990010893759213,0.9915064212602387,0.9951203748251948,0.9897578770768635,0.9918617012133716,0.9945559503343943,0.9894970300887641,0.9915273684464667,0.9943629886414904,0.9891555559746429,0.9918720738082528,0.994158082056417,0.9891137868071123,0.9903988821071055,0.9948285946752723,0.9889465169016416,0.9904028965421947,0.9948286321789318,0.9887887753633149,0.9889051151843408,0.9944221912941039,0.9906700394007101,0.9914384545901498,0.9953057159342527,0.9906049914955288,0.9918097946907949,0.9955970118456483,0.9887907724214461,0.9886027084027066,0.9943095632186912,0.9887913037119562,0.9883625604445543,0.9942682552020409,0.9886748795478699,0.9868332786520261,0.994337753164255,0.9886662758907993,0.9870421186038559,0.9941851339497917,0.9886612647168853,0.9865300799397474,0.9943511095168384,0.9888428537093761,0.9917414798786222,0.9937879533875509,0.9886889124523427,0.9916072777798923,0.9937286255619258,0.988843044984385,0.9917415310128671,0.9935383636060696,0.9890326499182244,0.9918754937124118,0.9940062016331809,0.9890193921744054,0.9921367343078985,0.9939594623888631,0.9880754902806709,0.9915976926092507,0.9934795815863261,0.9880339497008866,0.9915977125804057,0.9934618446270493,0.988063434148682,0.9919392162217411,0.9932696504301187,0.9878022356307179,0.9910522046617213,0.9932457024796285,0.9877361894541702,0.9910522943672124,0.99328135584403,0.9877990195482587,0.9910522246214852,0.9931300584220135,0.9879219519169394,0.990571360134866,0.99481278263377,0.9893582631817175,0.9912825527064714,0.9941654307293151,0.9881878291366212,0.9914584388476129,0.9936104710726149,0.9877254014731229,0.9911698372622175,0.9934483695894676,0.9879046604622493,0.9910518633305103,0.9933562536995488,0.9891745582581448,0.9911120829901079,0.9939761058800476,0.9893839152044115,0.9911891729386663,0.9941698186693166,0.9961392197088638,0.9972624286660078,0.9995484526508098,131.0
0.9999965522357862,0.9999967817184109,0.9999970947106288,0.977314395463622,0.9788568776032671,0.980946734482658,0.9916756115538855,0.9939351992061288,0.9954831606513146,0.9901689696077266,0.9921864393097275,0.994880959086717,0.9900703274029304,0.9917201621423899,0.9950981690369637,0.989413894737341,0.9914173855651516,0.9948219059702024,0.9891610831163706,0.9917696030358004,0.9942552411095639,0.9888997149943546,0.9914339363923781,0.9940619077716055,0.9885590678713143,0.9917773787958263,0.9938574448757224,0.9885170306498158,0.9903072542285214,0.9945293710070608,0.9883498644723785,0.9903115950782172,0.9945295065384753,0.988192171979402,0.9888079470029411,0.9941214236047681,0.9900735404147338,0.9913469591863127,0.9950055807468626,0.9900087043707544,0.9917201909059832,0.9952978713244192,0.9881941654715184,0.9885045424238387,0.9940081990282075,0.9881946942222064,0.9882635862720226,0.9939665542517184,0.9880781723570927,0.9867278537875663,0.9940345730782152,0.9880695335922622,0.9869349222635377,0.9938809345942593,0.9880645496063285,0.9864238584692424,0.9940477786192238,0.9882450225540486,0.9916450820852564,0.993486868457125,0.9880902319186037,0.9915100430812387,0.9934272598914505,0.9882452505398102,0.9916451332145392,0.9932371884711898,0.9884356546587777,0.9917799326490137,0.993705443102173,0.9884224429865809,0.9920401433089038,0.9936589511081846,0.9874749498950062,0.9914989456597473,0.9931769825934942,0.9874330931546733,0.9914989656289174,0.9931588381806337,0.9874629201047078,0.991840137966491,0.9929677963303128,0.9872041853939458,0.9909516286891685,0.9929442169282751,0.9871378781737271,0.9909517183855698,0.9929798239240403,0.9872018312374983,0.9909516486469091,0.9928288414417982,0.9873259715306559,0.9904820229635846,0.9945135991721782,0.9887599330934659,0.9911882469267606,0.9938636249068662,0.9875881004200007,0.9913598263439739,0.9933086290170815,0.9871254557257719,0.9910697822599417,0.9931467115585518,0.9873059366287921,0.9909512873925466,0.9930547060708761,0.9885752769279306,0.9910168757162228,0.9936732775838302,0.9887852344921008,0.9910944004214703,0.9938680292636974,0.9956233834019633,0.9971965040289444,0.9993257238379202,132.0
0.9999964778631517,0.9999967804271525,0.9999970739232281,0.9768257435396529,0.9788484881817071,0.980816808650141,0.9910996237971434,0.9939249943658667,0.9952904240231509,0.9895935689363535,0.9921736607460075,0.9946882664011637,0.9894967657360465,0.9917055122638502,0.9949056227485709,0.9888382384885034,0.9914050401735093,0.9946303168176645,0.988585093386859,0.9917547416972002,0.9940619137827149,0.9883225243204338,0.9914179866428449,0.9938673806438967,0.9879841344850796,0.9917622254219769,0.9936655035004621,0.9879418158053038,0.9902955379290919,0.9943382966925892,0.9877749893511364,0.9903005321083432,0.9943385265802644,0.9876163392113447,0.9887937256686444,0.9939307707072348,0.9895000175400414,0.9913308123011628,0.9948121189347281,0.9894362172092107,0.9917055410270149,0.9951061000759586,0.9876183308165943,0.9884897024072032,0.9938171273839663,0.9876188581758834,0.9882482505227715,0.993775232027285,0.9875012702395908,0.9867108549327583,0.9938441092351633,0.9874926378851561,0.9869177052781885,0.9936907209778334,0.9874875070708566,0.9864065324881967,0.9938573011392154,0.9876688426495666,0.9916297711916066,0.9932948373664131,0.9875133014955915,0.9914946722805148,0.9932349988633029,0.9876690099323334,0.9916298223201051,0.9930450870412572,0.9878602565153758,0.9917646815547014,0.993513660316803,0.9878471165884624,0.9920247105731597,0.9934681097272602,0.9868973947399282,0.9914849491663309,0.9929840196977948,0.9868554090201938,0.9914849691352229,0.9929656960278928,0.9868853748141297,0.9918265624202298,0.9927753984299821,0.9866288248488277,0.990939166489824,0.992751312253987,0.9865624816697588,0.9909392561851125,0.9927870435974574,0.9866266345115277,0.9909391864473172,0.9926358449688362,0.9867525550205811,0.9904738041097884,0.9943225336732493,0.9881817925886796,0.9911716161632809,0.9936682125971492,0.9870108769551186,0.9913456588332233,0.9931159030390289,0.9865488232315199,0.9910568785734278,0.9929538697089177,0.9867304692893307,0.9909388251974357,0.9928618250160794,0.9879959667875088,0.9909991518444807,0.9934766344661528,0.9882072729670642,0.9910780395090822,0.9936726050409225,0.9951252812656672,0.9971879500299202,0.9991931496109477,133.0
0.9999964780396619,0.999996786835732,0.9999970809627396,0.9768280270160996,0.9788913429525768,0.980864554236079,0.9910952680648664,0.9939711344096308,0.9953382619813251,0.9895906402686793,0.9922196449445919,0.9947370847072179,0.9894942839147695,0.9917510917509433,0.9949549585858719,0.9888352143556911,0.9914500116546993,0.9946785826337151,0.9885832594812582,0.9918019181565897,0.9941127226159335,0.9883215206290167,0.9914659385409661,0.9939187398712825,0.9879820342371882,0.9918094661116087,0.9937171658656916,0.9879399501240073,0.990339042494555,0.9943852228808137,0.9877732641471912,0.9903442189461863,0.9943855500943934,0.9876155617791907,0.9888339910975621,0.993975142223132,0.9894975831404152,0.9913760681629545,0.994861864053943,0.9894339678220184,0.9917511205154337,0.995155439702984,0.9876175429173862,0.9885296067621817,0.9938612078544756,0.9876180649316073,0.9882878418606367,0.9938191196416714,0.987499811400458,0.9867440969594989,0.9938798169838071,0.9874911495834482,0.9869508586637102,0.9937257639234083,0.9874859640020942,0.9864388713285869,0.9938919845566526,0.9876665837465127,0.9916771240730163,0.9933471596866129,0.9875108435201414,0.9915421159096259,0.9932874913407999,0.9876668419645009,0.9916771752039586,0.9930977916364971,0.9878580961961902,0.9918119437761248,0.9935655812094204,0.9878449610695653,0.9920718675535903,0.9935200539359419,0.9868945570144265,0.9915320859664534,0.9930366798226241,0.9868525706731455,0.9915321059362934,0.9930184831093405,0.9868824782874832,0.9918738804780494,0.9928268158236795,0.9866268490250862,0.9909852648581532,0.992805552917038,0.9865608079257149,0.9909853545576023,0.992841682262885,0.9866243883066353,0.9909852848165721,0.9926899954902184,0.986751583790737,0.9905182798941716,0.9943695315227917,0.9881811986431264,0.9912200630841859,0.9937198128460767,0.9870080647457484,0.9913927223956636,0.9931687383220518,0.9865463124720186,0.9911033734327052,0.9930073399166526,0.9867284836294764,0.990984923549932,0.9929157034950185,0.9879957524426055,0.9910479819509265,0.993528583531889,0.9882067585158703,0.9911265716690503,0.9937242020174428,0.9951275868441156,0.997231616476032,0.9992417864098356,134.0
0.999996560095379,0.999996803781721,0.9999971283386113,0.9773693734536464,0.9790031529343277,0.9811714561180704,0.9917192099034127,0.9940984483867142,0.9957261531145442,0.9902208120667926,0.9923510400010511,0.995128444753816,0.9901263904740568,0.9918809162301002,0.9953455776234232,0.9894655619479957,0.9915819270249735,0.9950696859650472,0.9892199129347421,0.9919379574965748,0.994510169093176,0.9889594975007562,0.9916027547957307,0.9943172442085271,0.9886225751552792,0.9919489039299763,0.9941187529866761,0.9885714641085239,0.990471704797108,0.9947756067442403,0.988405290601097,0.990477439367632,0.9947759943823923,0.9882464269873423,0.9889645198097285,0.994364191568842,0.9901297702867453,0.9915046360014919,0.9952514330551853,0.9900671745211086,0.9918809449983541,0.995546401870524,0.9882483266597363,0.9886593315015849,0.9942490509447772,0.9882488088405391,0.9884167347496371,0.9942060108710645,0.9881314755282093,0.9868717706197953,0.9942671977164007,0.988122851589592,0.9870799168703674,0.9941141318200074,0.9881177262671219,0.9865659533305722,0.9942789920201888,0.9883094036740275,0.9918194091880739,0.9937512725915442,0.988154887895883,0.9916861154573883,0.9936926360958188,0.988309793367264,0.9918194603263532,0.9935027175133786,0.9884995183964879,0.991952514620084,0.9939681818324732,0.9884864062345667,0.9922126234319439,0.9939228598058061,0.9875392672915049,0.991679287496779,0.9934435797640065,0.9874967165076101,0.9916793074695845,0.9934253760064654,0.9875271804128264,0.9920224245124539,0.9932335876341543,0.9872790823350378,0.9911343067160184,0.9932168247610742,0.9872132242469704,0.9911343964289528,0.9932534088698891,0.9872770842451968,0.9911343266774388,0.9931019870972575,0.987386140649743,0.9906540986231489,0.9947598612451513,0.9888198415126501,0.991357407286623,0.9941188655451717,0.987654245507006,0.9915393786295621,0.9935757094005376,0.9871963897393176,0.9912526621245916,0.9934161248846655,0.9873798776314348,0.9911339653564868,0.9933257538638633,0.9886350235966052,0.9911859422278941,0.9939283693981633,0.9888453316269337,0.9912637436917705,0.9941232628199914,0.9956793596128729,0.9973455777426421,0.9995547092128945,135.0
0.9999966545754697,0.9999968176185444,0.9999972000449627,0.9779952473195973,0.979094858013367,0.9816391942117189,0.9924255418171328,0.994201141764496,0.9962986335191002,0.99093294888601,0.9924548936518294,0.995708052405905,0.99084038127368,0.9919836114789456,0.9959250676150814,0.9901773188325428,0.9916859921692175,0.9956506135204135,0.9899381983292013,0.9920433551082714,0.9950973176361767,0.989679205035542,0.9917089500125248,0.9949052411536232,0.9893428142367797,0.9920539063442452,0.9947111876685519,0.9892830018512949,0.9905760733832131,0.9953579894903679,0.9891170978061529,0.9905818164617197,0.9953584480059151,0.9889558974475059,0.9890690121350126,0.994948429139452,0.990843793226176,0.9916064044424254,0.9958304854032918,0.9907822533254093,0.9919836402501802,0.9961261495890129,0.9889577281522277,0.9887632574512526,0.994832386656637,0.9889581766748297,0.9885200582733196,0.9947886264323986,0.9888409346689361,0.9869784508724534,0.9948559217865806,0.9888323446280439,0.9871880013583234,0.9947037077599798,0.9888271784775772,0.9866726975092099,0.9948681660174975,0.9890299510330861,0.9919238765820327,0.9943466982724137,0.988875669349481,0.9917901795296915,0.9942893146968079,0.9890300481575212,0.9919239277256883,0.9940988582150522,0.9892198863996862,0.9920573856603254,0.994561883676631,0.989206825108811,0.9923178576101498,0.9945171317116571,0.9882610066441202,0.9917830815186044,0.9940437474148096,0.9882186055198207,0.9917831014934925,0.9940261684262903,0.9882488893474746,0.9921271784765846,0.9938329564595405,0.987998526180439,0.991235166034499,0.9938180970010251,0.9879326450214029,0.9912352557565053,0.9938550911650413,0.9879955598008224,0.991235185997938,0.9937032058173283,0.9880994507156243,0.9907585372621505,0.9953423050803907,0.9895402498050798,0.9914641810029156,0.9947073004594902,0.9883756076858098,0.9916427829457712,0.9941745773598254,0.9879178845291221,0.9913549838123109,0.9940160792657075,0.988100326232106,0.9912348246404479,0.9939264288581671,0.9893558308522946,0.991293167683757,0.9945173849136801,0.9895659336977828,0.9913707187723595,0.9947116913866544,0.9963172345216067,0.9974390389084006,1.0000315610022132,136.0
0.9999967456411833,0.9999968330292325,0.9999972657711449,0.9785977194811734,0.9791965164987889,0.9820673936909754,0.9931104359508163,0.9943168888515697,0.9968267995092591,0.9916278126366186,0.9925753224667074,0.9962432735264605,0.9915363838140331,0.9921029340847474,0.9964598827584525,0.9908758220150334,0.991807528629448,0.9961884890149992,0.9906388886118221,0.9921686646855786,0.9956389498527772,0.9903806358957096,0.9918343309854362,0.9954475519932537,0.990047084661096,0.9921833238983412,0.995257085158171,0.9899854434267824,0.9906992071587698,0.9958984772385242,0.9898200851669604,0.9907053266561159,0.9958989719571427,0.989661501235202,0.9891921316480607,0.9954928155435627,0.9915397911218081,0.9917248420118486,0.9963649900647371,0.9914789423031476,0.9921029628594423,0.9966609541015963,0.9896633196906095,0.9888862830837805,0.9953767474909188,0.9896637621414471,0.9886429873821619,0.9953329776865422,0.9895482549608092,0.9871017265356247,0.9954031030575208,0.9895396767062633,0.9873122730730373,0.9952511727009352,0.9895347206987503,0.9867958361752078,0.9954156670064822,0.989736829653741,0.992056769232181,0.9948952146788969,0.9895847512598533,0.991925177904673,0.9948391683925609,0.9897357055581587,0.9920568203826841,0.9946474101543974,0.98992517016783,0.9921881729420967,0.9951088874407212,0.9899121584666282,0.9924488069866947,0.9950646186142597,0.9889724020190915,0.9919208542176269,0.9945964007991566,0.9889296105977416,0.9919208741952861,0.9945790531639864,0.9889602635166526,0.9922659540317855,0.9943850553873066,0.9887158969110313,0.9913750722899163,0.9943742418290752,0.9886492284388463,0.9913751620245566,0.9944112665297205,0.9887136279290086,0.9913750922561676,0.9942603602609096,0.9888055820851656,0.9908843684545063,0.9958827328694682,0.9902421262289923,0.9915896615540531,0.9952500290278324,0.9890880260371769,0.9917801484148817,0.9947268550357393,0.9886341414035058,0.9914947277843891,0.9945700176070192,0.9888175150398338,0.9913747308477926,0.9944814795947715,0.9900580567587465,0.9914190311437743,0.9950606295782559,0.9902675209107238,0.9914957028032179,0.9952544403822597,0.996931276775704,0.9975426533181242,1.0004681182174615,137.0
0.9999968002445228,0.999996837786404,0.9999973008277494,0.9789582635700671,0.979227556476698,0.982294755509917,0.9935244910523479,0.994353831868724,0.9971142465347275,0.9920486417861755,0.9926140180688855,0.9965400674786018,0.9919586135483777,0.9921447470976188,0.996761935198723,0.9912986297062054,0.9918469708829182,0.9964878069216305,0.9910637657245903,0.992208030109967,0.9959403088629157,0.990805080753206,0.9918727762145952,0.9957481204524703,0.9904752711371644,0.9922242198143923,0.9955636125263508,0.9904117495599053,0.9907397279313782,0.9962010236738056,0.9902466726189295,0.9907459753618116,0.9962015294167359,0.9900916350778489,0.9892333719156597,0.9958003254007611,0.9919622775166291,0.9917691496488222,0.9966712149886527,0.9919018196184248,0.9921447758735316,0.9969630320446307,0.99009352521504,0.9889280384129822,0.9956854515142188,0.9900940023730757,0.9886853231789864,0.9956426729628439,0.9899775620753949,0.9871429893627875,0.9957110990460579,0.9899688997825088,0.9873526128079068,0.9955569784388141,0.9899639331886397,0.9868372477965185,0.9957240717115895,0.990166614185165,0.992098462853299,0.9952040698588901,0.9900155715032563,0.9919671594883062,0.9951486912146807,0.9901652233187851,0.9920985140059541,0.9949566005527277,0.9903540098661147,0.9922295788642717,0.9954168384077362,0.990341186369077,0.9924912030645392,0.9953751448067589,0.9894062600975927,0.9919635784740922,0.9949079143999102,0.9893638471439952,0.9919635984526105,0.9948910228818506,0.9893940872685554,0.9923090412645611,0.9946956834095956,0.9891504601864435,0.9914184228147159,0.9946863457235025,0.9890832274970238,0.9914185125532606,0.9947233776720035,0.989148337379031,0.9914184427818364,0.9945728059278733,0.9892341861887525,0.9909265282347565,0.9961852266711211,0.9906660917333511,0.9916276211685587,0.9955500295379845,0.9895209137937315,0.9918227254737155,0.9950375423658527,0.989068509989973,0.9915378293706424,0.9948813368098788,0.9892524064185774,0.9914180813577361,0.9947931972116878,0.9904810048514943,0.9914560275066345,0.9953598014572379,0.9906917110976649,0.9915339181559243,0.9955544321743979,0.9972987577615291,0.9975742982689904,1.0006999436004687,138.0
0.9999967775157371,0.9999968311702397,0.9999972812418534,0.9788077916874316,0.9791841004427474,0.9821667179132106,0.9933539105647852,0.9943035735459539,0.9969589302464673,0.9918746908533963,0.9925598416017484,0.9963863672316716,0.991785237708452,0.9920912072194701,0.9966099114734633,0.9911236164096643,0.9917933658206868,0.9963355614820899,0.9908862968584032,0.9921484042190717,0.9957848191123451,0.990626272857349,0.9918116771332415,0.995592164643441,0.9902950250484931,0.9921609929118789,0.995406912189515,0.9902374241628795,0.9906869512724373,0.9960509151652653,0.9900724040820487,0.9906932502826651,0.9960514533186816,0.9899180951228352,0.9891816075217374,0.995653360718506,0.991788968657006,0.9917161193479647,0.9965205222423845,0.9917287384962705,0.9920912359938335,0.9968110161224135,0.9899200185939744,0.9888763013665203,0.9955388651718536,0.9899205117599001,0.9886336817417035,0.9954964313102866,0.9898061913693338,0.9870939173171838,0.9955694063055905,0.9897975107615972,0.987303625287875,0.9954149379655305,0.9897928483398851,0.9867885142301662,0.9955831219579143,0.9899843799894976,0.9920322528776966,0.995046387786103,0.9898321661315116,0.9918991670141345,0.9949902857085045,0.9899828874958247,0.9920323040269347,0.9947987679620846,0.9901730166245434,0.9921651514974738,0.9952599561832989,0.9901602787877628,0.9924265164407453,0.9952192164596494,0.9892208103579885,0.9918929095475606,0.9947468934477216,0.9891781879447266,0.9918929295246501,0.9947296204519963,0.9892085996634498,0.9922381576817214,0.9945338407638784,0.9889641067449844,0.9913433013954066,0.994525761370264,0.9888966046307968,0.9913433911271143,0.9945627360349281,0.9889620765414942,0.9913433213610048,0.99441201525841,0.9890605900503933,0.9908745903713116,0.996035125304192,0.9904866735666401,0.99156556754368,0.9953938617942275,0.9893360241223733,0.9917521440341985,0.9948778473185199,0.9888825942671943,0.9914643010048426,0.9947213109471936,0.9890662888573787,0.9913429599644414,0.9946329557665837,0.9903012405457917,0.9913936187990141,0.9952032724572341,0.990511797446912,0.9914710951370189,0.9953982940425221,0.9971453967713317,0.9975300023578566,1.0005694157902663,139.0
0.9999967159588339,0.9999968218755716,0.9999972342588136,0.9783994801590165,0.9791219685807843,0.981859604755902,0.9928963525086512,0.9942362448527541,0.9965861282730862,0.9914148075182506,0.9924942041891699,0.996011645441716,0.991326669504234,0.9920256373712496,0.9962367224552864,0.9906630366694489,0.9917292160292296,0.9959618550711392,0.9904238273873218,0.9920841839806153,0.995405097467652,0.990164057817594,0.9917483815048659,0.9952122881808363,0.9898322938393448,0.9920981171403246,0.9950238201502352,0.9897771918911191,0.9906249551511717,0.9956781687950341,0.9896123444823652,0.9906318024234149,0.9956787497266202,0.9894580684124604,0.9891201339516508,0.9952819686143173,0.9913304181074419,0.9916506037773951,0.9961479351511057,0.9912709461973175,0.9920256661437074,0.9964382955670055,0.9894599874246354,0.9888144201082101,0.9951671268356358,0.9894604781611623,0.9885714562178773,0.9951244620092762,0.9893465821390459,0.9870356291033885,0.995202664836234,0.9893377845526216,0.9872434049518343,0.9950453181768021,0.9893333120980803,0.9867309476611985,0.995217441801481,0.9895215914814576,0.9919705158993063,0.9946603321164202,0.989369590646091,0.9918381211912409,0.994602428417623,0.9895197465292471,0.9919705670453713,0.9944119063125338,0.9897102960832084,0.9921027233253216,0.9948761472487749,0.9896977171815922,0.9923641341423866,0.9948374683710296,0.9887597661961439,0.9918340525752662,0.9943535809995787,0.9887172134661247,0.9918340725511758,0.9943356521815168,0.9887474972753137,0.992178322307958,0.9941392462872825,0.9885064779163103,0.9912895041711136,0.9941313131682892,0.9884392071096552,0.9912895938979831,0.9941682706488105,0.9885046058324111,0.9912895241356362,0.994016933427786,0.9886017306524576,0.9908163731293954,0.9956623020925904,0.9900246141477482,0.9915028416747085,0.9950138630180263,0.9888748226767169,0.9916936848645327,0.9944867606358008,0.9884229140691159,0.9914090081555312,0.9943286458544791,0.9886084485570943,0.9912891627585584,0.9942393620887217,0.9898392258722098,0.9913308887925932,0.9948231827071319,0.990049882219546,0.9914085203234938,0.9950182892380072,0.9967292671120817,0.9974666916029387,1.0002563308037482,140.0
0.9999966760553608,0.9999968029200252,0.999997185966418,0.9781339237735793,0.9789969503270974,0.9815419194559954,0.9926041706055602,0.9940933546689502,0.9962139620066082,0.9911175108970136,0.9923464170188144,0.9956352311145553,0.991029169592236,0.9918775618051598,0.9958604908298273,0.990365292582306,0.9915812968783468,0.9955866896607706,0.9901206324495402,0.9919315996948525,0.995021459898916,0.9898589184312752,0.9915942886245355,0.9948279211746482,0.98952739183606,0.9919442557119271,0.9946358525758625,0.9894794175199585,0.990476851213748,0.9953040687747438,0.9893142159962093,0.9904837167356796,0.9953047152960466,0.9891624506070981,0.9889721791992997,0.994909193198353,0.9910328324063242,0.9915022976858172,0.9957720197819312,0.9909733885674809,0.991877590573319,0.996061936651825,0.9891644029672804,0.9886663215206566,0.9947946324935781,0.9891649095872713,0.9884233087341,0.994752257789859,0.989049766046416,0.9868889491408367,0.9948311468782313,0.9890409296659234,0.9870960650449215,0.9946728609149434,0.9890363458787758,0.9865845387987543,0.9948462363025901,0.9892138787916901,0.9918155997814848,0.9942682490564164,0.989060701947475,0.9916825767460032,0.9942080811106964,0.9892112047674594,0.991815650919579,0.9940185458310622,0.9894043475226594,0.9919484352940999,0.9944870130335189,0.9893919361769046,0.9922097425752364,0.9944503621254042,0.9884501391879267,0.9916775130086154,0.9939535584795856,0.988407971093336,0.9916775329813803,0.9939348992993018,0.9884378840215112,0.9920219236628651,0.9937396700768283,0.9881940388859365,0.9911313338815361,0.9937280564937208,0.9881264337805297,0.9911314235941253,0.9937646037716004,0.9881925529575182,0.9911313538428805,0.9936129809353536,0.9883019981818332,0.9906687409973068,0.9952882352111667,0.9897184960073212,0.9913477156039587,0.9946291437149865,0.9885641901584322,0.9915370880365862,0.9940884552006308,0.9881100901890929,0.991251192562994,0.99392813914496,0.9882961604638807,0.9911309925233168,0.9938375056528848,0.9895326257167995,0.9911752430698696,0.9944379391033422,0.9897429924330973,0.9912522271074293,0.9946336150119515,0.9964586397080696,0.9973392653250618,0.999932513535334,141.0
0.999996641836724,0.9999967867739964,0.9999971367852141,0.9779060390070315,0.9788910891409908,0.9812184452768082,0.9923545015428258,0.9939693522950728,0.9958348520785143,0.9908631029673067,0.9922171935153454,0.995248181614444,0.990773044130323,0.9917475491333042,0.9954720959285347,0.9901090274612413,0.9914500576154194,0.9951986794536125,0.9898643777927102,0.9917994398083174,0.9946264884288208,0.9896025233132301,0.9914616146346057,0.9944336953285471,0.989271321196546,0.9918110907764383,0.9942348129008656,0.9892221760238039,0.9903427021805942,0.9949144792077116,0.9890563569352193,0.9903491276322808,0.9949150587044612,0.9889070814562828,0.9888364757157097,0.9945175668793816,0.9907765288190059,0.9913716537821363,0.9953834693050851,0.9907163659915648,0.9917475778976917,0.9956728515114783,0.9889090446576556,0.9885302865940314,0.9944029348287425,0.9889095562134524,0.9882870202198742,0.9943605633587201,0.9887930189281077,0.986750605887094,0.9944351841663501,0.9887841835196258,0.986957762959142,0.9942769889239939,0.9887794189146182,0.9864458444744534,0.9944496941958492,0.9889555570033867,0.9916821784243673,0.9938620205625768,0.9888012828798687,0.9915492342828865,0.9937991699429759,0.9889525439049197,0.9916822295555967,0.9936113681883048,0.989147421870844,0.9918149348638594,0.9940840132618344,0.9891350625881487,0.9920750866897655,0.9940475346958644,0.9881891506005727,0.9915424106094254,0.9935374956094689,0.9881472946832355,0.9915424305794757,0.9935180698659045,0.988176839061927,0.9918857037811817,0.9933222185316565,0.9879282897959383,0.9909940838366869,0.9933090252476205,0.987860605769466,0.9909941735368819,0.993345287350281,0.9879266027771162,0.9909941037952731,0.9931928832088689,0.9880404586655469,0.9905316949841105,0.9948986545480036,0.9894617444172134,0.9912146044044201,0.9942351241615892,0.9883024129248519,0.9914024399524716,0.9936749489417379,0.9878453573226919,0.9911153082564753,0.9935121462754485,0.9880309927772943,0.9909937425256288,0.9934200518522835,0.9892762462125653,0.9910424182567735,0.9940441930975675,0.9894858555916357,0.9911185246433086,0.9942396185514665,0.9962264066513631,0.997231350530904,0.9996027924268741,142.0
0.9999965826203359,0.9999967737182666,0.9999970904004203,0.9775141736695601,0.9788050071179731,0.9809157761111708,0.9919100845904016,0.9938707935092037,0.9954648529994989,0.9904129334682547,0.9921161498740326,0.9948669062796378,0.9903215859194406,0.9916444667813751,0.9950884381835392,0.9896593202926376,0.9913488442804435,0.9948170876465844,0.9894074079053118,0.9916972510384162,0.9942336209536085,0.989145528020297,0.991360423796211,0.9940409459045844,0.988811409284969,0.9917078347092129,0.993832661535461,0.9887731850586541,0.9902412473949836,0.9945314234008432,0.9886072337468947,0.9902480828393655,0.9945320585945628,0.9884605467832291,0.9887329101923025,0.9941320702430909,0.9903247944230001,0.9912669404035919,0.9949984773637678,0.9902643416112057,0.9916444955427682,0.9952887654462509,0.988462581016488,0.988426826325856,0.9940182376824632,0.9884631267435157,0.9881837993320739,0.9939765855485713,0.9883477590524118,0.9866419600212519,0.9940448185512435,0.9883388991490029,0.9868483739889491,0.9938860350464261,0.9883343292512293,0.9863366530263981,0.994058788334393,0.9884932907039329,0.99157884502214,0.9934535486543598,0.9883375563999571,0.9914461796143537,0.9933873644167419,0.9884905076772961,0.9915788961480546,0.9932020644522049,0.9886866137986361,0.9917113224866394,0.9936794220247972,0.9886742994935068,0.9919698815003384,0.9936428984926388,0.9877230356131494,0.9914383090085892,0.9931170396295832,0.9876813742445248,0.9914383289765497,0.9930965323018581,0.9877107105697877,0.991780932178939,0.9929015201367792,0.9874566301542893,0.9908881942652339,0.9928839721674317,0.9873886194434669,0.9908882839558762,0.9929197281188595,0.9874546943064845,0.9908882142216942,0.992766497461338,0.987590647696751,0.9904328354583866,0.9945155632445537,0.9890048634655157,0.9911139628393185,0.9938425044294423,0.9878357978390008,0.9912986106117426,0.9932574029320446,0.9873753922833631,0.9910107755225471,0.9930912171580741,0.9875602833938404,0.9908878529905246,0.9929971163713924,0.9888197753225052,0.99094212965451,0.993651832916493,0.989029376486179,0.991018440766444,0.9938469770955433,0.9958270182879375,0.9971436096197399,0.9992942271732957,143.0
0.9999965100069019,0.9999967640872676,0.9999970480018915,0.9770341713112657,0.9787408504325207,0.9806406176092921,0.9913621811883369,0.9938005438424118,0.9951194134172799,0.9898565155419247,0.9920433376507035,0.9945123431139176,0.989765496233317,0.9915719713371545,0.994735059334145,0.9891000034816182,0.9912755386878552,0.9944620218052792,0.9888446317506924,0.9916235599628962,0.9938671554584053,0.9885829855462956,0.9912878992982815,0.9936744192045167,0.9882460737793548,0.9916331950994907,0.9934571234843482,0.9882116200943211,0.9901672363173877,0.9941755143750431,0.9880453064413809,0.9901741422058254,0.9941762260597551,0.9878978107535453,0.988658012647608,0.9937745035077705,0.9897687883564605,0.9911946986940839,0.9946459205567264,0.98970838613492,0.9915720000964421,0.9949354809668549,0.9878999037900926,0.9883519100149286,0.9936612422841987,0.9879004777348606,0.988108999226091,0.9936201269662865,0.9877852373815046,0.9865660214375194,0.9936878964013925,0.9877764029807866,0.9867724256164002,0.9935298283739131,0.9877718315977755,0.9862605809010521,0.9937018387508456,0.9879249832159611,0.991504256548514,0.9930713583078643,0.9877676787203913,0.9913719588341356,0.9930017584745479,0.9879219848349586,0.9915043076705959,0.9928186475645241,0.9881201495190443,0.9916363660439347,0.9933013780361031,0.9881079042675326,0.991893283626185,0.9932651095726878,0.9871493352578028,0.9913627640324438,0.9927224593553111,0.9871075324668231,0.9913627839988902,0.9927005762413053,0.9871370460902221,0.9917054768565848,0.9925080119167703,0.9868798127881343,0.9908098258165327,0.9924855463192689,0.9868116086133829,0.9908099155001113,0.992520826793947,0.9868779598015675,0.9908098457714211,0.9923668900460973,0.9870264277914458,0.9903587161950874,0.9941597389531945,0.9884423877409019,0.9910421166935571,0.9934758794801819,0.9872624509312139,0.9912230290035102,0.9928659638087036,0.9867991876567664,0.9909336650875697,0.9926966635135769,0.9869839107864278,0.9908094845687004,0.9926006773648434,0.9882574236432584,0.9908703852400342,0.9932851746536447,0.9884677381513225,0.9909477718250695,0.9934803062683455,0.9953377913474015,0.9970782321056637,0.9990136791671679,144.0
0.99999649224716,0.9999967636758269,0.9999970294064648,0.9769152940204399,0.9787375595170588,0.9805182606472587,0.9912353054446733,0.9937995838369128,0.9949760827013447,0.9897268076374391,0.9920412864751915,0.994363029387148,0.9896360750427479,0.9915707931746954,0.9945877223455439,0.988967867378131,0.9912718353569511,0.9943109981484828,0.9887150399967011,0.991622992681846,0.9937112671593522,0.9884543916616972,0.9912888898406981,0.993519232639737,0.9881180540690325,0.9916330210083697,0.9932960888319171,0.9880788704974369,0.9901611475628239,0.994022562990942,0.9879121754894914,0.9901678773577749,0.9940233002785256,0.9877662612636094,0.988649634303617,0.9936184757421683,0.9896393867869977,0.9911942193149138,0.9945001446474314,0.9895791221749715,0.9915708219339497,0.9947881593333849,0.9877682860254338,0.9883425928977877,0.9935039391406546,0.987768826453612,0.9880987668224509,0.9934618427161622,0.9876549887824997,0.9865555472319811,0.9935311636350265,0.9876461485133603,0.9867616684147814,0.9933729507305583,0.9876417536298039,0.986249878102068,0.99354503816934,0.9877961887260848,0.9915054523572788,0.9929062554430087,0.9876386115815383,0.9913743936162316,0.9928347180823032,0.9877929738401111,0.9915055034794331,0.9926528316799894,0.987991833161074,0.9916363227275161,0.9931386283131072,0.9879795939087763,0.9918913088412757,0.9931016254529249,0.9870179004407258,0.9913664499953698,0.9925494123787173,0.9869755027663863,0.9913664699618979,0.9925263519409243,0.9870056428218668,0.9917096845471824,0.9923358661779087,0.9867517936021162,0.9908148031138335,0.9923121372114492,0.986683662928185,0.990814892797894,0.9923472954345774,0.9867502910552483,0.9908148230688294,0.9921930044737726,0.9868911915502822,0.990351539538456,0.9940068382878253,0.98831434571837,0.9910440442220887,0.9933210638411484,0.987132550070282,0.9912265028225519,0.9926956119176302,0.9866696046189887,0.9909382213988652,0.992524904647494,0.9868556069791686,0.9908144618641677,0.9924280918883859,0.9881300783738359,0.9908729571206103,0.9931309549582527,0.9883398890173711,0.9909499207450839,0.9933254824290461,0.9952166603748848,0.9970748913771709,0.9988889610225394,145.0
0.9999965522244172,0.9999967704165059,0.9999970579932487,0.9773097558362795,0.9787812942702915,0.9807015566489798,0.9916975790884403,0.9938528336218594,0.9952200622491026,0.9901925382598286,0.9920967978277109,0.9946088141709901,0.9901029251395548,0.9916268087287513,0.9948350955425823,0.989433407381028,0.9913275444945142,0.9945574642552433,0.9891849807247788,0.9916818559164622,0.9939577087478326,0.9889251099168531,0.9913489187602663,0.9937659620968139,0.988592425317775,0.9916945687010332,0.9935440960638319,0.9885437372188007,0.9902171444344369,0.9942693591953266,0.9883769928958445,0.9902239597006219,0.9942700717283162,0.9882305656419017,0.9887057352176588,0.9938659866045751,0.9901062655114635,0.9912506384420378,0.9947486175421207,0.9900466222520066,0.991626837489627,0.9950356608067514,0.9882325563469034,0.9883982304871881,0.9937509383612194,0.9882330799733349,0.9881539530096253,0.9937084613368821,0.9881197568083901,0.9866137540280706,0.9937831565205001,0.9881109048886811,0.9868197606399488,0.9936245386602683,0.9881065839115702,0.9863083782337677,0.9937976795147834,0.9882744676114107,0.9915696652762572,0.9931554218358167,0.9881184046992247,0.9914403773435588,0.9930839389310815,0.988272719378269,0.9915697164017339,0.9929030188684606,0.9884677337777736,0.9916987647916198,0.9933873160095263,0.9884556228602119,0.9919531128849889,0.9933514548447052,0.9875011402159131,0.9914336333088912,0.992800291325078,0.9874595173291889,0.991433653276779,0.9927774641392747,0.9874889606886703,0.9917787289090434,0.9925886871308545,0.9872344288732783,0.9908806098807038,0.9925618230082808,0.9871662967641882,0.9908806995707393,0.9925970541099232,0.9872331758580573,0.9908806298370297,0.9924427298316447,0.9873557750536399,0.9904083928339567,0.9942535557942709,0.9887855062881802,0.9911048354469089,0.9935679948385431,0.9876137433718933,0.9912929296734,0.9929450948358525,0.9871514225734135,0.9910047196826983,0.9927744416399479,0.98733799287045,0.9908802686083021,0.9926777402825454,0.9886014701247724,0.9909339713304358,0.9933782118357283,0.988811660563269,0.9910114930791,0.99357238505325,0.9956187439158709,0.9971194843283961,0.9990758982543337,146.0
0.999996650459427,0.999996767649273,0.9999971344024642,0.9779611156353863,0.9787633637906724,0.9811994676881983,0.9924287158706598,0.9938312580332325,0.9958338157159693,0.9909285750222229,0.9920699960927077,0.9952314641442862,0.9908397403163042,0.9916008196676444,0.995458951468072,0.9901686117847136,0.9913007284149182,0.995181745771487,0.9899280610908566,0.9916482784668595,0.9945887019223844,0.9896692661681736,0.9913157291250907,0.9943981015493333,0.98933736637592,0.9916541380049088,0.994182735385202,0.989277001242813,0.990190310236059,0.9948955152824979,0.9891100751065534,0.9901968317408276,0.9948962584426371,0.9889614864196294,0.9886805015605995,0.9944948344370655,0.990843198364015,0.9912252997343032,0.9953737342382271,0.990783815812387,0.9916008484277699,0.995659294587301,0.9889634649173533,0.9883729092423245,0.9943798309417068,0.9889639824792504,0.9881285491337951,0.9943374068423425,0.9888500537289081,0.9865929723063641,0.9944187582656449,0.9888411790131735,0.9867987695534651,0.9942593297542107,0.9888368029574112,0.9862882111064268,0.99443428905032,0.9890196561524933,0.9915229252789062,0.9937982520175636,0.9888636833333955,0.9913896131353305,0.9937283934751611,0.989017816508171,0.9915229764019716,0.9935463494134906,0.9892128237974384,0.9916560491675307,0.9940282254471945,0.9892009754959582,0.99191108722725,0.9939955716010871,0.9882508393893721,0.9913788902094368,0.9934495428501037,0.9882103053832089,0.9913789101762153,0.9934275850287102,0.9882386598423633,0.9917246839570871,0.993237642435034,0.9879797906920765,0.9908173984527306,0.9932120386394969,0.9879118747559829,0.9908174881369928,0.9932476207179526,0.98797838725027,0.9908174184077696,0.9930932108939842,0.9880876822968137,0.9903795147013784,0.9948797872759095,0.989530095456206,0.9910718944542469,0.9942007160558113,0.9883606109736947,0.9912379031069477,0.9935922053970192,0.9878973378210912,0.990944607856561,0.9934230292167858,0.9880832269306417,0.9908170572022974,0.9933272578942751,0.9893466000724309,0.9909016643045168,0.9940117054298144,0.989556153160432,0.9909782624838526,0.9942051192532004,0.9962825742211184,0.9971012032497084,0.9995835300853358,147.0
0.999996755746062,0.9999967728361626,0.9999972260132993,0.9786603134343875,0.9787980708024411,0.9817984983985205,0.993207579140408,0.9938686371951443,0.9965603646119858,0.9917104287841518,0.992105665886292,0.9959631429668098,0.9916232261745108,0.9916340136832618,0.996187632593918,0.9909499199564773,0.9913376424465333,0.9959152683624114,0.9907135312331278,0.9916809034843601,0.995326979487493,0.9904551247498635,0.9913476755070858,0.99513718831237,0.990122921574139,0.9916844360763647,0.9949259874286196,0.990058012538282,0.9902290240861334,0.9956318939733994,0.9898912261172272,0.9902356604426711,0.9956327078772934,0.9897411795545659,0.9887212448539129,0.9952352314761415,0.9916267070595202,0.9912565126324444,0.9960998201487283,0.9915682634186471,0.9916340424443467,0.9963881236524348,0.9897431248835937,0.9884134651231776,0.9951199795725405,0.9897436262459448,0.9881688977145233,0.9950773591547253,0.9896293945737112,0.9866395883181125,0.995167922047189,0.989620588201117,0.9868469081967637,0.9950100774065341,0.9896160869505867,0.9863353536276089,0.9951843448947303,0.9898053383365928,0.991551199160703,0.9945445456776,0.9896490332676333,0.9914166388235984,0.9944756285684924,0.9898039875788011,0.9915512502852194,0.9942937069510692,0.9899984617603625,0.9916855715170846,0.9947730063727853,0.9899867790747815,0.9919406230365782,0.9947421023758483,0.9890372138210459,0.991404143003281,0.9941999808031424,0.9889972671441848,0.99140416297056,0.9941787831887796,0.9890250053141805,0.9917503632701985,0.9939870936019919,0.9887588950891364,0.9908363817147448,0.9939623739002454,0.9886908240309532,0.9908364714006702,0.9939982202391049,0.9887562672008562,0.9908364016701532,0.9938433070106494,0.9888696331460649,0.9904189320807305,0.9956161975420654,0.9903159209516238,0.9911034202803742,0.9949401489867482,0.9891454696077715,0.9912629829154644,0.9943410671831602,0.9886804641383322,0.990967287678274,0.9941725373713867,0.988863778720149,0.9908360404579837,0.9940773135697734,0.9901325519798143,0.9909334357828732,0.994751529319099,0.9903412527939933,0.9910085972198581,0.994944599452335,0.996995140742855,0.9971365676756887,1.0001942127916243,148.0
0.9999968473104713,0.9999967736640651,0.9999973014448922,0.979267643324453,0.9788035894874944,0.9822908697863318,0.9938888829273105,0.9938750033863638,0.9971640447599225,0.9923951488047134,0.992109768549793,0.9965736446125508,0.9923105290738496,0.9916386337085396,0.9968004291517983,0.9916323279664031,0.9913427162556891,0.9965249185036896,0.9914048992737376,0.9916802213616671,0.9959460622945694,0.9911471395752378,0.991346951229489,0.9957569541477002,0.990816779617169,0.9916794794542948,0.9955531839163335,0.9907400700300416,0.9902354998816976,0.996241668779302,0.9905735183173241,0.9902424339227353,0.9962424688204375,0.990421593010742,0.9887281017402882,0.9958453403381221,0.9923139891594552,0.9912615467189607,0.9967136661209874,0.9922571314616194,0.9916386624697603,0.9970015099239922,0.9904234974585168,0.9884200428275998,0.9957296816646114,0.9904239788662251,0.9881751731247334,0.9956867382354896,0.9903082197872839,0.9866481464539674,0.9957796466856625,0.9902994946184795,0.9868571920750526,0.995623741289037,0.9902946920871908,0.9863438611697422,0.9957959729429016,0.9905020010221843,0.991542414514068,0.9951777150510398,0.9903474706476538,0.9914054515051132,0.9951117519399628,0.9905003810625407,0.9915424656381353,0.9949273068621469,0.9906934371243911,0.9916791895580659,0.9954029402558853,0.9906819431365027,0.9919344692359252,0.9953741799392732,0.989740688626754,0.9913896309446742,0.9948451382707967,0.9897016137686517,0.9913896509116598,0.9948247822505808,0.9897286397377263,0.9917399194749292,0.9946362731027482,0.9894661748178097,0.9908098781089087,0.9946116997501891,0.9893982982110444,0.9908099677923974,0.9946479164422687,0.9894654941554458,0.990809898063773,0.9944943920037059,0.9895530000582952,0.9904271601500941,0.9962258841070427,0.9910080083112817,0.9911026827718807,0.995560171520774,0.989846612388582,0.9912468174612531,0.9949824022915136,0.9893836750979947,0.9909444561821282,0.9948175610428484,0.9895684516299774,0.9908095368614184,0.9947246213073883,0.9908247165536243,0.9909328740033742,0.9953718688350742,0.991033406650037,0.9910078466788822,0.9955646239394056,0.9976140980026631,0.997142192948631,1.000696185766579,149.0
0.9999968902312467,0.999996778737418,0.9999973182624978,0.9795496374277816,0.9788366838650816,0.9823984288828718,0.9942208327374572,0.9939144259757362,0.9973116631066973,0.9927280127850034,0.9921502337380134,0.9967207509073183,0.992643263571714,0.9916783495981258,0.9969463220391818,0.991965837844953,0.9913837446707995,0.9966722524322682,0.9917384436666092,0.9917215282816971,0.9960934022011315,0.9914798632939059,0.9913873606954361,0.9959041962489064,0.9911524270306378,0.9917234874568421,0.9957013389694274,0.9910742939447268,0.9902773417335066,0.9963888854039146,0.9909077874241329,0.990284563696267,0.9963897465093853,0.9907569672564203,0.988769774519226,0.9959920822249979,0.9926466394669257,0.9913006630535613,0.9968589243452632,0.9925898511574495,0.9916783783604952,0.9971471508304203,0.9907588072905658,0.9884610870638474,0.9958754418061717,0.9907592572391051,0.9882155627440373,0.9958317196304888,0.9906441366145439,0.9866911805252571,0.9959277418396192,0.9906354156862537,0.9869005111375516,0.9957719081123301,0.9906306789732078,0.98638702774236,0.9959442329582123,0.9908388813644993,0.991588656253029,0.9953254041464116,0.9906850847015671,0.9914530270768899,0.9952586805154192,0.9908372312333249,0.99158870737949,0.9950750431660197,0.9910295959844756,0.9917240976142946,0.9955513648239707,0.9910182831283645,0.9919795762003716,0.9955247912970885,0.990079217907544,0.991438555432874,0.9949886236217667,0.9900400612877253,0.9914385754008476,0.9949680699717798,0.9900670124830906,0.9917871508186284,0.9947757850868767,0.9898075547837772,0.9908618198141703,0.9947578038386672,0.989739106430074,0.990861909502377,0.9947938430715956,0.9898075491028845,0.9908618397700851,0.9946409303243368,0.98988774017782,0.9904709693423365,0.9963730777067812,0.9913402594293429,0.9911424950326465,0.9957073755182211,0.9901854176300481,0.9912964306846228,0.9951280156181989,0.9897241710190061,0.9909966780101901,0.994963277411616,0.9899096169257825,0.9908614785487285,0.9948705532073757,0.9911567790380292,0.9909724809020352,0.9955189723749291,0.9913650897069766,0.9910467716954617,0.9957118630457873,0.9979015457739001,0.99717593250583,1.0008058963696356,150.0
0.9999968515578643,0.9999967756583035,0.9999972791018297,0.9792923763560691,0.9788163854017512,0.9821418087419741,0.9939363992341508,0.9938911860243861,0.9970036562108646,0.992439421136726,0.992125334733276,0.9964059592779985,0.992353920869024,0.9916531770227729,0.9966305115989894,0.9916762955418862,0.9913584762651505,0.9963556413835263,0.9914471724595136,0.9916948558847016,0.9957732329170135,0.9911877857815738,0.991360419031846,0.9955835860125324,0.990861363904815,0.9916965464395537,0.9953781255851093,0.9907841433813043,0.9902515388908072,0.9960693459619859,0.9906174247720626,0.9902589219097383,0.9960702237858439,0.9904674161407784,0.9887426558308506,0.9956679758497473,0.9923572524950043,0.9912752715875636,0.9965426307630365,0.9923000909495002,0.9916532057844104,0.996831091595668,0.990469267557516,0.9884338413743112,0.9955513278556047,0.990469722895173,0.9881882310614103,0.9955076269013892,0.9903570232970951,0.9866605134581672,0.9955975693419638,0.9903482813738713,0.9868696227598001,0.9954413198857337,0.9903438869870943,0.9863559317422247,0.9956133359314967,0.9905469848161258,0.9915616445317744,0.9949992886566182,0.9903930732194173,0.9914260346124802,0.9949310402989974,0.9905447602361632,0.9915616956568573,0.9947479112749953,0.9907382372236805,0.9916970665048952,0.9952273250193849,0.9907270454672173,0.9919522375767982,0.9952021630137377,0.9897881175479876,0.9914114766995047,0.9946566982513837,0.9897493683479871,0.9914114966669396,0.9946356995141372,0.9897758521593415,0.9917600820981722,0.994442697701305,0.9895139979490182,0.9908338282202257,0.9944240667174782,0.9894454103784487,0.9908339179059305,0.9944598678200756,0.9895141582778156,0.9908338481755835,0.9943066481059359,0.9895963966875214,0.9904463102508068,0.9960535088001892,0.9910476513995415,0.9911153255576236,0.9953864539556346,0.9898932825193004,0.9912693482929612,0.9947977194263293,0.9894305829362064,0.9909694140751699,0.9946314110727109,0.9896161873072064,0.9908334869643027,0.9945377845727063,0.9908638558461267,0.9909449393564848,0.9951976516499053,0.99107235540812,0.9910194039254768,0.9953909490052503,0.9976393726565792,0.9971552428735272,1.0005442951833747,151.0
0.999996767190115,0.999996777229865,0.9999972273021068,0.9787333912762238,0.9788255201449749,0.981804902003694,0.9933056316674127,0.9939070185721157,0.996582184469727,0.9917991129918377,0.9921438704094745,0.9959756088487669,0.9917108785558446,0.991673512612853,0.996201158383855,0.9910350327437439,0.9913777100851616,0.9959233860243388,0.9907992324884439,0.9917161125476792,0.9953326339555154,0.9905379086540937,0.9913805910020128,0.9951421375109456,0.9902131723982281,0.9917243174362886,0.994930423758883,0.9901409847006558,0.9902717831720284,0.9956333394007367,0.9899740946368144,0.9902796979972788,0.9956342138635671,0.9898231098841554,0.9887621043891653,0.9952263055612929,0.9917141354362494,0.9912970475542169,0.9961152187266153,0.9916554641585481,0.9916735413750729,0.996400880799537,0.989824963933332,0.9884530667393516,0.9951094064074445,0.9898254204389841,0.9882072757653729,0.9950655265771426,0.9897116360076087,0.9866782728330955,0.9951491156783379,0.9897028183589988,0.9868861399158699,0.9949911341393387,0.9896983707489577,0.9863736664355834,0.9951642711174816,0.9898997386143169,0.9915950544050124,0.9945464945556233,0.9897464009936667,0.9914629124848258,0.9944753422494482,0.9898977318970941,0.9915951055318468,0.9942941041679949,0.9900904407669633,0.9917270080238378,0.9947780834660817,0.9900794014462029,0.991982186045002,0.99475496173649,0.9891451697170018,0.9914544236195036,0.994195126303929,0.9891075232913596,0.9914544435878239,0.994173643850866,0.9891329202201808,0.9918044286713782,0.993982154532123,0.9888693319182476,0.9908859654094961,0.9939554792339172,0.9888008816478979,0.9908860551000321,0.9939909483071199,0.9888691494844497,0.9908859853659309,0.9938366583361513,0.9889522863506369,0.9904700613522874,0.9956173849315416,0.9903967114118887,0.9911346943903627,0.9949445169085388,0.9892474614304685,0.991311726567896,0.9943369866560853,0.9887844446963142,0.991017699234378,0.9941670459502645,0.9889721141224628,0.9908856241351912,0.9940711903339174,0.9902124219432956,0.9909637796759466,0.9947550408435623,0.9904211550750429,0.9910383854096622,0.9949490257158486,0.9970696745320109,0.997164579679414,1.0002007929791732,152.0
0.9999967149336332,0.9999967725940219,0.9999971855026156,0.9783860866248675,0.9787941129469415,0.9815313507287604,0.9929199283559312,0.9938752477538958,0.9962518909490241,0.9914018559181619,0.9921095717566105,0.9956371599296121,0.9913135817669999,0.9916399495148327,0.9958639002686953,0.990635530695057,0.9913434725666528,0.995583107552482,0.9903910840357891,0.991678908549893,0.99498538010122,0.9901295729276635,0.9913442103942451,0.9947953494213505,0.989797894235757,0.9916857924263933,0.9945756844405198,0.9897394060631035,0.9902376377074877,0.9952904187388959,0.9895718838412041,0.9902458258408704,0.9952912727409399,0.989422604438067,0.9887275446511657,0.9948795019541498,0.9913166287314665,0.9912640731150888,0.9957786136081953,0.9912583010831323,0.9916399782760736,0.9960638474150643,0.989424419286494,0.9884179916039091,0.9947617956530381,0.9894248566286811,0.9881716898019869,0.9947172813088199,0.9893125200444948,0.9866437506776273,0.9947993304506648,0.9893035974499741,0.9868499694410008,0.9946387904178494,0.9892994526535634,0.9863394091109201,0.9948145012207935,0.9894796022598868,0.9915555543411331,0.9941867022211861,0.9893233397394258,0.9914228781879717,0.994112780498047,0.9894776661796183,0.9915556054659552,0.9939334360988523,0.9896733121194021,0.9916880416128506,0.9944216118162509,0.9896623603969915,0.9919428944408571,0.994399518600125,0.9887177608469717,0.9914136064051193,0.9938252448510115,0.9886803867027262,0.991413626372632,0.9938029097171175,0.9887054666215163,0.9917641329997396,0.9936116166622013,0.9884362258658075,0.990842177468623,0.9935829144745354,0.988367583217373,0.990842267155275,0.9936179511809612,0.988436367776805,0.9908421974241929,0.9934633509478733,0.9885465950350396,0.9904375858776471,0.9952743642852716,0.9899880712746906,0.9910986734379287,0.9945978750711814,0.9888193630810118,0.9912706978427441,0.9939695888339529,0.9883515262077035,0.990975327025307,0.9937972860157189,0.988539087735033,0.9908418362090968,0.9937000821244593,0.989804216747101,0.9909281386930129,0.9944086766376445,0.9900127384055514,0.9910026764019576,0.9946023714992007,0.9967157329754737,0.997132587528133,0.999921928382791,153.0
0.999996677547807,0.9999967658621819,0.9999971538855712,0.9781368907156175,0.9787484224263128,0.9813235827944143,0.9926478348440453,0.9938291541708656,0.996006911211537,0.9911181441607155,0.9920625344916846,0.9953901188492168,0.9910284983416172,0.9915940378112515,0.9956176687499884,0.9903488146347554,0.9912979292029688,0.9953362554284182,0.9900989586132137,0.9916297068845005,0.9947337901189828,0.9898360015834318,0.9912946390278095,0.9945431850591182,0.9895019312014341,0.9916376944352189,0.9943216925263798,0.9894494886485515,0.9901942606726507,0.9950439527452689,0.9892813132515024,0.9902028518895265,0.9950448082763073,0.9891322825155118,0.9886863386446721,0.9946336947831186,0.9910312948267607,0.9912190621448523,0.9955334501328593,0.990972582499262,0.991594066571151,0.9958173005138247,0.9891340902764467,0.988376621701184,0.9945157576399934,0.9891345241275467,0.9881301675084114,0.9944710665568729,0.9890217015324595,0.9866079586089733,0.9945565726038762,0.9890127879968098,0.9868147869336843,0.99439645134966,0.9890085679818414,0.9863042273190461,0.9945720738705407,0.9891803067037552,0.9915083416545714,0.9939305933684904,0.9890220176707138,0.9913761834845208,0.9938553611869511,0.9891784031758996,0.9915083927769845,0.9936768429922759,0.9893760908971808,0.9916403102967839,0.994167115427753,0.9893652536614862,0.9918952888987987,0.9941465315624458,0.9884137514023261,0.9913684534542068,0.9935642519940323,0.988376616496961,0.9913684734208277,0.9935415175311841,0.988401416378866,0.9917198520607833,0.993350059921539,0.9881272552167137,0.9907975731283776,0.993320038805404,0.9880590313782048,0.9907976628110939,0.9933551215697579,0.9881269498169145,0.9907975930830715,0.9931996814211693,0.9882527581485381,0.9903970897329363,0.9950277709413538,0.9896933757848377,0.9910487320508369,0.9943452429352386,0.9885147483923348,0.9912251910215388,0.9937098635856864,0.98804246413782,0.9909308725957535,0.9935360341624272,0.9882303634162506,0.9907972318838243,0.9934380318518274,0.9895089648877878,0.9908776318676901,0.9941554379983957,0.989718230394494,0.9909529948099318,0.9943497291448026,0.9964617899722052,0.997086046632637,0.999710147691435,154.0
0.9999966372726359,0.9999967579789374,0.9999971226888453,0.9778691091552606,0.9786954070336991,0.981119026995884,0.9923513986106951,0.993773685574291,0.9957626774141038,0.9908136405599961,0.9920043593903274,0.9951471569025573,0.9907219336691987,0.9915348462519316,0.9953721107157614,0.9900428236793968,0.9912409190043979,0.9950954864869459,0.9897882576117875,0.991568266179114,0.9944905864005174,0.9895248154627092,0.9912342923238737,0.9943001938241484,0.9891870680583218,0.9915742402388016,0.9940788365963712,0.989142141974274,0.9901389427427535,0.9948063469217628,0.9889732465668336,0.9901476253858031,0.9948073150769323,0.9888272568220017,0.9886341026802836,0.9944003220013596,0.9907244401625744,0.9911590572561495,0.9952865570324655,0.9906649986246151,0.9915348750101042,0.995571186259658,0.9888290445360141,0.9883241116241038,0.9942819526311651,0.988829468592074,0.9880773885176821,0.994236922071246,0.9887167950644631,0.9865639895079303,0.994330951174906,0.9887079117763378,0.9867718238626454,0.9941718031924629,0.9887036723305421,0.9862611785791644,0.9943473085054644,0.9888625903852086,0.9914428734025127,0.9936877441460429,0.9887022138858192,0.9913093729478228,0.993612112962222,0.9888612670549857,0.991442924521569,0.9934340586977735,0.9890601615173222,0.9915761838346976,0.9939246971065597,0.9890494761506959,0.9918316598191376,0.9939062333275998,0.9880899504084246,0.9912996090330488,0.9933190123712459,0.9880526523310323,0.9912996289982932,0.9932958591733884,0.9880775766884208,0.9916518867144051,0.9931042965823396,0.9878005567918557,0.9907239057376861,0.9930758909659312,0.9877324454531711,0.9907239954137909,0.9931109711254591,0.9878006335641153,0.9907239256909074,0.9929555250696815,0.987940342345278,0.990341257763977,0.9947902769933274,0.9893821009087808,0.9909889317583299,0.9941025176445271,0.9881913875770219,0.991155989868959,0.9934659260916909,0.9877148739298593,0.990858633596299,0.9932920067415816,0.9879031734536017,0.9907235645182909,0.9931939981453912,0.9891982557182635,0.9908183590115314,0.993913158692994,0.9894070187656927,0.9908932779115386,0.9941070002969434,0.9961888931195966,0.9970320349221418,0.9995016303959751,155.0
0.999996578453634,0.9999967531182065,0.999997095697269,0.9774806109799861,0.9786625478702186,0.9809446353269078,0.9919058826007894,0.9937401538157683,0.995537444382803,0.9903652727790404,0.9919696357020188,0.9949252929619369,0.9902754139196331,0.9915005934694333,0.9951524522831686,0.9895957609314764,0.9912072772362375,0.994874750600081,0.989332222581572,0.9915308118031254,0.9942706906071089,0.9890683613934338,0.991197483286923,0.9940807784563356,0.9887244717910164,0.991535492359858,0.9938597965384754,0.9886950429496796,0.9901068669243935,0.9945859304411548,0.9885258772797431,0.9901159342923126,0.9945868999983446,0.9883822249347151,0.9886028836241434,0.9941804416771888,0.9902777114464865,0.9911251813532675,0.9950673173613357,0.9902197447694199,0.991500622226608,0.9953525370049696,0.9883839983907203,0.9882927001401149,0.9940617149967064,0.9883844155153313,0.9880457914575669,0.9940163993140916,0.9882708289581903,0.9865348747753836,0.9941096223220632,0.9882619615408985,0.9867435153089993,0.993951124968853,0.9882575819227493,0.986232210792679,0.9941256870997734,0.9883957189930237,0.9914025943897081,0.993468896349883,0.9882328312643383,0.9912679945267976,0.993393017942965,0.9883941571378645,0.9914026455067059,0.9932149084311708,0.9885959555859888,0.9915370039358002,0.993706240396132,0.9885854392569665,0.9917932433647367,0.9936902605735153,0.9876160399610587,0.9912572160406636,0.9930988387183927,0.9875785421842194,0.9912572360050629,0.9930755380375577,0.9876036225109578,0.9916103007836191,0.9928835426425876,0.9873226569570416,0.9906784052916308,0.9928559532732258,0.9872541516069645,0.9906784949636614,0.9928909115330546,0.9873226771537895,0.9906784252439449,0.9927355467027429,0.9874915612936538,0.9903115993216571,0.994569779215174,0.9889256357300886,0.9909523822752978,0.9938835048384225,0.9877180144109097,0.9911132694267193,0.9932463724877552,0.9872377080306378,0.9908140848063498,0.9930722834025953,0.9874257282082844,0.9906780640877371,0.9929742037769786,0.9887425511397212,0.9907825560605668,0.993694742890844,0.9889505443223333,0.9908567038911718,0.9938879874931297,0.9957929230203134,0.9969985623434042,0.9993238025082692,156.0
0.9999965093940111,0.9999967533719363,0.9999970740309296,0.977025641033193,0.9786635134309584,0.9808071314638214,0.9913770727700425,0.9937446587053812,0.9953441555502229,0.9898364587559277,0.991975717182778,0.9947370107516904,0.9897472202698508,0.9915072482940863,0.9949655374984739,0.989066250039663,0.9912146173489182,0.9946876181755049,0.9888040348663708,0.9915376936507704,0.9940858576698633,0.9885407880394318,0.9912052653160776,0.9938965285666056,0.9881962341182577,0.9915430238439312,0.9936776056859736,0.9881648050350873,0.9901160286847573,0.9944001845422552,0.9879954456564575,0.9901252999022122,0.9944011442436508,0.9878522819074258,0.988614069947823,0.9939968953607178,0.9897494060230204,0.9911322949884585,0.9948808104346273,0.9896920074567175,0.9915072770514518,0.9951661367284809,0.9878540952680944,0.988304200782781,0.9938786602793905,0.98785453186178,0.9880576405429231,0.9938337394175626,0.9877394677591992,0.986549457441406,0.9939259962502687,0.9877305684309052,0.9867581507866648,0.9937669589528073,0.9877260408516155,0.9862472281967575,0.9939421346173912,0.9878676130639593,0.991410610026701,0.993288143288485,0.9877047882416022,0.9912762779846533,0.9932128676213716,0.9878660271677732,0.9914106611441171,0.9930341914473334,0.9880677847948722,0.9915447517292146,0.993524840517423,0.9880573477982163,0.9918011374815963,0.9935100210278004,0.9870878017971453,0.991264921076498,0.9929192750818735,0.9870503120602209,0.9912649410410538,0.9928962426826438,0.9870752459383983,0.9916171230113399,0.9927009717187817,0.9867965188686527,0.9906859487581906,0.9926799197262034,0.9867273713132892,0.9906860384309144,0.9927147617597402,0.9867976155548897,0.9906859687106592,0.9925604850975409,0.9869600957284448,0.9903220070926932,0.9943839951166293,0.9883981861137664,0.9909606496353589,0.9936994086379156,0.9871898118972802,0.9911213340103419,0.9930673337137316,0.9867096513052802,0.9908219653663334,0.9928945638547171,0.9868988816279919,0.9906856075516611,0.9927973423299638,0.9882155382434135,0.9907912747017132,0.9935109185843035,0.9884234311089344,0.9908654416427062,0.9937038719740933,0.9953291805686668,0.9969995629762063,0.9991835348254873,157.0
0.9999964997366498,0.9999967575124542,0.999997077553102,0.9769619961521607,0.9786902293019027,0.9808311748704479,0.9913030688754014,0.9937780828237714,0.9953667252509725,0.9897647560405437,0.9920107967038803,0.9947668414970426,0.989675445717876,0.9915426412516847,0.9949953678605169,0.9889947097091574,0.9912506502710371,0.9947179254865526,0.988735350045075,0.9915732154998622,0.9941242677781186,0.9884717171305717,0.9912405785589825,0.9939345279478946,0.9881297387054481,0.9915802031061941,0.9937243555865947,0.9880929146531939,0.9901534381971013,0.9944307561352494,0.9879235516772441,0.9901629391992142,0.9944316629052754,0.9877801929463041,0.9886524393046526,0.9940281957974803,0.9896776555752126,0.991167938679747,0.994910598484924,0.9896201717429245,0.991542670010074,0.995195998527979,0.9877819655186046,0.9883422701861774,0.9939093177658925,0.9877823823227783,0.9880953791322836,0.9938638672621644,0.9876653262512542,0.9865904116032436,0.9939563748079128,0.9876563428775693,0.986798361009564,0.9937953409924131,0.9876516448970311,0.9862886368505479,0.9939727065311305,0.9878015526775835,0.9914482770198304,0.9933387246296662,0.9876387473098219,0.9913138808387044,0.9932646737799644,0.9878001932915518,0.9914483281392007,0.9930853501587871,0.9880015091356181,0.9915824829582291,0.9935738599873963,0.9879913280924916,0.9918406441471801,0.9935629211692365,0.9870220474347196,0.9913026141219061,0.9929735062990951,0.9869845983931611,0.9913026340872242,0.9929510169016927,0.9870093707596984,0.9916543900743661,0.992752472833614,0.9867303838319205,0.9907232323839315,0.9927371067325685,0.986661852857524,0.9907233220600413,0.9927725462822709,0.9867306727199454,0.9907232523371534,0.9926177168492533,0.9868883489792202,0.9903612308466687,0.9944144516455615,0.9883287303077423,0.9909958270047128,0.9937370829213815,0.9871240008403933,0.991159200924509,0.9931212628713739,0.9866437103636281,0.9908600906973516,0.9929499026963842,0.9868329124761536,0.9907228911645171,0.9928536392681984,0.9881456274372917,0.9908260378994231,0.9935481487555806,0.9883540366519351,0.9909006709238947,0.9937415441081989,0.9952643100672474,0.9970268074256684,0.9992080245561863,158.0
0.9999965630923006,0.9999967624409993,0.9999971143631332,0.9773808230254035,0.9787232782315256,0.9810699492113054,0.9917807321388641,0.9938134028327422,0.9956678672026382,0.9902459202324825,0.9920450793940192,0.9950719881747897,0.990156133617855,0.9915751718556182,0.9952973464822876,0.989476289499518,0.9912853082518727,0.9950233551483442,0.9892208838887299,0.9916051709901623,0.9944364297632001,0.9889565388143859,0.9912719895567271,0.9942458304617653,0.9886176590749479,0.9916095129259864,0.9940434063065409,0.9885752252279542,0.9901886351300092,0.9947368395876128,0.98840589541805,0.9901981401320925,0.994737635745036,0.9882635178349505,0.9886883269906034,0.9943359190584478,0.9901582819810519,0.9911990671576645,0.9952104192935584,0.9901006197886111,0.9915752006149527,0.9954976947283609,0.9882652250164302,0.9883777131163651,0.9942161798616075,0.9882656100326137,0.9881303184076947,0.9941700223628419,0.9881491916982782,0.98662858047179,0.9942655547882903,0.9881401684636958,0.9868366949397576,0.9941035302315098,0.9881355870724601,0.9863270768774658,0.9942822317836733,0.9882903727694183,0.9914753430414383,0.9936622014428349,0.9881279038758544,0.9913395849207384,0.9935903051777933,0.9882891901134176,0.9914753941621937,0.9934097676064196,0.988489779614104,0.9916109111432838,0.9938946271095016,0.9884796188140894,0.9918689818326284,0.9938837571216848,0.9875139343470085,0.9913269757070278,0.9933047205138487,0.9874771332652033,0.9913269956728274,0.9932833895578325,0.9875011464436629,0.9916785442951869,0.9930809308581605,0.9872220235396583,0.9907440942538849,0.993072616156689,0.9871535823462999,0.9907441839318358,0.9931084975655523,0.987222461096045,0.9907441142075156,0.9929542165571337,0.987371271259293,0.9903974135428298,0.9947203682836234,0.9888131110972765,0.991026957542034,0.9940479440038352,0.9876142479230089,0.9911836475359648,0.9934505849329861,0.9871349292756135,0.9908830051459151,0.9932819729766121,0.9873240382372687,0.9907437530274663,0.9931875057022203,0.9886291831529141,0.9908563962951923,0.9938583758963404,0.9888386015470436,0.9909320137991761,0.9940523982366781,0.995691183305159,0.997060481044562,0.9994514813134464,159.0
0.9999966492519415,0.9999967722596929,0.9999971728912767,0.9779508618529958,0.9787883884053203,0.9814508906363052,0.9924282999867574,0.9938861801209972,0.996140691587278,0.9909019033363721,0.992119537165422,0.9955512531471814,0.9908117244943606,0.9916490156603324,0.995774861671333,0.990135037759645,0.9913596122857289,0.995502959486005,0.9898835691131502,0.9916808241638418,0.9949253223926223,0.9896188432109736,0.9913478625323271,0.9947344098617967,0.9892848091083623,0.9916851674853925,0.9945405861741915,0.9892361747428238,0.9902627105373523,0.9952164237843318,0.9890670188078478,0.9902722344312695,0.9952171774351019,0.9889268145574656,0.9887616845776568,0.9948157106692714,0.9908139462452963,0.9912724195403418,0.9956870651016153,0.9907559200025887,0.9916490444218135,0.9959748120031704,0.9889284501304823,0.9884506298561276,0.9946950819202437,0.988928800353434,0.9882027241233344,0.9946481894164838,0.9888138267129837,0.9867005574140547,0.9947429576860765,0.9888047627076493,0.9869088531733327,0.9945798729176559,0.9888004029856738,0.9863988441369717,0.9947594899314184,0.9889608341567916,0.9915506793551058,0.9941645769522197,0.9888000535777097,0.9914146025984784,0.9940949124442866,0.9889599859865812,0.9915507304797394,0.9939133736717407,0.9891582228814234,0.9916865665295062,0.9943940599965715,0.9891481581704735,0.9919452384114935,0.9943844317388092,0.9881895010738803,0.9914003367923783,0.993814004124655,0.98815303196487,0.9914003567596467,0.9937937354671027,0.9881765214598869,0.9917502336644378,0.9935852703394666,0.9878996532913604,0.9908159319597603,0.9935880153815739,0.9878309991277392,0.9908160216441622,0.9936242434078572,0.9879004360373091,0.9908159519148265,0.9934708922060949,0.9880332111774361,0.9904716017464312,0.9951998912455767,0.9894756911501956,0.9911030230365963,0.9945367311145938,0.9882890289752441,0.9912576889676378,0.9939591151987661,0.9878118717173447,0.9909561495003715,0.9937935678293109,0.9880011831805708,0.9908155907087944,0.9937010550063887,0.9892918360591971,0.9909325772244945,0.9943474193281439,0.9895012043450399,0.991008056888607,0.9945411875246751,0.996272166081582,0.9971268373860279,0.9998398681267235,160.0
0.9999967447181449,0.9999967738615663,0.9999972342672325,0.9785825035690409,0.978799362941655,0.9818497112339665,0.9931459573740211,0.9938969545585596,0.9966413212893809,0.9916273437795372,0.9921297764756327,0.9960617907362714,0.9915364892504934,0.9916592547528312,0.9962841755815882,0.9908619245680462,0.9913705826538359,0.99601609611253,0.9906172228737629,0.9916888842302064,0.9954453784093019,0.9903539711852396,0.9913565199414088,0.995255615508474,0.9900207111835089,0.9916890068106371,0.9950676539145393,0.989962602072037,0.9902747366999093,0.9957325443905468,0.9897935007238711,0.9902840845487539,0.995733344222195,0.9896518740505887,0.9887760993588934,0.9953361094395554,0.9915388510872819,0.9912826583327764,0.9961961872891282,0.9914801739286889,0.9916592835146142,0.9964835353627945,0.9896535063090031,0.9884651802143397,0.9952157008214131,0.9896538549424962,0.9882173842902264,0.9951689767469081,0.9895405707629858,0.9867198891343723,0.9952703221613028,0.9895314699650725,0.9869284262709843,0.9951062374805735,0.989527372461413,0.9864187794181322,0.9952879196675992,0.9896965704735974,0.9915511250855936,0.9946961305846352,0.9895359924067519,0.9914130614651377,0.9946289668498282,0.9896949927523904,0.9915511762102307,0.9944454579532329,0.9898940557895606,0.9916889994620618,0.9949227001316178,0.9898839653775239,0.9919471789410287,0.9949123269912467,0.988927599475487,0.9913969227215307,0.9943549940065717,0.988891667120324,0.9913969426887169,0.9943358602816306,0.9889145896789099,0.9917481915690612,0.9941254886725627,0.9886356428673421,0.9908078916801432,0.9941317269045976,0.988566675394885,0.9908079813637386,0.9941682155324382,0.9886361807313306,0.9908079116350291,0.9940154608357168,0.9887598301077275,0.9904821769757233,0.9957160898251494,0.9902114158742644,0.991112095002944,0.9950584882634705,0.9890257436151522,0.9912537179285065,0.9944974679087557,0.9885485634418132,0.9909489535799151,0.9943344135685777,0.9887374937987014,0.9908075504322459,0.9942433716238505,0.9900280974539468,0.9909422246499164,0.9948699107530922,0.9902370339913692,0.9910172416358844,0.9950629418047383,0.9969159316111202,0.9971380147431255,1.0002465044942004,161.0
0.9999968066519455,0.9999967793988336,0.9999972708573953,0.9789915244071244,0.9788359596805133,0.9820871697489177,0.9936150350480943,0.993938424482033,0.9969424179766163,0.9921023616099716,0.9921719294672662,0.9963706491575159,0.9920124939023537,0.9917007249051913,0.9965925316465012,0.9913388383140767,0.9914139670276341,0.9963283032129469,0.9910956727329355,0.991730632057286,0.9957598861243478,0.9908323907436479,0.9913978385826414,0.9955701805938425,0.9905003526207823,0.9917300186089903,0.9953864912276018,0.9904397106037556,0.9903199021371374,0.9960486644360355,0.9902706576389012,0.9903291568797064,0.9960494834981509,0.9901288241164038,0.9888243874052466,0.9956581116234783,0.9920148507071221,0.9913235820209435,0.9965037964843949,0.9919567743782619,0.9917007536681768,0.9967921501226825,0.9901304367185239,0.9885133951730535,0.9955375507941158,0.9901307757963472,0.9882654989293984,0.9954906972968401,0.990017481454455,0.9867759642379575,0.9956019833764764,0.990008380304111,0.9869853777897095,0.9954379418112201,0.9900042780032802,0.986475732806473,0.9956208322748392,0.9901765335468717,0.9915916698483899,0.9950178854174797,0.990016273423517,0.991453384446357,0.9949522487519984,0.9901745983845266,0.991591720975104,0.994767663065217,0.990373821052149,0.9917297662694073,0.9952426069104175,0.990363731603578,0.9919876276082786,0.99523197778267,0.9894082286923879,0.9914370943824592,0.9946823104383046,0.9893723416724156,0.9914371143504458,0.9946637237887025,0.9893952034097769,0.99179007188162,0.9944526032772172,0.9891172797554053,0.9908460357118164,0.994461679773542,0.9890481903269905,0.9908461253988132,0.9944983910186963,0.9891177181122267,0.9908460556674589,0.9943460639804513,0.9892370876326206,0.990526497393997,0.9960322464122779,0.9906897801525333,0.991153176477868,0.9953731080418261,0.989506260959897,0.9912931957246981,0.9948234445823411,0.9890298567452876,0.9909869435330151,0.9946622304852014,0.9892191705184883,0.9908456944509773,0.9945722603679412,0.9905063443125046,0.990983206641611,0.9951845555962541,0.9907152615509418,0.99105811195217,0.9953775705792661,0.9973328196907091,0.9971753146501211,1.0004886264333228,162.0
0.9999967703531142,0.9999967846319769,0.9999972565191458,0.9787521208048108,0.9788703703850161,0.9819954403948896,0.9933382949137981,0.993978294592361,0.9968165600551884,0.9918259699147765,0.9922128292031878,0.9962421477925041,0.9917348075963942,0.9917409330583338,0.9964625396956599,0.9910626851320302,0.9914546861461913,0.9961987498655386,0.9908205344393433,0.9917728711036387,0.9956303230054416,0.9905570910134364,0.9914398886602444,0.9954405789489802,0.990227129692276,0.9917736777542461,0.9952561434187082,0.9901623876285448,0.9903603573242754,0.9959167490601949,0.989993316971891,0.9903697096552924,0.9959176295508722,0.9898498614118844,0.9888639997292225,0.9955221943562059,0.9917370513046133,0.9913632367827265,0.996373005600253,0.9916783962108539,0.9917409618224866,0.9966618630985424,0.9898514730008927,0.9885529937374679,0.9954015325714971,0.9898518116283227,0.9883050834732657,0.995354591982653,0.9897359743402951,0.9868126843490936,0.995457375016672,0.9897267791810783,0.9870212144973562,0.995291156159364,0.9897224538941591,0.9865122142274881,0.9954754334074363,0.9899036914851809,0.9916367497821285,0.9948865547069845,0.9897435266996456,0.9914994117477485,0.994820335749929,0.9899020164169923,0.9916368009111675,0.9946363697697842,0.9901007440533003,0.9917738989819896,0.9951118605842684,0.9900906518525479,0.992031405263553,0.9951011318882936,0.9891350217843735,0.9914840236053492,0.9945487309733948,0.9890991318953581,0.9914840435742801,0.9945299780915502,0.9891219462457335,0.9918380108794735,0.9943182984896417,0.9888418887652682,0.9908911282545757,0.994327425220199,0.9887729569105752,0.990891217945642,0.994364177286191,0.988841608864047,0.9908911482111239,0.9942112731405728,0.9889598309562997,0.9905675810528235,0.9959003830275747,0.9904143308746379,0.9911950858879338,0.9952434359941421,0.9892330821013184,0.9913397151628861,0.994690592652301,0.9887562540162563,0.9910336634966294,0.9945287111340118,0.9889444793529057,0.9908907869782525,0.9944384297551805,0.9902308724854335,0.9910250790923643,0.9950547754683389,0.9904396353458311,0.9910997939866634,0.995247906406093,0.997088806828171,0.9972103907704233,1.0003950617123838,163.0
0.9999966886906942,0.9999967818579559,0.9999972063774265,0.9782121628374912,0.9788518602240451,0.9816698804532975,0.9927225108671559,0.9939583713335336,0.9964055703518152,0.9912065347244505,0.9921910249621374,0.9958244478663602,0.9911142176723058,0.991716411851481,0.9960404416396118,0.9904415300564561,0.9914332824639843,0.9957814248218481,0.9902004270375571,0.9917495671444284,0.9952060851513838,0.989936959771593,0.9914171426296099,0.995016430507498,0.9896082043109846,0.9917486752757936,0.9948272594321683,0.9895400426071822,0.9903395371698238,0.9955002895795361,0.9893705479217522,0.990348749463197,0.9955012441336507,0.9892280332908014,0.9888453138565737,0.9951065975766639,0.9911163053594896,0.9913365414565044,0.9959474507696837,0.9910572306562732,0.9917164406149171,0.9962397191048946,0.9892296347465591,0.9885341405853164,0.9949855753778378,0.989229968477355,0.9882860678051804,0.9949383426603591,0.9891143345700957,0.9867995822029072,0.9950454643963922,0.9891050948231086,0.9870081020707571,0.9948784515162247,0.9891008458195927,0.9864998426950085,0.9950641283454449,0.9892861135534184,0.9916101662553523,0.994454403975214,0.9891263588703687,0.9914718135059234,0.9943862072347163,0.9892853040600811,0.9916102173830181,0.9942039921386288,0.9894823501020856,0.9917483302386996,0.9946819327823868,0.9894723219983103,0.9920060402797892,0.9946722390919596,0.988522104319082,0.9914542859507655,0.9941091184689143,0.9884874968338341,0.9914543059190932,0.9940903569397419,0.9885088154289843,0.9918061883217586,0.9938738215207645,0.9882262943378938,0.9908606813895383,0.9938863757399327,0.9881581947713417,0.9908607710778355,0.9939231765027297,0.9882258795928685,0.99086070134547,0.9937693686891509,0.98833490762481,0.990545778761257,0.9954840393836294,0.9897941806088894,0.9911726213226867,0.9948193125806063,0.9886169174387143,0.9913108258654083,0.9942529781531693,0.9881394617588409,0.9910036188692202,0.9940895892550365,0.9883284220663038,0.990860340123752,0.9939983601610292,0.9896110024112338,0.9910028438213391,0.994630731025083,0.9898195655978942,0.9910775001086044,0.9948237750795069,0.9965384765228156,0.997191530053963,1.0000631139079519,164.0
0.9999966430748896,0.999996777819124,0.9999971541597245,0.9779074856957116,0.9788245933157034,0.9813266097159176,0.9923938971076732,0.9939302879253777,0.9960012901992099,0.9908740957566398,0.9921623545316511,0.9954136298751004,0.9907809574055176,0.9916886908914097,0.9956307270353739,0.9901073266910542,0.9914045131900995,0.9953696102382619,0.9898671015419237,0.9917206523008781,0.9947868478929596,0.9896022628207064,0.9913876344012542,0.9945962284213479,0.989278719584017,0.9917213623336224,0.9944035566293623,0.9892038716205687,0.990310628417674,0.9950871581292389,0.9890338921552934,0.9903198612687829,0.9950882017858483,0.9888917964905027,0.9888167464956499,0.9946909284697374,0.9907829739989565,0.9913095802741803,0.9955386340973212,0.990723531087046,0.9916887196540397,0.995829993081357,0.988893395601472,0.9885054022848592,0.9945696922744274,0.9888937281232618,0.9882571730431863,0.9945222993463276,0.9887787342142862,0.9867719155024658,0.9946280869627955,0.9887694044317765,0.9869794876557964,0.9944589946757563,0.9887653427476848,0.9864724429931359,0.9946468565020011,0.9889606724948151,0.9915840553505012,0.9940279956229732,0.9888030611279566,0.9914463709614227,0.9939582293797513,0.9889606286883799,0.9915841064768344,0.9937771789315931,0.9891544375282679,0.9917215508036045,0.9942574445358299,0.989144491106066,0.991979607159495,0.9942489920487291,0.9882066529825467,0.9914294253150161,0.9936777159641159,0.9881737500057821,0.9914294452828506,0.9936589734540605,0.9881932690926688,0.9917814083899831,0.9934405346785804,0.9879113806512304,0.9908353541912367,0.9934532770175164,0.9878441660467222,0.9908354438772817,0.9934900362210689,0.9879120173972179,0.9908353741466674,0.9933360062187068,0.9879955209550924,0.9905165610242249,0.9950709936615113,0.98945864672982,0.9911426887393718,0.994398561220306,0.9882970731767933,0.9912859331288858,0.9938222908083685,0.987820948421994,0.9909792105298241,0.9936577513982875,0.9880116556969131,0.9908350129340198,0.9935659274802386,0.9892748106543777,0.9909721876674545,0.9942092354002474,0.9894840452393036,0.9910476466287965,0.9944030202841282,0.9962280101950534,0.9971637528725489,0.9997132088059618,165.0
0.9999965882068275,0.9999967728543262,0.9999971108554899,0.9775435856983005,0.9787915810924323,0.9810437410446784,0.9919858053540253,0.9938942711852014,0.9956562095953219,0.9904595269472063,0.9921233962033799,0.9950608900720136,0.9903658187080735,0.9916512904609027,0.9952804032795036,0.9896910964668998,0.991364320366281,0.995014039208036,0.9894473951194795,0.9916790863443147,0.9944263546774149,0.9891838275902167,0.9913480771879438,0.9942368318046154,0.9888546482007861,0.9916758078672531,0.9940359328185312,0.9887851781569589,0.9902686514835504,0.9947273485211602,0.9886147153577923,0.9902778425748313,0.99472843820699,0.9884722011032918,0.988772846567846,0.9943243282615665,0.9903677297152403,0.9912734265428987,0.9951901013317939,0.9903081298810708,0.9916513192224529,0.9954797756362794,0.9884738130359749,0.9884614707918478,0.9942031184296194,0.9884741517421515,0.9882132375500923,0.9941557595064789,0.9883589616253051,0.9867225838228839,0.9942508479715713,0.9883495891611639,0.9869299893255754,0.9940809040555532,0.9883455538494677,0.9864224278418402,0.9942683650456396,0.9885325599228859,0.9915350649544205,0.9936552431197967,0.9883722586215695,0.991395274321745,0.993582616135137,0.9885330544200592,0.9915351160782373,0.9934038828652829,0.9887288194527393,0.9916746664564212,0.9938879598444724,0.9887189100033784,0.9919326814507842,0.9938800513714077,0.9877719250445617,0.9913759076702302,0.9932940928637388,0.9877391366251269,0.9913759276369897,0.9932743476717756,0.9877584858351969,0.99172864704767,0.9930560789069488,0.9874700890849213,0.9907755344206475,0.993066458612513,0.9874028233470934,0.9907756241012896,0.993102725688655,0.9874704964407602,0.9907755543748744,0.9929480939596298,0.987573585768476,0.9904740055254202,0.9947112424337469,0.9890408934021633,0.9911042993929716,0.9940397699125411,0.9878620701440818,0.9912321087350716,0.993441613196571,0.9873817078507214,0.9909219785780006,0.9932743647491361,0.9875709499184628,0.9907751931839881,0.9931809130352321,0.9888581953076042,0.9909348503882697,0.9938513774574814,0.98906638955948,0.9910094570278737,0.994044220477223,0.9958571423775116,0.9971301131007174,0.9994248320400183,166.0
0.9999965232296795,0.9999967781040947,0.9999970712621735,0.9771131559361453,0.9788254742813185,0.9807866973634598,0.9915001849746682,0.9939365840590845,0.9953325881322881,0.9899711695477608,0.9921680415350539,0.9947298392332785,0.9898778594130454,0.9916966317677953,0.9949510354523218,0.9892003358944305,0.9914080205989874,0.9946807073253716,0.9889592799690581,0.9917283415111597,0.9940874537487701,0.988697226339385,0.991399306936859,0.9938988747602202,0.9883683771650159,0.9917275764033205,0.9936899521581221,0.9882916851995649,0.9903109866216069,0.9943909211523903,0.9881208231110944,0.9903200265805986,0.9943919906165405,0.9879768011475596,0.988814309107415,0.9939832310879964,0.9898797237803043,0.991319324804971,0.9948614313305452,0.9898204447342897,0.991696660530662,0.9951508942631485,0.9879784239664026,0.9885029164427906,0.9938619923517736,0.987978767956523,0.988254687929675,0.9938146151584527,0.9878629585142616,0.9867615236514545,0.9939033341982643,0.9878535700926329,0.9869692501072792,0.993733285020178,0.9878494746598231,0.9864609872856205,0.9939200312945292,0.9880486197119693,0.9915893083447339,0.9933047930810536,0.9878896305645595,0.991451154691821,0.9932298404669364,0.9880494919884948,0.9915893594713512,0.9930529391671215,0.9882434398098415,0.9917272729531524,0.9935401811179938,0.9882335051054087,0.9919847328992131,0.9935318859953901,0.9872924719127442,0.9914327594577639,0.9929340216879959,0.9872602392395824,0.9914327794256694,0.9929138406861844,0.9872788026231487,0.9917831473757731,0.9926906968141588,0.9869935307747336,0.9908365018343943,0.9927068043618665,0.9869267434887298,0.9908365915205707,0.9927429416443113,0.9869944434780221,0.9908365217898539,0.9925880598930453,0.9870775957888399,0.9905155989495517,0.9943748227847041,0.9885549950156052,0.9911567112630669,0.9937022411596123,0.9873812658659894,0.9912899172301481,0.9930848324848811,0.9869027025207797,0.9909823662683006,0.9929162181323962,0.9870935139210175,0.9908361605766772,0.9928219966910605,0.9883732194394043,0.9909881068427635,0.9935145390898107,0.9885810001312373,0.9910626532403969,0.9937066605010124,0.995418464932912,0.9971646764326434,0.9991627481304273,167.0
0.9999964488774589,0.9999967731260507,0.999997041673116,0.9766240113075592,0.9787929306743,0.9805979325401801,0.990927478917775,0.9938979434694796,0.9950748070009461,0.9893941661521766,0.9921273872437438,0.9944679907786039,0.9893016282982111,0.9916561367686892,0.994689915527793,0.9886208783797417,0.9913659919029818,0.9944182290205112,0.988379356657253,0.9916873469891816,0.9938202558656392,0.9881162333802167,0.991357851681145,0.9936310173489842,0.9877882175727565,0.9916866762868708,0.99341861898309,0.9877091681967982,0.99026697449704,0.9941276600491661,0.9875377418018486,0.9902754174765561,0.9941287719927981,0.9873921904668296,0.9887708386266579,0.9937184133055357,0.9893035533019504,0.9912789572650845,0.9946001482340352,0.9892446318175356,0.9916561655303839,0.9948903338982102,0.9873938015199663,0.9884593107290202,0.9935968443436292,0.9873941398445797,0.9882109503252485,0.9935491964461138,0.9872780695150386,0.986719723880161,0.9936383167168301,0.9872685526000046,0.986925657491788,0.9934651911516059,0.9872645697255888,0.9864196888958459,0.9936554732822391,0.9874685655079827,0.9915486178966072,0.9930306142906352,0.9873093428729279,0.9914106424227327,0.9929539753725687,0.9874700350219464,0.9915486690211237,0.9927787027114241,0.987663323324592,0.9916864045272845,0.9932677928614562,0.9876534011914457,0.9919436261628852,0.9932596896170405,0.9867127885250094,0.9913918884505084,0.9926533826745776,0.9866810055039628,0.9913919084175865,0.9926330717194639,0.9866989504887843,0.9917411509736007,0.9924063454230171,0.9864103627843855,0.9907957126795184,0.9924244511632309,0.9863436581443398,0.990795802361984,0.9924604186934737,0.9864105867663658,0.9907957326341525,0.9923048832041517,0.9864907632401619,0.9904667081487276,0.9941117873352139,0.9879736070910476,0.9911149198443234,0.9934341383242337,0.9868004823064173,0.9912495046103993,0.9928060396912644,0.986320961827677,0.9909421642758866,0.9926358263179974,0.9865111715912944,0.9907953714359208,0.9925406455193193,0.9877916218093067,0.9909461313106276,0.9932460962706219,0.9879997173853026,0.9910210431146953,0.993438549221331,0.9949198723356649,0.9971314989922321,0.9989702120030767,168.0
0.9999964573836598,0.9999967718583992,0.9999970440625103,0.976680091127201,0.9787847292810651,0.9806129225575592,0.9909923818695315,0.9938880307084756,0.9950966438332678,0.9894601960165204,0.9921159862393004,0.9944907118928422,0.9893674627523577,0.9916449296545293,0.9947126468922508,0.988686802607734,0.9913552870305884,0.9944414722145349,0.988447434265987,0.9916728938330196,0.9938429705403001,0.988183590846016,0.9913423802941684,0.9936530092143594,0.987857975960603,0.9916696508804274,0.9934424559605791,0.9877768295022638,0.9902572762588497,0.994152796425731,0.9876054380671115,0.9902657926737731,0.9941538891637118,0.9874624235504582,0.9887622800999445,0.9937465870073056,0.9893694633253867,0.9912679052670006,0.9946229635827024,0.9893102923441102,0.9916449584159027,0.9949130084143524,0.9874640025953277,0.9884504996184884,0.9936245422166001,0.9874643253561677,0.9882018632403322,0.9935765067316373,0.98734789854309,0.9867147384749865,0.9936702718874121,0.9873383656815301,0.9869209886101579,0.9934968381094657,0.9873343485583445,0.9864151200528111,0.9936879696115783,0.9875409505021513,0.9915292441564671,0.9930557162587397,0.9873833633359347,0.9913897778377868,0.9929796500985159,0.9875423454936113,0.9915292952799746,0.9928038545191473,0.9877341044315857,0.9916685219218693,0.9932922824009364,0.9877242433769413,0.9919259681287452,0.9932849875398886,0.9867927516015983,0.9913685795876956,0.9926802067491947,0.9867620817745508,0.9913685995542945,0.9926606079843656,0.9867787414437105,0.9917167935001994,0.9924290769034517,0.9864891587243767,0.9907693350831073,0.992452787767377,0.9864225070982173,0.9907694247631341,0.9924887551060955,0.9864898159916794,0.9907693550371979,0.9923336342343387,0.9865582212342267,0.9904570275795397,0.9941369014502122,0.9880403621586372,0.9910988403754641,0.9934556284969206,0.9868776209476237,0.9912266229730107,0.9928326743628636,0.9863988104113166,0.9909170471416247,0.9926632694211407,0.9865893692420054,0.9907689938487902,0.9925685830857175,0.9878575735161211,0.9909292803455998,0.9932668576648447,0.9880663386643049,0.9910047508771347,0.9934600478572483,0.9949770320774549,0.9971231370229218,0.9989855060797155,169.0
0.9999965425831753,0.9999967766160699,0.9999971005592825,0.9772433914990561,0.9788160574996044,0.9809796417466163,0.9916347342691638,0.9939242281830346,0.9955568300546109,0.9900970334287572,0.992153340065837,0.994953178555485,0.9900030739102833,0.9916835860193571,0.9951759967269248,0.9893215985501064,0.9913924611532425,0.9949038838939879,0.9890810103243418,0.9917116924571138,0.9943064675065534,0.9888173507363954,0.9913815937833176,0.9941163717768181,0.9884872805856607,0.9917079673824174,0.9939049085997366,0.9884111598848182,0.9902941906398463,0.9946169564969023,0.9882396846994657,0.9903024151123822,0.9946180548320536,0.988096133774467,0.9888002900678019,0.9942133669471671,0.9900051764890642,0.9913076039007124,0.9950879780339724,0.989945090956713,0.9916836147818586,0.9953756394782165,0.9880976475898121,0.9884880925584404,0.9940905246227019,0.9880979386349873,0.988238980030633,0.9940418342723903,0.9879825468452491,0.9867568223086286,0.9941438228938752,0.9879730015548885,0.986963459795484,0.9939699970986946,0.9879691210898113,0.9864576746940146,0.9941624649544796,0.9881695971682206,0.9915674098557895,0.9935187803361157,0.98801219233005,0.9914279532280914,0.9934431866846866,0.9881698729661045,0.9915674609812498,0.9932668083332459,0.9883631492227806,0.9917066783126096,0.9937548077395283,0.9883532552090979,0.9919636276115656,0.993746721755736,0.9874191257833482,0.9914052519484844,0.9931433794086448,0.9873877777956529,0.9914052719158106,0.9931236816867176,0.9874050127834648,0.991753785030695,0.9928897153382868,0.9871172079397315,0.990803054633845,0.9929199676900999,0.9870510339077828,0.9908031443168607,0.992956297485676,0.9871171358995025,0.9908030745886006,0.9928009221605957,0.9871917723835782,0.9904919544384445,0.9946011146492503,0.9886745017783938,0.9911383886700891,0.9939191632072253,0.9875057997211867,0.9912631665052978,0.9932971346587827,0.9870273377448915,0.9909514865315909,0.9931290097744683,0.9872176403710818,0.9908027133881551,0.9930350757114013,0.9884917453889078,0.9909689134059352,0.9937306132504744,0.9887003741057272,0.9910440587948433,0.9939235933038904,0.9955511538511366,0.9971550705621656,0.9993594121287255,170.0
0.9999966590644543,0.9999967822751601,0.9999971828232975,0.9780145059938713,0.9788536712308433,0.9815150715291123,0.9925079455880941,0.9939658865455268,0.9962215817787409,0.9909764084129385,0.9921954026692572,0.9956255294423523,0.9908816728123853,0.9917259799262437,0.9958479030893408,0.990200982947357,0.9914346749232403,0.9955777050965188,0.9899689909644249,0.9917538699039911,0.9949862981716094,0.9897058884052683,0.9914232059020357,0.9947965722493634,0.9893797962810441,0.9917494122904527,0.9945907854470719,0.98929062419589,0.9903366227481339,0.9952938090125328,0.989119179372289,0.9903445445769804,0.99529493086838,0.9889750612316744,0.9888444592561354,0.9948947050586158,0.9908839214958287,0.9913502628530303,0.9957603959263909,0.9908231142694175,0.9917260086899797,0.996046895317976,0.9889765490748852,0.9885322428511373,0.9947717844756954,0.9889768275148455,0.9882830685359674,0.9947230186145772,0.9888621903056133,0.9868053783218333,0.9948329148103118,0.9888526148872399,0.9870120359654897,0.9946581397679177,0.9888488625726494,0.9865068004202552,0.9948527171057812,0.9890662420976759,0.9916082340738228,0.9942093899615109,0.9889116069934953,0.9914684008100167,0.9941363205502706,0.9890659212049855,0.9916082852013716,0.993957982310563,0.9892572558224807,0.9917478796270244,0.9944424836793275,0.9892473753703187,0.9920048060454681,0.994434293872014,0.9883232104482603,0.9914448653177446,0.9938423104162215,0.9882920102505388,0.9914448852858571,0.9938233274104019,0.9883090488094656,0.9917947942335066,0.9935873880612801,0.9880277594445975,0.9908394759499812,0.9936247225775218,0.9879621572879033,0.9908395656362192,0.9936615562475323,0.9880282349121837,0.990839495905454,0.9935069402379499,0.9880710400082998,0.9905320919746405,0.9952780479315225,0.9895631759377782,0.991179730150638,0.9945995349506308,0.9884095193024848,0.9913022133667068,0.9939947189384343,0.9879349210413597,0.9909884503464311,0.9938298671480013,0.9881267322517308,0.9908391346920292,0.9937379101101241,0.9893802819984959,0.991010204271562,0.9944111357889742,0.9895891514850419,0.9910854175028623,0.994603966487768,0.9963370606856624,0.997193402334709,0.9999053096128859,171.0
0.9999967673961988,0.9999967877736908,0.9999972650300758,0.9787324418068784,0.9788902643357384,0.9820512337855681,0.9933167128120294,0.9940060992931753,0.996881482035868,0.9917958838318749,0.992237048844794,0.9962921640741976,0.9917026458355709,0.9917675081440194,0.996515624235978,0.9910214915621711,0.9914760893119495,0.9962447163617748,0.9907993377439489,0.9917972965360661,0.9956609045014089,0.9905370963086811,0.9914668181977041,0.9954716884354586,0.9902169668581726,0.9917928751759213,0.9952720318206083,0.9901113588496647,0.9903776990643833,0.9959616643311214,0.9899400609604638,0.9903854379399837,0.995962759410508,0.9897949701696958,0.988885667264936,0.9955639900279051,0.9917048613883425,0.991391696698578,0.9964284761737852,0.9916450106465617,0.9917675369089655,0.9967149988706107,0.9897963802443036,0.9885730060952654,0.9954401700927732,0.9897966209046718,0.9883233111461993,0.9953906602407332,0.9896806179536068,0.9868482941315477,0.9955048979643144,0.9896710110479611,0.9870548434384258,0.9953291310599772,0.9896671018654999,0.9865499563298911,0.9955252075917722,0.9899080286050026,0.991651799994392,0.9948952822116188,0.9897563071647962,0.9915120575163342,0.9948246562254673,0.989907381812788,0.9916518511241726,0.9946446038587495,0.9900962016907753,0.9917913552388435,0.9951254552585341,0.990086321125162,0.9920481514421877,0.9951169643534772,0.9891758819354024,0.9914896709683376,0.9945378502897407,0.989145759941334,0.991489690937342,0.9945202131751344,0.9891616687134914,0.991840969731171,0.9942816210386561,0.9888836117646721,0.990884398651478,0.9943229511888594,0.9888189296888197,0.9908844883417224,0.9943604390105049,0.9888837215425441,0.9908844186078425,0.9942058213128288,0.9888927093406235,0.9905723438445032,0.9959458859845831,0.9903949037965107,0.9912235422067847,0.9952750393127862,0.9892594078645075,0.9913464630888263,0.9946872901990947,0.9887887313165846,0.9910328984719278,0.9945249886582983,0.988981852419836,0.9908840573782829,0.9944345800053501,0.9902122384888331,0.9910543238572225,0.9950871212311762,0.9904208982162019,0.9911291196146165,0.995279477001715,0.9970687543487405,0.9972306924685467,1.0004519340092068,172.0
0.9999968396082801,0.9999967969369288,0.9999973109438213,0.9792097384344545,0.9789508698091771,0.9823498346091906,0.9938620430795593,0.9940745560274082,0.9972553858431247,0.9923479679491035,0.9923080744618372,0.9966680272524484,0.9922545397896255,0.9918386214783897,0.9968911970849812,0.9915763659962195,0.9915460930914755,0.9966198902242943,0.9913556594541592,0.9918719271743024,0.9960413242605678,0.9910943841260802,0.9915422790163607,0.9958524490031985,0.9907751381429277,0.9918688010951531,0.9956551977287159,0.9906672952151016,0.9904462200046288,0.9963351547072609,0.9904960971127664,0.9904538952056156,0.9963362128104694,0.9903518674192437,0.9889520527651234,0.9959350962890884,0.9922568567327863,0.9914628801419857,0.9968041025757697,0.992196714301712,0.9918386502454053,0.9970903572599144,0.9903532934854974,0.9886396732467363,0.9958117231712541,0.9903535419663264,0.9883902440609457,0.995762562489633,0.990237395010057,0.9869076706770877,0.9958667253392475,0.9902277046255005,0.9871131276634397,0.9956887096318642,0.9902238763470943,0.9866085896516871,0.9958861799708952,0.9904676650322085,0.9917288641993108,0.9952802043363594,0.9903169813444125,0.991589828107358,0.9952103334935812,0.9904666196839735,0.9917289153330573,0.9950300004573447,0.9906549377924443,0.9918677135310922,0.995509281522491,0.990645063687458,0.992124484148207,0.9955007176635894,0.9897383278900246,0.9915683805123386,0.994924142387,0.9897081782800855,0.9915684004829204,0.9949070698668707,0.9897239038175228,0.9919181112032355,0.9946626325175054,0.9894485099067527,0.9909660872388067,0.9947131362736151,0.989383918829489,0.9909661769364078,0.9947508447475832,0.9894481630556368,0.9909661071968089,0.9945964638723955,0.9894494123025488,0.9906409583076434,0.9963193189754413,0.9909528224003359,0.9912995981778723,0.9956561090537416,0.9898220109276779,0.9914258111138468,0.995074260003391,0.9893536371268683,0.9911142140795957,0.9949133447323056,0.989546985680726,0.990965745937619,0.9948238467109869,0.990770451566252,0.991130681363684,0.9954686170330925,0.990979290536564,0.9912057463628393,0.9956605264645972,0.9975552253686673,0.9972924613528472,1.0007563821688668,173.0
0.9999968135262596,0.999996796697771,0.999997302933034,0.9790379812416949,0.9789491565884567,0.9822988708068227,0.9936618008195777,0.9940735749954349,0.9971831748697048,0.9921444151241713,0.9923052775519541,0.9965997891288193,0.9920519842920769,0.9918371033520413,0.9968258956847071,0.991372382528327,0.9915428936026855,0.9965527201843905,0.9911465820607723,0.9918673984874842,0.9959742778619661,0.9908851948822848,0.9915381024384607,0.9957849820806982,0.9905600487509356,0.9918617107669124,0.9955881472044031,0.9904627394551072,0.9904424412216886,0.9962699032796095,0.9902911890693351,0.9904497200022494,0.9962709794918927,0.9901480316589429,0.9889497290227561,0.9958726168263137,0.9920542287888232,0.991462385327371,0.996740305280811,0.9919948118626978,0.9918371321190177,0.9970256896408061,0.9901495221033109,0.9886379687917722,0.9957502438561043,0.9901498019973434,0.9883891864620736,0.9957018796427173,0.9900343504103669,0.9869066919764433,0.9958053886677555,0.9900246021377609,0.9871114189452384,0.9956259884150579,0.9900209441051006,0.9866079017816275,0.9958252107769652,0.9902502380820327,0.99171940674651,0.9952139259817947,0.9900979221731911,0.9915788574812227,0.9951441747343015,0.9902494510927226,0.991719457879763,0.994964102065859,0.990438958309998,0.9918597694101458,0.9954426728749372,0.9904291285289826,0.9921168162604121,0.9954348163796103,0.9895151922649561,0.9915548644691864,0.9948573353291262,0.989484571416013,0.9915548844394894,0.9948402427893632,0.9895006696472551,0.9919049509373388,0.9945938200457012,0.9892220112652547,0.9909473671984174,0.9946475796849754,0.9891574674264717,0.9909474568942834,0.9946853267853267,0.989220821127567,0.9909473871560325,0.9945306871476091,0.989242696578809,0.9906348505612591,0.9962541660098364,0.9907437360740706,0.9912956657544989,0.9955885311014853,0.9896001406986994,0.9914121513708818,0.9950083208509171,0.9891292986920932,0.9910972412773044,0.9948476526428748,0.9893213314803342,0.9909470259038318,0.9947582823722071,0.99056127081742,0.9911266633505181,0.9954009042372995,0.9907703483470575,0.9912019319089981,0.9955929439613229,0.9973801542304352,0.9972907198717585,1.000704391918658,174.0
0.9999967343520921,0.9999967880392875,0.999997257933995,0.9785153082063794,0.9788920779984883,0.9820070898124658,0.9930606961907451,0.9940086979404638,0.9968115755062966,0.9915355708966065,0.9922350519597793,0.9962246366424945,0.991442163397651,0.9917663168714291,0.9964499831273538,0.9907612782994074,0.9914732566723982,0.9961769360769851,0.9905323074931627,0.991789911909424,0.9955952723284358,0.9902689583857724,0.9914585776296667,0.9954050331924535,0.9899422265624445,0.9917797663988248,0.9952068668418727,0.989850569753673,0.9903736585155577,0.9958943791188133,0.9896787769205502,0.9903810391987413,0.9958954197723104,0.9895358698910492,0.9888820490785004,0.9954977052321496,0.9914442268126695,0.9913911500761811,0.9963636521392437,0.9913845411147767,0.9917663456363528,0.9966498765956691,0.9895373842613414,0.9885704512701616,0.9953755495675043,0.9895376758568982,0.9883218525000519,0.9953273575025341,0.9894216110534478,0.9868411702169195,0.9954310221678816,0.9894118793590108,0.9870463366515155,0.9952522582765044,0.989408126876478,0.9865425923974623,0.9954508146660043,0.9896289836135702,0.991633589358863,0.9948307348592383,0.9894742417782566,0.991490653124839,0.9947597778631957,0.9896288047196461,0.9916336404876894,0.9945809021922795,0.989819821848503,0.991776338911962,0.9950607611773676,0.9898100209329224,0.9920334025029857,0.9950534098325566,0.9888880419699079,0.9914624216097503,0.9944697187904395,0.9888576931025815,0.9914624415781869,0.9944525092921358,0.9888734151418342,0.9918125065353377,0.9942041815291868,0.9885849656316598,0.9908489489692469,0.9942566648512836,0.9885203530501675,0.9908490386561835,0.9942941218538978,0.9885825374678012,0.9908489689248736,0.994138659590161,0.9886280183736885,0.9905655003693021,0.995878639396567,0.9901263154295146,0.991214793054915,0.9952079855285328,0.988972325976931,0.9913197100167473,0.9946218303741337,0.9884954804114346,0.9909998177967991,0.9944593328254415,0.9886858875650512,0.9908486077086377,0.994368699523099,0.9899430553265162,0.9910450063165898,0.9950194623705225,0.9901524772371274,0.991120322689091,0.9952124259720987,0.9968474216422863,0.9972325436270473,1.0004068754385014,175.0
0.9999966896361163,0.9999967789949185,0.9999972188445357,0.9782178019479898,0.9788314134711248,0.9817504693647218,0.9927330272174162,0.9939442024162958,0.9965068956457463,0.9912018218523764,0.9921701129809842,0.9959174775915905,0.9911084724658975,0.9917033252115491,0.9961462333137102,0.990426671204144,0.9914081081004061,0.9958704646202522,0.9901916798898155,0.9917256070723338,0.9952812012523509,0.9899269398470433,0.9913931631134987,0.9950907917519012,0.9895992670125632,0.9917190492751535,0.9948870633485626,0.9895142271716152,0.9903082141213133,0.995588926208869,0.9893417490362226,0.9903154490490611,0.9955900699917638,0.9892007807221471,0.9888177487596811,0.9951932117561539,0.9911104445658157,0.9913297167308666,0.9960620498151526,0.99105095387635,0.9917033539746419,0.9963465615732553,0.9892023031885421,0.9885061363255304,0.9950710641290805,0.9892025987060937,0.9882575382534159,0.9950228846843878,0.9890876438449328,0.9867798525388217,0.9951298703751299,0.9890778605302253,0.9869840704567097,0.9949498537841268,0.9890743142096768,0.9864818141242423,0.9951502966856067,0.9892848681821055,0.9915760204628437,0.9945071543153653,0.9891301025757641,0.9914350367360165,0.9944344844469752,0.9892836576667884,0.9915760715887182,0.9942559937930854,0.9894764229141231,0.9917168171759984,0.9947395770953076,0.9894666465501408,0.9919738045945686,0.9947325770074592,0.988544737541006,0.9914103069859235,0.9941404649403215,0.9885147939312825,0.9914103269533231,0.9941228201317067,0.9885301015580245,0.9917619400506189,0.9938752466961072,0.9882378258161262,0.9907986627730481,0.9939231425522199,0.9881733670081156,0.9907987524555005,0.9939602454818328,0.9882349380127923,0.9907986827276778,0.9938041996422592,0.9882870088587996,0.9904985175054258,0.9955733258784389,0.989783567097449,0.9911485743893761,0.994893688171428,0.9886279718159484,0.9912669667091363,0.9942935789981507,0.9881493052672368,0.9909499002246236,0.994128585378269,0.9883393121454582,0.9907983215295002,0.9940365806976916,0.9896002727589472,0.9909787159065452,0.9947050367369048,0.9898091523336173,0.9910531429992737,0.9948981658424955,0.9965442377877193,0.9971707340619044,1.0001452898285905,176.0
0.9999966623581201,0.9999967702990978,0.9999971809266476,0.9780350560485627,0.9787736866388304,0.9815003841441265,0.9925392601249535,0.9938803921335924,0.996217667016389,0.9909923439604122,0.992103504066028,0.9956189891737399,0.9908893358587917,0.9916363554416779,0.9958416254169837,0.9902146762914323,0.9913414987222294,0.9955706146340713,0.9899748663774743,0.9916562693079901,0.9949745931796826,0.9897108001028136,0.9913247237033113,0.9947845286850054,0.9893764893574006,0.9916467414130028,0.9945733562295915,0.9892978965019777,0.9902416087662503,0.995287089764325,0.9891249231954433,0.9902489486008487,0.9952882539258663,0.9889809686781509,0.9887512727354878,0.9948882295022136,0.9908911034329526,0.9912624582629909,0.9957570364881837,0.9908261749863932,0.9916363842028263,0.9960385862953477,0.9889824724770685,0.9884393966017502,0.9947656804629563,0.988982758863055,0.9881905346209009,0.9947171859625091,0.9888669770111156,0.9867145469398685,0.9948246411213532,0.9888571125969405,0.9869172002244749,0.9946425551946586,0.9888535487242707,0.9864169085306347,0.9948453617848495,0.9890574670892633,0.9915011829609387,0.9941885261644675,0.9889002406127546,0.9913586597896377,0.994113340806906,0.989055755141946,0.9915012340829613,0.9939363555087177,0.9892518707889076,0.9916435188247054,0.9944240260424033,0.9892421125487291,0.9919004200187558,0.9944172635304566,0.9883114505990341,0.9913303226578013,0.9938125334617778,0.9882819442243884,0.9913303426235922,0.9937943751809867,0.9882966947464139,0.9916812530944358,0.9935446229546466,0.9879953777216348,0.9907139722123566,0.9935917447185649,0.987930815495065,0.9907140618871614,0.9936283225587819,0.9879919595805827,0.9907139921652833,0.9934717458198775,0.9880674482657896,0.9904325600009846,0.9952714637082444,0.9895674470989693,0.9910806626578466,0.9945874136763401,0.988393596913703,0.9911872687231189,0.993968076154952,0.9879090511328102,0.9908664542610229,0.993800514766595,0.9880977914440017,0.9907136309979088,0.9937068916019873,0.9893842756544373,0.9909108622856532,0.994398806368758,0.9895934387197844,0.990985661157038,0.9945918758955045,0.9963580287590535,0.9971119058402244,0.9998903905062955,177.0
0.999996642429708,0.9999967600710422,0.9999971439618286,0.977900902789932,0.9787061895752514,0.9812561082317905,0.9924009987493454,0.9938039495888836,0.9959383475885538,0.9908516533906427,0.9920205453389718,0.9953352258607905,0.990750905003434,0.9915529710347601,0.995559911442146,0.9900712829273589,0.9912562034094543,0.9952863769078627,0.9898325787920242,0.9915691566418267,0.9946847335033058,0.9895681804582279,0.9912376207967999,0.9944946258109456,0.9892339437107649,0.9915558822631891,0.994279394716412,0.9891520934674582,0.9901529428626921,0.9950031828349014,0.9889780500076758,0.9901593471233127,0.9950043356863074,0.9888368602012264,0.9886632782794141,0.9946047791759037,0.9907523817193327,0.9911787333170423,0.9954750770248582,0.990689318665883,0.9915529997934907,0.9957582860463994,0.9888384084853443,0.9883516941369851,0.9944828549794016,0.9888387164654622,0.9881031580406022,0.9944348760394913,0.9887227417567235,0.9866271114981751,0.9945406491807561,0.9887128752305233,0.9868296426531715,0.9943585280917574,0.9887092972925243,0.9863295652676057,0.9945613047907755,0.9889138437219986,0.9914073839871281,0.9938919486347546,0.9887557399928949,0.9912631697987399,0.9938155159531742,0.9889126389396462,0.9914074351043176,0.9936395778995052,0.9891089004483229,0.991551410615335,0.994128890041827,0.9890990923883574,0.9918077345153465,0.9941213057663335,0.9881668826818966,0.9912316857208363,0.9935112818290243,0.9881379491300928,0.9912317056846414,0.9934928489831515,0.9881520608071768,0.9915828335749061,0.9932420208117344,0.9878492591959055,0.990610295494904,0.9932902466372994,0.9877850933326585,0.9906103851603313,0.9933265972819592,0.9878466014574387,0.9906103154457427,0.9931702061651249,0.987914480112835,0.9903377411810419,0.9949877210765334,0.9894245932795267,0.9909935228925524,0.9942974764786258,0.9882475665798655,0.9910885440432807,0.9936680869432605,0.9877609754732837,0.9907638860986289,0.9934999231674749,0.987950536593349,0.9906099543161395,0.9934058880892589,0.9892414320407112,0.9908236670349594,0.9941088310909085,0.9894504781955022,0.9908982038318354,0.9943019521495848,0.9962213453698314,0.9970431121052052,0.9996414226443816,178.0
0.9999966003023137,0.9999967599303577,0.9999971097196324,0.977621141341377,0.9787048310384382,0.9810323219920379,0.9920897822183439,0.9938044128470881,0.9956659904681517,0.9905364414276354,0.9920213819131372,0.9950593004854387,0.990433842882179,0.9915531802736324,0.995282884409354,0.9897546284785589,0.9912563862831807,0.9950102358183018,0.9895158442617422,0.9915724592727057,0.9944046935777062,0.9892519876774177,0.9912413996333039,0.9942152053278236,0.9889169716396613,0.9915616464648942,0.993995313008497,0.9888329010532101,0.9901521847446357,0.9947266712023755,0.9886583339464445,0.9901581770154287,0.9947276969337325,0.9885165944025683,0.9886636696008025,0.9943283751850199,0.990435087922986,0.9911784406096048,0.9951974246725221,0.9903713204892513,0.9915532090323652,0.9954810671086896,0.9885182773678308,0.9883532049257547,0.9942084628372126,0.9885186509008589,0.9881058681686583,0.9941621106060535,0.988403381387074,0.9866264059219884,0.9942617564949798,0.9883936027256431,0.9868305121438582,0.9940820382006732,0.988390041195113,0.9863284674109433,0.9942817086270791,0.988596362965923,0.9914153646986028,0.993604832045621,0.9884378929193,0.991272546508074,0.9935267418126957,0.9885953393999531,0.9914154158162086,0.9933521649388437,0.9887917314102714,0.9915579952625707,0.9938436309925686,0.9887819165625767,0.9918141627630176,0.9938359976126546,0.9878496399713188,0.99124263006872,0.9932185484671724,0.9878212451455456,0.9912426500327493,0.9932000900052103,0.9878347017192767,0.9915929916277304,0.9929467376383428,0.9875284260500053,0.9906245406888624,0.9929946750938161,0.9874647115405196,0.9906246303556058,0.9930309533857584,0.9875247776936886,0.9906245606399949,0.9928736434548354,0.9875914142629321,0.9903341629617034,0.9947111703965675,0.9891085949009355,0.9909975530727518,0.9940183036325512,0.987928970674027,0.9910998086381049,0.9933764560257652,0.9874411364547614,0.9907773834423579,0.9932064645642568,0.9876305082789861,0.9906241995050885,0.9931113510077517,0.9889259344698778,0.9908281315234083,0.9938300155248889,0.9891345344566991,0.9909021457296546,0.994022783269997,0.995936237052944,0.9970417371626418,0.9994132806719066,179.0
0.9999965445064011,0.9999967603535304,0.9999970789051398,0.9772526380019038,0.97870752082661,0.9808330915644282,0.9916671778040167,0.9938078605813494,0.9954096328200165,0.9901091055693413,0.9920249349007134,0.9948010839675018,0.9900040048960338,0.9915560367227536,0.9950224505752152,0.9893262364216319,0.9912588776297754,0.9947512186990133,0.9890857407337067,0.9915778829451228,0.9941461606648324,0.9888224134494579,0.9912473289305218,0.9939571125281575,0.9884844371705466,0.9915689373799702,0.9937355963857656,0.9884031745086095,0.9901531423618297,0.9944666087433524,0.9882282045333088,0.9901587938751416,0.9944676516433154,0.9880868188214176,0.9886644124974904,0.9940665326426265,0.990005172809887,0.9911807396444171,0.994935883241984,0.9899400392803355,0.9915560654815662,0.9952201337105244,0.9880885446591523,0.98835438062099,0.9939472097876827,0.9880889391843649,0.988107486960806,0.993901315924006,0.9879739208195566,0.9866247268151652,0.9939947473899196,0.9879642317502172,0.9868305213934924,0.9938175210249125,0.987960607628596,0.9863262049418442,0.9940136325473098,0.9881610724939403,0.9914241161328256,0.9933435837634204,0.988001137802841,0.9912821361759073,0.9932646117954232,0.9881596764412263,0.9914241672508906,0.9930904663858032,0.9883581455145778,0.9915659084007945,0.9935834806335083,0.988348372508413,0.9918223704633091,0.9935766058464802,0.9874108482972265,0.9912549831527455,0.9929548770475655,0.9873824302191473,0.9912550031170287,0.9929363368911165,0.9873959142885629,0.9916066020797084,0.9926836870346721,0.9870830761309364,0.9906384304487438,0.9927265821412835,0.9870189556781954,0.99063852011677,0.992762534859399,0.9870779731115826,0.9906384504001624,0.9926045364196495,0.9871590241837714,0.9903328250273904,0.9944512099702992,0.9886792823647568,0.9910037729182248,0.9937603830496576,0.9874902380155294,0.9911116509990471,0.9931127454891628,0.9869998634343066,0.9907914424090152,0.992940721456966,0.9871872836721558,0.9906380892600883,0.992844438545177,0.9884970345341718,0.9908347320867357,0.9935723518901101,0.9887052975246685,0.9909082971978604,0.9937648654858151,0.9955606476607788,0.997044480566063,0.9992101238268997,180.0
0.999996474576739,0.999996758400103,0.9999970587746433,0.9767931428807561,0.9786948789611698,0.9807066564390475,0.9911252371107273,0.9937924298629802,0.995223342561219,0.9895653993638183,0.9920066292103212,0.9946178125179376,0.9894582989484209,0.99153779844879,0.9948383554554701,0.9887802558705595,0.9912401890672126,0.9945684294965936,0.988544559770529,0.9915565772885131,0.9939651794295968,0.9882807035118559,0.9912253908508608,0.9937759894896524,0.9879448294150273,0.9915449956497574,0.9935569131943123,0.9878550125771212,0.9901339031518193,0.9942849606024454,0.9876796705681101,0.9901390965228978,0.9942860677847297,0.9875368620041411,0.9886469998012359,0.9938861545871448,0.989459426371918,0.9911625552755142,0.9947515121481962,0.9893931641756346,0.9915378272070756,0.9950357513870173,0.9875385712331847,0.9883370017611885,0.9937665274546447,0.9875389579225249,0.9880901045876703,0.9937203519923492,0.9874229464098099,0.9866116419782152,0.9938172617509872,0.987413245447279,0.9868173456078321,0.9936399066035388,0.9874095024381835,0.9863136995377945,0.9938365435621244,0.9876237302939163,0.9913982145236693,0.99316760044513,0.9874649330165773,0.9912551531938852,0.9930903216075667,0.9876227707556843,0.9913982656403904,0.9929148189012282,0.9878193947583948,0.991541088186367,0.9934056368409108,0.9878095522734995,0.9917969427539212,0.9933977913512712,0.9868764118114638,0.9912268876995681,0.9927844959586973,0.9868478108045527,0.9912269076632807,0.9927660884382631,0.9868615168583679,0.991580113421815,0.9925147733792102,0.9865518654779912,0.9906068477500984,0.9925582353401063,0.9864881483969945,0.9906069374152339,0.9925944098640809,0.9865471090354567,0.9906068677008731,0.9924366849383306,0.9866084019429104,0.9903103540459757,0.9942697585023833,0.9881373868402327,0.9909814141842263,0.993579183782256,0.9869562616058992,0.9910829026830434,0.9929414242767258,0.9864667175187777,0.9907602591584663,0.992770815381274,0.9866551779032363,0.9906065065724432,0.9926753240967752,0.9879551186781281,0.9908123919365106,0.9933910088827685,0.988163108040854,0.9908853171161475,0.9935836897363132,0.9950922647990292,0.9970315904503639,0.999081115709236,181.0
0.9999964747743711,0.9999967582689395,0.9999970721198542,0.9767959331241644,0.978694215105676,0.9807954191848228,0.991118919108015,0.9937912023694844,0.995320960923917,0.9895618975503192,0.9920019487197739,0.9947219771816312,0.9894530468212114,0.9915341144910083,0.9949429795357146,0.9887786362830638,0.9912342580406168,0.9946736606055948,0.9885419615352524,0.9915481433940249,0.9940755686589537,0.9882771880161582,0.9912171548247866,0.9938857451208282,0.9879417339851421,0.9915319604072514,0.9936727271823489,0.9878540941865985,0.9901261631728648,0.9943909079482011,0.9876784472897838,0.9901308099438749,0.9943920147459282,0.9875381285988774,0.9886394592324579,0.9939930980500338,0.9894541986205769,0.9911596686734382,0.9948570307423575,0.9893868437346965,0.9915341432491939,0.9951399800854641,0.9875397792478052,0.9883292094712918,0.9938726745168032,0.9875401376604362,0.9880819837279109,0.9938258167248029,0.987424101658712,0.9866049517017104,0.9939237837955504,0.9874143742691633,0.98681039658058,0.9937457707791317,0.9874106473304147,0.9863071608170252,0.9939431138585519,0.9876194168761459,0.9913809958726372,0.993286776604778,0.9874589390128122,0.9912352849805809,0.9932107144327889,0.9876199074015347,0.9913810469884642,0.9930354488232039,0.9878158398400492,0.991526519251279,0.9935228837516316,0.9878060418895931,0.9917827410769728,0.9935157203115024,0.9868677542615654,0.9912039501407568,0.9929078069977287,0.9868389476135114,0.991203970104,0.9928898205878647,0.9868528342287558,0.9915574276410934,0.9926375506374665,0.9865382147338528,0.9905793737681744,0.9926822006280861,0.9864739000487641,0.9905794634307782,0.9927182954513165,0.986532699227655,0.9905793937183844,0.9925608064376651,0.9866057740910051,0.9902995653703196,0.9943758079659099,0.9881341730507464,0.9909733375883908,0.9936890931059581,0.9869481489012737,0.9910598631128705,0.9930638578327569,0.986455773631964,0.9907334827412299,0.9928940613768266,0.986642829678428,0.9905790326001522,0.9927989544476937,0.9879520781124661,0.9908045322294197,0.99350110626521,0.9881598634805314,0.9908769661168287,0.9936936106179443,0.9950950762291895,0.9970309115477914,0.9991715707259878,182.0
0.9999965616610907,0.9999967642274534,0.9999971211042146,0.9773702724367132,0.9787343244696018,0.9811129752641253,0.991774211869929,0.9938332995614603,0.9957227713210337,0.9902211075047612,0.9920425809494055,0.9951293834446372,0.99011061294632,0.9915749294466253,0.9953493408304734,0.9894383187526823,0.9912736628381502,0.9950809207766276,0.9892062051138467,0.9915872266484266,0.9944905222345756,0.9889430347857002,0.9912566021273611,0.9943013039594747,0.9886055670201513,0.9915676134005581,0.9940931214318898,0.9885157995976575,0.9901637894336195,0.994798931204343,0.9883401165761542,0.9901679674518657,0.994800091559036,0.9882024795539479,0.9886766540632383,0.9944018967936117,0.9901119031782992,0.9912006296942591,0.9952633917128909,0.9900433196218995,0.9915749582060018,0.995545714524911,0.988204119222956,0.9883665824658172,0.9942815853163448,0.9882044724343536,0.9881194780439485,0.9942347875663597,0.9880877354166273,0.9866397726197248,0.9943286532016108,0.9880779878254695,0.9868450896591883,0.9941499617650029,0.9880741906382868,0.9863416914038767,0.9943475772125197,0.9882821735184001,0.9914134604595837,0.9937105238242624,0.9881210125310645,0.9912657046070236,0.9936359607732314,0.9882825096811997,0.9914135115770745,0.9934598861060282,0.9884792693995206,0.9915610291313892,0.9939446951381695,0.9884695233776436,0.9918176569653213,0.9939381543242272,0.9875301578642958,0.9912319828183936,0.9933377195495589,0.9875017477455766,0.9912320027821914,0.9933206209780038,0.9875152277740387,0.9915859088589905,0.9930669870212236,0.9871941605858304,0.990603471817029,0.9931119073477678,0.9871298747661649,0.9906035614817518,0.993148284732344,0.9871870434357829,0.9906034917677093,0.9929902948886878,0.9872669487613771,0.9903337208310474,0.9947839873666996,0.9888005390530982,0.991013145581169,0.9941047487592687,0.9876095251873026,0.9910877137060904,0.9934916553139602,0.9871152443925792,0.9907582486232892,0.9933228255856095,0.98730039940532,0.990603130640943,0.9932282174454213,0.9886183443268798,0.9908442715693807,0.9939168603598556,0.9888266821430716,0.9909171713413565,0.9941092537934272,0.9956804501715366,0.9970717753366595,0.9994953584244349,183.0
0.999996670185426,0.999996772274648,0.9999971888736273,0.9780881358579275,0.9787881277407756,0.981553414487512,0.9925906418229732,0.9938913006620583,0.9962742552675873,0.9910485969934903,0.992102410765101,0.9956889607440842,0.9909369997154198,0.9916360118828046,0.9959097950469168,0.9902685692260279,0.9913333656487908,0.9956412752182475,0.9900441786666121,0.9916478473205959,0.9950583210673156,0.9897829697062837,0.9913177222884747,0.9948699798422731,0.9894479740103644,0.9916264388247124,0.9946671547000853,0.9893490814485008,0.9902233022135776,0.9953602638559439,0.9891738113069553,0.9902272774820299,0.9953614081200916,0.989037613062198,0.9887363091001542,0.9949647768029226,0.9909385027162981,0.991262714342253,0.9958252487767323,0.9908688850674415,0.9916360406439629,0.9961056425007021,0.9890392587844622,0.9884265961316914,0.994844906134041,0.989039615081798,0.988179800037309,0.994798433147734,0.9889225377994151,0.9866980330358615,0.9948897219500263,0.9889127456321457,0.9869027505824621,0.9947096564391149,0.9889089567535664,0.9863998639951357,0.9949086259764687,0.9891272120297439,0.991470660113467,0.9942886825229942,0.9889677956925069,0.9913218768071915,0.994216234696451,0.9891271471772337,0.991470711233892,0.9940386263976454,0.9893226935033538,0.9916192567482908,0.9945203417082931,0.989312972306659,0.9918760194670827,0.994513930598576,0.988381132873134,0.9912847403990963,0.9939248648061899,0.9883535557514749,0.9912847603639429,0.9939088994617911,0.9883662253291167,0.9916396060606407,0.9936543886073982,0.9880408271502937,0.9906493735784321,0.9936998213688125,0.987976256276147,0.9906494632472189,0.9937363488412481,0.9880332034979361,0.9906493935300162,0.9935787185034961,0.9881027044067704,0.9903918602325401,0.9953453425248603,0.9896413080536318,0.9910747382126373,0.9946737428467641,0.9884583247043517,0.9911400894864084,0.9940757495009511,0.9879641677841963,0.9908060362961031,0.9939087744483337,0.9881477163060659,0.990649032386882,0.9938152157869412,0.989459263325618,0.9909060516075513,0.9944862400200771,0.9896677066933957,0.990978896874399,0.9946782456241585,0.9964120971148122,0.9971265980152115,0.9999444219664141,184.0
0.9999967585395232,0.9999967831081623,0.9999972545216446,0.9786734535019661,0.9788600392151656,0.9819818533739079,0.9932511187982216,0.9939711613816191,0.9967998753029343,0.9917121260698851,0.9921851135808345,0.9962202229473883,0.9915997889774288,0.9917208962026299,0.9964436193246032,0.9909332053777671,0.9914160058913419,0.996172088369121,0.9907098503848905,0.9917322896963128,0.9955945805572698,0.9904485431157114,0.9914015225925982,0.9954058680459333,0.9901136716670469,0.9917116316400807,0.9952065282090067,0.9900150252882425,0.9903058447412617,0.9958903726407878,0.9898402490258301,0.9903097990387357,0.995891594683522,0.9897023838813297,0.9888181897939088,0.9954933133498951,0.9916015185514309,0.9913493442016263,0.9963615766471994,0.991531060496016,0.9917209249662596,0.9966391259929117,0.9897040049043149,0.9885085876642311,0.9953733618659999,0.9897043493658941,0.988261833362403,0.9953267860094506,0.989587395432822,0.9867773471977291,0.9954148876242991,0.9895775596309544,0.9869814811406056,0.9952335274066666,0.9895738325072838,0.9864789348007695,0.995433556051395,0.9897927835387446,0.9915564197303438,0.9948299510655431,0.9896332571615449,0.9914079530023034,0.9947581945239615,0.9897926029872466,0.9915564708551791,0.9945805546156689,0.9899883496587786,0.9917047002984897,0.995060507489909,0.989978662999431,0.9919616234350519,0.9950544068341058,0.9890462280501636,0.9913720232368207,0.9944691805439633,0.9890185086447336,0.9913720432034164,0.9944536424750955,0.9890313355265837,0.9917276179903476,0.9941988561369104,0.9887039687251912,0.9907367869344809,0.9942443445444589,0.9886392298781982,0.9907368766111219,0.9942810932994599,0.9886949148639964,0.990736806887813,0.9941230464280355,0.9887719901963113,0.9904743360498452,0.995875534785986,0.9903071156902988,0.9911582770893637,0.9952096133601358,0.9891237832987846,0.9912270760708901,0.9946188927478541,0.9886308238982265,0.9908938640842948,0.9944525388408919,0.9888125018852504,0.9907364457130464,0.9943593761703189,0.9901247253030883,0.9909893099615237,0.9950219860991676,0.9903332698570855,0.9910618796327118,0.995214139520255,0.9970086370811991,0.9971998833144479,1.0003812131832373,185.0
0.9999968132590668,0.9999967836950334,0.9999972883308509,0.9790360477230505,0.978864741019482,0.9822019757354982,0.9936598825154037,0.9939725774400933,0.9970740547309782,0.9921187091242745,0.9921855994500123,0.9964967435675146,0.9920052866782308,0.9917210632949975,0.9967191168629627,0.9913387586929293,0.9914167477762116,0.9964480794958781,0.9911157170855666,0.9917301956151343,0.9958743313041005,0.9908550869316434,0.9913991251219453,0.9956862891622807,0.99051546833617,0.9917062058552395,0.9954870785171372,0.9904214648797779,0.9903069524906606,0.9961664962579705,0.9902470320377869,0.9903108805203475,0.996167802896559,0.9901079340720578,0.9888195779857946,0.9957691162080643,0.9920071100866159,0.9913492561098661,0.9966366433561944,0.9919358366686425,0.9917210920586373,0.9969143327695257,0.9901095541311216,0.9885101910032541,0.995649358561397,0.9901098982595792,0.988263611548764,0.9956029130297642,0.9899914308243345,0.9867783177624717,0.9956886929329672,0.9899816339419789,0.9869832950625916,0.9955082442531419,0.98997766411698,0.9864797172914035,0.9957069561183902,0.9901929769934544,0.9915479010893004,0.9951113999969698,0.9900322544645266,0.991397452157921,0.9950396932655912,0.9901930429818114,0.9915479522136841,0.9948625715341527,0.9903895448826896,0.9916981642679373,0.9953415975186618,0.9903799327964989,0.9919554745175706,0.995336443821594,0.9894455775918319,0.9913598220961986,0.9947514153290905,0.9894183758183096,0.9913598420625374,0.9947364450347538,0.9894306264235269,0.9917146439161026,0.9944793863817752,0.9890971334606932,0.9907229206749494,0.9945254838603607,0.9890318931477149,0.9907230103502735,0.9945622049702857,0.989086939803625,0.9907229406279877,0.9944038501019579,0.9891807885816286,0.9904752544164273,0.9961517517944093,0.9907140673348248,0.9911557567232203,0.9954903939991279,0.9895218105685359,0.9912151893535728,0.9949003433074167,0.9890277582122066,0.9908805343183416,0.9947339225814574,0.9892073950223582,0.9907225794585254,0.9946406571304377,0.9905319714248482,0.9909870981063288,0.9953031774462902,0.9907397734237576,0.9910585486702251,0.9954949528730859,0.997378179650591,0.997204656513072,1.0006056400639505,186.0
0.9999967788621754,0.9999967851036092,0.9999972688008865,0.978809508619339,0.9788746362311921,0.982076174525879,0.9933960453476293,0.9939807373559679,0.9969084078444508,0.9918521636092099,0.9921933091502377,0.9963299582688347,0.9917401361049636,0.9917273980928369,0.9965516726202893,0.9910707204884589,0.9914241696944359,0.9962810392177711,0.9908460727177953,0.9917377650865473,0.9957064203743873,0.9905855191503464,0.9914065318706257,0.9955185848130419,0.9902427303746425,0.9917137000352981,0.9953171352791021,0.9901529711185303,0.9903139577437031,0.9959991174871332,0.9899785493214975,0.9903176575031114,0.9960005030806869,0.9898382964555492,0.988827070027421,0.9956006940276986,0.9917420234472102,0.9913544906232014,0.996467307369181,0.9916714756265209,0.9917274268566573,0.9967479120991127,0.9898398835852958,0.9885174891246293,0.9954803806788893,0.9898402118219195,0.9882706771986676,0.9954334652552381,0.9897236693331551,0.9867875785165108,0.9955224704770714,0.9897139350412515,0.986993700691015,0.9953437477297467,0.9897101374906668,0.9864890280515933,0.9955407483882543,0.9899173008381026,0.9915555535944245,0.9949400031847354,0.9897548306927266,0.9914052880770295,0.994867588438351,0.9899173118294986,0.9915556047192016,0.9946909171903212,0.9901156752182904,0.9917056333512568,0.9951710544495055,0.9901060552986164,0.9919625243946417,0.9951657031021911,0.9891674803644586,0.9913708000287651,0.9945802268084035,0.9891408303764504,0.9913708199953266,0.9945653901743525,0.9891526986416896,0.9917289917809573,0.9943128540606195,0.9888070226794275,0.9907340570719654,0.9943457631199253,0.9887412073324507,0.9907341467482956,0.9943822645545051,0.9887944396804552,0.9907340770252282,0.9942223945451887,0.98891287214568,0.9904812532455227,0.995984501850827,0.9904446931806095,0.9911630818749079,0.9953228130763858,0.9892422100388115,0.9912247972356177,0.9947269158127945,0.9887444005902228,0.9908914191362437,0.9945576828303072,0.9889207109441789,0.9907337158517125,0.9944626657981602,0.9902628126198545,0.9909946065634955,0.9951357220851034,0.990470059346294,0.9910652781380747,0.9953273948508221,0.9971472706925629,0.9972147270587963,1.0004773441219283,187.0
0.9999967114266941,0.9999967816578379,0.9999972233821841,0.978363041069231,0.9788514839729047,0.9817804651845677,0.9928905363836593,0.9939562268848207,0.996540757307318,0.9913473602345244,0.9921691689356988,0.9959604151931524,0.9912344244339175,0.9917015822671467,0.9961802014330446,0.9905676123083488,0.9914004905478648,0.9959125987432712,0.9903398056459146,0.9917141662943507,0.9953342046970363,0.9900787619177579,0.9913829015174638,0.9951461275171493,0.9897372718627448,0.9916917891952669,0.994943561729897,0.9896511053184027,0.9902909458723235,0.9956306190396639,0.989476707768615,0.9902948751735768,0.9956322045629985,0.9893383041872258,0.9888040394378285,0.995230959213691,0.9912361936092565,0.9913273339869614,0.9960938430550715,0.9911653081141141,0.9917016110302103,0.9963767791469021,0.9893398953750498,0.9884944771584088,0.9951105679470532,0.9893402256598727,0.9882476835840734,0.9950635810020149,0.9892270509210056,0.9867643459296456,0.9951528539671984,0.989217334094559,0.98697065157914,0.9949747189251877,0.989213956457149,0.9864657400116909,0.9951710556911159,0.9894105654932287,0.9915349887079443,0.9945645617955489,0.9892476273388631,0.9913855068042234,0.994491265977619,0.9894101524175618,0.9915350398316738,0.9943145342442798,0.9896097424297888,0.9916842845714596,0.994797012640321,0.9896002041290347,0.9919413910938157,0.9947928805163356,0.9886626521276649,0.9913550748901121,0.99420447736525,0.9886369369393254,0.991355094856368,0.9941895744590235,0.9886480778382679,0.9917173143776357,0.9939428753749905,0.988294832553876,0.9907198365205406,0.9939619566488348,0.9882289919489932,0.9907199261956342,0.9939983470131458,0.9882810257168768,0.9907198564735284,0.9938371477416672,0.9884116036525755,0.990459591290263,0.9956161759314379,0.989937873344342,0.9911394236474506,0.9949502662994874,0.9887348673718945,0.9912074264648714,0.9943489942011852,0.9882349088390696,0.9908759130066597,0.9941771159631245,0.9884101609533035,0.9907194953049938,0.9940804331715973,0.9897560050435797,0.9909709154297786,0.9947630389323755,0.9899635037279412,0.9910419377392957,0.9949548354722213,0.99669223884957,0.9971911383063534,1.0001758527355626,188.0
0.9999966719351738,0.9999967767000849,0.9999971816637829,0.9780994440654855,0.9788179176705849,0.9815061861293931,0.9926053284940204,0.993921838958821,0.9962179580882707,0.9910595466089749,0.9921365529495139,0.9956347512302439,0.9909436724876846,0.991668576328208,0.9958530826618794,0.9902804783379264,0.9913695049382797,0.9955890942365715,0.9900500863908429,0.991682837067293,0.9950014648635527,0.9897882613446226,0.9913511746863599,0.9948132461920868,0.9894493644443063,0.9916632918013492,0.9946057675449963,0.9893639879643082,0.9902623215515315,0.9953086325568117,0.9891895600394508,0.9902665486989289,0.9953102403799851,0.9890518059244169,0.9887776793960986,0.9949112262291155,0.9909453568387621,0.9912940160316126,0.9957662278778361,0.9908728570905009,0.9916686050903057,0.9960491599957236,0.9890534442339042,0.9884684619922552,0.9947914640728508,0.9890537974475875,0.9882220433149266,0.9947449877301896,0.9889407015922617,0.9867427737723865,0.9948385140620747,0.988930977758393,0.9869487164924514,0.9946602470743005,0.9889276277074773,0.9864448505895616,0.9948574398670311,0.9891218784818688,0.9915090769050735,0.9942223014923152,0.988958479946994,0.9913612368200369,0.994146637315111,0.9891216006426904,0.9915091280274753,0.9939715810374707,0.9893215412647135,0.991656730693774,0.994457567678024,0.9893120317928288,0.9919135882320869,0.9944537612697358,0.9883733816738313,0.9913345451276391,0.9938534131295144,0.9883477369174898,0.9913345650934904,0.993837614073889,0.9883588062474088,0.9916970167960668,0.9935920212791077,0.9880046107705731,0.9907062036744207,0.9936074804911349,0.987938920613962,0.9907062933483394,0.9936437799295614,0.9879903135139908,0.9907062236271484,0.993481498594127,0.9881246957469034,0.9904333446463169,0.9952941273525491,0.9896470276812409,0.9911074094178784,0.9946173028113753,0.9884454144453103,0.9911868023855278,0.9940001744408351,0.9879447632987196,0.9908593939524083,0.9938256936822627,0.9881206058972434,0.9907058624633445,0.9937273874556213,0.9894651090040952,0.9909387882558501,0.9944299294620417,0.9896723798340858,0.9910094861740367,0.9946218888169198,0.9964236297871047,0.9971569447281139,0.9998962748540667,189.0
0.999996626492151,0.9999967734990644,0.9999971511631319,0.9777975753975506,0.9787956365493858,0.9813067364710378,0.9922696864966103,0.993902339582155,0.9959757735053868,0.9907133500477889,0.992116914339732,0.9953897860121572,0.9905931730458205,0.9916495212197204,0.9956070705868528,0.9899311546543512,0.9913503233770233,0.9953441847155183,0.9896987090748857,0.9916631954469785,0.9947511451564812,0.9894381222326349,0.9913331284349662,0.9945639964060905,0.9890936581861802,0.9916430711478607,0.9943500211619123,0.9890120688244305,0.990243805316144,0.9950634464357575,0.9888373939563359,0.9902480034136036,0.9950650760950669,0.9886973601975018,0.9887606532581839,0.9946654827701692,0.9905948488183576,0.9912754278671717,0.9955207718967326,0.9905197825679268,0.9916495499812606,0.9958021029028041,0.9886990237382962,0.9884516325655076,0.9945460170237317,0.9886993892710583,0.9882054261967411,0.9944997765235458,0.9885868981819971,0.9867291427727213,0.9945967778113269,0.9885771862131271,0.9869349900787964,0.994418866391409,0.98857390625808,0.9864316782284003,0.9946161703051247,0.9887630661249986,0.9914881986416038,0.993962661934752,0.988597536595862,0.9913398942939978,0.993884663518847,0.9887633046685685,0.9914882497629401,0.9937115202243388,0.9889646588473566,0.9916363163797645,0.9942005915131387,0.988955239134361,0.9918934618504908,0.9941980891830244,0.9880098390609919,0.9913129679598472,0.9935858577422956,0.9879845255715289,0.9913129879252708,0.9935693553548756,0.9879952859400513,0.9916761342153843,0.993325311725363,0.9876322603065932,0.9906838986922246,0.9933348466445828,0.9875661774628212,0.9906839883641648,0.9933708456122456,0.9876171284749901,0.9906839186445118,0.9932074767727936,0.9877714270022805,0.990414907625999,0.9950489616403055,0.9892975111840465,0.9910903252039382,0.9943685350254519,0.9880810017164604,0.9911649429353813,0.9937341038338374,0.9875756830843708,0.9908367755065748,0.9935567210521011,0.9877498668833291,0.9906835574886771,0.993456568355804,0.9891164578376687,0.9909225144884958,0.9941818714620667,0.9893231001428988,0.9909927434722424,0.9943731073752861,0.9961159916415481,0.9971342633466663,0.9996929484809963,190.0
0.9999965766553122,0.999996770228235,0.9999971261731598,0.9774674588116394,0.9787726839824182,0.9811442170854424,0.9918974094404869,0.9938829040890419,0.995772455812265,0.9903365219454758,0.9920993187778447,0.9951880713492977,0.9902128729782255,0.9916346993827637,0.995408356097416,0.9895505946498958,0.991332922148787,0.9951425899756532,0.9893246883756511,0.9916481682544758,0.9945463093295502,0.9890661807375131,0.991318716666226,0.9943610131770131,0.988721446925841,0.9916309311636293,0.9941418787637435,0.9886293055662712,0.9902266895633768,0.9948621721800336,0.988454381284219,0.9902307108125141,0.9948638252368328,0.9883124776353089,0.9887451558544994,0.9944645333083966,0.9902145252417186,0.9912628256666093,0.9953253894130614,0.9901374173268124,0.991634728143873,0.9956026894328354,0.9883141545673161,0.9884362668199749,0.9943451934814408,0.9883145266930647,0.9881901971531738,0.9942990457275075,0.9882023727918918,0.986717677310582,0.9944008229156934,0.9881927019780232,0.9869239276025523,0.9942240276231344,0.9881894210134614,0.98642067589832,0.9944206906436275,0.9883915625750758,0.9914785048284877,0.9937516620292408,0.9882261190610304,0.9913316844681824,0.99367188013844,0.9883925040748246,0.9914785559493344,0.9935003930721281,0.9885927335291783,0.9916251384499027,0.9939915438932283,0.9885833802666407,0.9918823868264435,0.9939899855763638,0.9876407767399024,0.9913074810236916,0.9933687097963491,0.9876161836162297,0.9913075009890117,0.9933519858587665,0.9876261528980274,0.9916696788874161,0.9931065836621904,0.987260800844758,0.9906835050440878,0.9931154480943861,0.9871945970166799,0.9906835947160403,0.9931514112750246,0.9872455852675036,0.9906835249963787,0.9929873971548207,0.9873870008863334,0.9903964847817506,0.99484776504025,0.9889258164554011,0.9910762508936658,0.994165896727328,0.9877100954195169,0.9911598498637086,0.9935181732553976,0.9872047875261479,0.9908354314914104,0.9933391303780604,0.9873788026451351,0.9906831638404919,0.9932380359079964,0.9887453671934704,0.9909090189427595,0.9939797025265991,0.9889515392339713,0.9909788987198964,0.994170459286682,0.9957795480020718,0.9971109016060311,0.9995272511604539,191.0
0.9999965014263539,0.9999967700429017,0.9999971074176717,0.9769722449197972,0.9787705112868453,0.9810264947235353,0.9913194704743873,0.9938848666731916,0.9955982838665468,0.9897538158950736,0.9921037304556757,0.9950175631042539,0.989629930489508,0.991639443879634,0.9952395906497754,0.9889651536652854,0.9913372627475541,0.9949738801965575,0.988739007116815,0.9916573170502816,0.9943750371291945,0.9884798723546228,0.991329517768864,0.9941899300747654,0.9881361179515988,0.9916440388867831,0.9939691521434655,0.9880429400072112,0.9902309334457087,0.9946960041490328,0.9878676826253163,0.990234408239996,0.9946976226912775,0.9877260131255462,0.9887522875590766,0.9943023809420503,0.9896315031516095,0.9912678365672665,0.9951571022673841,0.9895543933913782,0.9916394726408747,0.9954346109707558,0.9877277131253833,0.9884436693281246,0.99418330623597,0.9877280966274324,0.9881978780994063,0.9941373540125674,0.9876170747759455,0.9867318266454819,0.994248349023703,0.9876074507264766,0.9869385662482333,0.9940728674343585,0.987604267842822,0.9864356648301211,0.9942692716065487,0.9878065767015033,0.9914948663284722,0.9935775329183298,0.9876413155892696,0.9913499803506842,0.9934968315255382,0.987807624101401,0.9914949174501713,0.993325903503445,0.9880075549670325,0.9916395654970283,0.9938185601090662,0.9879982914116809,0.9918971442401331,0.9938183777733577,0.9870560572189333,0.9913286875059978,0.993191499526621,0.9870314969801923,0.9913287074717521,0.9931743986042867,0.9870414529437983,0.9916916233058712,0.9929302711799213,0.986673111703094,0.9907071845729355,0.9929360508317284,0.9866058050224759,0.9907072742470661,0.9929716714556929,0.9866580355269223,0.9907072045257123,0.9928077181360525,0.9867983912992498,0.9903971962064111,0.9946817091737173,0.9883404655525002,0.9910880254557413,0.9939956525603357,0.9871252828247978,0.9911807564852589,0.9933415786372444,0.9866193706974083,0.9908591310367769,0.9931611984675323,0.9867921529552934,0.9907068433610531,0.9930593618609252,0.9881614276156497,0.9909221996046581,0.9938106396244033,0.9883662541844,0.990990833267068,0.9940002069485581,0.9952747775454741,0.9971087085871991,0.9994071339297662,192.0
0.9999964323767052,0.9999967656934254,0.999997089723228,0.9765188550491636,0.9787419470509962,0.9809161354143109,0.9907832951479928,0.9938517267701189,0.9954315460266869,0.9892139072350667,0.992068720763365,0.9948533479476868,0.9890886791810156,0.991604839424579,0.9950761529843862,0.9884240623028162,0.991301827300719,0.994810078790647,0.9881960369199532,0.9916203270308834,0.9942114571586841,0.9879366295031042,0.9912923464724134,0.994026601448297,0.987589814016857,0.9916053722485263,0.9938050270434483,0.9875023682781533,0.9901948829861762,0.9945323662433319,0.9873271214354263,0.9901981447482727,0.9945340058957655,0.9871858361455168,0.9887163099343576,0.9941388220232744,0.9890903126402057,0.9912335564201666,0.9949940467648235,0.9890122914768531,0.9916048681848185,0.9952713532777726,0.9871875513065476,0.9884078680919103,0.994019898285848,0.9871879423054428,0.9881622611606264,0.9939740549494669,0.987076607538105,0.9866957466883568,0.9940843049578961,0.9870669904118313,0.9869021662994587,0.9939090497204556,0.9870637617229464,0.9863996222664702,0.9941051287550162,0.9872578754999097,0.9914545650012807,0.9934125544662833,0.987091212238804,0.9913086034121693,0.9933311489594888,0.9872587877688868,0.9914546161209007,0.9931606953622146,0.9874603484277571,0.9916003399595801,0.9936543976262544,0.987451179987889,0.9918582590536134,0.9936556338756305,0.9865051417197324,0.9912865320777952,0.9930234877206866,0.9864808350991628,0.9912865520426967,0.9930065024982523,0.9864904052079446,0.9916473212694482,0.992759102206098,0.9861159848467533,0.9906657890227276,0.9927674303783931,0.9860475190785281,0.9906658786930976,0.9928028541551172,0.9861005197272726,0.9906658089746673,0.9926388031129206,0.9862575406492505,0.9903591546259793,0.9945181954149319,0.987797252934388,0.9910507147349863,0.9938324479891354,0.9865737619792087,0.9911394739933475,0.9931745485046273,0.9860659914489942,0.990818397016516,0.9929934440652797,0.986236647945513,0.9906654478251531,0.9928911864559091,0.9876184709011876,0.990885184630116,0.9936475633954148,0.9878229390109431,0.9909534657986985,0.9938370025347243,0.994812612358206,0.9970795917820792,0.9992945153853794,193.0
0.9999964293805166,0.9999967663157936,0.9999970993887296,0.9764998881901663,0.9787457710651647,0.9809803931531569,0.9907564262692771,0.9938577850958067,0.9955023755185164,0.9891810615013135,0.9920738859746252,0.994930962174141,0.9890548703903885,0.9916111786130237,0.9951559221620536,0.9883871591142842,0.9913060844051022,0.9948880496447814,0.9881612552960394,0.9916256406614465,0.9942935496328161,0.9879037213698221,0.9912993122166066,0.9941107610380792,0.987549387642395,0.9916086961132585,0.9938872339462452,0.9874661377041377,0.9901978294535875,0.9946127084690138,0.9872907680206526,0.9902005185988119,0.9946144049436717,0.9871505707714906,0.9887201884119227,0.9942223924397723,0.9890566054133121,0.991240835071331,0.9950753303175187,0.9889778291380155,0.9916112073734522,0.995351279615274,0.9871522913362186,0.9884118478365317,0.9941035824052752,0.9871526850132181,0.9881663405872122,0.9940578240420761,0.987040215245757,0.98670214066633,0.994172002045453,0.9870306413070402,0.986908866934075,0.9939977719491035,0.9870272156251152,0.9864062966456274,0.9941932018032767,0.9872144489249496,0.9914560981676623,0.9934950006490337,0.9870460484548512,0.9913090092461297,0.9934134593634589,0.9872150847771582,0.9914561492873556,0.9932432396885464,0.987418782250569,0.9916030007297019,0.9937368787928452,0.9874096831407441,0.9918610450175213,0.9937390047910065,0.9864560825320446,0.9912842247534043,0.993104509705994,0.9864314862413773,0.9912842447182516,0.993087588509472,0.9864412294576601,0.9916431185106749,0.9928371267066508,0.9860610185926058,0.9906609296882797,0.9928502122822096,0.985992371119763,0.9906610193581714,0.9928860600248832,0.9860442579435004,0.9906609496401125,0.99272106250723,0.98621994505054,0.9903574642789785,0.9945987686816212,0.9877656564732468,0.9910586911190798,0.9939177989543883,0.9865255033072083,0.9911379374445174,0.9932566218841858,0.9860152812896894,0.9908150293211648,0.9930758790788397,0.9861832922568059,0.9906605884925264,0.9929738368155134,0.9875886048065019,0.9908948752963748,0.9937345458084145,0.987791220548667,0.99096135602842,0.9939223559332884,0.9947932637442141,0.9970834976304559,0.9993599999783175,194.0
0.999996500674603,0.9999967744870726,0.999997143121972,0.9769703171734125,0.9787991568535843,0.9812634768754519,0.9912988165042025,0.9939209703762605,0.9958622836084055,0.989720042262364,0.9921425106435262,0.9952990698064008,0.9895919020581445,0.9916807707401402,0.9955249026860397,0.988923456462783,0.9913745768531695,0.9952558236426203,0.988700924176804,0.9917010908677647,0.9946700725834657,0.9884441787990889,0.9913754955580996,0.9944879459810649,0.9880882332036196,0.991690274835153,0.9942687741978334,0.9880039678267322,0.9902661280955407,0.9949816638260311,0.9878289486888107,0.9902687590353157,0.9949834800152411,0.9876884062313854,0.9887880883939263,0.9945924571113051,0.9895938264615926,0.9913112013342035,0.9954456139407128,0.989513549468853,0.9916807995025861,0.9957198065219716,0.9876901533719502,0.9884800808147919,0.9944742394214754,0.9876905599844078,0.9882349050996816,0.9944289540211935,0.9875774682764565,0.9867681298976188,0.994541537214721,0.9875679510335713,0.9869754498058412,0.9943685383678998,0.9875643836605164,0.9864719426663848,0.9945624734626564,0.9877542775002927,0.9915422417156426,0.993879601654324,0.9875866745483497,0.9913976752178326,0.9937990915503484,0.9877543688701949,0.9915422928397878,0.9936281379615909,0.9879580478794865,0.9916866221449782,0.99412019956346,0.9879491533612594,0.9919460652277279,0.9941252679211021,0.9869941940821686,0.9913746876111804,0.9934923673682051,0.9869687563678864,0.991374707577854,0.9934753575564896,0.9869793924668201,0.9917347281705063,0.9932261214982816,0.986600063271511,0.9907521188898321,0.9932410598718253,0.9865310121707483,0.9907522085679838,0.9932773361740054,0.9865827322627103,0.9907521388435043,0.9931121679953131,0.9867599150057655,0.99042488043304,0.9949678764805956,0.9883068780842872,0.9911354140544075,0.994295493047281,0.9870657813080044,0.9912279340837097,0.9936442485697426,0.9865565684539472,0.9909062793657546,0.9934649196493475,0.9867232349874243,0.9907517776626485,0.9933637798586343,0.9881303682736344,0.9909721505728425,0.9941128966521402,0.9883321009502559,0.9910376694360067,0.9943000661111183,0.9952727518384921,0.9971379221954959,0.9996486478589384,195.0
0.9999965956370216,0.999996784753144,0.9999971949151956,0.9775974420956903,0.978867393733754,0.9815988789592853,0.9920182895213242,0.9939962143944646,0.9962891803869682,0.9904449808678194,0.992220392866348,0.9957329666047061,0.9903148330875436,0.9917591208356242,0.9959590797059895,0.9896504020023259,0.9914531588875737,0.9956906946671163,0.9894307778940278,0.9917802822932551,0.9951102067429569,0.9891732865421318,0.9914538808065165,0.9949271999871571,0.9888213835443781,0.9917699488778302,0.994714236856523,0.9887335609944694,0.9903457156139928,0.9954171098220366,0.9885593005942327,0.9903485365100072,0.9954188418449037,0.9884177666799431,0.9888673400520217,0.9950293032398625,0.9903169147920986,0.9913899257890824,0.9958806738002844,0.9902351581141939,0.9917591496003485,0.9961534895356421,0.9884195506008909,0.9885597683985944,0.9949118856201216,0.9884199750994733,0.9883150278780345,0.9948672412752033,0.9883061028952008,0.986845208777106,0.9949777364141489,0.9882966556562209,0.9870533835501956,0.994806268885958,0.9882929124525474,0.9865486027860982,0.9949983463450794,0.9884885891448107,0.991622319821508,0.9943280397065946,0.9883219080677305,0.9914779964659326,0.9942489606058482,0.9884881347721155,0.9916223709497679,0.9940770462356768,0.988691651601756,0.9917664576165695,0.9945668534052877,0.9886827901855191,0.9920259308576513,0.9945721508426332,0.9877314053392307,0.9914552007204807,0.9939459144919885,0.9877061718531758,0.9914552206887655,0.993929632172289,0.9877165518055461,0.9918143360257174,0.9936779576090699,0.9873325122228924,0.9908336438939243,0.9936957469186074,0.9872625576470321,0.9908337335793994,0.9937322580930029,0.9873141641676195,0.9908336638492264,0.9935669625636241,0.9874946019808705,0.990506323739918,0.9954031731632803,0.9890358805127507,0.9912134433370521,0.9947344202482522,0.9878024821896001,0.9913088152345446,0.9940965989539076,0.9872933266630499,0.9909879897199156,0.9939183131033584,0.987457567842464,0.9908333026388758,0.9938178248447752,0.988858580424532,0.9910494260534406,0.9945512811731329,0.9890609714349952,0.9911156213032378,0.9947389969944244,0.9959119404127674,0.9972074601059255,0.9999906403655476,196.0
0.9999966810516284,0.9999967954485881,0.9999972420655987,0.9781616082552658,0.9789384502914034,0.9819046339527426,0.9926650020926223,0.9940745847000257,0.9966768445142176,0.9910972141915029,0.9923025745718631,0.9961273939363954,0.9909680455917351,0.9918404146141832,0.9963539989392689,0.9903029213904228,0.9915365349508352,0.9960859406025097,0.9900883425064526,0.9918653892174661,0.9955110882627513,0.989830236716626,0.9915385420076798,0.9953277512683005,0.9894829906883861,0.9918570911620888,0.9951200184868678,0.9893892783271445,0.9904308134252989,0.9958142190041643,0.9892158203331597,0.9904339231926508,0.9958159818143422,0.9890738394813263,0.9889527223326694,0.9954291352336129,0.9909702272744736,0.9914705090040672,0.9962749506767354,0.9908888835804857,0.9918404433812674,0.9965491856746747,0.9890755937665681,0.9886450202255236,0.9953114506990342,0.9890760038543207,0.9884001085986214,0.9952665810520698,0.9889627587442129,0.9869321426387538,0.9953829541313665,0.9889532947718451,0.9871395459377236,0.9952107681200274,0.9889496469014821,0.9866358613949068,0.9954043797748869,0.9891521066524303,0.99171108433527,0.994736271136275,0.9889866095033026,0.9915677047813759,0.9946581419240512,0.9891514486372529,0.9917111354680941,0.9944858963994583,0.9893540071599675,0.991854278909568,0.994973733305106,0.9893452125116597,0.992114021443374,0.9949797922643158,0.9883970487921909,0.991543647200979,0.9943573882619978,0.9883719135216951,0.9915436671710344,0.9943417004110978,0.9883821096559195,0.99190112728986,0.994086853664937,0.9879945329170542,0.9909213797009437,0.9941094701382899,0.9879239794331311,0.9909214693942976,0.9941463039094379,0.987975333090844,0.9909213996579991,0.993980819501665,0.9881555514570126,0.990593282874535,0.9958002564443156,0.9896931058846626,0.991297930036086,0.9951351275658327,0.9884679046358298,0.991397934611657,0.9945075739056051,0.9879591466063348,0.9910767980883474,0.9943305336280687,0.9881209959463508,0.9909210384159156,0.9942308295358329,0.989515751132681,0.9911338653367388,0.9949521098718639,0.9897178189324091,0.9911997017755885,0.9951397202698171,0.9964869577693698,0.9972798715338624,1.0003023976069911,197.0
0.9999967431617793,0.9999968016423308,0.9999972649011994,0.9785700553321433,0.9789791598004325,0.9820504099780826,0.993144131409261,0.9941217019227936,0.996877805224082,0.9915809779346342,0.9923526855505598,0.9963352281165885,0.9914508169149195,0.9918906338486773,0.996562639431787,0.9907881030415913,0.9915891720751433,0.9962963500392976,0.9905764882131316,0.9919159282814763,0.9957221353207842,0.9903164634664804,0.9915875402933421,0.9955371290609069,0.9899763194489417,0.9919085745000799,0.9953353184381849,0.9898785872989044,0.9904871006930754,0.9960286936289989,0.9897059825647349,0.9904907369538054,0.9960304655408488,0.9895649787346453,0.9890110581235168,0.9956498900884422,0.9914530857768448,0.9915208148704969,0.9964841148131126,0.9913709944376605,0.9918906626172179,0.9967579172581587,0.9895667533501953,0.9887035586243977,0.9955326389161753,0.9895671732804644,0.9884588523198281,0.9954881220611009,0.9894543245080809,0.986995620585295,0.9956137805516593,0.9894448893377347,0.9872030061598941,0.995442103147908,0.9894412636822927,0.9867000141103718,0.9956364391137268,0.9896495005608951,0.9917635242311575,0.994954727082144,0.9894867454182144,0.9916207864506426,0.994878399464428,0.9896483238725653,0.9917635753666706,0.9947044858647669,0.9898489028610691,0.9919060773589764,0.9951902419519784,0.9898401249991965,0.9921655630339664,0.9951962751920755,0.9889044335060962,0.9915987386646319,0.9945833330332267,0.9888801689831983,0.9915987586357896,0.9945684966219867,0.9888895414194865,0.99195674874151,0.9943137269846581,0.9885045192515592,0.9909794725610079,0.994336749889576,0.9884342136147533,0.9909795622595836,0.994374154194106,0.9884854105367292,0.9909794925192262,0.9942085733072203,0.9886506102904352,0.9906532546973816,0.9960146205305984,0.9901786964842724,0.9913460897200947,0.9953438045414224,0.9889730059765727,0.9914528104012263,0.9947309270120696,0.9884680178031621,0.9911336349373311,0.994555629773884,0.9886305126663583,0.990979131256112,0.9944569749393892,0.9900000805783772,0.9911807760344092,0.99515972439133,0.9902033335465873,0.9912479307941049,0.9953483946756856,0.9969032978228284,0.9973213680113528,1.0004510917081286,198.0
0.9999967145425174,0.9999968035875425,0.9999972514590265,0.9783812864734354,0.978991968430161,0.9819639452017677,0.9929261730500252,0.9941363084544553,0.9967629688031164,0.9913642543730765,0.9923684198797504,0.9962222527978289,0.9912319713866514,0.9919069597065794,0.9964505686169831,0.9905730350203363,0.991604977727688,0.9961850025671429,0.9903594496223147,0.991933110966757,0.9956074557679205,0.9900990485226397,0.9916039984944682,0.9954221957109401,0.9897595989661615,0.9919273618059108,0.99521875180893,0.9896645763187412,0.9905030097040118,0.9959182165686025,0.9894922353491584,0.990506535303746,0.9959199710272025,0.9893508693914117,0.9890273562337872,0.9955408346038617,0.9912343470529417,0.9915376141255633,0.996372900090296,0.9911507961610936,0.9919069884755948,0.9966457472324854,0.9893526395092466,0.9887197527801651,0.9954234247770343,0.9893530572265475,0.9884749522664886,0.9953787855447878,0.9892392847572237,0.98701395042035,0.9955085016453429,0.989229852432791,0.9872206912409756,0.9953368215518758,0.9892261021551696,0.9867187116128883,0.9955316531760863,0.9894347885117136,0.9917841823617509,0.9948379164900039,0.9892731677459591,0.9916427803799435,0.9947615953346378,0.9894338070711738,0.9917842334983217,0.9945877460804678,0.9896329453102304,0.9919253998755024,0.9950733990155618,0.9896241208433029,0.992183987416688,0.9950785424823303,0.9886928932526446,0.9916230477091519,0.9944669400170458,0.9886687013008438,0.9916230676807971,0.9944520619894622,0.9886780506566047,0.9919811388931286,0.9941985768729358,0.9882933811935698,0.9910075940011249,0.9942193144908291,0.9882226444754062,0.9910076837022349,0.9942567531876535,0.9882741289373744,0.991007613959908,0.9940909791362905,0.9884384706401823,0.9906687263515843,0.9959041634544398,0.989960991386992,0.9913621321630096,0.9952285519607882,0.9887612570692377,0.9914770860816945,0.9946141370858311,0.9882577949476808,0.9911605631031546,0.9944385199546234,0.9884199898215196,0.9910072526865834,0.9943396573436794,0.989781916473789,0.9911963585694262,0.9950439810324544,0.9899854116273767,0.9912638889036277,0.9952331435078676,0.9967108946321788,0.9973344231902102,1.0003629101443792,199.0
0.9999966396951123,0.999996801624824,0.9999972165443388,0.9778875019962111,0.9789788002744475,0.9817389679831593,0.9923562700547348,0.9941227033473311,0.9964675550186263,0.9907941420076429,0.9923523616393422,0.9959253017746545,0.9906583276292372,0.9918904274263279,0.9961523646314949,0.9900033066636331,0.9915881481195268,0.9958883502612293,0.9897907589224432,0.9919154221245085,0.9953080442524388,0.989531173087074,0.9915875048446592,0.9951238021270584,0.989191660330475,0.9919066914330894,0.9949167363890358,0.989095554170352,0.9904850669318354,0.9956212173264136,0.9889231800102165,0.9904883513087801,0.9956229148879168,0.9887828962552893,0.9890089131362915,0.9952436058178709,0.9906607118476325,0.9915207026136734,0.9960743045291284,0.9905750277176568,0.9918904561948638,0.9963470855316452,0.9887846612776817,0.9887011158716369,0.9951259120532984,0.9887850764691122,0.9884561482321332,0.9950810570105265,0.9886712905964249,0.9869956840452684,0.9952127019736583,0.9886618378599528,0.9872012016099466,0.995040475045524,0.9886581085538502,0.9867006621132823,0.9952361269325007,0.9888666672598394,0.991761562082352,0.9945344293084628,0.9887046483650962,0.9916192038971743,0.9944575550590554,0.9888662915756654,0.991761613217752,0.9942842016967315,0.9890649220924533,0.9919037357055052,0.9947705688083939,0.9890560278365562,0.9921611346442127,0.9947744989573521,0.9881217271994536,0.991600112124311,0.9941597759077543,0.9880964130425189,0.9916001320954938,0.9941437053251503,0.9881069864012684,0.9919586923944334,0.9938940679708418,0.9877296076089688,0.9909857415932571,0.9939142487954338,0.9876589372323602,0.9909858312923903,0.9939517455988955,0.9877113718681583,0.9909857615515999,0.993786119732016,0.9878693389426856,0.9906495303635238,0.9956071752634811,0.9893937622032273,0.9913463400919788,0.9949306910004742,0.9881929677568464,0.9914539510462443,0.9943089954279828,0.9876915331512688,0.9911379304865597,0.9941334280959805,0.987855081326733,0.9909854002862397,0.9940345456195175,0.9892156599125519,0.991181500635743,0.9947468811483028,0.9894179947255255,0.9912480784198995,0.9949352805723265,0.9962076019512184,0.9973210084040178,1.0001334799757204,200.0
0.9999965851115816,0.9999967927220011,0.999997184114031,0.9775265559216093,0.9789195247437174,0.9815279591984879,0.9919452798384956,0.9940580332292669,0.9962046093691916,0.9903812819201463,0.9922862873622174,0.9956602136661936,0.9902431436922178,0.9918244054351747,0.9958876369019646,0.9895905162449263,0.991522082247798,0.9956237648440033,0.9893769637202823,0.9918484101372192,0.995038503236726,0.989119427163451,0.9915232034633007,0.9948561251597732,0.9887758364481968,0.9918360410219584,0.9946419858239028,0.988681677747406,0.990419017166013,0.9953562117623226,0.9885092584222532,0.9904223679921226,0.9953579322507011,0.9883677095174086,0.9889426598376793,0.9949778499672391,0.9902455021413649,0.9914547225987467,0.9958098824187042,0.9901584694069608,0.9918244342017951,0.9960823450986703,0.9883694990979903,0.9886348691317839,0.9948603638214283,0.9883699261164154,0.9883899613300504,0.9948157027856607,0.9882549839606848,0.9869297893220096,0.9949484748018407,0.9882455409032558,0.9871345034588068,0.9947764001041091,0.9882416543777757,0.9866349417703989,0.9949720755772179,0.9884493671479545,0.9916883329087658,0.9942566460032735,0.9882860756202749,0.9915446087141188,0.9941782408925728,0.9884497545062544,0.9916883840403886,0.9940063608153247,0.988648520085299,0.991831872342454,0.9944944498340452,0.9886395753035105,0.9920881931269037,0.9944973943553315,0.9877041228597003,0.9915246094359008,0.9938778390911781,0.9876797286520752,0.9915246294055639,0.9938617139125793,0.9876894210475572,0.991882048769606,0.9936129309707339,0.9873012495215621,0.9909110420341319,0.9936255721803341,0.9872293365564714,0.990911131726516,0.9936623558925662,0.9872825238008297,0.9909110619909727,0.9934964665779532,0.9874554375222292,0.9905841541299726,0.995342180334825,0.9889832734210842,0.9912836718033329,0.9946639966149285,0.9877729559773644,0.9913789114634796,0.9940268743870785,0.9872671302379298,0.9910627705903605,0.9938483996602876,0.9874287265032134,0.9909107007527949,0.993747672353946,0.9888068261327828,0.9911204244832313,0.9944816360861567,0.9890077762917237,0.991186066308138,0.9946685588019216,0.9958397222572997,0.9972606060603915,0.9999183456852112,201.0
0.9999965348635285,0.9999967863517338,0.9999971480114579,0.9771940888493265,0.978877416695566,0.9812928282994561,0.9915679115898262,0.9940102546251965,0.9959139887486539,0.9899972233496362,0.9922373478773397,0.9953625468694763,0.9898560295822708,0.9917734736618242,0.9955868850255388,0.9892055195665453,0.9914725075004425,0.9953252985321962,0.9889879649585601,0.9918000781287509,0.9947345165384402,0.9887294652916875,0.9914749283662082,0.9945518054377219,0.9883856189925027,0.9917891410527202,0.994332929378623,0.9882953915411271,0.9903685270505294,0.9950561848019126,0.9881228775485277,0.990371853640308,0.9950578869083898,0.9879800490961655,0.9888910246664777,0.9946755502980553,0.9898583138400877,0.9914021966859038,0.995507059046811,0.989769578112786,0.9917735024269613,0.9957812963128082,0.9879819019257432,0.9885835228634422,0.99455885520812,0.987982359549184,0.9883389862389489,0.9945148675922609,0.9878662343598322,0.986875055748329,0.9946432248163872,0.9878567857113406,0.9870786280800574,0.9944708921064314,0.9878527636517922,0.9865799844572346,0.9946664824021241,0.988058588130621,0.9916428620424115,0.9939440768025612,0.9878942824220314,0.9915000897683499,0.9938634327078634,0.9880602242971718,0.9916429131716994,0.9936940489445993,0.9882580942443581,0.9917854493826416,0.9941841212557541,0.9882491859825697,0.99204141551565,0.9941874498091948,0.9873107055842402,0.99148108580414,0.9935576568068941,0.987286432379698,0.9914811057729332,0.9935409530346853,0.9872960196038975,0.9918366477197088,0.9932928883232712,0.9869013274138864,0.9908723683437368,0.9933000763046188,0.9868291216608824,0.9908724580326671,0.993336544625148,0.9868814198545124,0.9908723882998096,0.9931695327705059,0.9870689829818999,0.9905341604608645,0.9950421231344588,0.9885930684841744,0.9912353891057767,0.9943595800643495,0.9873792179251247,0.9913361502050063,0.9937081388358553,0.9868704093545394,0.9910225906107498,0.9935265957134678,0.9870306726832708,0.9908720270755416,0.9934239680141423,0.9884165984360486,0.9910720865160375,0.9941770907076396,0.9886175767134892,0.9911380756671988,0.9943641288692421,0.9955008730731253,0.9972176886397739,0.9996786230301995,202.0
0.9999964864820985,0.9999967755286677,0.9999971125224211,0.9768743067633182,0.9788061484041926,0.9810616148983398,0.9912030284673083,0.9939282328745231,0.9956289676484235,0.989629282425088,0.9921533119891341,0.9950734977076551,0.9894878543206445,0.9916896941483194,0.9952998001029012,0.9888369266963725,0.9913874897377264,0.9950348989907287,0.9886168440072234,0.9917151645342901,0.9944408717910708,0.988359791295256,0.9913920883783581,0.9942594369399277,0.9880111595333965,0.9917015651361307,0.9940342578054635,0.9879254592800051,0.990282091846011,0.9947633777003013,0.9877529397968775,0.990285448393995,0.9947651112372514,0.9876081402002204,0.9888023236759136,0.9943788903670112,0.9894901719864277,0.9913186224845406,0.9952206027166902,0.9894012378896238,0.9916897229110269,0.9954949186968466,0.9876099758290209,0.988494369491904,0.9942617103009963,0.987610424865544,0.9882494262574669,0.9942173718693752,0.9874926682458856,0.9867831438796876,0.9943440203981003,0.9874833090872469,0.986987161880543,0.9941738639752866,0.9874789673061323,0.9864875835341963,0.9943666034208473,0.9876821551581497,0.9915535137399926,0.9936426015380898,0.9875162593126501,0.9914098565635215,0.9935604687767708,0.987684555372074,0.991553564864679,0.9933925524738363,0.9878828714853637,0.9916969857377881,0.9938842463743751,0.9878739423455811,0.9919519470088762,0.9938869649623747,0.9869308863292274,0.9913915606405761,0.9932516739548432,0.9869066126123816,0.9913915806075719,0.9932343624805117,0.9869163400093874,0.9917470483931309,0.9929901478596502,0.986518389090914,0.9907844333575465,0.9929897631651936,0.9864468786578269,0.9907845230385485,0.9930263541315724,0.9864973938627603,0.990784453311855,0.9928578957383513,0.9866990892401659,0.9904478816220761,0.9947493523075843,0.9882242802274734,0.9911538029293346,0.9940678503534416,0.9869993435194285,0.9912466540881204,0.9934024180620624,0.9864889469112333,0.9909341525824045,0.9932188019440001,0.9866484899500778,0.9907840921195189,0.9931148929325623,0.9880489378705589,0.9909915669713542,0.993886325086731,0.9882490070440055,0.9910570999956931,0.9940723735804031,0.9951749441653391,0.9971450448830604,0.9994428972709477,203.0
0.9999964208818287,0.9999967698286971,0.999997082644283,0.9764420564366895,0.9787685405614238,0.9808697072011573,0.99070113339573,0.993885408607912,0.9953755848837649,0.9891251357871287,0.9921090264550896,0.9948165953220904,0.9889827108690961,0.991644973188049,0.9950437657678867,0.9883336527355748,0.9913432127654951,0.9947774672950248,0.9881088653916716,0.9916696627624895,0.9941797737616295,0.9878522819792086,0.9913472501240047,0.9939983506718983,0.9875000150456832,0.9916544078860746,0.9937695993512833,0.9874237885577035,0.9902378284918077,0.9945051737526208,0.9872515861481701,0.9902415373696956,0.9945069644452432,0.9871074126390433,0.9887560470780847,0.9941192465596356,0.98898496899382,0.9912735533197244,0.9949646912461592,0.9888955416899048,0.9916450019494585,0.9952393133395362,0.9871092832137199,0.9884480698317456,0.9940023643425503,0.9871097490322761,0.9882031884248744,0.9939583109705789,0.9869915008306455,0.9867330464981798,0.9940822962084656,0.9869821644978791,0.9869362232932367,0.9939126001092244,0.9869777389855171,0.98643712090208,0.994104536610064,0.9871692827189712,0.9915051924714043,0.9933757226608936,0.9870020749711375,0.9913609232789758,0.9932922705725721,0.9871721892096349,0.9915052435936035,0.9931255413971041,0.9873710719331631,0.9916492763681213,0.9936188276440377,0.9873621892725891,0.9919037281512249,0.9936220027532351,0.9864141005366754,0.9913418669559761,0.9929810449430493,0.9863896963539099,0.991341886921974,0.992963186620725,0.9863996951279925,0.991696966215741,0.9927227926693518,0.9859985140281051,0.990733626479298,0.9927155459098609,0.9859271861350641,0.9907337161557118,0.9927520385359339,0.9859768901763075,0.9907336464325849,0.9925827823863735,0.9861997819639757,0.9904060886145067,0.9944911496399585,0.9877167992811858,0.991109393667803,0.9938064949972815,0.9864828400325294,0.9911971170995101,0.993131880184468,0.9859710347504062,0.9908842317501483,0.9929466256702121,0.9861293055144921,0.9907332852587276,0.992841717998789,0.9875412473497621,0.9909469583848104,0.9936246491457345,0.9877421096318734,0.9910138244901104,0.9938109720075181,0.9947343587798363,0.9971067134356641,0.9992471864761204,204.0
0.9999963443573984,0.9999967711147811,0.9999970643053252,0.975939153568857,0.9787768243714944,0.9807561075731911,0.9901090296698566,0.9938957480762092,0.9952005747490722,0.9885339422369881,0.9921214379431502,0.9946410333798259,0.9883901249086707,0.9916565416501875,0.9948675799830334,0.9877432977053768,0.9913567969918462,0.9946021226742999,0.9875188357009738,0.9916839500242915,0.9940034426141107,0.9872629373643679,0.9913628334340161,0.9938225903903777,0.986911075641677,0.9916689605620405,0.9935919480692991,0.9868344981122288,0.9902531084714354,0.9943300133800727,0.986662878859552,0.9902573187403307,0.9943318358772721,0.9865167884943976,0.9887708278585469,0.9939442625705635,0.9883924605984008,0.991284447308462,0.9947877868480519,0.9883020626804192,0.9916565704119304,0.9950632925523799,0.9865186972467118,0.9884629583264355,0.9938277499053001,0.9865191815229487,0.988218257291443,0.9937840229756769,0.98640006241278,0.9867473735947432,0.9939089025990829,0.9863907630781076,0.9869502030476589,0.9937401221998673,0.9863861885960392,0.986451444456385,0.993931206587439,0.9865811663302378,0.9915204083512724,0.9931972537557047,0.9864142434988263,0.9913767138473588,0.9931133920582895,0.9865844969785661,0.9915204594742514,0.9929471083075321,0.986782446391127,0.9916639176396952,0.9934407874487262,0.9867735507561561,0.9919175580042559,0.9934435993687452,0.9858256430138992,0.9913582601094106,0.99280190978201,0.9858009526240511,0.991358280075738,0.9927837234894825,0.9858113735456253,0.9917128858185988,0.9925468520070355,0.9854116464481006,0.9907519804746927,0.9925344802182718,0.9853404906274257,0.9907520701527586,0.9925709741515842,0.9853896893551303,0.990752000428348,0.992401320704434,0.9856138904905689,0.9904238579093936,0.9943159871876823,0.9871281728029973,0.9911257778363063,0.9936311116905887,0.9858950717975653,0.9912137015158355,0.9929522995083768,0.9853844605324332,0.9909020441360257,0.992766386401188,0.9855427022334023,0.9907516392478359,0.9926610402999271,0.9869533780070241,0.9909641150159746,0.99344982842614,0.9871533451382272,0.9910302831459759,0.9936355826267517,0.9942217334415642,0.9971151610215176,0.9991312494876718,205.0
0.9999963567945588,0.9999967739983212,0.9999970784784262,0.9760222528928437,0.9787960799651801,0.9808494487471278,0.9901984391018116,0.9939164158010603,0.9953094842770243,0.9886272799398839,0.9921434801115383,0.9947533531687378,0.9884827603267774,0.991678135195204,0.9949800350271544,0.9878385153871962,0.9913804521597139,0.9947167466213775,0.9876146981384494,0.9917063284147566,0.9941164633473876,0.9873586590285005,0.9913850706423359,0.9939355246705835,0.9870087322183853,0.991690745639743,0.9937052184788635,0.9869317538278607,0.9902790968402393,0.9944480486034559,0.9867606825970862,0.9902836370433296,0.9944499629910721,0.9866141580707782,0.9887981948478756,0.9940670673282426,0.9884851513874775,0.9913056819438104,0.994900165627928,0.9883942355487682,0.9916781639575727,0.9951758861005952,0.9866161615954593,0.9884909976134161,0.9939520143481247,0.9866166918292644,0.988247055625662,0.993909495154405,0.986497357902529,0.986776849374083,0.9940377415925632,0.9864881359175751,0.986980334567191,0.9938707899352826,0.9864834621934185,0.9864810926702708,0.9940605440288002,0.9866809337077788,0.9915423699860306,0.9933116584590117,0.9865154522571216,0.9913990495288808,0.9932287672022768,0.9866839975102332,0.9915424211101256,0.9930615876482272,0.9868808954504671,0.9916855054111945,0.9935541396466696,0.9868719055248494,0.9919378535740001,0.9935552231124295,0.985927766101096,0.9913807308373457,0.9929203414714788,0.9859027183515686,0.9913807508041191,0.9929021118531571,0.9859136594991857,0.9917354481867321,0.9926688509171,0.9855193883577845,0.9907749307898445,0.9926542157261621,0.9854484295466985,0.9907750204699479,0.9926908433225233,0.9854979171184988,0.9907749507439532,0.9925216381095321,0.9857147283177995,0.9904517026331943,0.9944340709584257,0.9872239864911773,0.9911479779114907,0.9937440091636878,0.9859980577835958,0.9912361337480923,0.9930693941313398,0.9854905650051953,0.9909247802780435,0.992884679157697,0.9856496012674406,0.990774589555235,0.9927800453159722,0.9870490632777288,0.9909862179737104,0.9935626400983394,0.9872490063167824,0.9910525054012543,0.9937484778746198,0.9943064115665193,0.9971347810103995,0.9992263904572479,206.0
0.9999964735013246,0.9999967768242535,0.9999971316440147,0.9767926029200893,0.9788157576832784,0.9811913953833779,0.9910844655960026,0.9939338228589409,0.9957569791341129,0.9895252454253782,0.9921588338347237,0.9952071908105533,0.9893795973051113,0.9916929156728305,0.995432833294701,0.9887405374007785,0.9913949210735528,0.9951721218628571,0.9885221364055714,0.9917196712963245,0.9945779083791312,0.9882668879364257,0.9913986768560892,0.9943976984035463,0.9879211019293594,0.9917005293413333,0.9941730401106054,0.9878378856210888,0.9902922840861249,0.9949057359365915,0.9876670946636884,0.9902965328438639,0.994907685230322,0.987524512525933,0.9888105063240746,0.9945280925552096,0.9893821286687748,0.9913200036882118,0.9953527272053849,0.9892902901010366,0.9916929444356328,0.9956282383497367,0.9875265344249914,0.9885034070329187,0.9944135295273864,0.9875270733951199,0.9882595844187348,0.9943714321189595,0.9874087989375937,0.9867869500202784,0.9945005299934623,0.987399629721403,0.986990805206087,0.9943345548630973,0.987395036496569,0.9864908463341584,0.9945234086173103,0.9875959009761502,0.9915491142872351,0.9937835664669079,0.9874318129072919,0.9914039408320603,0.9937026567831645,0.987599140882051,0.9915491654116652,0.9935343929816861,0.9877942705598803,0.9916941030468023,0.9940235529425202,0.9877853119086747,0.9919463685009028,0.9940247330242808,0.9868470688666336,0.9913835415378515,0.9933998506542363,0.986822139497876,0.9913835615046723,0.9933821870395304,0.9868330802915573,0.9917375829440148,0.9931503387314732,0.9864403686548708,0.9907752753434482,0.9931355683332602,0.9863695468408693,0.9907753650235267,0.9931724036137453,0.9864189676219034,0.9907752952975505,0.9930037153530439,0.9866223955799847,0.9904626429549191,0.994891850793169,0.98813279440002,0.9911618375924446,0.9942066364353139,0.9869170042089341,0.9912392180716068,0.993546626743312,0.9864115632243023,0.9909261552230784,0.9933638013542923,0.9865701775589019,0.9907749341089339,0.9932603199865838,0.9879582071445416,0.9910004108414988,0.9940258355199094,0.9881575572464693,0.9910661929768111,0.9942111125692213,0.9950915844914435,0.997154813131272,0.9995750981203176,207.0
0.9999965898361861,0.9999967878932309,0.9999972045328978,0.977562203547638,0.9788896492905715,0.9816650595569137,0.9919593332618882,0.9940139039044801,0.9963484296868833,0.9904114965491505,0.9922397627888335,0.9958021986980768,0.9902647032170905,0.9917724708436614,0.9960253242393157,0.9896300506205745,0.9914750999360252,0.995766991105751,0.9894188531722395,0.9918018544974533,0.9951803224672653,0.989164021125106,0.991481037372851,0.9950002313859139,0.9888247137722338,0.9917818826460502,0.9947817946513351,0.9887297534912142,0.9903713723479567,0.9955002915064493,0.9885595288591703,0.9903755306153998,0.9955022425041651,0.9884164102389968,0.9888876572974494,0.9951221521651425,0.9902674219175004,0.9913984594872652,0.9959439618617965,0.9901745681927933,0.9917724996087761,0.9962201614805135,0.9884184104409353,0.9885803947089102,0.9950074770369964,0.988418938723807,0.9883363969777734,0.9949653015466814,0.9883015552719376,0.9868600218251864,0.9950935852783289,0.9882923873943634,0.9870633837096284,0.994927271691189,0.9882879044869974,0.9865634634904674,0.9951163868010136,0.9885047770985996,0.9916298573058243,0.9943968313071874,0.9883432200853106,0.9914843500711116,0.9943179184118245,0.988509023008467,0.9916299084344015,0.994149241500084,0.988699908151701,0.9917751803902953,0.9946339899438459,0.9886909547860155,0.9920272458144034,0.9946349143031493,0.9877622835442813,0.991463438476193,0.9940201048816701,0.9877371854330944,0.9914634584446124,0.9940029794790852,0.987748352968538,0.991815736665997,0.9937710298974847,0.9873610104867454,0.9908567479242213,0.9937590507244244,0.9872899833048162,0.9908568376116121,0.9937959747064986,0.9873399949916046,0.9908567678799511,0.9936282813137062,0.9875179914400143,0.9905413794042905,0.995486414460782,0.989030479548961,0.9912444382241448,0.9948094116592328,0.9878326334554995,0.9913198225373895,0.9941653030534945,0.9873314881124424,0.9910075635284188,0.9939846306231382,0.9874903427676711,0.9908564066618839,0.993882476260696,0.9888559155566656,0.9910830723027962,0.9946288854169716,0.9890551226762065,0.9911488022112155,0.9948138879160492,0.9958759614434467,0.9972301068128964,1.0000580306869722,208.0
0.9999967012459117,0.9999967931323823,0.9999972714715673,0.9782988132452011,0.9789247328984416,0.982099381796304,0.9927994584385146,0.9940513842957593,0.9968967736701146,0.9912645464771702,0.9922770603523594,0.9963580064759254,0.9911167988212082,0.991809004680037,0.9965795800912076,0.9904874762547187,0.9915104041374654,0.9963243361222339,0.990281542996759,0.9918411941744076,0.995745957921065,0.9900275749862685,0.9915208666145233,0.9955659617012583,0.9896932841284573,0.9918218490753472,0.9953563090092091,0.9895894326442728,0.9904037921898697,0.9960589375187051,0.9894193003870554,0.990407220739811,0.9960609138087378,0.9892780140021162,0.9889190685112449,0.9956825589818086,0.9911196682380499,0.9914343821529448,0.9964977227430138,0.9910259779524754,0.9918090334462136,0.9967738574617256,0.9892799858971011,0.9886115864088707,0.9955676721346314,0.9892805002812871,0.9883673536349669,0.9955253382275068,0.9891621122868287,0.9868899435162963,0.9956549735372514,0.9891529815428249,0.9870935118056182,0.9954892639979197,0.9891483189865106,0.9865931582487608,0.9956778073658072,0.9893776435794092,0.9916695942497314,0.9949765129985938,0.9892185385325515,0.9915236490276552,0.9948996726968804,0.9893819668740973,0.9916696453803564,0.9947298225955644,0.9895701719804444,0.9918153557807674,0.9952110698132947,0.9895614193676087,0.9920688702137314,0.9952148115688907,0.988641313319119,0.9915027881885415,0.9946072491939587,0.9886159809335234,0.9915028081577495,0.9945905491001927,0.9886274943634753,0.9918544005461044,0.994360034135373,0.988246122645937,0.9908969881026356,0.9943490305984085,0.9881753944344768,0.9908970777936359,0.9943862308681355,0.9882252903245936,0.990897008059169,0.9942191258359175,0.9883780570605003,0.9905689006190223,0.9960452403244044,0.9898945567090017,0.9912847192103444,0.9953752059775032,0.988712226425753,0.9913594499437642,0.9947505850748083,0.9882154824173389,0.9910479125286342,0.9945720115449806,0.9883747368227509,0.9908966468265639,0.994471162751839,0.9897197883929877,0.9911231948814557,0.9951947431884619,0.989919901471324,0.9911903071376007,0.9953796356361129,0.9966267217316216,0.9972658534976148,1.0005008740432784,209.0
0.9999967730022992,0.9999968002229177,0.9999972996493817,0.9787709034762957,0.9789715354866918,0.9822798018230194,0.9933513077516366,0.9941050127661878,0.9971415661104648,0.9918265956088677,0.9923303699236278,0.9966075720563006,0.9916776230250673,0.9918615437482214,0.9968277481374808,0.9910537913316106,0.9915629996453577,0.9965743273289498,0.9908509503190907,0.9918944749607137,0.9960034370739212,0.9905985359927298,0.9915762459156768,0.9958241409771101,0.9902662653291313,0.9918724391875472,0.9956207922334365,0.9901582808351878,0.9904553512870149,0.9963085577059805,0.9899885109959013,0.9904587343429301,0.9963105467893626,0.989848509113801,0.9889688346655781,0.9959315431957068,0.9916805230352663,0.9914863046744374,0.9967454488247632,0.9915860441327258,0.9918615725159229,0.9970215185769868,0.9898504571945096,0.9886610640484681,0.9958163658575983,0.989850959827782,0.9884165408104129,0.9957738175220741,0.9897335114027109,0.9869363374758445,0.9959027362177442,0.9897244119272184,0.9871400242222587,0.9957375952019615,0.9897198310002259,0.9866390931831894,0.9959253215535022,0.9899534896901186,0.99171753349948,0.9952459439708521,0.989795906329253,0.9915698345750267,0.9951715261094001,0.9899580951575643,0.9917175846325785,0.9949998858236258,0.9901442758727739,0.9918650487336259,0.9954777335597863,0.9901356251448272,0.9921191594563428,0.9954828270989886,0.9892219539288593,0.9915480976610375,0.9948874999164985,0.9891968479734736,0.9915481176311595,0.9948712064257507,0.9892084664525573,0.9919031206272462,0.9946481088996784,0.9888274044461339,0.990936683329091,0.9946277306990114,0.9887566809198768,0.990936773023667,0.994664916205971,0.9888070031132655,0.9909367032864189,0.9944984656325099,0.9889493585469996,0.9906203436926432,0.9962948692899043,0.9904667477986084,0.9913415067148189,0.9956339714394002,0.989292143286085,0.9914033716588471,0.9950265994679882,0.9887963870014781,0.9910887071543705,0.9948493216278701,0.9889554105387924,0.9909363420394128,0.994749204568722,0.9902927553846591,0.991180703934075,0.9954543722847538,0.990492662948511,0.9912481629713822,0.9956383600371445,0.9971079281323273,0.9973135582303125,1.0006848919083609,210.0
0.9999967530929553,0.9999968056207706,0.9999972729305721,0.9786374585032408,0.9790071264286498,0.9821043981208156,0.9932097485646711,0.9941455989851883,0.9969333533070319,0.9916902924012871,0.9923724000000339,0.9963962498945079,0.9915409298602361,0.9919029952587105,0.996615903453656,0.9909187165926318,0.9916038945087456,0.9963611301139086,0.9907201780110507,0.9919396210244948,0.9957920886041988,0.9904671409473426,0.9916222600958218,0.9956126759546108,0.9901430517368697,0.9919200580683599,0.9954106937319297,0.9900240670168158,0.9904946019227071,0.9960924624307192,0.9898544575752115,0.9904979936338896,0.9960944327317679,0.9897147332661448,0.9890053472837629,0.9957111114903088,0.9915438638425803,0.9915272932398965,0.9965330620193471,0.9914490916851422,0.9919030240276125,0.9968097671475035,0.9897166930868905,0.9886974544619727,0.9955959546891725,0.9897172012612669,0.9884528493401864,0.9955534514780224,0.9896007848849028,0.9869664201806498,0.99567530369998,0.9895917580644356,0.9871709437903711,0.9955120254474576,0.9895872298998654,0.9866682039465738,0.9956966831945456,0.9898355568371408,0.9917675881871643,0.9950368589207199,0.9896808943146169,0.9916215007594276,0.994963128427277,0.9898407743688729,0.9917676393228521,0.9947909873812643,0.9900230877101911,0.9919134918120139,0.9952679195921268,0.9900144091086467,0.9921670532349887,0.9952724981657289,0.9891129057457284,0.9916019019100049,0.9946830947575468,0.9890884972954552,0.9916019218812184,0.9946670290516847,0.9890996384822611,0.9919581386229336,0.994448965620786,0.9887220395472096,0.9909925823752156,0.9944206739766417,0.9886513017991052,0.9909926720748846,0.9944576245519587,0.9887027575904134,0.9909926023336777,0.9942918933466982,0.9888161474972091,0.9906596111283408,0.9960787632330645,0.990335885321615,0.9913880488340533,0.9954229201282689,0.9891811922112482,0.9914566812262438,0.9948194634373041,0.9886883826123464,0.9911438484424909,0.9946421814521139,0.9888488130525153,0.9909922410661591,0.9945420791769548,0.9901626065040251,0.991227861833762,0.9952439122046405,0.9903619473408416,0.9912951862726971,0.9954272887715105,0.9969719579519062,0.9973498342524486,1.000506089972565,211.0
0.9999966825740174,0.9999968040408369,0.9999972215248133,0.9781702841221577,0.9789965748963911,0.9817695101855285,0.992682228672167,0.994134340678147,0.9965185934917125,0.9911595329218051,0.9923588405917291,0.9959738751827638,0.9910098406829001,0.9918887104640501,0.9961934356949548,0.9903867589774041,0.9915895270029782,0.9959360341800537,0.9901878334814931,0.9919244487012403,0.9953643239592019,0.9899339811105595,0.9916074851670991,0.9951845853229276,0.9896121466397331,0.9919038700147302,0.9949798035301578,0.9894918295809086,0.9904790661609881,0.9956641035737563,0.9893221633842287,0.9904825481715821,0.9956660001026896,0.9891826609964905,0.9889876531406901,0.9952781936201951,0.9910126035180179,0.9915124281256369,0.9961100721058641,0.9909179334126368,0.9918887392325345,0.9963876353842148,0.9891845629781464,0.9886789990948129,0.9951618567626418,0.9891850428658905,0.9884336415677175,0.9951184274542576,0.989069905047926,0.9869461659059156,0.995239824691962,0.989060967831009,0.9871517815882573,0.995078943464983,0.9890564915253082,0.986647443003112,0.9952604929344635,0.9893043163199544,0.9917506833086713,0.9946032979797622,0.9891491681186327,0.9916042177613078,0.9945281579574423,0.9893101618423681,0.9917507344434989,0.9943571181514512,0.9894920559279864,0.9918969646945605,0.9948360326236244,0.9894833882865165,0.9921502164897746,0.9948407583678092,0.9885823661125606,0.9915849824374935,0.9942466117529765,0.9885586838798491,0.9915850024083753,0.9942303134875465,0.9885692659529962,0.9919413090813325,0.9940164971403873,0.988183609180569,0.9909758460078265,0.9939762918150726,0.9881115327349197,0.9909759357060274,0.9940121810880993,0.9881646218062315,0.9909758659659617,0.9938469103463773,0.9882835471403304,0.9906447958699657,0.995650316909698,0.9898026395149775,0.9913734665318314,0.9949947952060203,0.988648696879946,0.9914397239636537,0.9943819530398361,0.9881526649315285,0.9911274721483605,0.9942015670044122,0.9883115968875845,0.9909755047043562,0.994099587864109,0.9896295310256341,0.9912133821976399,0.9948157757530118,0.9898289188939986,0.9912811898549762,0.9949991390665773,0.996495827523177,0.9973390833682779,1.0001646580062342,212.0
0.9999966296490342,0.9999967844295541,0.9999971805324215,0.9778194221100823,0.9788664907778067,0.9815008350396839,0.9922879409008943,0.9939897759355247,0.9961970248809611,0.9907572365748654,0.9922075003432486,0.995648017911748,0.9906074963736885,0.9917386897164607,0.9958701280268701,0.9899828624497139,0.991437634949664,0.9956091497214062,0.9897781829094888,0.9917660038051741,0.9950333303019421,0.9895234463541808,0.9914495054150827,0.9948538321536078,0.9891981254523998,0.9917407937503536,0.994645887156528,0.9890860265639807,0.990326384115937,0.9953359696951256,0.9889157470525352,0.990330079873184,0.9953378155640985,0.9887780440908156,0.9888334796997198,0.9949485351749517,0.9906101781782072,0.9913634634530384,0.9957884281052074,0.9905156212858929,0.9917387184805888,0.9960646098109457,0.9887799605233819,0.9885245739048725,0.9948321927696471,0.9887804471605793,0.9882790438895025,0.9947888133360139,0.9886641534957828,0.9867898728588314,0.9949086256686681,0.9886551978858874,0.9869942520027941,0.9947471517536358,0.9886505949393132,0.986491069079714,0.9949291873365235,0.9888881327427027,0.9915836684417401,0.9942681266046552,0.9887315248694378,0.9914348085216863,0.9941923586274823,0.9888943281800389,0.9915837195679836,0.9940215075082273,0.9890772175588044,0.9917323432328796,0.9945018087090479,0.9890686203625714,0.9919854449667685,0.9945073859864724,0.9881645038620018,0.9914123395228035,0.9939106410610108,0.9881416460562239,0.9914123594902265,0.993894124390035,0.9881515767976171,0.9917682976576359,0.9936844126605436,0.9877609021168545,0.9907988403611676,0.9936368410597405,0.9876891609821352,0.9907989300434497,0.993672447501197,0.9877429782447796,0.9907988603157583,0.9935073491050522,0.9878735658769611,0.9904932912961625,0.9953220693753226,0.9893915890149162,0.9912156123693766,0.9946641685925055,0.9882286210709172,0.9912672295440863,0.9940449699397504,0.9877279643918598,0.9909517990830555,0.993863478715864,0.9878875348838413,0.9907984991182696,0.9937608588424397,0.9892188006089326,0.9910558257167899,0.9944853681674835,0.9894179217394818,0.9911236762084616,0.9946684974175067,0.9961382397236238,0.9972065135878011,0.9998907770283675,213.0
0.9999965800712732,0.9999967600764376,0.9999971423167798,0.9774905231266497,0.9787046350226328,0.9812496875909902,0.9919202150399538,0.9938111791182258,0.995900908736895,0.9903763565991158,0.9920234853936621,0.9953466033356146,0.9902253643674972,0.9915549310135642,0.9955695506892667,0.9895988915424795,0.9912528326110699,0.9953066333680267,0.9893867205228383,0.9915783513289417,0.9947268370400495,0.9891323416820447,0.9912639643592883,0.9945482643884143,0.9887991897840198,0.9915509413015932,0.9943354834988408,0.9886975382621914,0.9901404548506357,0.9950318139365519,0.9885263299802524,0.9901444927018137,0.9950336172236495,0.988388815840558,0.9886453123472615,0.9946422593187672,0.9902277407425606,0.9911799101453485,0.9954886955302035,0.9901329672058776,0.9915549597723512,0.995763901501295,0.9883907805515243,0.9883363468102896,0.9945264192373244,0.9883912902991709,0.9880908773075091,0.9944835182902366,0.9882743145724989,0.986597355466108,0.994599875025405,0.9882654085327948,0.9868015196750112,0.9944395174201615,0.988260668590078,0.98629801835897,0.9946199390655428,0.988482410652296,0.9913923818215616,0.9939549658206631,0.9883223446070406,0.9912428214325858,0.9938781560959679,0.9884874938078119,0.9913924329379808,0.99370712240392,0.9886756739204849,0.9915417557793131,0.9941903006771865,0.9886670868840343,0.991793960938069,0.9941956629534784,0.9877491384248478,0.9912187099271247,0.9935948287762467,0.9877263773103928,0.9912187298906758,0.9935778434346093,0.9877363754023752,0.9915737414746407,0.9933721437212599,0.9873381085390179,0.990604332423524,0.9933175856590393,0.9872666079172934,0.9906044220883632,0.993352985780438,0.9873203951063676,0.9906043523742326,0.9931876286580559,0.987479239684867,0.9903099276108468,0.9950177403817878,0.9890003411740341,0.9910311938882905,0.9943589641858641,0.9878129378624797,0.9910739752037105,0.9937289356001723,0.9873047260992791,0.9907575935453029,0.9935459125984224,0.9874644249187886,0.9906039912469944,0.9934424552018712,0.9888282982851629,0.9908721241946993,0.9941807988716934,0.9890271442369856,0.9909402028165586,0.9943632548249841,0.99580304056605,0.9970415712472668,0.9996347816076506,214.0
0.999996522554339,0.9999967401657869,0.9999971028781857,0.9771100562532938,0.9785727484202118,0.9809920755407563,0.991487648140693,0.9936634913504485,0.9955873189129956,0.9899344805097997,0.9918689025399152,0.9950274707193315,0.9897828985384513,0.9913975322339353,0.9952475315057017,0.9891549182990049,0.9910979189660188,0.99498732084528,0.9889370042013653,0.9914181030843133,0.9944041748352536,0.9886818435628588,0.9911038867329193,0.9942259160630121,0.988344577098586,0.9913882220913077,0.9940110439145838,0.9882510614058372,0.9899850731422104,0.9947123024792306,0.9880791016640484,0.9899895163340472,0.994714139964293,0.9879436083340226,0.9884882122748829,0.9943223900301099,0.989784821098709,0.991020258357005,0.9951640752770459,0.9896904880666016,0.9913975609881416,0.9954421016272946,0.9879455804513708,0.9881789099147266,0.9942064170194012,0.9879460935024089,0.9879331854046561,0.9941634667704091,0.9878272201429285,0.9864380582781919,0.9942790060121525,0.9878183229542354,0.9866414590294857,0.9941187693346287,0.9878133267040252,0.9861385556041272,0.9942989212230563,0.9880234989729725,0.9912281034330156,0.9936297233750386,0.9878608599070416,0.9910778077834975,0.9935527980800652,0.988028547463976,0.9912281545409943,0.9933814901419269,0.9882194025451982,0.9913782115045678,0.9938654057606023,0.988210789739339,0.9916293158567867,0.9938700525388964,0.9872837293514464,0.9910525939017545,0.9932707365490152,0.9872612817309872,0.9910526138619838,0.993253642484835,0.98727115694293,0.9914075790490446,0.9930524149447323,0.9868680469126242,0.9904374086838718,0.9929909874288705,0.9867967693735881,0.9904374983337427,0.9930262942219437,0.9868510394267032,0.9904374286312485,0.9928610675834006,0.9870282973401714,0.9901575431876762,0.9946981300479465,0.9885489221195293,0.990871028152387,0.9940365285420556,0.9873466365625011,0.9909078767473107,0.9934033524642537,0.9868327813829872,0.9905905323466383,0.9932198090247065,0.9869934295093955,0.9904370675642975,0.9931160962081036,0.9883768902683955,0.9907119630442928,0.9938582884222659,0.9885755419410144,0.9907800097363604,0.9940408182314174,0.9954152636655254,0.9969071591091655,0.9993721596655649,215.0
0.9999964560285197,0.9999967207317689,0.9999970793645148,0.9766717341624054,0.9784433780996213,0.9808407340825762,0.9909789075363293,0.9935216987150262,0.9953885668114661,0.9894177415862508,0.9917238855628909,0.9948339871240227,0.9892657774218345,0.991257737417495,0.9950616545525804,0.9886379175748351,0.9909530430280017,0.9947948586337482,0.98841030719308,0.9912689263796867,0.9942104715877719,0.9881533588187775,0.9909546284829956,0.9940315365757714,0.9878117947641266,0.9912382308698536,0.9938183556746505,0.9877337220291381,0.9898404092011289,0.9945210477509544,0.9875611897442652,0.989845174758468,0.9945228509850113,0.9874296762086036,0.9883429992902758,0.9941333033750592,0.9892677620893339,0.9908846426135357,0.9949842389547559,0.9891730912172857,0.9912577661676446,0.9952562579250446,0.9874316440334994,0.9880334482389019,0.9940170973819544,0.9874321548695484,0.9877875227877507,0.9939739891157129,0.9873120990846184,0.9862930715142585,0.9940914087736691,0.9873031866237282,0.9864956019987465,0.9939307399720577,0.9872980530437206,0.9859937364768256,0.9941115866989366,0.9874850984041923,0.9910771912388389,0.9934368698600492,0.9873189500210139,0.9909262466682172,0.9933595518278954,0.9874902206349968,0.9910772423390691,0.9931885303693039,0.9876844847982955,0.9912279473874354,0.9936730131857497,0.987675996064419,0.9914794461232584,0.99367941137166,0.9867348965899624,0.9909010672021362,0.9930769348679852,0.9867120050601607,0.9909010871593359,0.9930595223805093,0.986722442177958,0.991255270267632,0.9928612207840676,0.9863120836780268,0.9902872886707866,0.9927942251944054,0.9862408026488054,0.9902873783071995,0.9928294922542946,0.986294286327076,0.9902873086151682,0.9926636060231219,0.9865074749657687,0.9900152925071619,0.9945067462716414,0.9880194957307946,0.9907215673562609,0.9938418594854683,0.9867989103631487,0.9907566669650936,0.9932093190332779,0.9862786168655024,0.9904401105139463,0.9930244621154107,0.9864384467330082,0.990286947602421,0.992920026153111,0.9878471601668682,0.9905622644775887,0.9936632547525209,0.9880460371487243,0.9906306231396695,0.9938461440158147,0.9949684860360555,0.996775326335633,0.9992178296768537,216.0
0.9999963722286771,0.9999967178983856,0.999997061224103,0.9761205648365721,0.9784237912333661,0.9807280671614124,0.9903325500013118,0.9935038219067158,0.9952150973586007,0.9887663490686213,0.991706348682075,0.9946618745125626,0.988614024978559,0.991240523112086,0.9948896776024077,0.9879863488185766,0.9909357080218718,0.9946219967243711,0.9877531432421458,0.9912518541473038,0.9940416839146216,0.987495885497597,0.9909386201006067,0.9938629713128728,0.9871506498486989,0.9912229704952771,0.9936522369540598,0.9870807884265643,0.989823367466859,0.9943461236148011,0.9869080587576935,0.9898286781751681,0.9943479065123293,0.9867765258353683,0.988323982938049,0.9939554260836508,0.9886160553525691,0.9908676864837166,0.9948121874862383,0.9885210886995519,0.9912405518617275,0.9950844183963407,0.9867785014024398,0.9880144515867347,0.9938391836505044,0.986779016054975,0.987768569645099,0.9937960460106215,0.9866577549056422,0.9862690823009279,0.993906071705705,0.9866488812011176,0.9864721921988144,0.9937465585995062,0.9866435471136676,0.9859690063506081,0.9939250946683573,0.9868179796753352,0.9910634756500379,0.9932711304304337,0.9866482656725547,0.9909134721864424,0.9931939485126172,0.9868228796153616,0.9910635267495886,0.9930226594086171,0.9870210501638377,0.9912132899889952,0.9935071706169352,0.9870126001092653,0.991464830295092,0.9935142054475457,0.9860535744290679,0.9908901141241919,0.992912187920918,0.9860292438965893,0.9908901340811924,0.9928941125588038,0.9860413428889538,0.9912462672576383,0.9927021363147693,0.9856257238416307,0.9902762989392908,0.9926271321885224,0.9855539303809987,0.9902763885748197,0.9926623006441473,0.9856070860590466,0.9902763188834758,0.9924960358788356,0.9858535058367007,0.9900019963178759,0.994331687655786,0.9873619561121134,0.9907060961265303,0.9936734862072196,0.9861212394874558,0.9907449203093355,0.9930439960392774,0.9855952559234415,0.9904292718334733,0.9928582649945671,0.9857535585440608,0.9902759578742886,0.992753377506577,0.9871901269262741,0.9905473443154517,0.9934952088279434,0.9873884558038365,0.9906152468146878,0.9936777643441603,0.9944066687750205,0.9967553840358644,0.9991028482181855,217.0
0.9999963690058455,0.9999967164194087,0.999997080127668,0.97610083298033,0.9784133873366524,0.9808534153522444,0.9903003515041496,0.9934953276825931,0.995355765122315,0.9887310914798695,0.9916980125507746,0.9948072804857958,0.9885780767323731,0.9912316841580505,0.9950340368106158,0.9879506669520112,0.9909277782535111,0.994767627453121,0.987715058703671,0.9912435055550758,0.994193706336306,0.9874578275287663,0.9909312298849835,0.9940148091056491,0.9871094595589528,0.9912150184392748,0.9938100576050428,0.987044380423585,0.9898160257424232,0.9944918546186239,0.9868714499121768,0.9898216351715333,0.9944936677321778,0.9867405249204159,0.9883163202234373,0.9941011867309578,0.9885799669209829,0.9908584451896824,0.994955893733584,0.9884848312016951,0.9912317129074295,0.99522863930893,0.9867424934102805,0.9880068799908887,0.9939849160076726,0.9867430047526322,0.987761065427829,0.993941734742173,0.9866204050463567,0.986259937745104,0.9940484852587427,0.9866115455228739,0.9864636136423063,0.9938893981635379,0.9866060190631023,0.9859595785999375,0.9940670037848736,0.986772188118511,0.9910552915400793,0.9934312560222507,0.9865999812688161,0.9909049242190049,0.9933550014843073,0.9867763564308173,0.9910553426392261,0.9931827804046107,0.9869781148171312,0.9912054693565088,0.9936662698808947,0.986969785321609,0.9914580842986763,0.9936752176497506,0.9859976300578612,0.9908809499659521,0.99307494844797,0.9859721827854042,0.9908809699227793,0.9930567236730683,0.9859854574626857,0.9912367714342545,0.9928661104017913,0.9855690300843871,0.9902668651204002,0.9927923699392072,0.9854974295568476,0.9902669547551401,0.9928279378019985,0.9855499519141395,0.990266885064409,0.9926614388536887,0.9858156917735754,0.9899961864802322,0.9944773920712803,0.9873237904707474,0.9906992833241999,0.9938251982659715,0.9860681747028747,0.9907358904794898,0.9932066524846083,0.9855390522929762,0.9904198631100198,0.9930220411804243,0.985697059424686,0.9902665240583992,0.9929178810411904,0.9871518048146484,0.9905404536681702,0.9936468001623796,0.9873510900090897,0.9906097033933715,0.9938294265633897,0.9943865247547828,0.996744796194643,0.9992305988036443,218.0
0.9999964626690014,0.9999967149214352,0.999997142957054,0.9767204959178386,0.9784034617874264,0.9812611139686821,0.9910047457254438,0.9934843432882968,0.995868286292482,0.9894379466885906,0.9916868912894576,0.9953266639426197,0.9892843590698502,0.9912197608206531,0.9955517711857474,0.9886590314029551,0.990918174095421,0.9952890271551352,0.9884231477339942,0.9912301192257026,0.9947201345891957,0.9881649969770657,0.990917323361993,0.9945404254215855,0.9878176050121368,0.9911998836269421,0.9943432144368741,0.9877544843310653,0.9898086137121297,0.9950161679273865,0.9875815989910322,0.9898145724173719,0.995017981249685,0.9874534165127309,0.988310481293467,0.994630038856224,0.9892860787964443,0.9908458799788096,0.9954728044735579,0.9891908974225156,0.9912197895696833,0.9957460018729128,0.9874553860926605,0.9880013707332224,0.99451413275653,0.9874558981322128,0.9877558336892508,0.994471212497385,0.9873319477380016,0.9862562654439158,0.9945790256762798,0.9873230943829014,0.9864606903753697,0.9944200019624282,0.9873173847322302,0.98595607042836,0.9945977527635141,0.9874799168457212,0.9910386281194921,0.9939692262047849,0.9873074140619161,0.9908873149633428,0.9938955230648443,0.9874839579701309,0.9910386792177777,0.9937216258826511,0.9876860921087123,0.9911897515789767,0.9942011436149732,0.9876777245609573,0.9914423905176563,0.9942094365862497,0.9867029192738501,0.9908622093448075,0.9936216139552865,0.9866769809654202,0.9908622293012581,0.9936038937835199,0.986690808319182,0.9912183313751528,0.9934138045137075,0.9862779501060309,0.9902447369224144,0.9933449357170968,0.9862065201475875,0.99024482655516,0.9933810186110582,0.9862598877226394,0.9902447568659787,0.9932154837852272,0.9865261778117316,0.989991068774035,0.9950015974821912,0.9880303492790882,0.9906850906929927,0.9943504230849792,0.9867747150889098,0.9907170274008095,0.9937515881817942,0.9862459534234405,0.9903995568797502,0.9935703353046035,0.98640439107828,0.9902443958680025,0.9934683707089343,0.9878574914654148,0.9905254927680085,0.9941714462265635,0.988057597750843,0.990595505655784,0.9943546523277148,0.9950180819517891,0.9967346812108163,0.9996462918075533,219.0
0.9999965730009944,0.9999967199057995,0.9999972178076646,0.9774508979445498,0.9784367641886472,0.9817480730043803,0.9918323316020826,0.9935200526093422,0.9964744181681888,0.9902705551830108,0.991724561960088,0.9959388225516433,0.9901162822883325,0.9912563752406995,0.99616112835512,0.9894935896527629,0.990957338386876,0.9959020952392793,0.9892600539382408,0.9912673783151761,0.9953406820365008,0.9890007710688858,0.9909536695459672,0.9951603512689067,0.9886574252015761,0.9912372072466907,0.9949712326729695,0.9885898436888003,0.9898499316224154,0.9956298595613153,0.9884172927669248,0.9898563609530694,0.9956316922671055,0.9882884821554857,0.9883523709456455,0.9952446312965744,0.9901180266808034,0.9908816489973566,0.996080664992461,0.990022390603119,0.9912564039907898,0.9963548006046006,0.98829041377425,0.9880433593328178,0.9951285373710387,0.9882909075899272,0.9877978255892236,0.995085415203232,0.988165351346329,0.9862982452400939,0.9951917274226068,0.9881564559527855,0.9865027111782848,0.9950315212127502,0.9881505780702472,0.985998054779336,0.9952103928903046,0.9883213439738355,0.9910760697735117,0.9946026190488608,0.9881499614047239,0.990924852941209,0.9945319256594086,0.9883249512509363,0.9910761208737219,0.9943558179947866,0.988526515044085,0.9912270968957925,0.9948309883648239,0.9885180732090251,0.991479620586142,0.9948381085949638,0.9875481321108359,0.9909010883599029,0.9942668618730164,0.9875225267602405,0.9909011083171362,0.9942503055996492,0.9875361011853392,0.9912581957083921,0.9940605985013695,0.9871254051083593,0.9902842021479763,0.9939933278971809,0.9870537842887069,0.9902842917842941,0.9940298135564384,0.9871080193056583,0.9902842220923351,0.9938652383312321,0.9873638565368732,0.990035469319281,0.9956151813951537,0.988865701590585,0.9907209052613465,0.9949702503500741,0.987619029160706,0.9907555056781939,0.9943931815370884,0.9870919268393558,0.9904389246887128,0.9942149100375708,0.9872509883478325,0.9902838610799715,0.9941148519298393,0.9886923256688768,0.9905608733723134,0.9947910497169057,0.9888929916245517,0.9906314367933143,0.9949744761062826,0.9957624967097614,0.9967686136637588,1.0001427755359404,220.0
0.9999966633325719,0.9999967258907005,0.999997281595663,0.9780494110840058,0.9784769040476333,0.9821639460321208,0.9925073194367579,0.993562549554761,0.9969874448384471,0.9909478144323897,0.9917674972784679,0.9964560952246553,0.990793867966645,0.9912976859874688,0.9966757059209101,0.9901701954847703,0.9910009397902517,0.9964175931183289,0.9899414369013525,0.9913085698752254,0.9958678388376743,0.9896821958551916,0.990994971555827,0.9956878055972396,0.9893396889819218,0.9912762952002045,0.995506352823583,0.9892660212572376,0.9898944876562963,0.9961432233839216,0.9890938083474734,0.9899012049673144,0.9961449608995881,0.9889623391079402,0.9883964874060545,0.9957552819528577,0.9907955623609654,0.9909216595832897,0.9965931631508892,0.9907002094518726,0.9912977147387569,0.9968693205801507,0.9889642475435129,0.9880877288838622,0.9956391997443883,0.9889647303786496,0.9878423546266525,0.9955960295450357,0.988836860773937,0.9863391000732894,0.9956945353294282,0.9888278682410839,0.986542680542794,0.9955317756238974,0.9888217965402066,0.9860386226008222,0.9957125795046091,0.9890048202287216,0.9911129641426845,0.9951435684682388,0.9888343597521023,0.990960254944604,0.9950759759767929,0.9890079227797048,0.9911130152447951,0.9948973486330178,0.9892092488503377,0.9912654836286011,0.9953684208622094,0.9892008256821833,0.9915187017992746,0.9953758840389844,0.9882349656683512,0.9909368030938478,0.994819413287806,0.9882094283942942,0.9909368230517996,0.9948037119457418,0.9882230471054276,0.9912956385247185,0.9946156559488886,0.9878155968371584,0.9903180384765363,0.9945491948404453,0.9877433529566035,0.9903181281159115,0.9945858154108778,0.9877995481174735,0.9903180584215748,0.9944227365185143,0.9880423438495197,0.9900822547694966,0.9961283587553369,0.9895473823963091,0.990762299860013,0.9954981006953015,0.9883056396230877,0.9907905177723627,0.994942492017811,0.9877802737573125,0.9904731345174035,0.9947671519241065,0.987940023854458,0.9903176973968973,0.9946689180536908,0.9893743060538143,0.9906026154968736,0.9953193932629255,0.9895745715852643,0.9906727506626345,0.9955023301635054,0.9963724820351175,0.9968095103022812,1.0005667657501105,221.0
0.9999967139735507,0.9999967312760168,0.9999973163180004,0.978382597910639,0.9785110416751106,0.9823886445248355,0.9928968564719882,0.9936088396392289,0.9972761198816331,0.9913372247892017,0.9918170883872118,0.996754790756054,0.9911825419160304,0.9913489461887396,0.9969756258365295,0.9905598580120897,0.9910530688474574,0.9967195589396104,0.9903308598733525,0.9913588912828998,0.9961723978552839,0.9900722388927075,0.9910457448943073,0.9959930091119776,0.9897272112045682,0.9913272194639521,0.9958147646872262,0.989656430709047,0.9899502871746493,0.9964501120966376,0.9894842940788455,0.9899570946086912,0.9964518204880075,0.9893535317193433,0.9884573584346384,0.9960699019671225,0.9911843027465487,0.9909742552697279,0.9968946352224571,0.9910883915605266,0.9913489749415114,0.9971688107611435,0.9893554136554398,0.9881487994408533,0.9959536833766092,0.9893558839247089,0.9879035306699854,0.9959103425514466,0.9892269879074044,0.9864115717312055,0.9960218017282079,0.9892179744008163,0.9866156995383816,0.9958585862421009,0.9892117879525231,0.9861125224251764,0.9960415647493788,0.9893930516830983,0.9911638252575639,0.995455177205627,0.9892233396282821,0.9910108521113866,0.9953891911845536,0.9893954939444309,0.9911638763622952,0.995209003760665,0.9895970580483979,0.9913166086377257,0.9956783121982801,0.9895887043061452,0.9915709235084303,0.9956869938324915,0.9886240240342423,0.9909870895923388,0.9951366434766882,0.9885982188122121,0.990987109551304,0.9951211820075141,0.988612170459292,0.9913467896573648,0.9949343265806346,0.9882073866832555,0.9903663747739155,0.9948691052801921,0.9881349488137219,0.9903664644176665,0.9949058809581014,0.9881922627885206,0.9903663947199277,0.9947435756009132,0.988433220012208,0.9901385354998564,0.9964351927884384,0.9899377455092159,0.9908133575811594,0.9958037023373995,0.9886953680042108,0.9908404526298112,0.9952585134569546,0.9881707332253293,0.9905221460063406,0.9950849082762624,0.9883308331771431,0.9903660336776281,0.9949877708735968,0.9897651091852203,0.9906541239205853,0.995625520660905,0.9899647615829384,0.9907236325484593,0.9958079386449138,0.996712103817393,0.996844340685514,1.0007958950557292,222.0
0.9999966756232221,0.9999967357784818,0.9999972978334116,0.9781284289189088,0.9785398128031831,0.9822689149532776,0.9926103546888186,0.9936461748957182,0.9971228239270693,0.9910478591582312,0.9918585552972962,0.9966030377585651,0.9908929079350308,0.9913900609286936,0.9968225237140483,0.9902698506471177,0.9910973777320838,0.9965695976846952,0.9900396012238274,0.991402309998784,0.9960198220716138,0.989780368057067,0.9910892868423549,0.9958405724218558,0.9894363319146853,0.9913736290187234,0.9956614376742142,0.9893648459284151,0.989998705990858,0.996302073786178,0.989192687104988,0.9900058262218224,0.9963037259219837,0.989060086154405,0.9885105612344833,0.9959251473768181,0.9908946026816422,0.9910150880170685,0.9967403517411433,0.990798646223511,0.9913900896826472,0.9970157851413156,0.9890619472261548,0.988202221331595,0.9958086824097727,0.989062407764423,0.9879570806548597,0.9957650721327189,0.9889330608414887,0.9864752063167008,0.9958854219090568,0.9889241452414008,0.9866822113036553,0.9957251067365633,0.9889177826622775,0.9861770641689966,0.9959058172550809,0.9891023429496228,0.9912125624848741,0.9953011981850918,0.9889325345765491,0.9910609200751737,0.9952348383465488,0.9891051854367386,0.9912126135921231,0.9950550322393145,0.9893062402138342,0.991364014834929,0.9955247470369335,0.9892978658832527,0.9916188234950114,0.9955334902159724,0.9883319934926319,0.9910403217248746,0.994981428615219,0.988305829769758,0.9910403416849196,0.9949655324025519,0.9883202260494378,0.9914011967318039,0.9947814554164846,0.9879179324589729,0.9904244491839593,0.9947125305237435,0.987845141654017,0.99042453883302,0.9947490998572412,0.98790346562843,0.9904244691311537,0.9945870556875718,0.9881417620663329,0.9901892197253698,0.996287027288204,0.9896458521021858,0.9908568943435536,0.9956515569318569,0.9884042347640261,0.9908932069143369,0.9951034770948467,0.9878796237830916,0.9905777481283139,0.9949291332298019,0.9880410635907069,0.9904241080674673,0.9948315099489246,0.9894737325221169,0.9906981402177294,0.9954737652512807,0.9896726470222551,0.9907669419422196,0.9956558007453841,0.9964530661731633,0.9968736875323291,1.0006738104706947,223.0
0.999996618307888,0.9999967321006409,0.9999972549652159,0.9777480216210315,0.9785148659857115,0.9819888252796476,0.9921850335352279,0.9936213062962594,0.9967811520725129,0.9906150689136543,0.991834045823005,0.996256650554073,0.9904606512000884,0.9913661536248017,0.996476796263756,0.9898353925318039,0.9910747569563231,0.996222760658146,0.9895999483658805,0.9913754597491733,0.9956665045141926,0.9893409011150489,0.9910627087937403,0.9954878977842998,0.988991866067476,0.991345717572989,0.9953019745292415,0.9889283166545292,0.9899788164942255,0.9959543367543109,0.9887558235273227,0.9899862337358892,0.995955939193836,0.9886228378770964,0.9884937931294394,0.995576314237555,0.9904621657571644,0.9909916624234926,0.996394495439698,0.9903668449671535,0.9913661823780556,0.9966705500015365,0.9886247059281371,0.988185886891138,0.9954599996698866,0.9886251702887641,0.9879411044272163,0.9954164417087844,0.9884971496658325,0.9864633908462692,0.9955369421472293,0.9884882051218327,0.9866709459742322,0.9953762456419225,0.98848205052206,0.9861658075021995,0.9955574427704299,0.9886545770201008,0.9911836117206111,0.9949379449004025,0.9884826110160939,0.9910312837229377,0.9948697196277623,0.9886578274023793,0.9911836628263782,0.9946912898176327,0.9888604919201525,0.9913357491080215,0.9951637116847178,0.9888520528497572,0.9915907785845626,0.995171896573544,0.9878766167837179,0.9910098235058086,0.9946108766347508,0.9878499085800689,0.9910098434652496,0.9945938346505563,0.987864920775194,0.991371550276534,0.9944129108626812,0.9874619064076705,0.9903925790628726,0.9943402881886281,0.9873887375812804,0.9903926687091125,0.9943763657827213,0.9874485614627143,0.9903925990094385,0.9942146118361187,0.9877030815944878,0.9901710328280035,0.9959391773478831,0.9892061037664709,0.9908303707700251,0.9952990025819088,0.9879502449835653,0.9908623622484692,0.9947350888464934,0.9874222272825768,0.990545378214456,0.9945590470376736,0.9875843614985667,0.9903922379571135,0.9944603234766215,0.989034330185471,0.9906719054866451,0.995121400082296,0.9892325894462188,0.9907400596006867,0.9953032590208682,0.9960653800625566,0.9968482778498826,1.0003882679296332,224.0
0.9999965934359066,0.9999967281245806,0.9999972133811864,0.9775804506340698,0.9784883101441816,0.9817144529570279,0.9920126467901839,0.993592721607336,0.996465010844924,0.9904372586442272,0.9918046230721193,0.9959321679408728,0.9902836710095518,0.9913375013056187,0.996153093327238,0.9896587114157923,0.9910465288374424,0.9958980608856313,0.989413154389892,0.9913428444959689,0.995331107885816,0.9891533216010009,0.9910302646317173,0.9951523844668959,0.9888003365879577,0.9913112535633438,0.994957909251384,0.9887507714810554,0.9899523161010063,0.9956278854565256,0.9885778421969901,0.9899600620541855,0.9956294324614148,0.9884471457355202,0.9884688571287715,0.995247524757681,0.9902850838008467,0.9909636264393469,0.9960708081896138,0.9901904392178691,0.991337530058036,0.9963473029283291,0.9884490202059751,0.9881612893717313,0.9951313650376543,0.9884494879985849,0.9879167806141042,0.995087879593394,0.9883215288285573,0.9864398457351953,0.9952039278933535,0.9883126107802447,0.986648713799812,0.9950441761360685,0.9883064348336964,0.9861422355513685,0.9952237275499335,0.9884586628576896,0.9911476255055538,0.9945880334308839,0.9882842242428924,0.9909943915176833,0.9945170463712306,0.9884617723620999,0.9911476766094772,0.9943403859807968,0.9886672566159991,0.9913006682731238,0.9948171623199283,0.9886587221597364,0.991555544059705,0.9948241983100321,0.9876739682205878,0.9909721945324775,0.9942503864533391,0.9876471888690046,0.9909722144911715,0.9942322257414957,0.9876622711141595,0.9913334660902359,0.9940524277907183,0.9872561955861789,0.9903551345005592,0.9939769839616603,0.9871829674385619,0.9903552241434882,0.9940125823365917,0.98724359725404,0.9903551544463876,0.9938506303471276,0.9875224816543751,0.9901461709743782,0.9956125894268921,0.9890180424932485,0.9907979279590557,0.994963456654471,0.9877477820097688,0.9908249181531391,0.9943775041118184,0.9872156506454595,0.9905074440254158,0.9941988771643734,0.987378165707564,0.9903547934073996,0.9940985665313976,0.988846340387027,0.9906394492442335,0.9947858367342381,0.9890445706019262,0.9907077473653132,0.994967707918628,0.9958946528737667,0.9968212190625719,1.0001086164745407,225.0
0.9999965802337815,0.9999967218548077,0.9999971799508094,0.9774899729241763,0.9784463016023134,0.981492773849449,0.9919291961249356,0.9935480025076356,0.9962171160713851,0.9903489627815059,0.9917598510212434,0.9956786280080788,0.990197215622007,0.9912942494786093,0.9959023275869057,0.9895688301894046,0.9910021251375463,0.9956434943484913,0.9893201432147983,0.9912973909075592,0.9950697286528958,0.9890607087715615,0.9909859191238738,0.9948919164760359,0.9887054793274115,0.9912659903404404,0.9946902331067066,0.9886575565832357,0.9899084476211879,0.9953712063513971,0.9884839904473426,0.9899161459668415,0.9953726438112573,0.9883527814734073,0.9884267692462004,0.9949882196208043,0.990198478190492,0.9909215910208217,0.9958212600587997,0.9901052008795189,0.991294278229766,0.9960972881751249,0.9883547043664902,0.9881198572492692,0.9948728886880507,0.9883551959697469,0.9878759747478663,0.9948300310748259,0.9882259088085826,0.9863989068891473,0.9949403376439733,0.9882170015972355,0.9866085615593603,0.9947810361659458,0.9882106493308819,0.986101321639652,0.9949595063598331,0.9883606354109497,0.9911022592796819,0.9943152721021806,0.9881839582061557,0.9909488590073988,0.9942414601553906,0.9883644359267321,0.9911023103812859,0.9940672363077419,0.9885711788946571,0.9912554677347849,0.9945475661327913,0.9885626379185382,0.9915108411213613,0.9945547757606792,0.9875702956920639,0.9909280206341354,0.9939669491328339,0.9875434517450797,0.9909280405919554,0.9939476831034214,0.9875586073959498,0.9912890676132863,0.9937692089661865,0.9871507619463754,0.9903137198283188,0.9936904630139562,0.9870773532335074,0.9903138094676003,0.993725508611496,0.9871389948288403,0.9903137397733354,0.9935635173592158,0.9874249215082277,0.9901018113770585,0.9953557846954776,0.9889255770461837,0.9907541532785129,0.9947035132737311,0.9876442739588912,0.990780835400972,0.9940968514714699,0.9871092138823216,0.9904651040299565,0.9939155061527996,0.9872722619333876,0.9903133787490367,0.993813586414965,0.9887547527563657,0.9905964526124577,0.9945266649264123,0.9889518355593024,0.9906636331312911,0.9947077776374332,0.9958025025913473,0.9967784173248041,0.999882699754393,226.0
0.9999965453649015,0.9999967172265397,0.999997153711235,0.9772580425385787,0.9784147719229094,0.9813207223993011,0.9916734707036312,0.9935171379118993,0.9960115285361073,0.9900838904420833,0.9917294715837456,0.9954682848578265,0.9899328701869938,0.9912644205749451,0.9956923314760111,0.9893020000998127,0.9909731144393297,0.9954340729470051,0.989045511344677,0.991266616426641,0.9948510480281211,0.9887851369275329,0.9909549832029195,0.994672952035831,0.9884258873581764,0.9912369064021558,0.9944647762277614,0.988388367516084,0.9898814215372486,0.995163063096793,0.98821427228021,0.9898891418363855,0.9951645195676884,0.9880832002859026,0.9884033307091592,0.9947819202990411,0.9899340511368282,0.9908922025519202,0.9956112530218855,0.9898413527399801,0.9912644493252266,0.9958875083322674,0.9880851284803059,0.988096730397808,0.9946667192772348,0.9880856229576459,0.9878531076362791,0.9946239190031207,0.9879552348821637,0.9863829783105242,0.9947393946773151,0.9879462839978621,0.9865922311267137,0.9945791220010155,0.9879398398118768,0.9860864369465171,0.9947594139115663,0.9880773575573486,0.9910743305270948,0.9940849264451591,0.987898345320704,0.9909215221072447,0.9940083901650871,0.9880814369468248,0.9910743816272736,0.9938363383642829,0.9882901718860746,0.9912269466355381,0.9943203259699851,0.988281642941257,0.9914828969039312,0.9943280084250349,0.9872790126024868,0.990901888367094,0.9937259310704203,0.9872515612640789,0.9909019083243998,0.9937054255259351,0.9872673268387601,0.9912626951276523,0.9935283427063287,0.9868585740985301,0.9902911083703171,0.9934469391272137,0.9867850638371649,0.9902911980076379,0.9934815461237815,0.9868471291734223,0.9902911283148973,0.9933192429720495,0.9871521464555324,0.9900743921852994,0.9951476618736288,0.9886494745886908,0.9907230214412074,0.9944844505403347,0.9873545692881384,0.9907548006836333,0.9938589945661632,0.9868164613783504,0.9904406353117732,0.9936750711181027,0.986980070547362,0.9902907672984963,0.9935715395868897,0.9884786013021376,0.9905652469010424,0.9943074753977265,0.988675274055785,0.9906318700507785,0.9944887385336662,0.9955661460657002,0.9967463053771041,0.9997073159040127,227.0
0.9999964979617638,0.9999967102315002,0.999997126747647,0.9769445956021404,0.9783680073393384,0.9811454191874794,0.9913165154448023,0.9934667809444253,0.995792208700677,0.9897239019362565,0.9916792158307589,0.9952471632076789,0.9895734752941625,0.9912140651818809,0.9954705523096309,0.9889411437637121,0.9909242983271248,0.9952139967568344,0.9886831511870275,0.9912152364395963,0.9946263875243642,0.9884219979417297,0.9909024452747103,0.9944479886851781,0.988063800909433,0.9911876269571145,0.9942387388561506,0.9880265641921272,0.9898346908958932,0.994944492666824,0.9878521205361863,0.989842454357299,0.9949458569255473,0.9877222004257337,0.9883599689762643,0.9945661925052894,0.9895745428226735,0.990841767339381,0.9953888125475492,0.9894823989782962,0.9912140939306914,0.9956658305431255,0.9877241308798804,0.9880536506056657,0.99445106064402,0.9877246267589984,0.9878102595967234,0.9944082689484773,0.987594824362568,0.9863467792517434,0.9945301708927797,0.9875858622951807,0.9865561155781444,0.9943697684616235,0.9875795079781546,0.9860511598210149,0.9945510580040552,0.9877143694578943,0.9910264474734031,0.9938572127577844,0.9875352167924324,0.9908743355115319,0.9937799407759832,0.9877178485574912,0.9910264985711288,0.9936076948297208,0.9879277477414937,0.9911783666625933,0.9940938412905572,0.9879192627329049,0.9914351075830709,0.9941024856165754,0.9869169097500018,0.9908565010589508,0.9934966277020338,0.9868899611022091,0.9908565210153563,0.9934759357171951,0.9869053062754466,0.9912185925762818,0.9933013086581709,0.986497392757234,0.9902480401583565,0.99321526820826,0.9864237466217827,0.9902481297918615,0.9932495446904474,0.9864872600453021,0.9902480601020881,0.9930877626289,0.9867882121059942,0.9900281986017562,0.9949289761483092,0.9882853438495068,0.9906696820245849,0.9942590054757172,0.9869911262622507,0.9907088910203485,0.9936292537743822,0.9864523999453574,0.9903959259976426,0.9934444335683345,0.9866176715283009,0.9902476991010551,0.9933403237918047,0.9881138279643067,0.9905112793252397,0.9940813395026686,0.9883109327854611,0.9905782455683904,0.9942633036421545,0.9952466780638766,0.996698655008739,0.9995285825671015,228.0
0.9999964448356593,0.9999967060085075,0.9999970994351359,0.9765935731218283,0.9783396541544852,0.9809685287292146,0.9909148133100906,0.9934371626647539,0.9955663161115461,0.9893240576039625,0.9916489948868674,0.9950224556821803,0.9891779479809075,0.9911842937763491,0.9952482936480314,0.988539345518203,0.9908953866946463,0.9949893274629869,0.988286004465433,0.991182532896276,0.9944018811530955,0.9880249387527468,0.9908700368743193,0.9942235700116847,0.987669466846014,0.9911532296860853,0.9940161233101384,0.9876231834586444,0.9898076742038578,0.9947203062313804,0.9874485495218429,0.9898155734474287,0.9947216221156148,0.9873177495132089,0.9883354028329978,0.9943430220406008,0.9891789510639768,0.9908123555712895,0.9951665370070211,0.9890895103675039,0.9911843225242917,0.9954450535103936,0.987319726910619,0.9880297366916411,0.9942286436764154,0.9873202459255426,0.9877869769091271,0.9941864160659969,0.9871905153917993,0.9863256766466363,0.9943084487289316,0.9871815145271413,0.9865345438136688,0.9941472023625343,0.9871752237014494,0.9860305832573639,0.9943296573168563,0.9873209029448007,0.990990186553655,0.9936352098348948,0.9871422077574757,0.9908367756950451,0.9935582735225591,0.9873245637534784,0.9909902376495185,0.9933855048644561,0.9875337544919093,0.9911434043323194,0.9938716342276197,0.9875253043772136,0.9914008842208647,0.9938811200951704,0.9865247581101065,0.990817209329062,0.9932744749896741,0.9864976870952411,0.990817229284681,0.9932534999571965,0.9865131241382951,0.9911784312523315,0.9930784657952931,0.9861128138543395,0.99020925095617,0.9929968039511771,0.9860392665365965,0.9902093405862051,0.9930309995845091,0.9861050591142562,0.9902092708991285,0.9928704948825752,0.9863833427678756,0.9900016045850444,0.9947047343549713,0.9878881318551994,0.9906374051599215,0.9940345377520068,0.9865993054256534,0.9906699527118099,0.9934081173845755,0.9860618677666045,0.9903556254530953,0.9932245471719162,0.9862302981408921,0.990208909912071,0.993121090371525,0.9877166830550086,0.990479063439409,0.9938568318435735,0.9879138057782775,0.9905460943806784,0.9940388303102353,0.9948889072377108,0.9966697691998343,0.9993482144327238,229.0
0.9999963746475715,0.9999967058387162,0.9999970718354065,0.9761318963596195,0.978339076666608,0.9807928870474774,0.9903730981930176,0.99343362144205,0.9953228137019052,0.988777513514308,0.9916439881266893,0.9947764721478538,0.9886306492895391,0.9911787777915726,0.9949999330816697,0.9879925458742478,0.9908910759125469,0.994744109356847,0.9877343885146059,0.9911747575672216,0.9941528223384504,0.987472605249257,0.9908619217652448,0.9939732733890099,0.9871140216084209,0.9911427716789777,0.9937652112880964,0.9870744302109798,0.9898043707589224,0.9944752512845344,0.9868996172186455,0.9898122475421655,0.9944765814355181,0.9867670022766111,0.9883339586987618,0.9940980880801242,0.9886315913476258,0.9908064320001247,0.9949170378548373,0.988541804394784,0.9911788065393533,0.9951961206831651,0.9867690354839382,0.9880290249607141,0.9939845680640363,0.9867695819731895,0.9877869834856854,0.9939429869550018,0.986640399611967,0.9863259265102401,0.994063019958375,0.9866313283151149,0.9865336857894866,0.9939001361636716,0.986625201476795,0.9860312289625738,0.9940844221898878,0.9867626167426468,0.990977871054552,0.9933838549083798,0.9865820354250878,0.9908234966480481,0.993307090891713,0.9867665897079105,0.9909779221497752,0.9931342074286807,0.9869771827652893,0.991132052107624,0.9936200966154312,0.9869685681743183,0.9913886555827037,0.993627363909662,0.985955241248649,0.9908017100852179,0.9930212718248437,0.9859260526744013,0.9908017300405244,0.992998990656227,0.9859436935601054,0.9911642039542103,0.9928277221688437,0.985551652527336,0.9901894309201335,0.992748888652102,0.9854779137440027,0.9901895205483768,0.9927829940793027,0.9855456689245127,0.9901894508626923,0.9926236266587104,0.9858330112676151,0.9899972621583003,0.9944597523855196,0.9873351795668058,0.9906290998561254,0.9937834449778741,0.9860352595396858,0.9906539362801953,0.9931573126090034,0.9854975678640425,0.9903362284752092,0.9929751265105934,0.9856672710963902,0.9901890898828536,0.992872424581128,0.9871627409239357,0.9904698097959331,0.9936046688364959,0.9873612477080088,0.9905383483522838,0.9937877148874196,0.9944183104748059,0.9966691666413924,0.9991690492322037,230.0
0.9999963763581013,0.9999967026228106,0.9999970765499251,0.9761433737934658,0.9783175596953764,0.9808236210399239,0.990385193830316,0.9934106565405784,0.9953606096182398,0.9887941357002921,0.9916209332719648,0.9948212418929301,0.9886487742728622,0.9911561899967015,0.9950449655329288,0.9880099240855299,0.9908676873065544,0.9947924479175073,0.9877537956375001,0.9911527366973787,0.9942015712365792,0.9874932815087817,0.9908408663982193,0.9940228020272751,0.9871339906687794,0.9911208253474302,0.99381685520432,0.9870916541734405,0.9897805051601881,0.994528291711356,0.9869162400876487,0.9897874874493543,0.9945295118986213,0.9867865882702962,0.9883143595526862,0.9941588491134636,0.9886496767463516,0.9907842178509355,0.9949622864155335,0.9885608603729377,0.9911562187438243,0.9952411483995373,0.9867886235551647,0.9880097663329985,0.9940455216687577,0.9867891713458617,0.9877680072819099,0.9940040473787228,0.9866594165918976,0.9863158132124419,0.9941347226832987,0.9866503964046804,0.9865246271978572,0.993973183796489,0.9866441361606018,0.986022187746704,0.994157338009265,0.9867835370206988,0.9909559472481678,0.9934380305213039,0.9866035521891123,0.9908015704303377,0.9933628078524623,0.9867874447907916,0.9909559983422592,0.9931886256125355,0.98699750529174,0.991110130555536,0.9936725696362142,0.9869888304644012,0.991366812540446,0.9936791318992084,0.9859772830759289,0.990778008162866,0.9930818673145859,0.9859483369398708,0.990778028117696,0.9930601274131997,0.9859657990623613,0.9911413978386879,0.992889890480196,0.9855745920593513,0.9901625754453346,0.9928110891605412,0.9855009208965927,0.9901626650711515,0.992845349178169,0.98556952855875,0.990162595387353,0.992686683419439,0.985845581925657,0.9899668421114288,0.9945128991506453,0.987356354590529,0.990608648189385,0.9938333353804939,0.9860566451156871,0.9906298701102516,0.9932158618514685,0.985518637582465,0.9903095413607623,0.9930353784344272,0.9856889896903496,0.9901622344172863,0.9929336484813984,0.9871844512439061,0.9904499016333842,0.993655081435718,0.9873826268827621,0.9905181546839397,0.993837595577362,0.9944300040471896,0.9966472431033755,0.9992003846929173,231.0
0.9999964471160422,0.9999967077480078,0.9999971173532164,0.9766104121078093,0.9783511897733141,0.9810877159331436,0.9909225661697459,0.9934497277187495,0.9956981901207783,0.9893309533122897,0.9916629812213869,0.995163032864852,0.9891890341845642,0.9911981043650729,0.9953868671726644,0.9885476853743882,0.9909111307128265,0.9951359028058612,0.9882855536728754,0.9911964799343779,0.9945471081255258,0.988024405903528,0.9908834013915414,0.9943674458087212,0.9876607585724162,0.9911675450103712,0.9941648236663485,0.9876300393925664,0.9898259646041005,0.9948742086799193,0.987454810758451,0.989833038864518,0.9948753524520892,0.9873249639230989,0.9883621850122525,0.9945089921654822,0.9891899905205346,0.9908260251540912,0.9953037022233394,0.9891031447272312,0.9911981331134064,0.9955834804371084,0.9873269967430425,0.9880579516675722,0.9943959229663167,0.9873275435964497,0.9878164795007233,0.9943546068619861,0.987198428016139,0.986368089823035,0.9944911394119844,0.987189373743422,0.9865762921757397,0.994328555502869,0.9871832358150567,0.9860751420231489,0.9945147369763472,0.9873084501574001,0.9910047599526796,0.9937880270865479,0.9871273580779999,0.9908514840922543,0.9937135680303617,0.9873121397308632,0.9910048110492882,0.9935391499913087,0.9875235666281866,0.9911578422719619,0.9940214542865705,0.9875149249516533,0.9914154359107042,0.9940286818598759,0.9864969204039102,0.990829965044273,0.9934344283198977,0.986467166885187,0.9908299850001517,0.9934127937475107,0.9864854658446389,0.9911937199711032,0.993242936604292,0.9860967587795059,0.9902190378199193,0.9931654911274891,0.9860233525314371,0.9902191274508685,0.9932001189483172,0.9860910675757915,0.9902190577630803,0.993041243389134,0.9863849912627298,0.9900128074598089,0.9948587083914804,0.9878868639727649,0.990650504035058,0.9941774435898868,0.9865783693153207,0.990681678422966,0.9935679523933717,0.9860407223056317,0.9903634460458244,0.9933884906315832,0.98621147281779,0.9902186967723423,0.9932873177369067,0.9877139366612371,0.9904907918909364,0.9939983811781185,0.9879129149792534,0.9905596245552278,0.9941817198959803,0.9949060312426474,0.9966815240067275,0.9994696762835427,232.0
0.9999965449758358,0.9999967202943774,0.9999971918692755,0.9772579718207697,0.9784336565518684,0.9815735256519184,0.9916573241267072,0.9935451651185047,0.996297146283895,0.990075318921521,0.9917653245072676,0.9957760872220186,0.9899361069370676,0.9912999469508139,0.9959985323481234,0.9892918279994078,0.9910159680618826,0.9957499749731998,0.9890416623953645,0.9913034375569477,0.9951782176731617,0.9887831491473872,0.9909923236197601,0.9950001335488019,0.9884216218693695,0.9912766317982747,0.9948100233680857,0.9883767857023134,0.9899344011950018,0.9954917006859799,0.98820212421081,0.9899418664600711,0.9954927766182762,0.988072722628781,0.9884734636043748,0.9951321400481473,0.9899370625046984,0.9909274668098593,0.9959143267638108,0.9898518415975668,0.991299975702097,0.9961950921151352,0.9880747427356409,0.988169785036361,0.9950193457777351,0.9880752838842205,0.9879287411861242,0.9949781618962199,0.9879465668879975,0.9864837275264521,0.9951190358085136,0.9879375662210041,0.9866933752392552,0.9949577351907294,0.9879314156964153,0.9861911199183229,0.9951430483422782,0.9880715769120489,0.991114732280389,0.9944417368932686,0.9878916522761394,0.9909616323445842,0.9943713091710968,0.988075301875843,0.9911147833826666,0.9941942874707176,0.9882853177071051,0.991267638748122,0.9946702573159287,0.988276760569406,0.9915270316173286,0.99467909584015,0.9872617473542105,0.9909402235815797,0.9941029972045203,0.987231595893522,0.9909402435396781,0.9940825727818315,0.9872503632364196,0.9913052079749864,0.9939129615581318,0.9868634196010977,0.9903290901950325,0.9938378621151934,0.9867899391976425,0.9903291798359334,0.9938729738819627,0.9868575133810211,0.9903291101404081,0.9937148532913335,0.9871357020378938,0.9901242409432698,0.9954760244721236,0.9886470350668626,0.990760729542514,0.9948110999713063,0.9873442017485207,0.9907914370971048,0.9942327838648005,0.986807329303192,0.9904724888788052,0.9940567436231955,0.9869780741211566,0.9903287491095889,0.9939575917689859,0.9884753141006876,0.9906022597045473,0.9946333866713982,0.9886732349872935,0.9906699735490044,0.9948153730054652,0.9955660210172916,0.996765584928235,0.9999649693939942,233.0
0.9999966468673354,0.999996735329708,0.999997274533876,0.9779329912438582,0.9785327916774637,0.9821135809530285,0.9924185642144385,0.9936583898357993,0.9969565074701093,0.9908491179092279,0.9918847719892503,0.9964511969196375,0.990713039475105,0.9914175099169135,0.9966698108358184,0.990067600972168,0.9911373224875724,0.9964269886678957,0.9898265090365561,0.991426932593451,0.9958746058023975,0.9895690726817358,0.9911163952569803,0.9956972031629108,0.9892111679134953,0.9914029012742718,0.9955232883885121,0.9891536471723232,0.9900585033812692,0.9961711787556525,0.9889794688470775,0.9900661506332881,0.9961722197967623,0.9888484433882055,0.9886001975245694,0.9958155455123684,0.9907139916110145,0.9910435213843583,0.996582539884469,0.990630656004072,0.9914175386716022,0.9968663704600583,0.9888504594522904,0.9882973283039528,0.995703248882527,0.9888509992739836,0.9880569394361898,0.9956623499485644,0.988722284370785,0.9866127248996814,0.9958024800528382,0.9887133271281757,0.986824005071605,0.9956422673791688,0.9887071257748202,0.9863201537041105,0.9958263237042663,0.9888638115142016,0.9912423397689042,0.9951654802835378,0.9886855701020237,0.9910896530436125,0.995100199129098,0.9888670418091107,0.9912423908777566,0.9949195422881274,0.9890759108860905,0.9913948332128126,0.9953878500037259,0.9890674184762032,0.9916562268280548,0.9953981409425283,0.9880565400993396,0.991069282027458,0.9948445839890767,0.988025574662365,0.9910693019881522,0.9948256584027108,0.9880451551893566,0.9914341640049703,0.9946541173228934,0.9876652456204059,0.9904607119541746,0.9945870995360663,0.9875915434047123,0.9904608016069733,0.9946228110043919,0.9876597068985205,0.9904607319021983,0.9944662347857843,0.9879157272900572,0.9902494536150082,0.9961554285215756,0.989433809949283,0.9908852364047467,0.9955088365655522,0.9881411106037729,0.9909205371135758,0.9949706496385555,0.987607599748769,0.9906028402947151,0.9947996800840478,0.9877791525392516,0.9904603708234602,0.9947036318144707,0.9892627643404074,0.9907275086561544,0.995331988668523,0.9894601881603499,0.9907946389515914,0.9955131049460895,0.9962539822085508,0.9968666291363661,1.00051554367473,234.0
0.9999967281201032,0.999996740599561,0.9999973257420357,0.978469962170482,0.9785675696406682,0.982446382557898,0.993032299525141,0.993698083125569,0.997376019232232,0.99147069961279,0.9919268308280453,0.9968869425839472,0.9913380840942587,0.9914617836352191,0.9971078328073364,0.9906902906229337,0.9911813210494392,0.9968652726956799,0.9904538445144531,0.9914674091627523,0.9963260444078043,0.9901962759197341,0.9911557928031207,0.9961484508315369,0.9898393648989166,0.9914424048539696,0.9959876941412626,0.9897760129703757,0.9901053011576739,0.9966125973507293,0.9896021291185448,0.9901130532802869,0.996613660852264,0.9894685367606549,0.9886503644185813,0.996261589441641,0.991339161207606,0.9910895671304023,0.9970222618607417,0.991257683870764,0.9914618123911958,0.9973044824847719,0.9894705973102548,0.9883485522555657,0.996150445157739,0.9894711592917431,0.988109120590365,0.996110384086286,0.9893421771892762,0.9866664849809245,0.9962506252368686,0.9893332615921753,0.9868791014514062,0.9960914360669801,0.9893269857634397,0.9863741708747298,0.9962745793429625,0.989492134310221,0.9912800933647682,0.995637946811531,0.9893140543052545,0.9911259810206472,0.9955766049346761,0.9894948666576392,0.9912801444755597,0.9953931452343864,0.9897041670169084,0.9914340125559543,0.9958556056504762,0.98969572824259,0.9916971068447379,0.9958671151950595,0.9886828383010289,0.9911030378026627,0.9953294724565569,0.9886508583902981,0.9911030577640298,0.9953114940516629,0.9886713892675881,0.9914665191483407,0.995136951210764,0.9882969284580368,0.9904928760045106,0.995080564470085,0.98822346611641,0.990492965660189,0.9951170253169942,0.9882916819883865,0.9904928959531744,0.9949613889138998,0.9885397193223067,0.9902962238402866,0.9965968649724506,0.9900608375944518,0.990924025198033,0.9959600395828716,0.988770072085006,0.9909548622088462,0.9954539109337974,0.9882379430427568,0.9906351903746535,0.9952875534673787,0.98840982931249,0.9904925348628385,0.9951943018564006,0.989889419495508,0.9907659769490522,0.9957830329635321,0.9900871059036103,0.9908331813269469,0.9959643189052494,0.9968012736969425,0.9969020767011969,1.0008548734382245,235.0
0.9999967201764187,0.9999967410650635,0.9999973208635538,0.9784182889027565,0.9785714618273716,0.9824154120867123,0.9929678423731161,0.9936984810807659,0.9973316733564307,0.9914108492459208,0.9919245330696684,0.9968476003746044,0.9912811875672863,0.9914588946416015,0.9970672438357899,0.9906340647217147,0.9911792443118734,0.9968268962755739,0.990391446755003,0.9914595465050143,0.9962942777005505,0.990132628469669,0.9911462568881642,0.9961152222748814,0.9897725820736879,0.9914304817097682,0.9959630020258454,0.9897197361026047,0.9901035374307108,0.9965730669346998,0.9895459807780016,0.9901113235288918,0.9965740402383729,0.9894114883850076,0.9886486719551817,0.99622074524122,0.9912821728098355,0.9910862048170297,0.996980314016824,0.9912026280327727,0.9914589233974969,0.9972641642859359,0.9894135885192006,0.9883476512208796,0.99611040692469,0.9894141701878194,0.9881089455434892,0.9960709255740167,0.9892853272232415,0.9866609888523552,0.9962015677371261,0.9892764188702692,0.9868739457829084,0.9960426302455365,0.9892701605336978,0.9863681231738172,0.9962244103642024,0.989424015196729,0.9912640169446592,0.9956186997119884,0.9892446318221054,0.9911071048636882,0.9955599100538869,0.9894273813661487,0.9912640680546198,0.995375043165799,0.9896368741054928,0.991420735819142,0.9958331670266717,0.9896284555360584,0.9916850185940888,0.9958454541193912,0.9886103538115503,0.9910805351099525,0.995318367426472,0.9885777478265158,0.9910805550708622,0.9953009574837346,0.9885988826960711,0.9914432843640546,0.9951252140827214,0.9882257191316735,0.9904660967319098,0.9950745700627802,0.9881524435228364,0.9904661863851475,0.9951115572457246,0.9882207428925833,0.9904661166800288,0.9949563621916835,0.9884846097175183,0.9902952178933963,0.9965572230871954,0.9899962879792727,0.9909135035921589,0.9959259556456403,0.9886992244150404,0.9909326570301489,0.9954415854398582,0.9881662015283507,0.9906093626760875,0.9952781480062783,0.9883378864423822,0.9904657555995244,0.9951866246733334,0.9898235551529557,0.9907541745342696,0.9957477084954489,0.9900223531426418,0.99082231068167,0.9959302485328758,0.9967485888372517,0.9969060242535874,1.0008232743651093,236.0
0.9999966621147179,0.9999967462335162,0.9999972954130534,0.9780345164274908,0.9786047196999317,0.9822512728952029,0.9925294994669274,0.9937405547504856,0.9971157230554146,0.990970240355753,0.9919711972323302,0.9966340467280779,0.9908418605573607,0.9915079961599321,0.9968558091492354,0.9901922372820174,0.9912259358335299,0.996613123834417,0.9899491214577176,0.9915114358028506,0.9960823852395597,0.9896899400822653,0.9911979430587531,0.9959029457491625,0.9893305769063278,0.9914888179728107,0.995752556593821,0.9892779518943983,0.990150268136669,0.9963595241026948,0.9891039593650526,0.9901578716963048,0.9963603441366653,0.988971111792678,0.9886965451736279,0.9960083773863668,0.9908428816717703,0.9911372565608526,0.9967709353163203,0.9907640427352638,0.9915080249172487,0.9970524585874632,0.9889732317179081,0.9883960264431934,0.9958983730036529,0.9889738233965648,0.9881577692013961,0.9958591008771216,0.9888443768190593,0.9867095204187193,0.9959870253611667,0.9888354574325974,0.9869221843334005,0.9958279324663316,0.9888291370842881,0.98641678654993,0.99600960833818,0.9889841902823963,0.9913275934475979,0.9954097615304226,0.9888056217453857,0.9911737726191661,0.9953515737323049,0.9889884287500504,0.9913276445608528,0.9951667386219768,0.9891957028147996,0.9914812208281881,0.9956233309022637,0.9891872610479404,0.9917461529373396,0.9956357626791227,0.9881702291024986,0.9911478923975038,0.9951124057306461,0.988137545485386,0.9911479123597818,0.9950952382501014,0.9881587855981155,0.9915108598314906,0.99492016531136,0.9877882238838728,0.9905350992161505,0.9948700700226052,0.987714532101078,0.9905351888756948,0.9949069987974486,0.9877844341723547,0.9905351191656737,0.994752738198944,0.9880408244118584,0.990340417120778,0.9963435928036507,0.9895533943458987,0.9909650355032587,0.9957135263830391,0.9882592906227186,0.9909999254650941,0.9952346228193002,0.987726502278656,0.9906772936179161,0.9950722721908487,0.9878993766063311,0.9905347580597694,0.9949813919927848,0.989380578056305,0.9908056133421977,0.9955350641007965,0.9895791225041017,0.9908733111520865,0.9957178388522254,0.996357444732301,0.9969399423754743,1.0006558856281658,237.0
0.9999966473984935,0.9999967427771315,0.9999972736948196,0.9779354044316169,0.9785814668100212,0.9821078289483005,0.9924273538778225,0.993716486797487,0.9969515487696721,0.9908672378850927,0.9919463417763922,0.9964697837873541,0.9907403215106582,0.9914830298783164,0.9966902679432036,0.9900888832281205,0.9912019639504994,0.9964507035667652,0.989845141196741,0.9914850611325001,0.9959168188370874,0.9895866908114371,0.9911726090612122,0.9957384077723088,0.9892255165645738,0.9914608865873689,0.9955856531845163,0.989173795086716,0.9901275786297841,0.9961994108381164,0.9889993905808433,0.9901351334574361,0.9962001620857387,0.9888682531505558,0.9886765306518601,0.9958521943785265,0.9907412453296105,0.9911122014741927,0.9966046768678714,0.9906634540748059,0.9914830586349024,0.9968866881863506,0.9888704105150755,0.9883765650416327,0.9957428483205588,0.9888710206472777,0.9881388323852199,0.9957040690436668,0.9887436446408853,0.9866942987416737,0.9958373946106016,0.9887348652826992,0.9869092460936939,0.9956819382532212,0.9887286601744274,0.9864018299267546,0.9958602579723744,0.9888766481786248,0.9912983540123268,0.9952416093327344,0.9886961712385466,0.9911437439804545,0.9951828010797468,0.9888816103194439,0.9912984051240792,0.9949988664644148,0.989089669143015,0.9914527701714662,0.9954557200497963,0.9890811354910245,0.9917176229543637,0.9954670444336208,0.9880589014152273,0.9911160086315836,0.9949428596438291,0.9880267900437473,0.9911160285932248,0.9949258432412148,0.9880474486188324,0.9914784996461702,0.9947503684823018,0.987671222262125,0.9905029272985191,0.9946984167096111,0.9875976398361173,0.990503016955197,0.9947353197646184,0.9876673335529771,0.990502947247404,0.9945807001547247,0.9879339363802767,0.9903174087906612,0.9961834033975436,0.9894506062271095,0.990940258349621,0.9955496939965002,0.9881464789416937,0.9909682352669802,0.9950647852986424,0.9876094569519824,0.9906438350757454,0.994901679238125,0.9877824722269625,0.9905025861530444,0.9948102213060831,0.9892788977323755,0.9907818755298531,0.9953722294963121,0.9894760964712215,0.9908481578947186,0.995554021147199,0.9962564651018856,0.9969162537485562,1.000509686842262,238.0
0.9999965906902911,0.9999967423110624,0.9999972498915648,0.9775606532232272,0.9785774197894652,0.9819542239476082,0.9919987869934638,0.9937169386336108,0.9967507558570528,0.9904342510370058,0.9919476015918234,0.9962660035003967,0.9903088119067334,0.9914847763304158,0.9964862213641049,0.9896522052789185,0.9912034486991494,0.9962468672847219,0.9894121036415082,0.9914880541325961,0.9957093328370853,0.9891548918051293,0.9911756493148288,0.9955320374854777,0.9887929249277081,0.9914671270925154,0.9953751513300237,0.9887347143487072,0.9901293947752464,0.9959964937850542,0.9885597799608231,0.9901368546991375,0.9959973045852817,0.98842850482001,0.9886799721260933,0.9956503143481522,0.9903096788750418,0.9911143372612524,0.9964006083526034,0.99023287292406,0.9914848050870433,0.996682498122763,0.9884305624024368,0.9883793799167849,0.9955393876720091,0.9884311242729977,0.988140918700748,0.9954992847334386,0.9883050731332299,0.9867043371494768,0.9956442093788708,0.9882964267096465,0.9869212872873399,0.9954922698014019,0.9882902212352919,0.9864124137092587,0.9956676513993529,0.9884431680931975,0.9913074045934139,0.9950286092896795,0.9882617912692787,0.9911545221364839,0.9949684879043259,0.9884488542509008,0.9913074557056459,0.9947858716110963,0.988656722302553,0.9914600927323559,0.9952441186408874,0.9886481221341568,0.9917249510407085,0.9952547665387379,0.987622261853163,0.9911293688416716,0.9947249351322336,0.9875899079338014,0.9911293888035951,0.9947073003398028,0.9876108257824576,0.9914919702207163,0.9945330620885344,0.9872364096189563,0.9905224439885016,0.9944792014882835,0.9871630171150122,0.9905225336470328,0.9945160233450084,0.9872328887090704,0.9905224639377996,0.9943611542336047,0.9874915634296486,0.9903184725720728,0.995980572182122,0.9890185885454099,0.9909432371939771,0.9953434231267502,0.9877104634774405,0.9909815505251865,0.994848217599745,0.9871723652352423,0.990660042608586,0.9946838833519193,0.9873471957634623,0.9905221028359747,0.9945915998453267,0.9888471588718418,0.9907851236375661,0.9951661011259612,0.9890440796052961,0.9908511081324766,0.9953477505767802,0.9958745119640228,0.9969121533518405,1.0003530472173112,239.0
0.9999965362709047,0.9999967377369918,0.9999972313831713,0.9772021027292936,0.9785467005444018,0.9818359052182795,0.9915821513449989,0.9936847564456581,0.9965889177430998,0.9900045052432844,0.9919144985381884,0.996099030449387,0.9898791679250499,0.9914530288355103,0.9963194539866724,0.9892184454193313,0.9911710743870834,0.9960790151017995,0.988972561144087,0.9914531397908473,0.9955360418600481,0.9887146741636892,0.9911399569187308,0.9953582395225359,0.9883465054525084,0.9914326034843848,0.995196567113571,0.9882989978387597,0.9900980785497641,0.9958287743747624,0.9881237859652274,0.9901056897164142,0.9958295397668893,0.9879916783048385,0.988649850728033,0.9954830758969613,0.9898800019355504,0.9910836744600086,0.9962349545525737,0.9898033141218031,0.9914530575912117,0.9965150187955591,0.9879936815864254,0.9883489865864036,0.9953712866549748,0.9879942172842847,0.988110188056326,0.9953304489691596,0.9878686473761271,0.9866786215479346,0.9954827953494632,0.9878599788504449,0.9868946223930325,0.9953302787405542,0.9878538513001478,0.9863874237871384,0.995507088100335,0.9879912692170763,0.9912732067628578,0.9948463236264491,0.9878068241348301,0.9911205198917694,0.9947844260821026,0.9879965625233674,0.9912732578733374,0.9946028426638833,0.9882081853222501,0.9914256988706389,0.9950640129942375,0.9881995358309915,0.9916905781874757,0.9950741850413825,0.9871621808423012,0.991097587581693,0.994536736508994,0.987129549991019,0.9910976075429871,0.9945184351230121,0.9871508120844686,0.9914612576537145,0.9943467905036253,0.9867734180618704,0.9904916042232866,0.9942882649224939,0.986700251905128,0.9904916938790943,0.9943250202103602,0.9867695874519854,0.9904916241719786,0.9941694264698415,0.9870538115804968,0.9902878106274609,0.9958127911534058,0.988577601984421,0.9909070022437688,0.9951691650277112,0.9872510754236936,0.9909493347770473,0.994660969472257,0.9867104809643358,0.9906296494042216,0.9944948808342312,0.9868845059033471,0.9904912630811229,0.9944016356438713,0.988405591409175,0.990748352600743,0.9949911995690434,0.9886033366809914,0.9908151925418228,0.9951734793771546,0.995509046825608,0.9968808565844389,1.0002323665957944,240.0
0.9999965457095032,0.9999967392947209,0.9999972190792061,0.9772615595337807,0.9785562167295847,0.9817525248483301,0.9916681060458596,0.9936996663001691,0.9965074896554027,0.9900857830202765,0.9919312643004734,0.9960121974304765,0.9899634843721746,0.9914693434246143,0.9962321700290535,0.9892975486846967,0.9911884794774923,0.9959910466128092,0.9890499170795461,0.991471879576237,0.9954450777038852,0.988791746209567,0.9911588077558905,0.9952671243324593,0.988422633861168,0.9914542836812957,0.9951024314949672,0.9883756852433148,0.9901164093279198,0.995739242514588,0.9882003949853637,0.9901242930400374,0.9957398233788729,0.9880657081508496,0.9886683144735186,0.9953922619673163,0.9899642572792958,0.9910996279501597,0.9961468377851075,0.9898894990305904,0.9914693721807806,0.9964280887502966,0.9880677604675561,0.9883679823669663,0.9952812893251486,0.9880683201237859,0.9881297149705794,0.9952410932238897,0.9879429790141663,0.986695810408905,0.9953911574608194,0.9879343297621274,0.986911655931797,0.9952390344909375,0.9879282192536954,0.9864044707704298,0.9954152810437223,0.988066669660225,0.991297562893435,0.9947503898658606,0.9878819840893082,0.9911465718023492,0.9946878352195779,0.988071697415421,0.9912976140051839,0.9945064762621265,0.9882840178858142,0.9914483588133228,0.9949689717219274,0.9882752903351295,0.9917129965005059,0.994978099905374,0.9872361642021927,0.9911251943600721,0.9944387673134916,0.9872035190538467,0.9911252143219346,0.994420060923987,0.9872248634035505,0.9914898833165079,0.9942505576553278,0.9868466916822694,0.9905203774668692,0.9941892117393555,0.9867735213042124,0.9905204671253528,0.9942258658757673,0.9868433811689404,0.990520397416157,0.9940703009264621,0.9871302366133324,0.9903088167702475,0.9957229595733509,0.9886545307546168,0.9909258955221446,0.995078054814032,0.9873250683077643,0.9909765272268758,0.9945633477958733,0.9867829789385697,0.990657947402606,0.9943965514020544,0.9869572912218644,0.9905200363145233,0.9943029244057114,0.9884825428273143,0.9907672190308903,0.9949001023025961,0.9886803702818843,0.9908341913137533,0.9950823658716076,0.9955697083752411,0.9968905755859837,1.0001474338907745,241.0
0.9999965520128035,0.9999967382818694,0.9999971990020848,0.9773005403117268,0.978549455062266,0.9816183257938974,0.9917292598568676,0.993692556355622,0.9963645166916971,0.9901453405258138,0.9919219979250292,0.9958652010942227,0.9900263377594305,0.9914589652769012,0.9960844222635856,0.9893561237942967,0.9911775890944005,0.9958427442949365,0.9891063565108247,0.9914621386199435,0.9952970034364979,0.9888484647660274,0.9911492591352143,0.9951194956256776,0.9884763359117955,0.9914447319426364,0.9949530295433733,0.9884334286638243,0.9901031715451368,0.9955890824826733,0.9882577742793507,0.9901107192012503,0.9955895627153202,0.9881241209163497,0.9886535127101209,0.9952397882746975,0.9900269616373643,0.9910883601389542,0.9959977633930575,0.9899544412691333,0.9914589940327628,0.9962808850215247,0.988126229213765,0.9883537300595114,0.9951297227957879,0.9881268161735184,0.9881160214177823,0.9950902477888298,0.988001218139885,0.9866751689583493,0.9952314992709042,0.987992509833296,0.9868893825320855,0.9950777121927777,0.9879864450514778,0.9863833244061555,0.9952549493093511,0.9881189450025203,0.9912879022217842,0.9946001433848626,0.9879336399909018,0.9911367392515629,0.9945371916260808,0.9881235610209448,0.9912879533330478,0.9943558170577058,0.9883371739786131,0.9914388697805666,0.9948193237509113,0.9883284597119266,0.9917040168802247,0.9948288360049382,0.987288527191405,0.9911149729028057,0.9942877737492579,0.987256472365742,0.9911149928644702,0.9942692264426983,0.9872772237781113,0.991479189922701,0.9940994062328348,0.9868990955911038,0.9905116039298829,0.9940380324842212,0.986825730930999,0.9905116935876219,0.9940745732128591,0.986896753489608,0.9905116238790052,0.9939194964932007,0.9871851999319394,0.9902931344567225,0.9955727621655586,0.9887114279632248,0.990916441607818,0.9949307147707716,0.9873758974946089,0.9909664974469454,0.9944120041682986,0.9868333604634423,0.9906478322729516,0.9942452933706942,0.9870088256107391,0.9905112627803717,0.9941516590007915,0.9885398736837049,0.9907581194950005,0.9947531553621841,0.9887373295118402,0.990824762668626,0.9949350258163744,0.9956094944409993,0.9968836866750012,1.0000106923188836,242.0
0.9999965415207372,0.999996740372446,0.9999971682862857,0.9772287945280692,0.978563439207819,0.9814155061942447,0.9916624917533943,0.9937073878655406,0.9961318363345062,0.9900832502553624,0.9919359891151309,0.9956268134055681,0.989967048662501,0.991471128356013,0.9958445253054332,0.9892933520968054,0.9911892093095961,0.995603017924535,0.989049388688419,0.9914789691119452,0.9950561784655674,0.988793589042203,0.9911670247713006,0.9948803238260281,0.9884228942710487,0.9914634000688367,0.9947095394912503,0.9883697670757345,0.9901113650749831,0.9953471550535482,0.9881939238809457,0.9901183979476468,0.9953476459328036,0.9880596576590035,0.9886592180237316,0.9949943554872517,0.9899676185147117,0.9910990604268581,0.9957560924786804,0.9898968730123049,0.991471157112225,0.9960414131111965,0.9880617687735381,0.9883593333947156,0.994884232055175,0.9880623570150177,0.9881215366026032,0.9948447240497437,0.9879370055930459,0.9866757498352366,0.9949824223432278,0.9879283190470675,0.9868893026277036,0.9948290224435854,0.9879222617860849,0.9863833409831577,0.9950053374543071,0.9880680605143475,0.9913082836061636,0.9943548482327204,0.9878844600548529,0.9911582213051532,0.9942911780124615,0.9880725661713827,0.9913083347184831,0.9941100010050499,0.9882847098359757,0.9914581504661227,0.9945750543953649,0.9882759656857034,0.9917230714654554,0.9945841509817034,0.9872424532966017,0.9911389594317087,0.9940393456422928,0.9872102633524584,0.9911389793938609,0.9940201465450365,0.9872312034685645,0.9915036605666153,0.9938523539538969,0.9868585835882656,0.9905392583833189,0.9937890702423098,0.9867856412577557,0.9905393480435836,0.993825635145516,0.9868568260697944,0.9905392783330039,0.9936703320871806,0.9871200603117681,0.9902976879578961,0.9953309675911659,0.988657509269152,0.9909347949317971,0.9946922682395295,0.9873301531826189,0.990990286933846,0.9941647116723579,0.9867906717508824,0.9906741987437427,0.9939972103932848,0.9869673698438436,0.9905389172241967,0.9939030914648784,0.9884871005636442,0.9907774953200188,0.9945157201385235,0.9886831774273792,0.990842700308666,0.9946965960787475,0.995536422387734,0.9968979345992512,0.9998039711292739,243.0
0.9999965100441426,0.999996745257332,0.9999971267649191,0.977019363447925,0.9785966671235656,0.9811437857477028,0.9914319260035342,0.9937399597978338,0.995803507764212,0.98984971257577,0.9919664633519156,0.9952839424332398,0.9897335292054924,0.9914990390999772,0.9954975360459469,0.9890588381477332,0.9912172929366543,0.9952560492491023,0.9888143161086598,0.9915099520598422,0.9947047831974875,0.9885593906388849,0.9911983568618606,0.9945287478588453,0.9881868269416069,0.991493286039668,0.9943509156049728,0.9881351103686051,0.9901359887936797,0.9949944614126276,0.987959654577138,0.9901429766267509,0.9949949622879777,0.9878224596399942,0.9886783479480536,0.9946328185575676,0.989734193810574,0.9911249199771179,0.9954066258320549,0.9896632928983915,0.9914990678570011,0.9956938113607718,0.9878245821763469,0.9883782488767744,0.9945226403728467,0.9878251757444643,0.9881402909071679,0.9944831276663957,0.9876975885640349,0.9866829446891283,0.994608108051735,0.9876888583579637,0.9868941801045268,0.9944533461309306,0.9876825622608191,0.9863893440900429,0.994629573852638,0.9878330128145529,0.9913375954474041,0.9939921503943547,0.9876497926146375,0.991187324550671,0.9939264081574768,0.9878381222630619,0.9913376465612296,0.9937469506694004,0.9880490267443938,0.9914876710489869,0.9942147244258392,0.988040243617546,0.991751887671852,0.9942231415372499,0.9870098857637629,0.9911695470337859,0.9936692454642869,0.98697776588486,0.9911695669965505,0.993649238631399,0.9869986805486681,0.9915345026450086,0.9934834823383104,0.9866279922954434,0.9905726998718439,0.9934152620110791,0.9865549373851311,0.9905727895351155,0.9934514567261026,0.9866263364942298,0.9905727198221983,0.9932956985146647,0.9868879736807217,0.9903221791804928,0.9949783081188796,0.9884238102966808,0.9909664521267927,0.9943405050306984,0.9870973855278915,0.9910207708145762,0.9937962121867668,0.986560159694799,0.990706255648022,0.9936263717407973,0.9867370222753864,0.9905723587012797,0.9935307195293054,0.9882532853954245,0.9908089426044514,0.9941637282397479,0.9884501203220445,0.9908752223363525,0.9943448001504933,0.9953229978387704,0.9969317763662157,0.9995269637822694,244.0
0.9999964656683967,0.9999967505471722,0.9999970967595597,0.9767254488833562,0.9786314216411318,0.9809487572696485,0.9911004185254755,0.9937804259202108,0.9955585240949576,0.989524052341483,0.992009159902846,0.9950334007035967,0.9894098342382904,0.9915425190417101,0.9952491642877783,0.988736892494192,0.9912592278900476,0.9950044882467528,0.9884890378733343,0.9915561470463754,0.9944490823256024,0.9882348589093598,0.9912452056944024,0.9942731768342851,0.9878627209275569,0.9915414451203823,0.9940904160331852,0.987817404432022,0.9901768190611404,0.9947405202111218,0.9876426011540161,0.990184139752447,0.9947409907490788,0.9875078132115996,0.9887151143214863,0.9943754699848931,0.9894106436547332,0.9911690269340754,0.9951597174103489,0.989340668246418,0.9915425478000006,0.995445644130292,0.9875099557845661,0.9884149660822753,0.9942654077301045,0.9875105589573007,0.9881770073054383,0.994226015560246,0.9873825915317719,0.9867109815913463,0.9943435163330278,0.9873738240242664,0.9869201202009928,0.9941875923438498,0.9873675254382783,0.986416573167379,0.9943642231400572,0.9875118293629658,0.9913875696734542,0.9937288974744145,0.9873300702022494,0.9912384591831371,0.9936615655015687,0.9875176296219496,0.9913876207898559,0.9934835887870326,0.9877260484619735,0.9915364850795599,0.9939532137811674,0.9877172828786436,0.9918004915150188,0.9939618635054661,0.9866903407417605,0.9912213069305328,0.9933985553344179,0.9866573589914124,0.9912213268943375,0.9933774043858836,0.98667911663197,0.9915853080518235,0.993212372643249,0.9863182435324337,0.9906270940404459,0.9931464863798444,0.9862462416337652,0.9906271837086227,0.9931829766631017,0.9863169312299753,0.9906271139918926,0.993026506770832,0.9865747347813439,0.990365666593119,0.9947242773314415,0.9881000580333952,0.9910137814469612,0.994085110239162,0.9867800892747985,0.9910729184553575,0.9935286674518204,0.9862476354108594,0.9907598170367925,0.9933582959456057,0.9864259946159503,0.9906267528512182,0.9932622620270156,0.9879299537335902,0.990856633807033,0.9939086008928185,0.9881265790071468,0.9909227801370663,0.9940893965270122,0.9950234521558843,0.9969672039039205,0.9993281114301212,245.0
0.9999964088714803,0.9999967525350928,0.9999970676049312,0.9763515200795461,0.9786452983978325,0.9807616081089728,0.9906640498040363,0.9937919794515799,0.9953088873743545,0.9890940003672756,0.9920202876203004,0.9947782664510032,0.9889821885967478,0.9915528882683914,0.9949944795142939,0.9883080515742138,0.9912679188906156,0.9947471847670541,0.9880631985446816,0.9915698506599935,0.9941917116157641,0.9878094383863062,0.991258302393284,0.9940160212196237,0.9874408645884905,0.9915575984790459,0.9938311133071397,0.9873895823425933,0.9901819841455483,0.9944793626739851,0.9872150796800441,0.9901890979136472,0.9944798396791823,0.987079489893918,0.9887155381995046,0.9941083298141289,0.9889830625885392,0.991178789373995,0.9949047196333981,0.9889144178671361,0.9915529170269872,0.9951914639703641,0.9870816151175048,0.9884150601229337,0.9939978009990433,0.9870822097556218,0.9881767939192428,0.9939580513295456,0.9869542287783954,0.9867017789679859,0.9940678762130364,0.9869455045616048,0.9869103734308696,0.9939129285677017,0.9869391507679697,0.9864062001927107,0.9940873225853695,0.9870941274544254,0.9914061759489918,0.9934687742885838,0.9869149243719825,0.9912587016518158,0.9934012320711584,0.9871000111529403,0.9914062270663527,0.9932231661143637,0.9873057833831776,0.9915534553646534,0.9936934861343835,0.9872969854877607,0.9918168456018063,0.9937016018805208,0.9862800521327635,0.9912425126612149,0.9931384187358421,0.986247419919926,0.9912425326254455,0.9931172633423598,0.9862688659558922,0.9916065396569325,0.9929533070466726,0.9859137315874382,0.9906501316575355,0.9928859571748352,0.9858421108583234,0.99065022132778,0.9929225569974673,0.985913041316153,0.9906501516094431,0.9927660379049026,0.9861490815252664,0.9903698848505081,0.9944631917242331,0.9876748643583689,0.9910265490986052,0.9938278934466165,0.9863688767276089,0.9910941133957355,0.993268107043936,0.9858408669073684,0.9907821466674087,0.9930977770622693,0.986020462781858,0.9906497904604402,0.9930017097146264,0.9875047754062921,0.9908693970182482,0.9936512668571832,0.9877015862670517,0.9909357447514332,0.9938321718837826,0.9946423073578619,0.9969813270955699,0.9991372402788066,246.0
0.9999964054505921,0.9999967558943992,0.9999970655024606,0.9763291940951029,0.9786677225290423,0.9807484537671491,0.9906369659218958,0.9938158621098154,0.9952891820327087,0.9890685483612496,0.9920465292947539,0.9947560921984504,0.9889563548469421,0.9915780393000132,0.9949701576472318,0.9882830253990292,0.9912943481085715,0.9947237616087279,0.9880404270745065,0.991598987712518,0.9941704689059762,0.9877864254483412,0.9912861210168896,0.9939944808500673,0.9874206414654775,0.9915904388263979,0.9938105545656754,0.9873654893488674,0.9902086810630059,0.9944541557614163,0.9871917595148245,0.9902162643676691,0.9944546196006073,0.9870527621381541,0.9887394617053884,0.9940805421456569,0.988957342303434,0.9912030677879858,0.9948796659221963,0.9888882694823186,0.9915780680593387,0.9951664026588469,0.9870548943108213,0.9884389113663415,0.9939700488009566,0.9870554922144288,0.9882006011728169,0.9939303473595278,0.9869279041806598,0.9867202776655127,0.9940384055218626,0.9869192074333091,0.986928143804988,0.9938839257019167,0.9869128744240036,0.9864241064383527,0.9940575602662405,0.9870769460461288,0.9914421332060548,0.9934486051690155,0.9868994840005358,0.991296541419721,0.9933810502516617,0.9870830145316426,0.9914421843252684,0.9932031784080494,0.9872867419731328,0.9915875303530134,0.9936732382151361,0.9872780015617065,0.9918510955107412,0.9936821385405763,0.9862675674835726,0.9912825255321981,0.9931183582022886,0.9862348940569821,0.9912825454972326,0.9930972871519445,0.986256373681561,0.9916456497405131,0.9929329083301627,0.9859038892261605,0.9906944919808659,0.9928653653514482,0.9858321977581149,0.9906945816551118,0.992902015331072,0.9859028853355478,0.9906945119336653,0.992745277672432,0.98613062587835,0.9904006385295182,0.9944378549466076,0.9876517062508573,0.9910536316683203,0.9938060183148933,0.9863565023411693,0.991134492961629,0.9932479644153284,0.9858316702169199,0.9908256814127101,0.9930773873188082,0.9860110477447915,0.9906941507685451,0.9929811889796698,0.9874810655303539,0.990895940912939,0.993628857329645,0.9876787267989997,0.9909631150215934,0.9938102865057484,0.9946195479869046,0.9970041746851813,0.9991238153115549,247.0
0.9999964790126155,0.9999967581043987,0.9999970998625418,0.9768148580593293,0.9786830524630535,0.9809700945712967,0.9911945838895034,0.9938298244526986,0.9955775500129713,0.9896308925738069,0.9920566326953655,0.9950458911750042,0.989519447521197,0.9915859063879587,0.9952570050722939,0.9888466579869357,0.9913032029938738,0.995014355825851,0.9886060408755055,0.9916063093268684,0.9944646153759819,0.9883513233936516,0.9912927917039217,0.9942883757474857,0.9879875101258884,0.9915942941515927,0.9941080021967662,0.9879310886757886,0.9902157308764135,0.9947462004850399,0.9877576379395498,0.9902230261960693,0.9947466895058178,0.9876193186217523,0.9887448320559662,0.9943746670593588,0.9895204602746295,0.9912091455047106,0.9951647417104273,0.9894517916799387,0.9915859351475171,0.9954528081143408,0.9876214796289332,0.9884444454079163,0.9942647320225315,0.9876220913907992,0.9882063320517424,0.9942255055859192,0.9874943904092776,0.986722144739143,0.9943342398517819,0.9874858105361457,0.9869310268471588,0.9941824009985637,0.987479332958921,0.9864253564127128,0.9943532016970444,0.9876442052113549,0.991442846972775,0.9937476091963233,0.9874672259480325,0.9912952690774568,0.9936806809747679,0.9876497243999608,0.9914428980920118,0.9935023615052121,0.9878537746607551,0.991590230588006,0.9939714428576178,0.9878451020095055,0.9918540555472405,0.9939811153720853,0.9868358139889714,0.991275431373044,0.9934181155242512,0.9868030480062542,0.9912754513379205,0.9933974084968912,0.9868244535180368,0.9916346417809968,0.9932278203765142,0.9864737380611449,0.9906840356364276,0.9931698871223147,0.9864018709842656,0.9906841253096472,0.9932066770352892,0.9864731638701997,0.9906840555889976,0.9930505350513269,0.9866976829281188,0.990405462959748,0.9947299954393993,0.9882170175997834,0.9910599941527533,0.9941001609549698,0.9869250568291896,0.9911289895560998,0.993548743037385,0.9864014165400938,0.9908162516814502,0.9933799757522804,0.9865804457899995,0.9906836944280109,0.9932847781902414,0.9880464844022906,0.9909024171701509,0.9939232586916922,0.9882439860268442,0.9909692009333663,0.9941044421414471,0.9951145537984192,0.9970197826748513,0.9993498324104345,248.0
0.9999965739851068,0.9999967579067222,0.9999971624619086,0.9774439373679785,0.9786827697156916,0.9813776085744637,0.9919036230156453,0.9938247112347985,0.9960843592916047,0.9903476286291172,0.9920460852084027,0.9955579793564476,0.9902371047674247,0.9915747059761864,0.9957677254259603,0.9895669001974998,0.9912921960329455,0.9955285123605049,0.9893262269154033,0.9915889735921976,0.9949831941175576,0.9890705891215702,0.99127404123438,0.9948063225820014,0.9887074708178918,0.991569919576651,0.994632090127942,0.9886541578735765,0.9902040587585582,0.9952627418637173,0.9884811818059568,0.9902112750684183,0.9952632449828023,0.9883437042428734,0.9887319519888133,0.9948948208414323,0.9902384089762135,0.9911974226611693,0.9956751144021524,0.9901697823506705,0.9915747347354276,0.9959629686040434,0.9883458530691902,0.9884314596559906,0.9947848983306289,0.988346458772375,0.9881932423723934,0.9947456980790885,0.9882192652864498,0.9867079684421631,0.9948599355739661,0.9882107819921764,0.9869175132582362,0.9947101402988214,0.9882042563008482,0.9864109071560018,0.9948792984524031,0.9883648683435843,0.9914124832064486,0.9942761755301498,0.9881882134273662,0.9912612623315195,0.9942115395642298,0.9883703937191737,0.9914125343240994,0.9940317576014226,0.9885740079632477,0.9915635100738895,0.9944972203605564,0.988565348015723,0.9918271288050331,0.994506732162392,0.9875583658342333,0.9912362553162832,0.9939544701026708,0.9875255722958132,0.9912362752803541,0.9939343989997848,0.9875470213139472,0.9915948730078457,0.9937639836584353,0.987198207318886,0.990638098423429,0.9937104215047006,0.9871266697206201,0.990638188092395,0.9937476778827156,0.9871978229804858,0.9906381183750504,0.9935919093503509,0.987423940812771,0.9903936364640148,0.9952465502438126,0.9889362416917407,0.9910404981963652,0.9946179249667725,0.9876476733572822,0.9910900541889347,0.9940835215220888,0.9871253972520021,0.9907718698687163,0.9939175040643565,0.987304170647093,0.990637757231199,0.9938238614631052,0.9887650643074405,0.9908823626030308,0.9944406580408426,0.9889631331025255,0.9909493586677647,0.9946222220047656,0.9957556874402931,0.9970194713035777,0.9997653146868957,249.0
0.9999966740787817,0.9999967642159752,0.9999972249948804,0.97810620131959,0.9787250985745091,0.9817845391909508,0.9926553711713123,0.9938690608311724,0.9965931294892075,0.9911054555325204,0.9920912378176344,0.9960704297517293,0.9909967143694927,0.9916184667029765,0.996278748319226,0.9903262919232837,0.9913364258659014,0.9960410942359389,0.990087942429626,0.9916364950956629,0.9955030253364688,0.989831962954015,0.9913214689417413,0.9953260949276976,0.9894712833030945,0.9916188229321494,0.9951571403371586,0.9894153012180907,0.9902469518742019,0.9957757524226831,0.9892428001925974,0.9902541468905283,0.9957762860328615,0.9891045814041239,0.9887723354824649,0.9954083462387765,0.9909981848792141,0.9912400696786856,0.9961851521600719,0.9909303362750633,0.9916184954634873,0.9964738739672433,0.9891067355089939,0.988471883151429,0.9952986980080352,0.9891073436431838,0.9882337156202472,0.9952597350562024,0.9889796726719413,0.9867430476048921,0.9953728084732484,0.9889712437230161,0.9869525013306184,0.9952239688638049,0.9889645937260637,0.9864453088125499,0.9953919363553906,0.9891313525639326,0.9914628466054772,0.9948056803182382,0.9889567168881799,0.9913126250447108,0.994743646046779,0.9891360665473358,0.9914628977257196,0.994561571883396,0.9893388430525929,0.9916128742935401,0.9950238374039905,0.9893301589359574,0.9918760025125308,0.9950326352551061,0.9883318758748618,0.9912905988424405,0.9944953588578408,0.9882994540100573,0.9912906188076048,0.9944762338254329,0.9883207203986818,0.9916518098866319,0.9943092509370391,0.9879748789863255,0.9906946173211892,0.9942511957106728,0.9879035029137287,0.9906947069952512,0.9942888526338566,0.9879742413118616,0.9906946372739455,0.9941332623737061,0.9881882695862375,0.9904366759214631,0.9957595789066609,0.9896982928712871,0.9910879902486089,0.995138061529512,0.9884201397490374,0.9911433431260983,0.9946201713952328,0.9879014229179627,0.9908268576860391,0.9944560056402193,0.9880807763343039,0.9906942761095665,0.994363451337548,0.9895273395073769,0.9909301112553904,0.9949612272688864,0.9897251529379629,0.9909965705233482,0.9951423719701595,0.9964306619748936,0.9970625959603996,1.0001802105681787,250.0
0.9999967461328569,0.9999967626675484,0.9999972678983817,0.9785833453015319,0.9787157673390485,0.9820636103892236,0.993194650251574,0.9938538537518694,0.9969436790658501,0.9916484795840101,0.9920740847695719,0.9964223335747866,0.9915421220168471,0.9915999208092955,0.9966300926862486,0.9908700958276865,0.9913189810911394,0.9963936405073336,0.9906325568782169,0.9916177018228531,0.9958575952120333,0.9903766455170726,0.9913021564700368,0.9956807331789641,0.9900149914523494,0.991597407666751,0.9955128548721627,0.9899603233677255,0.9902290852398076,0.9961296487014478,0.9897881925257885,0.9902362378952354,0.9961300989020264,0.9896492509212764,0.9887535535492258,0.9957648352571293,0.9915435973759329,0.9912204093709133,0.9965356655085379,0.991477170068695,0.9915999495692716,0.996825506034001,0.9896514369090962,0.9884533358608172,0.9956558251425026,0.9896520604222423,0.9882154340952393,0.9956173964916224,0.9895242895685981,0.9867224092678042,0.9957328175104946,0.9895159493441008,0.9869324120577018,0.9955858855259421,0.9895091896747855,0.98642434219473,0.995752104123429,0.989675115411584,0.9914397103159149,0.9951630882025391,0.9895005526954822,0.9912886414796314,0.9951021170116144,0.989679662867036,0.9914397614349489,0.9949194844212385,0.9898825540815281,0.9915905854433507,0.9953798591281571,0.9898737817521548,0.9918526825072556,0.9953869796883426,0.9888737608489003,0.991264076643578,0.9948552847060592,0.9888405094623024,0.9912640966081977,0.9948361038953519,0.9888625958285565,0.9916241899795285,0.9946684247804488,0.9885234296783366,0.9906665495290954,0.9946165105529001,0.9884529896595036,0.9906666392005623,0.9946548271602753,0.9885228195557257,0.9906665694812739,0.9944991212395886,0.9887358405623051,0.9904192268264002,0.9961133682739196,0.9902431520438781,0.991068465211551,0.9954926352586039,0.9889641850062497,0.9911172668710369,0.9949805478826651,0.9884479263490457,0.9907986918132556,0.9948186779862691,0.9886282170573726,0.9906662083273489,0.994727442617552,0.9900718548851767,0.9909102840956298,0.9953156550546219,0.990270097815358,0.9909769509688345,0.9954969516148914,0.9969169533866284,0.997053063004247,1.0004647499043842,251.0
0.9999967166407794,0.999996759829739,0.9999972640744614,0.9783902918629346,0.9786972155685746,0.9820410662417965,0.9929624727396347,0.993831626820369,0.9968988247825505,0.991414195097893,0.9920499076072914,0.9963779755357751,0.991309980223984,0.9915744350851585,0.996584937152246,0.9906352911805377,0.9912934271933003,0.9963509027058647,0.990393713576919,0.9915944285850674,0.9958132584714908,0.9901370796839827,0.991278127432767,0.9956361766356634,0.98977259115927,0.9915759782658967,0.9954673643559668,0.9897274340980075,0.9902015470750306,0.9960904499301062,0.9895550465267873,0.9902080318348554,0.9960908673087273,0.9894200473387057,0.9887265237294394,0.9957312029439479,0.9913115379569392,0.9911938766462693,0.9964892413877242,0.9912462519730713,0.9915744638443909,0.9967808236746983,0.9894223051817671,0.9884268211860144,0.9956232452749242,0.9894229635883106,0.9881895023750006,0.9955856839888229,0.9892963709616974,0.9866963381296192,0.9957055533489925,0.9892881258093773,0.9869070027958313,0.9955609227854099,0.9892814236904092,0.9863982927287023,0.9957253083716795,0.9894315697483037,0.9914200082850132,0.995117491538382,0.9892562527303065,0.9912700522342394,0.9950564251860933,0.9894361903543244,0.9914200594030331,0.9948739576234745,0.989639713411144,0.9915697705644515,0.9953343181599916,0.9896309418038503,0.9918316244786289,0.9953413924615271,0.9886275680904648,0.991247659446844,0.9948104604571493,0.9885939803637772,0.9912476794111367,0.9947911567566361,0.988616529696532,0.9916092485383822,0.9946268248131477,0.9882756422421268,0.990652127948567,0.9945687121978951,0.9882050121677186,0.99065221761874,0.9946069644810779,0.9882741620802479,0.9906521479004583,0.9944507717686761,0.9885010817477085,0.9903873340047835,0.9960742982228915,0.9900034748656833,0.9910440004628608,0.9954478738810888,0.9887188154409768,0.9911002494621416,0.9949347335592339,0.9882020969749745,0.9907832117211087,0.9947719756652456,0.9883816335465174,0.9906517867517438,0.9946801535831551,0.9898318770252268,0.9908855514296337,0.9952705711578687,0.9900303303532239,0.9909521498275509,0.9954522036170044,0.9967201498142354,0.9970341489439953,1.0004417070339793,252.0
0.9999966329256076,0.9999967534133013,0.999997224398922,0.9778383807925323,0.9786547590053656,0.9817850757248936,0.9923235061694012,0.9937837532807354,0.9965634606474426,0.9907701662185218,0.9920001318291339,0.9960385876399311,0.9906650050219489,0.9915234419028336,0.9962432772959037,0.9899890926569332,0.9912421478977715,0.9960105214190933,0.9897474833505829,0.9915455535356469,0.995472182482367,0.9894910484997438,0.9912295648484503,0.9952958402619743,0.9891251223286939,0.991528631757899,0.9951240557382846,0.989081273331756,0.9901480987219375,0.9957497794121527,0.9889085175384134,0.9901543216271269,0.9957501903493571,0.9887758752263183,0.9886714778828696,0.9953901101788706,0.9906664601041794,0.9911419094532107,0.9961463647098112,0.9906007858158297,0.9915234706605817,0.9964387135635501,0.9887781852218183,0.9883720876374472,0.9952827720371613,0.9887788689787699,0.9881351394431168,0.9952457248160574,0.9886530076359838,0.9866371406727631,0.9953617126276565,0.9886448289606705,0.9868480262614654,0.99521877860789,0.9886381554491697,0.9863385188518906,0.9953808430523382,0.98878348272058,0.9913742845332062,0.9947730953901331,0.988607647895056,0.9912254417359123,0.9947116171991897,0.9887884224194934,0.9913743356488813,0.9945294152058837,0.988991996661229,0.9915229332581433,0.9949904517945628,0.9889831753817682,0.9917842264541606,0.9949968460558364,0.987979315903952,0.9912039313624454,0.9944663395592449,0.9879462819611545,0.9912039513258671,0.9944472199537829,0.9879683505480341,0.9915660415853326,0.9942847318259355,0.9876228253893885,0.9906089830730724,0.9942207309756526,0.987551965803517,0.9906090727393905,0.9942587792279193,0.9876211520352824,0.9906090030241063,0.994102355010914,0.9878525156474531,0.9903321976840391,0.9957336936021471,0.9893575877285582,0.9909955830259322,0.9951076653300053,0.9880690941523151,0.9910563092549693,0.9945893098997425,0.9875503322044318,0.9907399872068252,0.9944253774908842,0.9877293526813626,0.9906086418909172,0.9943328551713267,0.9891863789534955,0.9908375096069023,0.9949305638772481,0.9893843145050821,0.9909033439133743,0.995112009773359,0.9961576029877677,0.9969908777642634,1.0001806525277006,253.0
0.9999966017665274,0.9999966881580727,0.9999972412064103,0.9776418031428097,0.9782258055868864,0.9818990027761666,0.9920466758121224,0.993284800515301,0.9966748522391916,0.9904897996287216,0.9914995005725135,0.9961458736588257,0.9903856741098642,0.9910214600409865,0.9963490337850398,0.9897071972366961,0.9907410262245987,0.9961166782623359,0.9894646010927904,0.9910447192411366,0.9955781624370236,0.9892078492663643,0.9907297913777342,0.9954031219638722,0.9888416021881018,0.991028497225827,0.9952281274075585,0.9887983614476893,0.9896462729865848,0.9958549797690315,0.9886251650138745,0.9896526957078173,0.9958554463250318,0.9884941393813809,0.9881680781384804,0.9954935765578514,0.9903868752157977,0.9906388470596011,0.9962507224909427,0.990322266635184,0.9910214887841702,0.9965446014918258,0.9884964384299911,0.9878686335870158,0.9953862084676014,0.9884971168931436,0.987631646066932,0.9953491461927879,0.9883725577485559,0.9861305351989141,0.9954634921093004,0.9883644259652535,0.9863412673586323,0.9953214418943634,0.9883578659190537,0.9858315194625624,0.9954822641777558,0.9884984045062069,0.9908748454081482,0.9948756984685911,0.9883218571517063,0.9907264649619125,0.9948135887735663,0.9885029837473501,0.9908748964980973,0.9946316151448793,0.9887078764291507,0.9910230314059595,0.9950939104788948,0.9886990506703112,0.991284154342675,0.9951000692658141,0.9876945028813577,0.9907053376032326,0.9945678341144191,0.9876622557315533,0.9907053575566285,0.9945488603774407,0.9876835736097851,0.9910671105614131,0.9943867554358466,0.9873324795093664,0.9901107742550602,0.9943191707232424,0.987261605033853,0.9901108638763703,0.9943570267330378,0.9873307328721528,0.9901107941960793,0.9942004322040693,0.9875666334370933,0.989831279157218,0.995838906375043,0.9890747646107871,0.9904963233990667,0.9952158358175599,0.9877822209328313,0.9905578526297942,0.9946902092868142,0.9872604220088412,0.9902422590214065,0.9945250911181851,0.9874392080490435,0.9901104332441608,0.9944319467550503,0.9889047513128545,0.9903396141504323,0.9950399974727258,0.9891013001258017,0.9904035679858697,0.9952202005886109,0.9959570470312771,0.9965536200515845,1.0002967115174128,254.0
0.9999965986123518,0.9999965746397635,0.9999973153912791,0.977640567378934,0.9774799816658304,0.9823912292279583,0.991942964496293,0.9924154666065881,0.9972247451657892,0.9903825879383178,0.9906307566966185,0.9966908376869646,0.9902794351799055,0.9901515585820377,0.9968920729932208,0.9895987935129208,0.9898732864336582,0.9966603459966525,0.9893549702476049,0.9901763788719165,0.9961210151774837,0.9890976575276492,0.9898623817940851,0.995947160635669,0.9887318002902294,0.9901615264601428,0.9957684391686753,0.988688969064687,0.9887799884130892,0.9963976288297496,0.9885156173865006,0.9887870542123284,0.9963981466823276,0.9883846179019969,0.9873009405869679,0.9960344779946266,0.9902804300655872,0.9897680195430512,0.9967923987038685,0.9902167657323636,0.990151587299988,0.9970875080546913,0.9883868919385909,0.9870014843296805,0.9959271368576808,0.9883875583374937,0.9867644907485184,0.9958901009095944,0.9882619694549032,0.9852617615354983,0.9960029430125535,0.9882539374807316,0.9854732271880594,0.9958629215344155,0.9882471227140436,0.9849624167581644,0.9960212056650155,0.9883872462763659,0.9900092096145635,0.9954143031896012,0.9882103677008407,0.9898617077838616,0.9953515297430662,0.9883910120153988,0.9900092606599076,0.9951697129168324,0.9885975494781472,0.9901565167190327,0.9956334358620083,0.988588706654524,0.990417359565206,0.9956389608176908,0.9875851493594463,0.9898404013066129,0.995106726942496,0.9875542641966392,0.9898404212426051,0.9950881783832555,0.9875743321238141,0.990203075314995,0.994927766208584,0.9872169542028972,0.9892444623154565,0.9948539498631592,0.9871461392433993,0.9892445518584357,0.9948915895536979,0.9872152495687029,0.9892444822390463,0.9947349654777938,0.9874558959753941,0.9889684175060269,0.9963814796216731,0.9889647737472166,0.9896293449894699,0.9957607592699801,0.9876692806940827,0.9896925503283142,0.9952271346495997,0.9871445419753354,0.9893761941084475,0.9950610327969235,0.9873236774443879,0.9892441216026078,0.9949673174189266,0.9887956772875407,0.9894739321531826,0.9955861705228464,0.9889912450023647,0.989536222128572,0.9957651386490524,0.9959553987213218,0.9957933486711004,1.0007983644365939,255.0
0.9999965895974742,0.999996471829664,0.9999973855648306,0.9776014952501201,0.9768048635362859,0.9828577843923585,0.9917995726666601,0.9916271790180624,0.9977400681630584,0.9902342207995014,0.9898418665346189,0.9972009695169619,0.990133378408034,0.9893620177423111,0.9974017459667327,0.989448794968883,0.9890839820866453,0.9971689821148256,0.9892008146201957,0.9893877591213943,0.9966278025566621,0.9889412524066004,0.9890731200905339,0.9964529494730389,0.9885764062688207,0.9893754468783292,0.9962732670461558,0.988535947832344,0.987990088336025,0.9969042153074303,0.988362142191184,0.9879971807158329,0.9969048170528371,0.9882293386251505,0.9865103949062983,0.9965374199039208,0.9901341865631529,0.9889779581918718,0.9973010949504193,0.9900722351075016,0.9893620464373595,0.9975976381360141,0.9882315895994473,0.9862110448992658,0.9964301422750894,0.9882322449899891,0.9859741415768054,0.9963931428806256,0.9881049604781028,0.9844692177900876,0.9965017170568035,0.988096979287814,0.9846807989332013,0.9963625463381046,0.9880898801112485,0.9841695939453785,0.9965193014030292,0.9882307968951625,0.9892250872008183,0.9959179882287277,0.9880534700580562,0.9890786960680038,0.995854558274842,0.9882342414718798,0.9892251382057603,0.9956732096640795,0.9884417568205864,0.9893712833911189,0.9961378968194436,0.9884329489844479,0.9896325815635186,0.9961437752880415,0.9874262759415746,0.9890584162262854,0.9956086558509375,0.9873951949512397,0.9890584361465453,0.9955895304781309,0.987415620279385,0.9894230240225177,0.9954332097387626,0.987055651260037,0.9884607571853112,0.995353455673578,0.986984590788754,0.9884608466574321,0.9953907559209523,0.9870539954610482,0.9884607770931344,0.9952342394330651,0.987299685430452,0.988177965295759,0.996888161500479,0.9888074811327174,0.9888396322253262,0.9962661494896153,0.9875108507946135,0.988909779403073,0.995729135035871,0.9869837894550652,0.9885933270725442,0.9955618687354792,0.9871626608804078,0.9884604167420804,0.9954675166324355,0.9886374250498539,0.9886836658957028,0.9960910145581031,0.9888341205310079,0.9887464778702209,0.9962705304693795,0.9959152028023021,0.9951051460990531,1.0012738328415074,256.0
0.9999965803416793,0.999996384777177,0.9999974504993117,0.9775598454177729,0.9762332914266102,0.9832896809817219,0.9916643222507106,0.9909598387184233,0.9982161296633755,0.9900942518132121,0.9891767146639233,0.997674391724787,0.9899937568658232,0.9886983452218756,0.9978753614993806,0.9893086201106137,0.9884223433258406,0.9976432081433203,0.9890557601223509,0.9887200425215785,0.9970953275191894,0.9887949455081115,0.9884053441309478,0.9969205407334082,0.9884285822254589,0.9887054734864713,0.9967351001263324,0.9883950266645242,0.9873335293054358,0.9973796964997459,0.988221349310625,0.9873413872288587,0.9973804331214982,0.9880869908517194,0.9858576293119394,0.997014090716958,0.9899945325007095,0.9883154693462733,0.997775350720739,0.9899328461412893,0.9886983738976787,0.9980708890451896,0.9880892537483006,0.9855589763187352,0.9969075080118386,0.9880899154279429,0.9853227117389796,0.9968710057357584,0.9879635400082145,0.9838228303403311,0.9969828786707656,0.9879555838983725,0.9840349005113739,0.9968441161350485,0.9879485766367245,0.9835239616809958,0.9970009829088059,0.988080093247861,0.9885532216690247,0.9963764557820568,0.9879010016910236,0.9884056904897514,0.9963113937880949,0.9880836286900903,0.9885532726393257,0.9961316288914862,0.9882928004653131,0.9887005578410444,0.9965980800840802,0.988283871690211,0.9889617374340325,0.9966022259975621,0.987268890061458,0.988382308354655,0.9960602682901356,0.9872372736519316,0.9883823282612978,0.9960402188072961,0.9872582545675489,0.9887464293566194,0.9958847450492668,0.9868943005341853,0.9877789728995211,0.9958044481773243,0.9868232228445218,0.9877790623099287,0.9958414794265713,0.9868924060511236,0.9877789927936117,0.9956846801337288,0.987159695508103,0.9875256833605329,0.9973636397307672,0.9886609196480545,0.9881717437273867,0.9967339584261609,0.9873548488326643,0.9882338696748937,0.9961831810597862,0.9868243100552686,0.9879142414827787,0.9960145715871982,0.9870017413204463,0.98777863269111,0.9959194513757024,0.9884908579835451,0.9880161084163608,0.9965591215414108,0.9886875104142572,0.9880782338306258,0.9967383535039747,0.9958724230525968,0.9945224965763738,1.0017139764546428,257.0
0.9999965715615077,0.9999963128007958,0.999997505474692,0.9775202535623264,0.9757613528980097,0.9836560869507954,0.9915411360544777,0.9904056630256108,0.998615596480044,0.9899697499015984,0.988627832228524,0.9980672873805572,0.9898704467236583,0.9881520690075435,0.9982692030370057,0.9891836012052546,0.9878758767678739,0.9980336628358063,0.9889305626758431,0.9881715386523474,0.9974808408408745,0.9886685565067108,0.9878567504851552,0.9973055590420399,0.9883057744383715,0.9881571761969375,0.9971149965664503,0.988269086412158,0.9867905470023016,0.9977666954330705,0.9880954117846025,0.9867987547282634,0.997767401314981,0.9879597501235494,0.9853180430716334,0.9973958572742546,0.9898712781276942,0.9877712781917171,0.9981699732700052,0.9898102090256296,0.9881520976675091,0.9984647115777993,0.9879619635271921,0.985019989589863,0.9972891405721168,0.9879626020311967,0.9847841369453804,0.9972523902748097,0.987836543341018,0.9832868192630788,0.9973575256700309,0.9878286196164496,0.9835006928805056,0.9972196583566314,0.9878216066967177,0.9829881304376064,0.9973745574898959,0.9879594559439381,0.9880046116506654,0.9967535109255763,0.9877815630424192,0.9878566986287518,0.9966871342518123,0.9879633894911309,0.9880046625926832,0.9965085725322945,0.9881708011242905,0.9881523296676611,0.996976610545542,0.9881617434295813,0.9884144331950134,0.9969794235847256,0.9871542773234534,0.9878317159895247,0.9964336229944848,0.9871239078247779,0.9878317358850794,0.9964135298840343,0.9871436587593112,0.988195446575903,0.9962580436609987,0.9867773936699592,0.9872267638009679,0.9961749474850219,0.9867059223418001,0.9872268531614012,0.9962114224346414,0.9867765656611485,0.987226783683938,0.9960552125076093,0.9870336927843734,0.986984381266456,0.9977505576159504,0.9885341915103463,0.9876230787637711,0.997118813634446,0.9872369872651757,0.9876834362252641,0.9965566703910205,0.9867059911197185,0.9873622759590339,0.9963867664283252,0.9868841848724832,0.9872264237827097,0.9962908057390639,0.9883636369895018,0.9874672436836378,0.9969437638759792,0.988560856476927,0.9875293827102442,0.9971232165505841,0.9958317789963413,0.9940413962653726,1.0020873614809696,258.0
0.9999965521611582,0.999996259095545,0.99999755725765,0.9774093260041998,0.9754091334098414,0.9840024103351072,0.9913442063485137,0.9899922640038981,0.9989860190053311,0.9897692271513233,0.9882251899061945,0.9984290163295829,0.9896700284617219,0.9877522786742917,0.99863037606675,0.9889839178999613,0.9874784410503551,0.9983939560230907,0.9887255957143917,0.9877716308600687,0.997830564929116,0.9884625421030382,0.9874564331781783,0.9976548367744147,0.988100560026644,0.9877596918526904,0.9974540129722305,0.9880699034520078,0.9864006259222609,0.998124549960789,0.9878965624958957,0.9864095659207989,0.9981251941445287,0.9877599131386288,0.9849353966723362,0.997750191173804,0.9896708851755526,0.98737376928225,0.9985311633464594,0.9896098342651255,0.9877523073226667,0.9988255372443713,0.9877621090870139,0.9846386920500994,0.9976439826074543,0.9877627404614044,0.9844039223427941,0.9976074231602331,0.9876370130939146,0.9829136017573069,0.9977061072582966,0.9876291060397693,0.9831295328039604,0.9975689145212722,0.9876221138472605,0.9826158159859961,0.9977222781184415,0.9877543822027768,0.9876082871297082,0.9970857192055569,0.9875767348885583,0.9874607257225947,0.997015864726622,0.9877582930689105,0.9876083380512843,0.9968400364508597,0.9879656116314965,0.9877556536731896,0.9973127902217032,0.987956411004365,0.9880195242356768,0.9973145394932691,0.986949003174137,0.9874343324644612,0.99675206709665,0.9869186400044861,0.9874343523520085,0.9967307233009012,0.9869383023670365,0.9877958665485113,0.9965739755853703,0.98657286504829,0.9868308872043092,0.9964916409773961,0.9865013284008829,0.9868309765288967,0.9965275807094266,0.9865724417149877,0.9868309070793037,0.9963711337842497,0.9868371843252697,0.9865992544944551,0.9981082071484805,0.9883278139204099,0.9872225009454855,0.9974678768292582,0.9870317301871981,0.9872869457145631,0.9968793857292784,0.9865007058845223,0.9869657022956791,0.9967068286889916,0.9866795584773226,0.9868305473224449,0.9966091589291427,0.9881567419374274,0.9870664132454293,0.9972925168787385,0.9883545128895089,0.9871285398489986,0.9974722904056806,0.9957184615917403,0.9936823400487481,1.002440256110433,259.0
0.9999965415631881,0.9999962128774402,0.9999976011251828,0.9773542131823196,0.975106133512597,0.9842953514425612,0.9912232768104705,0.9896361922434885,0.9993026817119434,0.9896474887712112,0.9878800580239123,0.9987395523907189,0.9895501755280639,0.9874097370142906,0.9989400703502173,0.9888632458641542,0.9871405239325965,0.9987049507697088,0.988601421045752,0.9874263021998029,0.998129257906744,0.988337312682687,0.987110719904955,0.9979530911035885,0.987977528930472,0.987413938717785,0.9977430310840781,0.9879498091901687,0.9860731266794369,0.9984356552244231,0.9877768206715378,0.9860827032675875,0.9984361522111829,0.9876391160662005,0.9846200094659449,0.9980621065525223,0.9895510165474312,0.9870332993153252,0.9988396120481863,0.9894911243289127,0.9874097656527308,0.9991356593951426,0.9876412458117476,0.984324659730688,0.9979558078179438,0.9876418467360628,0.9840908604622092,0.9979188843892384,0.9875162787916959,0.9826190477800869,0.9980229051419203,0.9875084124286109,0.9828372902821632,0.9978869856976815,0.987501381321373,0.9823236135943725,0.9980395054403216,0.9876326753553755,0.9872609309245075,0.997368878300142,0.9874557240653461,0.9871119076599929,0.9972959982943586,0.9876370872646613,0.9872609818281609,0.9971225266684245,0.9878430696334642,0.9874097594009589,0.9975994943387438,0.9878337698843793,0.9876759483776526,0.9976009476007371,0.986832057945018,0.987082591248406,0.9970258648091306,0.9868030865765456,0.9870826111288623,0.9970038234543986,0.9868214399268305,0.9874449857146382,0.9968495837176208,0.9864516413146236,0.986474470454468,0.9967593785027988,0.9863798826102028,0.9864745597467546,0.9967945734425068,0.9864520098143374,0.9864744903222741,0.9966380358673744,0.9867198193920601,0.9862758943711136,0.9984190416945702,0.988202385830624,0.9868765533508843,0.9977660427071742,0.9869111327388951,0.986934854802595,0.997154259824551,0.9863789360181139,0.9866097179566982,0.9969786642718821,0.9865580310377918,0.9864741306955092,0.9968789580971299,0.9880309841079272,0.9867203522298097,0.9975905348751093,0.9882286639357007,0.9867816373405768,0.9977704939120047,0.9956620757070381,0.9933734566533527,1.0027387667473258,260.0
0.9999965255089133,0.999996172534956,0.9999976373283319,0.9772631290765611,0.9748424059445656,0.984538727011052,0.9910624787096757,0.9893227235727167,0.9995569025776211,0.9894822202792435,0.9875771459999638,0.9989831133308142,0.9893867278007112,0.9871091607628681,0.9991821470173655,0.9886988391019622,0.9868442300887522,0.9989467766165554,0.9884290115289943,0.9871220836412765,0.9983582998334015,0.988163402763384,0.9868047557731239,0.9981810767629892,0.9878025118059537,0.9871100011162129,0.9979603348742785,0.9877872660045129,0.9857863824777757,0.9986750796278504,0.9876145989751107,0.9857965124231076,0.9986755137040758,0.987477819141428,0.9843444762406004,0.9982979106232186,0.989387362766626,0.986734591030332,0.9990797340978482,0.9893289237081573,0.987109189392591,0.9993783100363749,0.9874798908781557,0.9840508734208648,0.9981917585541623,0.9874804656513937,0.9838183737454392,0.9981546084155247,0.9873523519354187,0.9823594228435989,0.9982508044251325,0.9873445183220505,0.9825796330074856,0.9981159419019597,0.9873371062865836,0.9820657502993984,0.9982661996777061,0.9874566811710013,0.9869554775711422,0.9975782616673738,0.9872787026996628,0.9868048449150603,0.9975006478770483,0.9874621277217367,0.9869555284590412,0.9973313194349054,0.9876676871761202,0.9871059155942938,0.9978141539361793,0.9876584378877058,0.9873754041262276,0.997817567143414,0.986655618356831,0.9867741896531185,0.9972193991725392,0.9866275560612666,0.9867742095273591,0.9971960190502078,0.9866450803223304,0.9871374321760386,0.9970449269866389,0.9862762708954561,0.9861649252181786,0.9969474903768507,0.9862044874125503,0.9861650144824233,0.9969819085106962,0.9862777527159249,0.9861649450797443,0.9968252278576941,0.9865595174685193,0.9859918391811677,0.9986583370523126,0.9880275751917337,0.9865695349740485,0.9979933212849366,0.9867322972655096,0.9866261084982685,0.9973505385708827,0.9862011774466994,0.9862988963580501,0.9971714408025322,0.9863818657119069,0.9861645855659195,0.9970693597838286,0.9878549246485968,0.9864123024430688,0.9978167676373605,0.9880536249490808,0.9864739205576104,0.9979978003961353,0.9955690333528621,0.9931045909637287,1.0029867367934788,261.0
0.9999965089749413,0.9999961452202798,0.9999976683133709,0.9771659574595878,0.9746636740913753,0.9847471751751518,0.9909070157040306,0.9891106898538925,0.9997740349805176,0.9893257788892829,0.9873792634444071,0.9991909567029781,0.9892307872689516,0.9869155411407692,0.9993894936662566,0.988542149413257,0.9866531320097461,0.9991533538753093,0.9882732819064131,0.9869269279280437,0.9985505988503154,0.9880069440571089,0.9866091973370211,0.9983732251023345,0.9876521282875488,0.9869173183758071,0.9981402604075844,0.9876310455884686,0.985605075623784,0.9988802177862817,0.9874584967181714,0.9856153762350317,0.9988806119190727,0.987321424668364,0.9841768555081464,0.9985006721032433,0.98923134558708,0.9865443812773537,0.9992866507551266,0.9891733411840754,0.9869155697648776,0.9995856794773749,0.987323399623588,0.9838849164128857,0.9983941260316734,0.9873239296265243,0.9836535563028913,0.9983562676316388,0.9871953874913088,0.9822138730696096,0.9984528530584453,0.9871875919370833,0.9824360218503821,0.9983192011463272,0.9871800615163785,0.9819227712351617,0.9984679565606414,0.9873106523452181,0.9867636560399543,0.9977499748879051,0.9871352559181911,0.9866130600570789,0.9976679854915351,0.9873166528060627,0.9867637069179506,0.9975018984427736,0.98751897287094,0.9869140576354464,0.997991056133699,0.9875096952164184,0.987185952952378,0.9979951267922624,0.9865185158137915,0.9865840739751504,0.9973748082622351,0.986491142935375,0.986584093845556,0.9973496921634926,0.9865080191658916,0.9869475676674356,0.9972012200477383,0.9861431768486362,0.9859768008630908,0.9970977208352179,0.9860713188000906,0.9859768901102786,0.9971312453318052,0.9861460122210165,0.9859768207208615,0.9969744650926751,0.9864037439180184,0.9858098725206694,0.9988634874946418,0.9878712108362511,0.9863737294222709,0.9981856372596579,0.98659338568291,0.9864358907032785,0.9975101005748844,0.9860658984629973,0.9861104426949295,0.9973268250835368,0.9862478090385228,0.9859764612757332,0.9972221548950535,0.9876986703741465,0.9862167440130365,0.9980092681692815,0.9878970256892601,0.9862773980786487,0.9981901450988727,0.9954698332253086,0.992922378900086,1.0031991182598918,262.0
0.99999655023792,0.9999961164072039,0.9999976966177307,0.9774401392007389,0.9744723493851958,0.9849281249293044,0.9912190143897138,0.9888975821887432,1.0000146451475669,0.9896322918150845,0.9871783632906204,0.9994101167611906,0.9895378932704241,0.98671784715506,0.9996072714554156,0.9888488555778578,0.9864593224872283,0.9993691975318915,0.9885753332082007,0.9867267669216562,0.998743704027903,0.9883094259059789,0.9864094462080005,0.9985670727204883,0.9879552308204177,0.9867169625261849,0.9983115380295537,0.987939079332173,0.9854215024731474,0.9990936441057747,0.9877667027947707,0.9854324512651416,0.9990940320203957,0.9876309652919654,0.9840053483385595,0.9987101692388413,0.9895383173018063,0.9863492517020876,0.9995033853545309,0.9894809035507265,0.9867178757734345,0.9998034088717853,0.9876328606030588,0.9837148798259002,0.9986034326258812,0.9876333537995765,0.9834845292479286,0.9985650872066419,0.9875041062835445,0.9820616985256423,0.9986607482110221,0.9874963217363509,0.9822851746221493,0.9985274627562766,0.9874886713552373,0.9817729069287248,0.9986755783221635,0.9876126777856549,0.9865623190291843,0.9979060240055,0.9874364952472435,0.9864108065629009,0.9978159660290763,0.9876194662375913,0.9865623698967881,0.9976563312476171,0.9878216413020813,0.9867136371866417,0.9981563402753564,0.9878122659031626,0.9869870579018667,0.9981597442438203,0.9868188783402693,0.9863818848287298,0.9975000706231065,0.9867916620795197,0.9863819046950589,0.997471843020821,0.9868083623248466,0.9867446069575414,0.9973256325894333,0.986445319156382,0.985776393965569,0.9972164665446711,0.986373043511173,0.9857764831946061,0.9972485008433628,0.9864497290632321,0.9857764138193009,0.9970915261262693,0.9867131678096235,0.98562960428541,0.9990767848753265,0.9881740771782266,0.9861742057163166,0.9983800878733452,0.9868933490772422,0.9862340152018529,0.9976437963185536,0.9863664601278647,0.9859091953088776,0.9974538585230293,0.9865493212378889,0.9857760544472765,0.9973450197914464,0.9880022258889942,0.9860179487570228,0.9982045300639291,0.9881997558982388,0.9860772958849857,0.9983846207844654,0.995749269628904,0.9927273959718185,1.003383670598993,263.0
0.9999966353602944,0.9999960869359895,0.9999977246150827,0.9779953704956741,0.9742742119151206,0.9850998487719531,0.9918871162700156,0.9886892163791913,1.0002887489473993,0.9902883726498845,0.9869776377367504,0.999652584124596,0.9901950951442142,0.9865192672874977,0.9998475692160527,0.9895052095538612,0.9862650735991478,0.9996074422016311,0.9892185568958352,0.9865230665769861,0.9989505181339338,0.9889521783363917,0.9862055323548933,0.9987737347435349,0.9885942163933985,0.9865104960631743,0.9984892956261237,0.9885951757373621,0.9852366078657627,0.9993289784805627,0.9884227273521108,0.985248197361639,0.9993294000016494,0.9882876651598889,0.9838315780051041,0.9989406599486772,0.9901953348964748,0.9861523878445758,0.9997420963087669,0.9901389157770165,0.9865192959001104,1.0000435937871726,0.9882895326236347,0.9835426504421065,0.9988344466225333,0.9882900138178633,0.9833134740875857,0.9987962539095021,0.988160874496028,0.9819055810661914,0.9988914038312922,0.9881531871198853,0.9821318578954997,0.998760620711225,0.9881454330855451,0.9816186483117377,0.9989058551124472,0.9882463417222309,0.9863528427131796,0.9980637753729199,0.9880668029054677,0.9861992422448106,0.9979631262046065,0.9882539933869622,0.9863528935699738,0.9978119750557033,0.9884585574623913,0.9865062487392023,0.9983261828791761,0.9884490707348598,0.9867808184967239,0.998328510752036,0.9874434743228401,0.9861697302366708,0.9976175230534875,0.9874161111832291,0.9861697500987255,0.9975851191169033,0.9874329698524228,0.9865322831423318,0.997442924367296,0.9870684399458709,0.985565375917129,0.9973246652450941,0.9869956956004471,0.9855654651270782,0.9973548168814438,0.9870741776515749,0.9855653957666128,0.9971971683779851,0.9873687866393479,0.9854476290683684,0.9993120123634095,0.9888166464862513,0.9859701247766925,0.9985870293523604,0.98751832257016,0.9860219293895843,0.9977721705687153,0.9869888765989759,0.9856965820218753,0.9975732749781382,0.9871723643049153,0.9855650364714655,0.997458781119564,0.9886449277002821,0.9858139931388236,0.9984118234084388,0.9888421910702372,0.9858726255761098,0.9985915890054317,0.9963152759560604,0.9925255297590004,1.0035589794352973,264.0
0.9999967102057583,0.9999960727596806,0.9999977367824852,0.9784810370135353,0.9741775811641388,0.9851694369858,0.9924814664083831,0.9885938073246006,1.0004359877971394,0.9908705279709368,0.9868942551471429,0.9997621189477995,0.9907782444357046,0.9864372470949067,0.9999530375751402,0.9900870135176605,0.9861876258945973,0.9997091578402258,0.9897896258550121,0.9864420763436491,0.9990234203549069,0.989523017720075,0.9861242900428016,0.9988462842892973,0.9891638775173293,0.9864318521157985,0.9985323770376038,0.9891752172720382,0.9851677237041797,0.9994222721411355,0.9890030103287138,0.9851802834335461,0.9994226744583282,0.988864597836642,0.9837706050123676,0.9990209597202412,0.990778272258546,0.986071456861419,0.9998448582069339,0.9907228196846064,0.9864372757051364,1.000148650972657,0.9888664571688056,0.9834834213905247,0.9989155242569359,0.9888669360102862,0.9832556178300037,0.998877678031808,0.988737171241843,0.9818527311100425,0.9989572567842395,0.9887294560322317,0.9820794574954196,0.9988257817058043,0.9887216512419106,0.9815667835726367,0.9989699284343007,0.9888123645578596,0.9862760912311809,0.998086361967802,0.9886310254036462,0.9861236007316284,0.9979753263720724,0.9888200153907031,0.986276142084014,0.9978318774107303,0.9890267790864038,0.9864283871803436,0.9983608877027284,0.989017096030096,0.9867032233228862,0.998360805761836,0.98800106616002,0.98609784985636,0.9975995010907903,0.9879724969225878,0.9860978697169714,0.9975623286672297,0.987990621314681,0.9864611410428529,0.9974261359988991,0.9876305157850884,0.9854992092314739,0.9972989040983958,0.9875572784417185,0.9854992984354752,0.9973272356988084,0.9876377165260096,0.985499229079635,0.9971690089380086,0.987950448757796,0.9853839657182761,0.99940507654629,0.989387337336557,0.9858887132317946,0.9986597428631385,0.9880790266428461,0.9859497487691867,0.9977660444391775,0.9875497334198856,0.9856282318462446,0.9975582993639854,0.987734202176589,0.9854988698084431,0.9974383461122031,0.989215673647419,0.9857325609234339,0.9984847331024189,0.9894129657067549,0.9857909260006185,0.9986643178157646,0.9968104053132689,0.9924271105832378,1.003630150095376,265.0
0.9999967656841559,0.999996057406867,0.9999977484862929,0.9788407321143773,0.9740732693218347,0.9852384269883325,0.9929237636122127,0.9884894629120631,1.0005700592275946,0.9912976195670015,0.9868007464670281,0.9998616965874458,0.9912050426308943,0.9863464320312545,1.0000490802507136,0.9905122233965399,0.9860996497825413,0.9998019757549766,0.9902049938321933,0.9863502799900559,0.9990877393865057,0.9899389468363524,0.9860319861977754,0.9989107330952443,0.9895757269055588,0.9863423632807189,0.9985675962710194,0.9895984567655605,0.9850877336643743,0.9995092045887961,0.9894261174193469,0.9851007589073506,0.9995095485029063,0.989286050483581,0.9837005137113211,0.9990989459832583,0.9912048600323826,0.9859827962049698,0.9999396223390525,0.9911495986984851,0.9863464606388475,1.0002435303219097,0.9892878911820602,0.9834150561753503,0.9989941292854948,0.9892883626479579,0.983188592081729,0.9989564886629877,0.989158688622429,0.9817960520168018,0.9990280830451134,0.9891509224255115,0.9820227208538878,0.9988953295543499,0.9891431850987871,0.9815118606928478,0.9990400176734232,0.9892214471627124,0.9861881589659681,0.9981021399503117,0.9890387440388634,0.9860364556450755,0.9979810066522918,0.989229218941864,0.9861882098142646,0.9978451083190911,0.9894375431146942,0.986339667684543,0.9983884220985223,0.9894277567333885,0.9866153361485659,0.9983873270157035,0.9884043181051736,0.986013348093558,0.9975757949397447,0.9883750818573205,0.9860133679524702,0.9975343606021022,0.9883938393156355,0.9863755899955358,0.9974012568109296,0.9880365763260072,0.9854206530136972,0.9972678878790703,0.98796354985434,0.9854207422106255,0.9972948070996737,0.9880446072829548,0.9854206728602849,0.9971352899437826,0.9883729089791123,0.985306128402162,0.9994918456327446,0.9898029714969472,0.9857960610523823,0.9987243029674508,0.9884840274506534,0.9858656734315744,0.9977538943744844,0.987954749108598,0.9855479305050869,0.9975376324435233,0.9881400301208193,0.9854203136175801,0.9974124506235774,0.9896313048207941,0.9856398632555335,0.9985494082190252,0.9898282808147215,0.985697372729199,0.9987289163359437,0.9971771146630073,0.9923208615977186,1.0037006683325451,266.0
0.9999968109910481,0.9999960471367445,0.9999977523996805,0.9791325408571652,0.9740024140588739,0.9852571766050863,0.9932910889449489,0.9884236616970944,1.0006411170591103,0.9916578024553571,0.9867477167856901,0.9998988765357905,0.9915688105461371,0.9862949894337225,1.000083603531774,0.9908706087120754,0.9860513082511262,0.999831789510973,0.9905607184845113,0.9863030551323463,0.9990924148379113,0.9902944004988661,0.985984097925782,0.9989151608840051,0.9899369753937839,0.9863023784311196,0.9985473699016848,0.9899538298366726,0.9850461572931648,0.9995316763367756,0.9897811662642568,0.9850595797871662,0.9995319717110308,0.989639121749215,0.9836675314660475,0.9991101659502724,0.9915683054484873,0.9859326226567273,0.9999716119191734,0.991515758740483,0.9862950180398159,1.0002783586326367,0.989640960232705,0.9833839228243041,0.9990061860373722,0.9896414323083341,0.9831589314234083,0.9989689275331439,0.9895112273219926,0.9817726242107933,0.9990265548479542,0.9895033523645981,0.9819980911170525,0.9988910370613577,0.989495671500336,0.9814898660267856,0.9990372584814544,0.98958563282392,0.9861541202854772,0.9980649856861744,0.9894041542694934,0.986005949588489,0.9979348415366697,0.9895950696691939,0.9861541711320274,0.997806523962514,0.9897998980606455,0.9863020962566367,0.9983614430685178,0.9897899992988335,0.9865783813279808,0.9983591657251065,0.988772442095842,0.9859866885445282,0.997505970278524,0.9887442790333596,0.9859867084029144,0.9974616329581597,0.9887619320502895,0.9863480051241379,0.9973304006560408,0.9884033181313231,0.985402740125552,0.9971878214150469,0.9883297795913932,0.9854028293209364,0.9972130748588243,0.9884126808344007,0.985402759971798,0.997053017831381,0.988725978092445,0.9852658270957302,0.9995141911189176,0.9901580328333316,0.9857476869692321,0.998728931930874,0.9888493747604377,0.9858393898964266,0.997692034393535,0.988319830763014,0.9855267080555519,0.9974675348997167,0.9885066221704403,0.9854024007353079,0.9973372639903281,0.9899865258945475,0.9855915821343145,0.9985542676455751,0.9901829128875197,0.9856479132814224,0.9987335908176851,0.9974746438336306,0.9922487150685643,1.0037199607408427,267.0
0.9999968414953727,0.9999960332414739,0.9999977543003079,0.9793282548101373,0.9739079868518186,0.9852642707563058,0.9935414659125492,0.9883297654800648,1.0006891779892277,0.9918953061054872,0.9866634075183549,0.9999143974476721,0.9918107965886143,0.9862134576695004,1.0000980493179217,0.9911062767931478,0.9859721807580748,0.9998397129105097,0.990785626600084,0.9862190807609117,0.9990766190637287,0.9905174015344611,0.9858987695421807,0.998897824008579,0.9901604483515375,0.9862215291981875,0.9985080882893975,0.9901878817091715,0.9849745085695029,0.9995325428749533,0.9900149723113085,0.9849886844065339,0.9995328070926599,0.9898729649843273,0.983603750661621,0.9991001818142484,0.991810138371026,0.9858533124431936,0.9999845460745523,0.9917605482272662,0.986213486273223,1.0002932917639689,0.9898747288747997,0.9833213584250565,0.9989958810692865,0.9898751663570898,0.9830971706601491,0.998958069431946,0.9897440877463886,0.9817189096328766,0.9990048469083876,0.9897361733253571,0.9819443290430911,0.9988683670998655,0.9897284099733599,0.9814374692424436,0.9990141685958457,0.9898090154399853,0.9860753706294417,0.9980105357920808,0.9896264733762516,0.9859282578548634,0.9978719343615516,0.9898207792153236,0.9860754214719437,0.9977512088641415,0.9900233306501813,0.9862222884261753,0.9983163489439453,0.9900134057416239,0.986499713256405,0.9983141737069381,0.9889947138830758,0.9859113218397569,0.9974210496949347,0.9889675779174469,0.9859113416966369,0.9973740257883676,0.988984197283307,0.9862722047834486,0.9972451329966553,0.9886185996018662,0.9853316785830377,0.9970919146633653,0.9885447277472169,0.9853317677720705,0.9971156932707391,0.9886283972539304,0.9853316984278707,0.9969545171334032,0.988958876935744,0.9851985955329889,0.9995148410123527,0.9903800339059547,0.9856614304958238,0.9987113341377397,0.9890689798045557,0.9857641993839645,0.9976142381004471,0.9885360890710112,0.9854544999169322,0.9973815455404268,0.988722568701691,0.985331339216961,0.9972462802220071,0.9902080178347406,0.9855047964635936,0.9985362576589105,0.9904044005515672,0.9855604341664267,0.998716043498713,0.9976742060608963,0.9921525369746843,1.0037273404632634,268.0
0.9999968745148211,0.9999960166305383,0.9999977494105887,0.9795399348948853,0.973795903996501,0.9852264752410699,0.9938133493432001,0.9882145381202723,1.0006887193804144,0.992150108217756,0.986557093875016,0.9998827948120952,0.99206656774465,0.9861099443976135,1.0000631117492953,0.9913579941529895,0.9858702531543627,0.9998012401329563,0.9910271776572642,0.9861140982239651,0.9990152139514357,0.9907591012230063,0.9857941218172745,0.9988362968409926,0.9903973730507263,0.9861188370852234,0.9984227313085791,0.9904349637328541,0.9848789132613799,0.9994873738377105,0.9902614351164958,0.9848934339716393,0.9994875087716764,0.9901170736531933,0.9835166739376313,0.9990452460395605,0.9920657099170155,0.9857520390737248,0.9999482738726787,0.992017049335552,0.986109972998327,1.00025735302325,0.9901187611264762,0.9832353943966232,0.9989405600238526,0.9901191630469353,0.9830119207140562,0.998902156949088,0.9899850580687812,0.9816442521984814,0.9989411821563946,0.9899771635725463,0.9818706309352169,0.998805267062619,0.9899689678130085,0.9813642780999758,0.9989492708978586,0.990044388214895,0.985974265503503,0.9979101232315368,0.9898611414780875,0.9858279762839776,0.9977637158573418,0.990056304307923,0.9859743163408036,0.9976486561226271,0.9902596488774019,0.9861203594729067,0.9982251396019919,0.9902496789000348,0.9863985287518695,0.998222661310746,0.9892292427558469,0.9858124177186418,0.997290824798469,0.9892027875497463,0.9858124375735402,0.9972411704611032,0.9892186009469548,0.986170741588394,0.9971114640536812,0.988848594624734,0.9852350543783244,0.996955318726716,0.9887739473106312,0.9852351435586898,0.9969775367869007,0.9888600427507155,0.9852350742212291,0.9968163985632245,0.9892020779879591,0.9851047564577814,0.999469433446102,0.9906214896530289,0.9855568891929778,0.9986500905807967,0.989301790640653,0.9856663355060375,0.997492249797978,0.9887665843207895,0.9853599814615572,0.9972527990296374,0.9889521654773495,0.9852347150452273,0.9971136785541413,0.9904498396544258,0.9854005596233808,0.9984754254884183,0.9906459179741516,0.985455503274883,0.9986548187588193,0.997890051291254,0.9920383575727927,1.0036889772253008,269.0
0.9999968869416005,0.9999959972098004,0.9999977519866106,0.9796180841650652,0.9736649993325693,0.9852397222828475,0.9939214782546549,0.9880798743242756,1.000734216645759,0.9922364853246077,0.9864278357542999,0.9999003728747657,0.9921543259312258,0.9859834339777659,1.0000779290612238,0.9914398612066594,0.9857463504240601,0.9998125253115911,0.9910961445437727,0.9859807974713628,0.9990057319705001,0.990826359948261,0.9856590956554798,0.9988258785238899,0.9904581508421885,0.9859856143497918,0.9983921196425154,0.9905137008504413,0.9847627466769397,0.9994943264784826,0.9903396232371201,0.9847779346630565,0.9994944042118689,0.9901950245978607,0.9834095539072674,0.9990457101036203,0.9921531835455584,0.9856277264959088,0.9999619795642698,0.9921058484740141,0.9859834625748018,1.0002713464393753,0.9901966258656789,0.9831292572786213,0.9989404507290471,0.9901969874357827,0.9829063795644636,0.9989013122973971,0.9900596388181302,0.9815518253766918,0.9989370681158815,0.9900517789702249,0.9817793602897107,0.9988021118658528,0.9900431035331634,0.9812735837828812,0.9989444030366081,0.9900996686535007,0.9858406075583546,0.9978658304894119,0.9899131168745579,0.9856938573482388,0.9977121585067358,0.9901119726268197,0.9858406583887782,0.9976025495039287,0.9903183116003244,0.9859871620915248,0.9981893336495676,0.9903083398965582,0.986266270145351,0.9981871840601444,0.9892767450148566,0.9856789405431106,0.9972201752784586,0.9892508869820082,0.9856789603953336,0.9971681402611665,0.9892661031697438,0.9860370126323685,0.9970406815849029,0.9888848245647204,0.9851015778016705,0.9968750789516704,0.9888095051641922,0.9851016669700431,0.996895912191557,0.988896373465229,0.9851015976419059,0.9967338623754022,0.9892774520864073,0.9849922921861517,0.999476163915624,0.9906874217021946,0.985420628416021,0.998639465200672,0.9893477414203067,0.9855329606735964,0.9974278427977518,0.988805939815006,0.9852275335582013,0.9971812030762337,0.9889896408105431,0.9851012385142077,0.997037793909725,0.9905153392046278,0.985263887517171,0.9984644498535274,0.9907113975336157,0.9853180982955767,0.9986442403739163,0.9979697610623476,0.9919050038696289,1.0037025968645672,270.0
0.9999969037728265,0.9999959751865413,0.9999977521610932,0.9797250315471023,0.9735171067850077,0.9852369451755076,0.9940642169240824,0.9879250398238791,1.000764721690127,0.992364470731396,0.9862775617859066,0.9999090653994138,0.9922822456670335,0.985837115462477,1.000084890875133,0.9915663621265668,0.9856001557955417,0.9998168035621102,0.9912115605526776,0.9858271648418295,0.9989924477202721,0.9909400958039947,0.9855048395336852,0.9988117946490627,0.990569649674672,0.9858319196576949,0.9983628016514625,0.9906374237213964,0.9846224452857186,0.9994948776500239,0.9904624851533097,0.9846379306678158,0.9994948469169418,0.9903200028299067,0.9832776305330415,0.9990409727493305,0.9922808312683444,0.9854845722211065,0.9999694316166812,0.992233931608489,0.9858371440552616,1.0002769009623094,0.9903215221648118,0.9829982574309989,0.9989351797271968,0.9903218453669271,0.9827759366438279,0.998895354220078,0.9901837785006369,0.9814332912402773,0.9989289558118098,0.9901758927463902,0.9816608088505157,0.9987933458088565,0.990167137947992,0.9811567974079186,0.9989359492995079,0.9902086357065901,0.9856864300307139,0.9978265570776167,0.9900208460592602,0.9855392179705846,0.9976679097180399,0.9902208581669557,0.9856864808532094,0.9975613951775294,0.9904288356932722,0.9858334458772735,0.9981562347294591,0.9904188609527543,0.9861133532446587,0.9981543177088419,0.989387148193941,0.9855261843558458,0.9971645649102143,0.9893630691748937,0.9855262042050107,0.9971112637440768,0.9893765895067725,0.9858855148994857,0.9969870703200665,0.9889866747066113,0.9849491561089493,0.996810607525854,0.9889113959266381,0.9849492452636388,0.9968305348341324,0.9889990300147722,0.984949175946139,0.9966678767062682,0.9893952617898465,0.9848528191949218,0.9994765294015182,0.9908003472537651,0.985265815915387,0.9986255556455542,0.9894534863331628,0.9853796929008569,0.9973747107901649,0.9889073884844095,0.9850755841678956,0.9971228707458096,0.9890911047903638,0.9849488168735508,0.9969764079837649,0.9906284210168006,0.9851092302841402,0.998450758693588,0.9908238963583463,0.9851621748236813,0.9986303767566955,0.9980788271499244,0.99175433140646,1.0036998958270364,271.0
0.9999969178013355,0.9999959553984424,0.999997754436481,0.9798133043373012,0.9733836204371824,0.9852483052036491,0.9941863014021494,0.987788658335748,1.0008107811287195,0.9924739324647213,0.9861470840135962,0.9999374129510215,0.9923932916290167,0.9857104784268953,1.0001126663903053,0.9916741630966718,0.9854739651992837,0.9998429230989038,0.9913096268783694,0.985695911758452,0.9990003031145404,0.9910376151072063,0.9853735509508201,0.9988193396994104,0.9906636464306346,0.9857022965116286,0.9983551655120941,0.9907421174655074,0.984502452822368,0.9995201838675194,0.9905661437601349,0.9845181003024691,0.999520117835606,0.9904262605995047,0.9831673953476533,0.9990650390541006,0.9923916174286705,0.985361007660927,0.9999976657772441,0.9923461219179677,0.9857105070159972,1.0003039881071958,0.9904277583753166,0.9828893784243018,0.9989596195155486,0.990428072499546,0.982668100535644,0.9989198545242446,0.9902907521593501,0.9813389063950159,0.9989553485251833,0.9902828473042418,0.9815664517906508,0.9988192541673819,0.9902742080129951,0.981064474869753,0.9989627177503848,0.9903005404408427,0.9855578442774571,0.9978093477580827,0.990111937994948,0.9854111265634189,0.9976459210263964,0.9903123661552116,0.9855578950933402,0.9975423047867352,0.990522026740779,0.9857043653115097,0.998144957172369,0.9905120487118136,0.9859849717027764,0.9981432364348818,0.989480744612162,0.985399840458821,0.99713066844984,0.9894582337495538,0.9853998603054572,0.9970762770660719,0.9894701361396888,0.9857579916699787,0.9969517176164223,0.9890723922808382,0.9848253790636272,0.9967701748108191,0.9889971515483723,0.9848254682072227,0.9967893294013104,0.9890853943789888,0.9848253988983484,0.9966261064298857,0.989492813515773,0.9847324573296526,0.999501763657167,0.9908971962476298,0.9851343634415545,0.998633182904693,0.9895430266507508,0.9852538284031254,0.9973442390286311,0.988993035208473,0.9849525434137245,0.9970877476146358,0.9891765435004598,0.9848250398704429,0.9969386541386652,0.9907253394802967,0.9849778542785754,0.9984585151918206,0.9909206842960129,0.9850301333534308,0.9986380299074042,0.9981688630982113,0.9916183522297974,1.0037116023804447,272.0
0.9999969490028666,0.999995954805313,0.9999977775857414,0.9800171860027984,0.9733778107350718,0.9853982372681751,0.9944307319416432,0.987792528593368,1.0010094855771918,0.9927112118873682,0.98616085393403,1.0001283471371993,0.9926291515031013,0.9857295654219566,1.0003027069522878,0.9919102245733586,0.9854932412158997,1.0000311729097284,0.9915435543809841,0.9857087269049444,0.9991809883012172,0.9912720043934313,0.9853864465434621,0.9990007719578086,0.990896251830524,0.9857148248385922,0.9985272604233228,0.9909764254106852,0.9845296759646543,0.9997059970762043,0.9907998718227023,0.9845455924292315,0.9997058310443157,0.9906615243269015,0.9832058483352494,0.9992473469698072,0.9926272082327825,0.9853843480679105,1.000188303648517,0.9925813313805488,0.9857295940116098,1.000493042918658,0.990662969599218,0.982929795427746,0.9991421842222346,0.9906632603839048,0.982709979901441,0.9991022459432852,0.9905264019215876,0.9813923027695907,0.9991306447179222,0.9905184832268576,0.9816199217551217,0.998994196552919,0.9905099102919804,0.981119806021977,0.9991371492341958,0.99053210452327,0.9855703236121026,0.9979769076566323,0.9903429824942815,0.9854236523729234,0.997811569938641,0.9905439766418311,0.9855703744286322,0.9977091007767557,0.9907542042341835,0.9857167978869387,0.9983149325070629,0.9907440934900971,0.9859970293126948,0.9983113812923528,0.9897121651477411,0.9854130615174321,0.997291902244964,0.9896903623738386,0.9854130813643412,0.9972369384629224,0.9897016061134168,0.9857719427781046,0.9971140931110967,0.9893000293342014,0.9848381731853099,0.9969286813250354,0.9892244238466799,0.98483826233011,0.9969473518092198,0.9893138708626483,0.9848381930202987,0.9967843962452303,0.9897232501601889,0.9847602309817058,0.9996874296025834,0.991131441625078,0.9851472216670306,0.9988149495435386,0.9897725864054174,0.9852667526208602,0.9975064965457572,0.989220220470209,0.9849657779252808,0.9972482576373827,0.9894037899716879,0.9848378339875408,0.9970981764906451,0.9909599931807421,0.9849911287606298,0.9986407340926866,0.9911546734872352,0.9850421132205681,0.9988198334424053,0.9983767022270971,0.9916124814712621,1.0038645164658324,273.0
0.9999969951951775,0.9999959735518377,0.9999978254030345,0.9803213548109572,0.9734995577810697,0.9857113389712809,0.9947838916899537,0.9879418865642443,1.001392839047801,0.9930588653932659,0.9863267405579771,1.0005146460710996,0.9929753904118837,0.9859013693660462,1.0006879423160537,0.9922563900098426,0.9856667363135219,1.0004161253749395,0.9918893185651487,0.9858770561115443,0.9995661756719415,0.9916168606845773,0.9855535073566152,0.9993859465316713,0.9912418208586183,0.9858873213797336,0.9989107783715487,0.9913221729208422,0.9847141492017579,1.0000901067941277,0.9911454266336093,0.9847304504850564,1.0000898988297027,0.9910078873368763,0.9834050967020482,0.9996299323221671,0.9929733183512646,0.985560885378663,1.000573022169939,0.9929268182438344,0.985901397960678,1.0008780258626753,0.9910092297205673,0.9831314125841452,0.9995245868807849,0.9910094734139714,0.9829132740108004,0.999483986535414,0.9908709012069291,0.9816121021528916,0.9995053166032218,0.990863020592822,0.9818407191918165,0.9993698711159024,0.9908541604224681,0.9813421249614741,0.9995106219540121,0.9908790044867893,0.9857462077688403,0.9983605782069522,0.9906906582450228,0.9856015349324421,0.9981954202087941,0.9908909856436288,0.9857462585944375,0.9980927937463482,0.9911002769370941,0.9858906835606667,0.9986984347972172,0.991090126353285,0.9861713352690071,0.9986945212465344,0.9900629514053941,0.9855950335895298,0.9976781998299069,0.9900420380633416,0.9855950534401087,0.9976237609332387,0.9900524717092595,0.9859552729184056,0.9975023343825256,0.9896459310426178,0.9850231829596389,0.9973117588211442,0.989569484666167,0.9850232721212147,0.9973301459081862,0.9896596490327867,0.9850232027983608,0.997167500660594,0.9900675084665403,0.984945203246126,1.0000714787977656,0.991475781228514,0.9853134685791842,0.9992000265497984,0.9901210276494998,0.9854481724887791,0.9978906392703037,0.9895682445481553,0.9851509492195037,0.997631775106059,0.9897506519859977,0.9850228436980377,0.9974814775031406,0.9913040277994685,0.9851571257305561,0.9990255961372692,0.9914988006480899,0.9852075514375529,0.9992049443603352,0.99868674218898,0.9917366229173461,1.0041837252591195,274.0
0.9999970432557529,0.9999959892340952,0.9999978685747941,0.9806364856881725,0.973600740907225,0.9859933029531158,0.9951557355619512,0.9880700280764901,1.001746577427458,0.9934342576786539,0.9864700479429037,1.0008755490688708,0.9933520697664757,0.986048724017063,1.0010472623742888,0.9926284626775495,0.9858166328869152,1.0007758480210733,0.9922757555201255,0.9860240316648211,0.9999331396562235,0.9920045396013796,0.9857010339960481,0.9997541810850061,0.9916375811371749,0.9860386787501978,0.9992841004786273,0.9916906952711437,0.9848735551321665,1.0004491290748527,0.9915134576371726,0.9848898956272444,1.0004488978335278,0.9913736039459056,0.9835791039566053,0.9999875280280759,0.9933498077677435,0.98571147726345,1.000930162689561,0.9933044124521422,0.986048752615958,1.0012380291182055,0.9913748782023458,0.9833078457459739,0.9998824497650667,0.9913750914880155,0.9830915074193363,0.9998415900373744,0.9912365805904622,0.981806771982602,0.9998590281059392,0.9912287395389099,0.9820363255365022,0.999724593932167,0.9912198286506116,0.9815393392002828,0.99986365946222,0.991279200356133,0.9859004385715273,0.9987371764770598,0.9910935201706732,0.9857571788869368,0.9985735735160356,0.9912912587062644,0.9859004894050893,0.9984694287577778,0.9914977701063307,0.9860435010395561,0.9990734776279884,0.9914877507699467,0.9863258822419491,0.9990718089475829,0.990469961681185,0.9857529640036985,0.9980602155300299,0.9904491752103349,0.9857529838574682,0.9980058189393496,0.9904595813333816,0.9861149529465085,0.9978867875337211,0.990059179982885,0.9851815639169362,0.9976971065284495,0.9899826302313197,0.9851816530928986,0.9977155527052769,0.9900747267997725,0.9851815837588599,0.9975542192472145,0.9904325337679255,0.9851028718730853,1.00043052504603,0.9918637350927635,0.9854613180331808,0.9995686259604182,0.9905276674534486,0.9856053915526778,0.9982715545539849,0.9899776168548048,0.9853095914204766,0.9980145780363242,0.9901618169526244,0.9851812246005942,0.9978655600372255,0.9916924333090567,0.9853054498555911,0.999394702400325,0.9918871257831756,0.9853554829966737,0.9995735435823649,0.9990079749985115,0.9918398154109906,1.0044712206035333,275.0
0.999997081352942,0.9999959955937116,0.9999979034914357,0.9808869677844824,0.9736411201347875,0.9862214704595558,0.9954483676962482,0.9881253628448793,1.0020328185667078,0.9937238533849727,0.986534216024196,1.0011664848468753,0.9936411397942841,0.986116137890723,1.001334346153727,0.9929183490023779,0.9858873440788674,1.0010687038550774,0.99256281571238,0.9860848248789305,1.0002250188473636,0.992290360862081,0.9857615262809261,1.000045631504122,0.991923494111408,0.9860976745268821,0.9995777438364043,0.9919804301595219,0.9849537145387608,1.000745138485277,0.9918025780755683,0.984969964618398,1.0007448296156158,0.9916664318026782,0.9836745638744986,1.000288395141072,0.9936387330454839,0.9857814872417539,1.0012145652214859,0.9935932754445792,0.9861161664915636,1.0015248112250879,0.9916676413192397,0.9834054678594765,1.0001835153672294,0.9916678255827148,0.9831907264855503,1.00014238788645,0.9915295569615928,0.9819266253481116,1.000164238273896,0.9915217082937233,0.9821561556682421,1.0000295625133402,0.9915128255537169,0.9816623764995186,1.000169466907852,0.991564735833401,0.9859571284365044,0.9990324924905661,0.9913787788704316,0.9858121623224129,0.9988696086620446,0.9915768740811156,0.9859571792729929,0.9987646696307111,0.9917835607397204,0.9861018971110781,0.9993681462297929,0.9917736524397488,0.9863856774524715,0.9993683388680391,0.9907563366077503,0.9858059308527857,0.9983585991309822,0.9907361420344517,0.985805950707625,0.9983044301113991,0.9907460135201259,0.9861688929056217,0.9981865119772854,0.9903438979806034,0.9852299073781149,0.9979966199549675,0.9902668763289841,0.985229996558471,0.9980148692764995,0.9903607668649224,0.9852299272210144,0.9978546453423713,0.9907180452711672,0.9851808967385522,1.0007265113663097,0.9921492410955519,0.9855215804169902,0.9998600696471486,0.9908124800350375,0.9856579627804055,0.9985688013299949,0.9902609086667001,0.9853591971387229,0.998312870521173,0.9904454509778492,0.9852295680450546,0.9981645026332535,0.9919778339905984,0.9853656548336899,0.9996861275573592,0.9921729037451132,0.9854157352245199,0.9998649902174168,0.9992632950816166,0.9918810168196489,1.0047038647649922,276.0
0.9999970955524929,0.9999960004263299,0.9999979322405388,0.9809804811830195,0.9736712134165464,0.9864101164246065,0.9955570833850396,0.9881700476657376,1.0022613144049792,0.9938274953405125,0.9865899892053429,1.0013956443260517,0.9937437389384848,0.9861759931135639,1.001560705879672,0.9930215657263478,0.985950380572375,1.0012976985545183,0.9926642562175929,0.98613943867938,1.0004527082597183,0.9923922007499822,0.9858166896407324,1.000273637158726,0.9920234237146183,0.9861520561729651,0.9998049053997027,0.9920837434127268,0.9850272397747165,1.000975218006562,0.9919056977152183,0.9850441293432495,1.0009747966081435,0.9917716497707136,0.9837609517628825,1.000520509592906,0.9937412650325118,0.9858446077697379,1.0014397932064825,0.9936952988140291,0.9861760217161317,1.0017503386252358,0.9917727879374556,0.9834936397120599,1.000415551867526,0.9917729396936948,0.983280177994358,1.0003739820361734,0.9916356999447231,0.9820333849099334,1.000398781245296,0.9916278301879327,0.9822625880715525,1.0002635506639226,0.9916190925076518,0.9817718434874806,1.000404408252004,0.9916617973737437,0.9860104449615693,0.9992582329325258,0.9914744077727037,0.9858644915346599,0.999094353166645,0.9916734152551305,0.9860104958008159,0.9989896914650941,0.9918824182069005,0.9861562007195245,0.9995952718167266,0.9918726610984323,0.9864415966770469,0.9995979535642501,0.9908519852398369,0.9858574979152906,0.99858118225868,0.9908325396797917,0.9858575177711743,0.9985270882087637,0.9908416157270331,0.9862194729050413,0.9984078024223519,0.9904321208403488,0.9852816842292904,0.9982166827936425,0.9903547139344242,0.9852817734143758,0.9982346498227433,0.9904486606167551,0.9852817040732416,0.9980742531831566,0.9908201795870258,0.9852576721298496,1.0009563591965132,0.9922509862378266,0.9855770423348366,1.000088084364652,0.9909062001894908,0.9857099310390206,0.9987917140309037,0.9903508517633818,0.9854109731721599,0.9985344854267222,0.99053451836183,0.9852813448782347,0.9983853395919763,0.9920796030712282,0.9854211958982664,0.9999142016493809,0.9922747156348083,0.9854709288429023,1.000093017033311,0.9993586143310497,0.9919117395018265,1.0048961858533945,277.0
0.999997101192509,0.9999959982116716,0.9999979488989592,0.981017300009174,0.9736551862744204,0.986519174679381,0.9956016064609038,0.9881603995946794,1.0023962213383608,0.993864437152674,0.986586678248338,1.0015252521125033,0.9937817397651239,0.9861764138423853,1.0016889625154501,0.9930568110770402,0.985952776429418,1.001426182938066,0.9926959020830332,0.9861318458194486,1.0005746783235272,0.9924222747751532,0.9858084484955985,1.0003939591291564,0.9920537183312064,0.9861420045530005,0.9999233322990198,0.9921159670097068,0.9850378780519923,1.001103186652148,0.9919374441467039,0.9850551852277848,1.001102746986658,0.9918023800430851,0.9837825041922817,1.0006475197674507,0.9937791155779311,0.9858480136139619,1.0015673425390175,0.9937340472322225,0.9861764424449592,1.0018783138505858,0.9918034643768944,0.9835167784326737,1.0005426048340829,0.991803591837196,0.9833044753170319,1.0005007450416503,0.9916647005978948,0.9820718523770392,1.000524804113154,0.9916567863662249,0.9823002259968698,1.0003884018818698,0.9916478745900181,0.9818126469759985,1.000530481824347,0.9916902126003059,0.9859980360097831,0.9993743977896099,0.9915019525695378,0.9858505450742077,0.9992095174676809,0.9917014887648271,0.985998086848396,0.9991050277183462,0.991911994865418,0.9861453289565458,0.9997129212939054,0.9919022620474545,0.9864311459530947,0.9997160536339352,0.9908801729498742,0.9858410881260592,0.9986937704116408,0.9908614537905621,0.9858411079816172,0.9986394484855029,0.9908697871043702,0.986202561641872,0.9985198791802465,0.9904582043230049,0.9852616805483667,0.9983294738906674,0.9903806774649639,0.9852617697316779,0.9983471366992879,0.990476080530601,0.9852617003919214,0.9981874284521598,0.9908492628926991,0.9852698280358675,1.0010842418657604,0.9922799893916533,0.985568379714036,1.0002075113227216,0.9909325061873965,0.9856937250605603,0.9989051017933778,0.9903750061867037,0.9853923068125786,0.9986476070430336,0.9905593008063222,0.9852613412040624,0.9984983380952835,0.9921073042829556,0.985411314703785,1.0000324339057385,0.9923040422705955,0.9854624167188457,1.0002124398946683,0.9993961490435656,0.9918954455806462,1.005007381199763,278.0
0.9999971032226259,0.9999959944952661,0.9999979527135078,0.981028757415525,0.9736292612294098,0.9865433466791275,0.995623771831287,0.98813943838082,1.0024354803869457,0.99388066960397,0.9865709362274251,1.0015577438296692,0.9937988895806309,0.986164551792385,1.0017206807964683,0.9930735980814029,0.9859418301740356,1.0014577051891866,0.9927055928580097,0.9861122252058854,1.0005985670049555,0.9924313370479922,0.9857888825522177,1.000418256369555,0.9920602525244571,0.9861205198713663,0.9999406562707754,0.9921318677164553,0.9850338589246422,1.0011342443806779,0.9919528140469442,0.9850515672789277,1.0011337317621611,0.9918204986784726,0.9837875470538281,1.0006780723673605,0.9937960880428968,0.9858392554081836,1.0015992283660395,0.9937518797445707,0.9861645803946094,1.0019094413276153,0.9918215918191353,0.9835236087391016,1.0005740326827233,0.9918217251480589,0.9833127634565594,1.0005326085905828,0.9916843996587353,0.9820891158110964,1.0005530642870701,0.9916765110440829,0.9823178726406788,1.0004173092424509,0.9916677757586173,0.981831442356079,1.000558337134991,0.9916923945620172,0.9859746693663394,0.9993865787595971,0.9915013672188401,0.9858259181122888,0.9992188216758147,0.9917040136520077,0.9859747202037605,0.9991166151458272,0.9919168633130779,0.986123222304843,0.9997284098878926,0.9919071713367071,0.9864095350206856,0.9997322374244756,0.9908744661038313,0.9858130987421244,0.9986942688428829,0.9908556428054075,0.9858131185971254,0.9986388999245189,0.9908639806704472,0.9861725626428531,0.9985177255591478,0.9904472832321604,0.9852305450420219,0.9983293941059161,0.9903698036587365,0.9852306342225655,0.9983466997492866,0.9904653072989381,0.9852305648849594,0.9981866802312961,0.9908611544604274,0.9852668197202986,1.0011151705535193,0.9922888482920744,0.9855486859535577,1.000232317340782,0.9909271111037229,0.9856665525678049,0.9989093993489134,0.9903648353452053,0.9853626757222737,0.9986499427820685,0.9905483830281924,0.9852302057082476,0.9984995145832443,0.9921169096162741,0.9853923593482857,1.0000579510452836,0.992312472119907,0.985441838062226,1.0002372812631608,0.9994078570540227,0.9918690631016173,1.0050320641006831,279.0
0.999997084176425,0.9999959914652624,0.9999979510442001,0.9809020279285303,0.9736079561407642,0.9865324605477028,0.9954826187589646,0.9881232903434851,1.0024213558737007,0.9937258709426263,0.9865598772469379,1.001529835095306,0.993645606984308,0.9861572212475013,1.0016924772537212,0.9929168392411712,0.9859354893407903,1.0014262622392291,0.9925383235192756,0.9860975157509059,1.000556463932155,0.9922616120131297,0.9857731101622329,1.0003736537653989,0.9918879554645788,0.9861050282166288,0.9998898039386739,0.9919733963229662,0.9850343326915443,1.001100214517739,0.9917940336764676,0.9850527878524284,1.001099626955931,0.9916620873405178,0.9837949869428397,1.0006403673118507,0.9936426610495118,0.985834907527806,1.001571486522231,0.9935996142780642,0.9861572498495075,1.0018807136431196,0.9916631408717645,0.9835321911489323,1.0005363082615162,0.9916632563328577,0.9833221769109156,1.0004946302731985,0.9915271541406679,0.9821063744042944,1.0005118969400475,0.9915192737568483,0.9823351424121889,1.0003763768466198,0.9915106810439632,0.981849978551714,1.000516678132466,0.9915150852267767,0.9859582757417639,0.9993293939542663,0.9913209209613594,0.985808883567404,0.9991581718387053,0.9915270354228652,0.9859583265783554,0.9990586059762568,0.991742645831088,0.9861074692220355,0.9996752598640423,0.9917329912260594,0.9863941977128655,0.9996797591519951,0.9906883707615017,0.9857935723108845,0.9986241217221526,0.9906695523792791,0.9857935921655021,0.9985675750663723,0.9906778413338352,0.9861520924112172,0.9984464740103028,0.9902515858661015,0.9852074204260294,0.9982552025176986,0.9901723162402912,0.9852075096045414,0.9982711657011382,0.9902704316674523,0.9852074402685133,0.9981120480534522,0.9907009109154823,0.985271787369074,1.001080897322445,0.9921176420229856,0.9855322052953435,1.0001865353109765,0.9907410216268904,0.9856474097724998,0.9988427626588265,0.990172178534696,0.9853413394197309,0.9985799151719326,0.9903537935010357,0.9852070810999848,0.9984274616068942,0.9919440626862741,0.9853743081015627,1.000010591328009,0.9921413846413568,0.9854253327347389,1.0001915008534026,0.9992787046074267,0.991847387303939,1.0050209690846246,280.0
0.9999970667047955,0.9999959861799904,0.9999979421559884,0.9807848769738253,0.9735718134330991,0.9864737210707247,0.9953564253589224,0.988089580030063,1.0023553329496457,0.9935871435966226,0.9865325966856426,1.0014491381080144,0.9935069635804697,0.9861321489739847,1.0016086181681392,0.9927770669801556,0.9859124957910093,1.0013424204205972,0.9923885739532892,0.9860699793464185,1.000462681966325,0.9921103510830959,0.9857459348276543,1.0002780386916985,0.9917346008920918,0.9860790974159,0.9997879371636325,0.9918335823246562,0.9850175321309893,1.0010146648647884,0.9916539093101628,0.9850367519547241,1.0010140610134888,0.9915249174196687,0.9837841707426586,1.000552192532209,0.9935038558054128,0.9858116017324384,1.0014867322071561,0.9934611415834776,0.9861321775752521,1.0017956279836198,0.9915259097677943,0.9835221258877991,1.0004476887471871,0.9915259966749395,0.9833125764173818,1.0004054452434321,0.9913888919897547,0.9821048040238082,1.0004201470789393,0.991381070056669,0.9823344909276033,1.0002861630737627,0.9913722672452752,0.9818494679741292,1.0004242164781627,0.991358036821889,0.9859335438060425,0.9992219007569215,0.9911619572263567,0.9857848156933586,0.9990478887617309,0.9913696403528449,0.9859335946413829,0.9989497504131557,0.9915878786479813,0.9860820727557555,0.9995713709692224,0.9915782653754495,0.9863691570713495,0.9995765613327087,0.9905263282478038,0.9857711822696803,0.998506890388811,0.9905074885855563,0.9857712021238656,0.9984490570039645,0.9905159136295538,0.9861317730930733,0.9983323045036254,0.9900874630124039,0.985183754137323,0.9981345521102795,0.9900081276251846,0.9851838433137918,0.998149938761743,0.9901070948753133,0.9851837739793519,0.9979908422366549,0.9905591160712605,0.9852592123543445,1.0009951701604676,0.9919656732857176,0.985505198687549,1.0000902990012874,0.9905789886324856,0.9856241779499381,0.998727632892011,0.9900074104395234,0.9853186198762933,0.9984622220310447,0.9901891223571808,0.9851834148190536,0.9983083196322345,0.9917913355426276,0.985346569111011,0.9999136039014931,0.991989814046248,0.9853987602552317,1.0000952485269674,0.9991593275903015,0.9918105851637259,1.004961110787446,281.0
0.999997052983573,0.9999959834566373,0.9999979283979595,0.9806911211841242,0.9735525183749882,0.9863824771809644,0.9952631503456661,0.9880757288602393,1.0022560181871134,0.9934809947329022,0.9865228218365726,1.0013344115007679,0.9934002561799441,0.9861257217534377,1.00149260235006,0.9926695030025303,0.9859062260419915,1.0012257588291054,0.9922715625632916,0.9860585640428351,1.0003303131293586,0.9919901449739453,0.9857322250503986,1.0001428427828614,0.9916159591087593,0.9860700651114183,0.9996444512056534,0.9917237542068243,0.9850163290316303,1.0008972207447606,0.991543536848913,0.985035915178256,1.0008966210791381,0.991415250934765,0.9837894833588943,1.0004333936056726,0.9933969742454882,0.9858078525967022,1.0013717071406545,0.993354228608471,0.9861257503545112,1.0016780948462125,0.9914162433788625,0.983528519848089,1.0003293216525382,0.9914163313574473,0.9833198367430609,1.0002872522355348,0.9912804934943855,0.9821201354715925,1.0003022822385177,0.9912727662542459,0.982351436258209,1.0001707876488646,0.9912640192265403,0.9818658507171574,1.0003060782304634,0.9912366175155013,0.9859270804483342,0.9990709751950857,0.9910388735559661,0.9857801270007398,0.9988933859705413,0.9912484613914698,0.9859271312833522,0.9987978404347061,0.9914681457820608,0.9860738343594709,0.9994246797160055,0.9914584237159573,0.9863599717834426,0.9994281928973735,0.9904032640832766,0.9857690185146976,0.9983445042346769,0.9903854525171233,0.9857690383688518,0.9982860920962892,0.9903928311329165,0.9861292791058687,0.9981695186533058,0.9899565738794575,0.9851867308711733,0.997965140687353,0.9898768637246824,0.9851868200479981,0.9979797997596483,0.989975875254496,0.985186750713282,0.9978201242298211,0.990445979101549,0.9852600101744488,1.0008776374747796,0.9918434553997513,0.9854899911131235,0.9999536979487909,0.9904532595973935,0.9856221484263141,0.9985669132784657,0.9898777343744213,0.985319705755378,0.9982975179494318,0.9900593078588757,0.9851863915515491,0.9981412007723359,0.9916671046562567,0.9853293883649988,0.9997750669264616,0.9918677294355971,0.9853836443529492,0.9999586445156023,0.9990638172966595,0.9917909581002423,1.0048681365817316,282.0
0.9999970431149255,0.9999959857497636,0.9999979085698832,0.9806220260883874,0.9735667823427792,0.9862510924857423,0.9952015296897864,0.988097746767704,1.002110774956684,0.9934114923153874,0.9865480248959745,1.001172561273595,0.9933322389510931,0.9861551797596252,1.0013313484138493,0.9925990527916821,0.9859337176233958,1.0010596553769149,0.9921954405168123,0.9860809851664966,1.000152110754397,0.9919128726771104,0.9857540238799443,0.9999634605152509,0.9915389295493671,0.9860912531047817,0.9994549999128779,0.9916538658278308,0.9850471229996097,1.000728352202214,0.9914732853066986,0.9850667910419756,1.0007276813606938,0.9913485011507959,0.9838252141306472,1.0002604999261977,0.9933289346672936,0.9858407145749086,1.0012123325236937,0.9932871181183658,0.986155208361554,1.0015157883174757,0.9913494562103674,0.9835650636900863,1.0001562845974634,0.9913495270773788,0.9833569418764373,1.000113913813312,0.991215782346483,0.9821623313472015,1.0001247409627954,0.9912080270590963,0.9823930739082133,0.9999925606280091,0.991199578453051,0.9819089767469869,1.000128037183389,0.99115754211194,0.9859475278107216,0.9988739767149961,0.990958622563194,0.9858002448084808,0.9986927431682365,0.991169593148764,0.9859475786468009,0.9985996393319057,0.9913903152259366,0.9860946110557599,0.999232115475393,0.991380526222701,0.9863801318352472,0.9992346030615303,0.9903213710091604,0.9857881932400501,0.9981338121039675,0.9903036054359994,0.9857882130945957,0.998073922479713,0.9903109474573113,0.9861485799165429,0.9979591464076984,0.9898758563143163,0.9852054133675531,0.9977520624930049,0.9897968182183515,0.9852055025461034,0.997766387707783,0.989895697282876,0.9852054332100452,0.9976061028607767,0.9903736093036041,0.9852907225116693,1.0007086857972773,0.9917656167912898,0.9855113349077294,0.9997740423964172,0.9903712440925371,0.9856412718402239,0.9983599323932936,0.989794840131439,0.9853376756039394,0.9980878577663239,0.9899776572537805,0.985205074041364,0.997929809067342,0.9915889560565441,0.9853503780809317,0.999595061266006,0.9917898185020013,0.9854048177378384,0.999778996065812,0.9989934548944036,0.9918055244421702,1.0047342473858427,283.0
0.9999970360176271,0.9999959890645314,0.999997889199132,0.9805714366406548,0.9735880671147294,0.9861227743074468,0.9951601161792242,0.9881262759206514,1.0019687038014031,0.9933634135465584,0.9865781726359013,1.0010164269800907,0.9932854804853685,0.9861889521126351,1.0011744059234575,0.9925518747546768,0.9859673856504946,1.0009023778563826,0.992139206690946,0.9861050934897015,0.9999792488095802,0.991855587263817,0.9857768741847351,0.9997885299333055,0.9914790139193537,0.986110793408409,0.999271287019526,0.9916074771815471,0.9850858763502445,1.0005718766042542,0.9914266913030672,0.9851053797649962,1.0005711283381178,0.9913043209212894,0.9838726527109833,1.000105461083858,0.9932821879603252,0.9858773865690239,1.001056499058033,0.9932411417601398,0.9861889807155434,1.001357528284959,0.9913052285843807,0.9836133055135057,1.0000009799945795,0.9913052775366162,0.9834057145183357,0.9999581968950497,0.9911717298308648,0.9822259988788805,0.9999763409289583,0.9911639378337799,0.9824560657244952,0.9998432564265008,0.9911555484324494,0.9819748679463555,0.9999806425835165,0.9910949158478785,0.9859630556949937,0.9986833748527039,0.9908941850920808,0.9858132830792878,0.9984985834109601,0.9911075541689619,0.9859631065318682,0.9984079873918374,0.9913293609184015,0.9861126284343174,0.9990458200997693,0.9913195920452917,0.986398247876941,0.9990486339569845,0.9902555288103447,0.9857978210493993,0.9979315271043623,0.9902382553821694,0.9857978409041354,0.9978703168977291,0.9902452465759995,0.9861606932219679,0.9977606006631455,0.9898039184294402,0.9852084597156182,0.9975426256497858,0.989724929784174,0.9852085488944177,0.9975562566096305,0.9898235616920102,0.9852084795581636,0.9973951074212296,0.9903256787983598,0.9853277026288177,1.0005521902049783,0.9917074711634593,0.985533439179859,0.9995981541421978,0.9903040659344151,0.9856498891942168,0.9981595615851443,0.9897241252790491,0.9853407154108526,0.9978836602125403,0.9899063129781754,0.9852081203884812,0.9977229923559244,0.991529486804881,0.9853711427654378,0.9994178746945915,0.991731760224732,0.9854269989445379,0.9996031054265766,0.9989419507460326,0.9918272395080685,1.004603481281342,284.0
0.9999970298239655,0.9999959899914377,0.9999978742088883,0.9805280703697307,0.9735937715274992,0.9860235491771364,0.9951217531486917,0.9881354561250941,1.0018580844282858,0.9933174526317383,0.9865905029448683,1.0008933059068534,0.993240271569132,0.9862033414064175,1.0010488822387997,0.9925044691963018,0.9859822476580712,1.0007770795586564,0.9920878013823197,0.9861155347664458,0.9998438534514219,0.9918040436511334,0.9857878596669235,0.9996525674030017,0.9914256812812097,0.986119157777541,0.9991269369947473,0.9915594748467627,0.985104394953259,1.00044650462493,0.9913784078252582,0.9851236293038311,1.0004457748044289,0.9912566280534721,0.9838983084532076,0.9999796228063473,0.9932369140729069,0.9858934229320445,1.0009306969182703,0.9931964317054994,0.986203370009741,1.0012307712013213,0.99125754802657,0.9836401332918648,0.9998757630549499,0.9912576039714732,0.9834335068336987,0.9998333094339764,0.9911239171761382,0.9822629233891027,0.999851971645573,0.9911161701712988,0.9824937748107195,0.9997200926368678,0.9911077130869701,0.982013137954241,0.9998562719705604,0.9910408534479112,0.9859693300828349,0.9985332306862489,0.9908395684734665,0.9858181599521257,0.9983452899157691,0.9910539448501335,0.9859693809200316,0.9982569167700927,0.9912757623418583,0.9861203003148609,0.9988994770994122,0.9912660666547364,0.9864064622469099,0.9989034382969348,0.9902038441016578,0.9858012364267972,0.9977715226162103,0.9901877615145067,0.9858012562816001,0.9977097351988582,0.9901935932394544,0.9861645470177309,0.997601440514065,0.9897455508400805,0.9852102587115752,0.9973753422670047,0.9896663416192758,0.9852103478905244,0.9973882705483738,0.9897648798322758,0.9852102785541532,0.9972264395422378,0.9902756716332163,0.9853435889035947,1.0004269249361624,0.9916563587149521,0.9855447384159006,0.999462502284663,0.9902492730917355,0.9856531262786802,0.9980007142359203,0.9896673380396523,0.9853419978669138,0.997721155088464,0.9898488738084714,0.985209919383868,0.9975580827757232,0.9914789342248693,0.9853829453809438,0.9992827045055547,0.9916807120426909,0.9854383510452458,0.999467451969984,0.9988977898721401,0.9918330666555827,1.0045023605609313,285.0
0.9999970307527054,0.9999959936948252,0.9999978605403693,0.980531274246359,0.9736178854336673,0.9859327411608276,0.9951389355081816,0.9881653870956347,1.0017604416431443,0.9933305037744965,0.9866220513965599,1.0007857338548578,0.993254313878482,0.9862385235875695,1.0009416979541965,0.9925163971020423,0.9860151221511321,1.0006672826669332,0.9920986125546487,0.9861442678734479,0.9997253239341769,0.9918150232478945,0.9858162692354203,0.9995332204348992,0.9914361320108975,0.9861451580416469,0.999001159304618,0.9915712714784854,0.9851391828817604,1.0003361715969559,0.9913898405672293,0.9851579788028862,1.0003354694353532,0.9912697552928521,0.9839384998980051,0.9998680588956171,0.993251093574935,0.9859315120945259,1.000825096107425,0.9932109649293297,0.9862385521919177,1.001122631278822,0.9912706740423254,0.9836812525490646,0.9997645593601073,0.9912707302695781,0.9834753624382827,0.9997222446284936,0.9911375878029149,0.9823110825171143,0.9997397002438048,0.991129840115198,0.9825418858427751,0.9996078250702086,0.9911214547217491,0.9820623432919068,0.9997439056902744,0.9910498286322621,0.9859928446664564,0.998402067979351,0.9908476535397521,0.9858400998515672,0.9982112824599471,0.9910631215559313,0.9859928955048608,0.9981248890738038,0.9912856523795446,0.9861453896107257,0.9987717364430703,0.9912759908736581,0.9864317711397055,0.9987762245210807,0.9902129223529224,0.9858201827921759,0.997630788054946,0.9901976808364854,0.985820202647355,0.9975684976532857,0.9902026295068829,0.9861826111428159,0.9974596218996341,0.9897512801213972,0.9852265754139359,0.9972311225573731,0.9896723570628859,0.9852266645943325,0.9972437271980511,0.9897705172264845,0.9852265952568351,0.9970812643626684,0.9902848178994268,0.9853745627163544,1.0003167447912018,0.9916671226083363,0.9855729740212021,0.9993427422114265,0.9902561822276632,0.9856724312104973,0.9978617273056001,0.9896732955019237,0.9853584956438659,0.9975799451482952,0.98985468237006,0.985226236080721,0.9974153758040296,0.9914891737948046,0.9854106234998209,0.9991624168377385,0.9916915802390355,0.9854667085789095,0.9993476877617711,0.9989011028784839,0.9918576564927174,1.004409829458301,286.0
0.9999970268461502,0.9999959922327236,0.99999785203172,0.9805050919768945,0.9736086222472251,0.9858766457447169,0.995110474495044,0.9881531345516595,1.0016943974526218,0.9932984883637226,0.9866069234568828,1.000709762312015,0.9932219759290238,0.9862252455955262,1.0008638751652947,0.9924843683020701,0.9860010746494513,1.0005891049273856,0.9920640216742261,0.9861209397976569,0.9996402343934824,0.9917787334479516,0.9857907319312745,0.9994461871656504,0.991401040375366,0.9861155603171233,0.9989114915162592,0.9915393235741711,0.9851266923073879,1.000256440329629,0.9913576881112528,0.9851451871231276,1.0002556975421546,0.9912387278797602,0.9839299755745883,0.999785967519946,0.9932187326661464,0.9859197139902603,1.000747339274116,0.9931784499319722,0.9862252741994958,1.0010436477825508,0.9912396392776437,0.9836734965686861,0.9996826965073566,0.9912396927090031,0.9834682045871072,0.9996404326835495,0.9911083329794095,0.9823076826898254,0.9996554380536328,0.9911005476099148,0.9825377734191912,0.999522592718085,0.9910924370751383,0.9820597236178146,0.9996595122068522,0.9910138242407996,0.9859576645685381,0.9983091835877155,0.9908110424958221,0.9858014273179498,0.9981166986042433,0.9910273690860509,0.9859577154051196,0.9980313887269167,0.9912502198296471,0.986113702025921,0.9986809799699317,0.9912406077207466,0.9864003624072238,0.9986861910793488,0.9901780860141077,0.9857738342706921,0.9975322250202414,0.9901640015195059,0.9857738541249259,0.9974699437518558,0.9901676914686466,0.9861342973077405,0.9973583891785337,0.9897091424451496,0.9851727071418767,0.9971299742049958,0.9896307955667161,0.9851727963173353,0.9971425241260322,0.9897278094427715,0.9851727269836744,0.9969791136510923,0.9902513938410085,0.9853596325730762,1.0002370550109523,0.9916296240638959,0.9855460836371956,0.9992546489139434,0.9902183793567593,0.9856268815984287,0.9977642244426055,0.9896320927249836,0.985305521608688,0.9974810732776633,0.9898128198007347,0.9851723678274502,0.9973153961831549,0.9914501103995496,0.9853821989487308,0.9990728351436345,0.9916539144238979,0.9854395452980947,0.9992596052074665,0.9988744218135832,0.9918482068457487,1.0043526486818228,287.0
0.9999970229960659,0.9999959968175357,0.9999978488805006,0.9804788560680414,0.9736387581702464,0.9858558361392734,0.995083894960545,0.9881888671647487,1.0016692774631308,0.9932677822935821,0.9866435229994297,1.000674904838037,0.9931898794541685,0.9862633782600985,1.0008265201069833,0.9924523697228418,0.9860386389722207,1.0005509817052685,0.992033105399618,0.9861545764121319,0.9995980200644351,0.9917475793710062,0.985824227387214,0.9994027730251576,0.9913710201398365,0.9861453517470756,0.9988650194982427,0.9915056345775548,0.9851656450249853,1.0002149003196747,0.9913239571558702,0.9851840552247172,1.000214108216092,0.9912025390349626,0.9839713945267036,0.99973929661112,0.9931866754362089,0.9859590730699168,1.0007098294766696,0.9931454891061446,0.9862634068651797,1.0010049098589087,0.9912034289297758,0.9837154688902902,0.9996359814760416,0.9912034725954995,0.9835105708229603,0.9995935622070091,0.991072745667216,0.982351406749524,0.9996034916433035,0.9910649525196928,0.9825813843649475,0.9994704809690969,0.9910569294720061,0.9821037651886595,0.9996069026699829,0.9909822462935222,0.9859844806112217,0.998259416065665,0.9907788366483642,0.9858265495375554,0.998065606721242,0.9909953967335133,0.9859845314491751,0.9979807572121585,0.9912195873187444,0.9861422119471053,0.9986330277639575,0.9912099111960594,0.9864282041802817,0.9986372018061117,0.9901455975736498,0.9857961195193511,0.9974774793175814,0.9901316994750318,0.9857961393740255,0.9974148246816295,0.9901351692421656,0.9861559472604391,0.9973027938150959,0.9896724872362972,0.9851920125480411,0.9970730578374845,0.9895940579854877,0.9851921017252048,0.9970853625776701,0.9896906292403621,0.9851920323902172,0.9969214573751619,0.9902169162420535,0.985397095589849,1.0001955228786634,0.9915982613086721,0.9855795481889409,0.9992106491055383,0.9901854203511428,0.9856494250761851,0.9977107944882796,0.9895972168748282,0.9853252580281112,0.9974261950956459,0.9897769756941533,0.9851916732271281,0.9972595137432745,0.9914179827516149,0.985414907805681,0.9990280863401572,0.9916231288563401,0.9854737945248003,0.9992155756880406,0.9988476950543953,0.9918789294709778,1.0043314345608718,288.0
0.9999970328592783,0.9999959981211887,0.999997846978429,0.9805426696688374,0.9736473155760781,0.9858425875104815,0.9951634109043112,0.988199387211977,1.0016617874419,0.993350897671927,0.986653897920238,1.0006635634975916,0.9932725424765823,0.9862754247527357,1.0008141009295484,0.9925340587877518,0.9860506666209394,1.0005384538092816,0.9921255416999767,0.9861604607087457,0.9995827968308789,0.9918394519421214,0.9858282688063357,0.9993868645105882,0.991472224627969,0.9861477223309049,0.998849593949392,0.9915856624259798,0.9851800589811183,1.0002018076826118,0.9914039383294345,0.9851984089208689,1.0002010075076853,0.9912801484202125,0.9839897345295461,0.999725243828525,0.9932693898886766,0.9859724567717931,1.000697659589791,0.9932278416550149,0.9862754533581701,1.000991656641535,0.9912810698848189,0.9837347047641589,0.9996226976647963,0.9912811294786547,0.9835305952925817,0.9995808007474478,0.9911492650518552,0.982374995149331,0.9995885483988676,0.9911415109864585,0.982605759607704,0.9994565629829518,0.9911333005164382,0.9821279134716979,0.999591679773713,0.9910875999877427,0.9859845733210318,0.9982441217243659,0.9908869258086117,0.9858255352780773,0.9980511958900888,0.9911005888731439,0.9859846241589724,0.9979649879602054,0.9913223553680978,0.9861434116740836,0.9986171318969834,0.991312521777988,0.9864279676877413,0.9986187660097314,0.990260714761577,0.9857941558935646,0.9974652051386782,0.9902474941111682,0.985794175748191,0.997402744664822,0.9902503024061525,0.9861542113777634,0.9972908815355905,0.9897922791679167,0.9851883742911779,0.9970623554460872,0.9897144003016458,0.9851884634679671,0.9970748206492377,0.9898115193427358,0.98518839413327,0.9969113381422618,0.9902965005411546,0.9854106492991567,1.0001824486456512,0.9916892778026907,0.9855824504277351,0.9991940779712686,0.9902987697136668,0.9856473688384768,0.9976978682082278,0.9897135456239265,0.9853219682009616,0.9974142995217097,0.9898949708806112,0.9851880349716885,0.9972482286154248,0.9915079812831196,0.9854168036377837,0.9990105667449867,0.9917141164371607,0.9854765939948509,0.9991990092213768,0.9989127578551792,0.9918876552858743,1.004317957812732,289.0
0.9999970479827637,0.9999959989767234,0.9999978455374382,0.9806411824198842,0.9736530717947302,0.9858322336589398,0.9952829311312213,0.9882056881892528,1.0016598909887202,0.9934740695658796,0.9866598374284826,1.0006612405168258,0.9933992270626959,0.9862833424219599,1.0008141070401122,0.9926585120649942,0.9860578988668641,1.000536068574636,0.992249175685082,0.986161982555132,0.9995785848093939,0.9919631991526341,0.9858297000129291,0.9993824615831324,0.9915951724296443,0.986144161488326,0.9988443386144898,0.9917106270069131,0.9851891567290662,1.0001994507836371,0.9915288793423542,0.9852074590346795,1.0001986071093396,0.9914059636863345,0.9840018649125767,0.999723069051671,0.9933962024062261,0.9859819569513794,1.0006983496382575,0.9933565377875851,0.9862833710276294,1.0009925467620204,0.9914068946065471,0.9837474623922943,0.9996209199284245,0.9914069592907923,0.9835438749917221,0.9995792576313816,0.9912737293539063,0.9823911984793836,0.9995848613746475,0.9912659079835388,0.9826208257435223,0.9994511176788112,0.991257599227844,0.9821448272841207,0.9995880715917939,0.9912107006471486,0.9859768972205938,0.9982391882019856,0.9910103130323484,0.9858154380278138,0.9980468558874793,0.9912234379538009,0.9859769480581254,0.9979596632007803,0.9914453518098346,0.9861381567681821,0.9986118217730192,0.9914354679275463,0.9864221706109612,0.9986125849782187,0.9903857332163853,0.9857818957631024,0.9974621554264123,0.9903726245581064,0.9857819156174734,0.9973996826225312,0.9903753622978348,0.9861425839304612,0.997288834295024,0.9899166978927181,0.9851728039771841,0.9970592361063441,0.989838540267181,0.9851728931525194,0.9970715408365816,0.9899362579905515,0.9851728238189514,0.9969084385746263,0.9904214153896931,0.9854195073724437,1.0001800483701968,0.9918131113924618,0.9855838431621164,0.9991896157571349,0.9904234801231558,0.9856348514689725,0.9976944432532763,0.9898377619210271,0.9853065588157919,0.9974111178114662,0.9900192928931512,0.9851724646632269,0.9972450866490652,0.9916317417445369,0.9854181031514617,0.9990060514051861,0.9918379573579253,0.9854779198423168,0.9991945504898904,0.9990131875214818,0.9918935210405082,1.0043074387138364,290.0
0.9999970579598306,0.999996007160757,0.9999978487198045,0.9807051378638985,0.973706460625781,0.9858525153855244,0.9953653516305752,0.9882706926567032,1.0016915573768663,0.9935599160133584,0.9867281876477366,1.0006944655270942,0.9934868499743015,0.9863555435783854,1.0008515018347084,0.9927447195423033,0.9861269268455517,1.0005694369131504,0.9923378886854277,0.9862317857789926,0.9996098901365913,0.992052884310416,0.9858996535120524,0.999413877303042,0.9916857188555738,0.9862143268618342,0.9988741564398489,0.9917970605480945,0.9852591629196604,1.0002334788305074,0.991615137049207,0.9852772998614927,1.0002327366786121,0.991493440692042,0.9840743657147093,0.9997573991944995,0.9934840695941954,0.9860572389642641,1.0007386949328683,0.9934450432364292,0.9863555721861544,1.0010302300553926,0.9914943638749923,0.9838203858834076,0.9996553348225671,0.9914944252391359,0.9836171184848149,0.9996136624581495,0.9913604277894886,0.9824673771504616,0.999618570761379,0.9913525850033971,0.9826967188120805,0.9994842935969035,0.9913441994882427,0.9822215304919595,0.9996217830162637,0.9913044178554398,0.9860478352141953,0.9982695147647112,0.9911060736407822,0.9858870276807008,0.9980779283190367,0.9913170699385963,0.986047886055375,0.9979897751836375,0.9915370984370107,0.9862084431662181,0.9986415264858528,0.9915271204129805,0.9864915988418426,0.9986407839477691,0.9904842887672397,0.9858548542709935,0.9974945827059334,0.990470952715052,0.9858548741268301,0.9974319765225858,0.9904739562736796,0.9862161929139456,0.9973222510764388,0.9900226668573496,0.9852484568703762,0.9970940031741707,0.9899443334220233,0.9852485460525418,0.9971062430592118,0.9900433926147338,0.985248476713664,0.9969440768077683,0.9905064839948234,0.9854876140546581,1.0002142418266098,0.991902907442725,0.9856539368602442,0.9992208171815128,0.9905226112422671,0.9857075454781309,0.9977268154127314,0.9899402208995598,0.9853803790911964,0.9974445769556576,0.9901240387927461,0.9852481175304313,0.9972791439423967,0.9917212766875063,0.985487925508018,0.9990369995945203,0.9919279955969101,0.9855482696389395,0.999225742871918,0.9990784069079626,0.9919479574792761,1.0043281402702324,291.0
0.9999970623721902,0.9999960103740169,0.9999978559963603,0.9807338728639289,0.9737272499623308,0.9859002241857032,0.9954000626169397,0.9882974862712318,1.0017499068743674,0.9935971744453203,0.9867554711939517,1.0007564016093706,0.9935248441054092,0.98638647828115,1.0009173355424605,0.992783025822604,0.9861546618488709,1.0006319592946076,0.9923762500422398,0.9862572758497706,0.9996721986321446,0.9920915076633349,0.9859248402623947,0.9994761385935832,0.9917239887727972,0.9862379707027846,0.9989370305364964,0.9918355438702762,0.9852875495879732,1.0002967264704008,0.9916534065926196,0.9853054519883485,1.0002960158912,0.9915330910358215,0.9841050936372173,0.9998214599643345,0.993522195690459,0.9860910947325295,1.0008076368724115,0.9934833797236625,0.9863865068898228,1.0010960707272605,0.9915340176005593,0.9838515792949657,0.9997196407066319,0.9915340810071853,0.9836486951863144,0.9996780977270635,0.9913984256806855,0.9825014444932064,0.9996817408120944,0.9913906088620165,0.9827313640521113,0.999548156591578,0.9913819777437157,0.9822559419046405,0.9996847262206846,0.9913424012634945,0.9860699572766902,0.9983330400459057,0.991144022695094,0.9859082433273734,0.9981420099119285,0.9913548392290621,0.9860700081190052,0.998053062807711,0.9915752567144628,0.9862314716819189,0.9987046177698731,0.9915652711206747,0.986514481095243,0.9987037130518613,0.9905234066274755,0.9858748596122169,0.9975616814559847,0.9905106505773235,0.9858748794684528,0.9974995488822916,0.9905131508955098,0.9862375898188634,0.9973913342819267,0.9900600254306416,0.9852666775156621,0.9971596331731329,0.9899815266589693,0.9852667666994529,0.9971718272348296,0.990080716844379,0.9852666973593108,0.9970098365305737,0.9905436116532748,0.9855143112302264,1.000277576260274,0.991941460340226,0.9856789514233177,0.9992829064220193,0.9905601897643005,0.9857269851202275,0.9977918765206235,0.9899771217970356,0.9853974870866108,0.9975100162710905,0.9901615598601274,0.9852663381695338,0.9973446460121651,0.9917595853547986,0.9855127174489487,0.9990988645663579,0.9919665741826869,0.9855732306422407,0.9992878346423805,0.9991077018491704,0.9919691619120518,1.0043767803279284,292.0
0.9999970531835787,0.999996007982187,0.9999978264444964,0.9806707764750001,0.9737120609919006,0.9857051495331188,0.9953390126463945,0.9882770195403696,1.0015256067605893,0.9935317699051853,0.9867307209196998,1.0005174273542947,0.9934604889617332,0.9863628099941738,1.0006771432199089,0.9927174392418416,0.9861297158999485,1.0003901907981776,0.9923068097134443,0.9862260370697661,0.9994204187919865,0.9920220251291377,0.9858930545590755,0.9992235094380267,0.9916518436258188,0.9861999577144037,0.9986760825734873,0.9917691904407636,0.9852623201651033,1.0000530660382725,0.9915869458352147,0.9852798344442235,1.0000523981497567,0.9914656954383453,0.984081454586198,0.9995745225829175,0.9934578800743484,0.986068292047571,1.000568118567793,0.9934196234961385,0.9863628386021683,1.0008546417896453,0.9914667122395325,0.9838288492733086,0.999474149125414,0.9914668196883353,0.9836268905663877,0.999433750256652,0.9913307630763025,0.9824780511578742,0.9994307872781165,0.9913229100032874,0.9827074238426732,0.9992963225775656,0.9913142860798216,0.9822326666080106,0.9994333877381832,0.9912672533393926,0.9860259366020799,0.9980653478394961,0.9910675629445804,0.9858604730354673,0.9978709639748916,0.9912790590963284,0.986025987442111,0.9977837248171677,0.9915019670823866,0.9861912008048316,0.9984412318536242,0.9914920326999052,0.9864744675918476,0.9984410871347376,0.9904459924821111,0.9858208244326205,0.9972818216193593,0.9904337208118549,0.9858208442877544,0.9972187058705387,0.9904357018256158,0.9861829546877352,0.9971106268326411,0.9899773969867384,0.9852050500184752,0.996875552243977,0.9898999212546354,0.9852051391966069,0.996887635555349,0.9899970559201833,0.9852050698608629,0.9967239308238387,0.9904765913380459,0.9854864260262987,1.0000340477357141,0.991872006393515,0.985646845313744,0.9990301777956997,0.9904815313148826,0.9856731938438571,0.9975149169998365,0.9898959467708774,0.9853369478871342,0.9972301264317721,0.9900794494843496,0.9852047106938788,0.9970626999115687,0.9916900438988795,0.9854804520302192,0.9988460041479299,0.9918967817804315,0.9855406030992878,0.9990351266141071,0.9990434295682245,0.9919536653746931,1.0041779508997024,293.0
0.9999970290820982,0.999996008261182,0.9999977692421712,0.9805057861655965,0.9737141288644546,0.9853274804253714,0.9951777285194627,0.9882787279315868,1.0010922737694066,0.9933644277510733,0.9867299125019584,1.000055405594643,0.9932944704625233,0.986363009190688,1.000212415134753,0.992550334635918,0.9861286461012168,0.9999230767952961,0.9921344595014927,0.9862215888335766,0.9989335067096494,0.9918505736220274,0.9858896712006731,0.9987354411350312,0.9914786043445696,0.9861892141465972,0.9981709131084664,0.9916011147344935,0.9852608721456011,0.9995820537857896,0.9914189685749405,0.9852780451904548,0.9995814511213875,0.9912951311536902,0.9840810424232616,0.9990970446394482,0.9932919082415768,0.9860692973792626,1.0001044743038796,0.9932543622267274,0.9863630377986984,1.0003874768112737,0.9912961555376687,0.983828420932219,0.9989966760633374,0.9912962666508508,0.9836264476143712,0.9989562844909247,0.9911604562910266,0.9824802066157535,0.9989531778538884,0.9911526376359522,0.9827103578168489,0.9988197451277936,0.9911440075330118,0.9822350342414016,0.9989555986040674,0.9910949045448978,0.986009559978718,0.9975481174741737,0.9908960489688381,0.9858405617508852,0.9973475347353148,0.9911067523662539,0.9860096108178862,0.9972642294300806,0.9913290833376768,0.9861783591495181,0.997931635005407,0.9913192147800767,0.9864619601064524,0.9979325193963586,0.9902795800446808,0.9857939738155065,0.9967420263679448,0.9902687624666877,0.9857939936700816,0.9966772724743972,0.9902691660742665,0.9861539227887774,0.9965677845251419,0.9898065300601874,0.9851713640274788,0.9963283063065945,0.9897290589926262,0.9851714532024582,0.9963392089309775,0.9898269075573497,0.9851713838691633,0.9961748157993595,0.9903092458110203,0.9854826964224349,0.9995631838327509,0.9917015027194946,0.9856441829739128,0.9985424178451069,0.9903113901370857,0.9856472299228448,0.9969806180563281,0.9897253478874591,0.985304546431298,0.9966903053041714,0.989908404361693,0.9851710247148768,0.9965192118981799,0.9915202045961513,0.9854782823364593,0.9983587458320077,0.9917266058663554,0.9855384500341667,0.9985473477441769,0.9988753617659942,0.9919557699230939,1.003793018163345,294.0
0.999997008154148,0.9999960053720883,0.9999977158894277,0.9803630460708133,0.9736956900555485,0.9849753596966071,0.9950362371429247,0.988254319956644,1.0006868390913513,0.9932167046696949,0.9867005621041155,0.9996223299045388,0.9931487972215198,0.9863340717745193,0.9997763588967639,0.9924001808187897,0.9860970006038371,0.9994840170013266,0.991984390337751,0.986188269788221,0.9984780871695964,0.9917011908672314,0.9858556761408093,0.9982782795562778,0.991329501047895,0.9861513543097848,0.9977006191263927,0.9914486018555125,0.9852259097417264,0.9991385767920214,0.9912660880358614,0.9852421339516634,0.9991380470722362,0.9911400455827107,0.9840461115554363,0.9986461791342656,0.9931463964150936,0.986040690337896,0.9996685485776167,0.9931097960969485,0.9863341003816982,0.9999495342011513,0.9911410619117144,0.9837933203759818,0.9985455752671984,0.9911411690590689,0.9835911753341717,0.9985050011552387,0.9910041663831373,0.982445770843465,0.9984989201880095,0.9909963489868772,0.98267610123331,0.9983656370307771,0.9909875604218765,0.9822006347154569,0.9985008750893831,0.9909468011349524,0.9859676542911775,0.9970676712569623,0.9907482042217493,0.9857961238059809,0.9968616621582634,0.9909597311991261,0.9859677051281729,0.996782455246638,0.9911803753981406,0.9861389859428705,0.9974576054414177,0.9911705616247457,0.9864227954167429,0.9974593129744784,0.9901342734764645,0.9857464049952391,0.9962417870080605,0.9901240767164644,0.9857464248488447,0.9961751333510651,0.9901238692275623,0.9861065674261971,0.9960679356798816,0.9896611914339024,0.9851196793187542,0.9958215470300973,0.9895838195411628,0.9851197684889871,0.9958314448641356,0.9896823111658537,0.985119699159381,0.9956664688155467,0.9901536062129772,0.9854403817632077,0.9991200302566617,0.9915518246018398,0.9856098710125544,0.9980844419389656,0.9901644672265857,0.9855995743107099,0.9964851591796476,0.9895793735585194,0.985253176560425,0.9961899810168964,0.9897626894194074,0.9851193400242109,0.9960156847203845,0.9913694788101113,0.9854428187807031,0.9978996842062379,0.9915770130073411,0.9855043281681631,0.998089364947354,0.9987299511855963,0.9919369598527784,1.003434119140125,295.0
0.9999969927106744,0.9999960065482775,0.9999976674782047,0.9802569936661896,0.9737042211072535,0.9846558756580126,0.9949348513335498,0.9882594167881896,1.0003184267377776,0.9931123738513262,0.9867042351689722,0.9992289401910662,0.9930450676708521,0.9863357616664837,0.9993769795296391,0.9922951743272239,0.9861002287281326,0.9990859543934137,0.9918804923036119,0.9861907981507603,0.9980658873714865,0.9915998058633134,0.9858597750828842,0.9978664726286521,0.9912265811569145,0.9861491847041443,0.9972736019710333,0.9913422487589674,0.9852284936459592,0.9987366812035325,0.9911598281682708,0.9852444014777547,0.9987360786756347,0.9910308273461189,0.9840491477328874,0.9982387407338064,0.9930426049843806,0.9860407935350629,0.9992668972726784,0.9930064722751665,0.9863357902737168,0.9995482650399127,0.9910318274290544,0.9837961140751966,0.9981377729201082,0.9910319266166663,0.9835937202223998,0.9980969126687598,0.9908947847903574,0.9824507396620368,0.9980914954476757,0.9908869415628658,0.9826807554481617,0.9979576530839889,0.9908781616655241,0.9822059055431315,0.9980935406483654,0.9908437002488045,0.9859618530522009,0.9966304327292917,0.9906452977319626,0.9857882566210151,0.9964194656720987,0.9908565440215826,0.9859619038888746,0.9963434596872269,0.9910773706649637,0.9861352509309436,0.9970264196926559,0.9910674845353309,0.9864182392043591,0.9970269695973328,0.9900324302948086,0.9857348525965957,0.9957853081159667,0.990022447197372,0.9857348724499518,0.9957169268604906,0.9900219215788444,0.9860931112564557,0.9956088537327152,0.989558200270651,0.985104298323392,0.9953608182647902,0.989481122186208,0.9851043874921429,0.9953700020323627,0.98957935786749,0.9851043181636884,0.9952040834057504,0.9900474575819165,0.9854406489856413,0.9987181420689598,0.9914515728878396,0.9856149983374778,0.9976731292052797,0.9900621124411361,0.9855887957719663,0.9960342292688513,0.9894774765494477,0.9852394940458707,0.9957347832197011,0.9896598393530888,0.9851039590344903,0.995557780609516,0.9912701489163226,0.9854487028832631,0.9974891379594788,0.9914770345861581,0.9855099410292332,0.9976780339116502,0.9986219283395866,0.9919456327371674,1.0031084813026476,296.0
0.999996980595264,0.9999960118756939,0.9999976342705181,0.9801736590649822,0.9737398008997454,0.9844366943148002,0.9948555592219833,0.9882982336111689,1.000065136822294,0.9930310240250627,0.98673853030014,0.9989572357351638,0.9929662907742783,0.9863700273295591,0.9991046309925488,0.9922139508023938,0.9861331191734328,0.9988098516683087,0.9917961124171851,0.9862201962740099,0.9977795773611285,0.9915150063911767,0.9858877554294986,0.9975789935128151,0.9911411932051285,0.9861737763732179,0.9969766435298008,0.9912611178866342,0.985259350725315,0.99845656664177,0.9910787172345478,0.9852749147156705,0.9984560103294123,0.9909493037130742,0.9840785736226106,0.997952111656761,0.9929637659353309,0.9860750356158127,0.9989947484880644,0.9929292848880225,0.9863700559377959,0.9992753801080433,0.9909502949493182,0.9838253970533433,0.9978509228232204,0.9909503898003801,0.983622855688261,0.9978098880125836,0.9908140566538536,0.9824767838648182,0.9977988443627499,0.9908062381240256,0.982707405550207,0.9976657453342845,0.990797533436999,0.9822314123745803,0.9977999875368682,0.9907589968589366,0.9859825382082169,0.9963271413910368,0.9905610676603538,0.9858066371874824,0.9961131210358803,0.9907720613925476,0.9859825890459408,0.9960390792827868,0.9909922376775703,0.9861582409273314,0.9967268970899934,0.9909823118637501,0.986440746422494,0.9967268202109789,0.9899492338427985,0.9857486069603724,0.9954703519938242,0.9899394640957704,0.9857486268139916,0.9954008137204233,0.9899386947714501,0.9861063618976934,0.995293218170955,0.9894731117300949,0.9851120448691597,0.9950423967215444,0.9893958489417669,0.9851121340385268,0.9950508821740963,0.9894945454762275,0.9851120647095919,0.9948846886770871,0.9899662692037895,0.9854689342521227,0.9984381663191999,0.9913663322963369,0.9856421326058376,0.9973851854232043,0.9899783746618265,0.9856027548740508,0.9957225573057247,0.9893932909763556,0.9852485130582739,0.9954202881591633,0.9895749393588191,0.9851117055779127,0.9952413674338525,0.9911842694643045,0.9854751207776405,0.9972005137450883,0.991391544220948,0.9855368451072338,0.9973900986253448,0.9985370483583934,0.9919818889277018,1.0028850762970536,297.0
0.9999969729334648,0.9999960114947802,0.9999976189181784,0.9801221947906331,0.9737377340324619,0.9843354971347265,0.9948008173359513,0.9882937099263934,0.9999459874368958,0.992976343381818,0.9867303440271381,0.9988279653906911,0.9929114593812062,0.9863628697103636,0.9989751745994554,0.9921603356126804,0.9861236081870536,0.9986780911757817,0.9917410341523638,0.9862079689627825,0.9976421147780994,0.9914580022709464,0.9858740806113805,0.997438945347354,0.9910885967233287,0.9861576244623325,0.9968354863516561,0.9912091484247674,0.9852479225482139,0.9983229233075988,0.9910267397357544,0.985263044435914,0.9983223513487987,0.9908993875477087,0.9840663524848895,0.9978155775111535,0.9929089612981801,0.9860687009872589,0.9988666282804142,0.9928743423232176,0.9863628983184034,0.9991448098302937,0.9909003750456554,0.9838131320606273,0.9977143049224778,0.9909004680813768,0.983610541911843,0.9976732017643802,0.9907645398670443,0.9824625538430876,0.9976586000647659,0.9907567065043813,0.9826930269812171,0.9975251648274123,0.9907480711138464,0.9822169434627359,0.9976593128469642,0.9907083941540764,0.9859628181166235,0.9961834020775897,0.9905117341549773,0.9857846570538372,0.9959680610404166,0.9907215425055717,0.9859628689533166,0.9958946759722314,0.9909404188920198,0.9861407811702566,0.9965849102334782,0.9909305460392088,0.9864236016601022,0.9965856295819352,0.9899021040687954,0.9857243498543461,0.9953198858090131,0.9898919765734091,0.9857243697074639,0.9952494189350372,0.9898915116549574,0.9860812213012297,0.9951414126906643,0.9894328304565725,0.985085111859807,0.9948937164118213,0.989356253232276,0.9850852010266627,0.9949021738457521,0.9894549171173502,0.9850851316996797,0.9947358586681722,0.9899137243165415,0.9854540480618862,0.9983046333345571,0.9913085483750153,0.985627653175835,0.9972440943551675,0.9899321973307736,0.9855788569514735,0.9955750495711924,0.9893507681812627,0.9852226101344468,0.9952723425798389,0.989533371936362,0.9850847725781143,0.9950930917574601,0.9911249722557033,0.985459137205286,0.9970579690384443,0.9913340581257113,0.9855229801820676,0.997248983178238,0.9984846086852482,0.9919797718119188,1.0027819211835256,298.0
0.9999969717326926,0.9999960183057588,0.9999976113484129,0.9801135747869604,0.9737829428558673,0.9842856328303938,0.9947945389984577,0.988343435500001,0.9998861470655075,0.9929728301673927,0.9867819516236146,0.9987620872542256,0.9929078088049029,0.9864155779528496,0.9989100470322271,0.9921575010153217,0.9861739268537693,0.9986100148919391,0.991740710850093,0.9862628452073137,0.9975715685514733,0.99145685236334,0.9859277026344071,0.9973674974170784,0.991093266356558,0.9862156976586272,0.9967616859709928,0.991207775233524,0.9852963745075455,0.9982528447454667,0.9910254538964343,0.9853111663200933,0.9982522438522738,0.9908993579333149,0.9841134233684369,0.997742518274113,0.9929053764078257,0.9861222898086587,0.9988029035754136,0.9928705597552336,0.9864156065624268,0.9990790803554273,0.9909002815612622,0.9838596774925361,0.9976402282890617,0.99090034355399,0.9836565155065553,0.9975982958126127,0.9907654655978444,0.9825078198719621,0.9975832488365957,0.9907575798049579,0.9827374625078698,0.9974484996314523,0.9907491297422168,0.9822621050033133,0.9975838705785367,0.9907183307631168,0.9860237552501855,0.996107707905693,0.9905249934462281,0.9858473921984322,0.9958914315272316,0.9907314123073069,0.9860238060900091,0.9958186400146375,0.9909471126646658,0.9861999207125345,0.9965103545157376,0.9909372327803759,0.9864825706713478,0.9965109421062007,0.9899204748810894,0.9857875058454421,0.9952389315809883,0.9899103496936803,0.9857875256998214,0.995168329151571,0.9899096528765877,0.9861403675209782,0.9950545453467984,0.9894581273523742,0.985153123558708,0.9948158188532489,0.9893817866151817,0.9851532127316679,0.9948242805864487,0.9894806174103422,0.9851531433999402,0.9946581365435853,0.989912618068495,0.9855001331070197,0.9982346157545684,0.9913069664085408,0.9856805355525363,0.9971721968362075,0.9899506555246123,0.9856436429935881,0.9954968497216737,0.9893745507780428,0.9852905960478112,0.9951942058681286,0.9895579811401399,0.9851527842537905,0.9950150768261011,0.9911227175827199,0.9855113303553813,0.9969854068792658,0.9913322836676121,0.9855758270702604,0.9971770857272814,0.9984758373607348,0.9920258420196273,1.0027310862467864,299.0
0.9999969893352517,0.9999960208161042,0.9999976108397719,0.9802290266007273,0.9737999122604346,0.9842815514228881,0.9949312771379453,0.9883603872206866,0.9998898292023034,0.993118014458054,0.9867983206403081,0.9987675409914276,0.9930532455110999,0.9864319507139762,0.9989154871517157,0.9923046930848117,0.986188417337903,0.9986147328790049,0.9918931850348012,0.9862801761569729,0.9975814535951949,0.991610304223561,0.9859455761533974,0.9973781161731364,0.9912502263394009,0.9862325029379452,0.9967750449238973,0.9913553804860898,0.9853081462392184,0.9982557339090317,0.9911730187602042,0.9853224562719791,0.9982551704278968,0.9910472073655063,0.9841234197495659,0.9977422879405328,0.9930508807208849,0.9861386655497526,0.9988084296519408,0.9930160971421005,0.9864319793240348,0.9990844478045093,0.9910481229788928,0.9838696192319937,0.9976398959117565,0.9910481810667136,0.9836663910765113,0.997597879248883,0.9909134772197467,0.9825132724517149,0.9975770598214126,0.9909055425769225,0.9827421415899265,0.9974410287165681,0.99089717021462,0.98226708641294,0.9975771071795047,0.9908801504548639,0.9860399624057246,0.9961240512025106,0.9906901818489483,0.9858631764015513,0.9959095862050542,0.9908925445435341,0.9860400132463785,0.9958346452364164,0.9911059525745984,0.9862165510990089,0.9965250063830658,0.9910961244953689,0.9864994703132773,0.9965263008343794,0.9900937347146244,0.9858032398987417,0.9952621251588749,0.9900843271344395,0.9858032597534312,0.9951923121666656,0.9900828997592255,0.9861561685855014,0.9950774044226112,0.9896368818378988,0.9851681523631548,0.9948412649984848,0.9895609971199459,0.9851682415374288,0.9948500215599901,0.9896600854752736,0.9851681722046796,0.9946843974315036,0.9900595620641633,0.9855082111936483,0.9982376693970936,0.9914609758997643,0.9856987776843693,0.9971831498245427,0.9901220543940068,0.9856593498952695,0.9955181265699802,0.9895507088550153,0.985306178087442,0.9952173634169923,0.9897353446379801,0.9851678130532363,0.9950394003029129,0.9912772058626033,0.9855300097152435,0.9969968313595022,0.9914863515414677,0.9855944585389627,0.9971880225506675,0.9985935246592673,0.9920431264723059,1.0027269528912326,300.0
