Sourcebusa,Sourcebusb,Sourcebusc,799a,799b,799c,701a,701b,701c,702a,702b,702c,705a,705b,705c,713a,713b,713c,703a,703b,703c,727a,727b,727c,730a,730b,730c,704a,704b,704c,714a,714b,714c,720a,720b,720c,742a,742b,742c,712a,712b,712c,706a,706b,706c,725a,725b,725c,707a,707b,707c,724a,724b,724c,722a,722b,722c,708a,708b,708c,733a,733b,733c,732a,732b,732c,709a,709b,709c,731a,731b,731c,710a,710b,710c,735a,735b,735c,736a,736b,736c,711a,711b,711c,741a,741b,741c,740a,740b,740c,718a,718b,718c,744a,744b,744c,734a,734b,734c,737a,737b,737c,738a,738b,738c,728a,728b,728c,729a,729b,729c,799ra,799rb,799rc,time
0.999986561495465,0.9999910159421839,0.9999908817208527,0.913784857146512,0.9423471128744542,0.9438057031393917,0.978001347568116,1.015126237633308,1.0125577758110382,0.9698293206810019,1.009645741385831,1.0057295519453502,0.9690862529544442,1.0087570134713548,1.0042560607135362,0.9682662531516187,1.0081531776203023,1.0037716343132308,0.9622354335291867,1.0048237444085422,1.001126673776097,0.9610410400490927,1.0039754904921518,1.000411791296292,0.9565576454508873,1.001414833493085,0.9974557590168447,0.9667627003885141,1.0059971520371054,1.0015590526970954,0.9665778037895154,1.0058061166222654,1.0015338653938666,0.9653797829554198,1.0038438937035647,0.9983012092054169,0.9690063817166943,1.008045874235659,1.0037028158257761,0.9687003360325782,1.0087570427296815,1.003786857965383,0.9653650343974993,1.0035328270159598,0.9979793916177659,0.9653575489585648,1.0032483167663526,0.9977453900975015,0.9648002960769947,0.9999622167252945,0.9947330750502418,0.9647828419225887,0.9992341820562636,0.9941679534951078,0.9647273679335935,0.9995708427806651,0.994357177581753,0.952353074110816,0.9987806403854153,0.9951810786342469,0.9499612325093306,0.9972828982669716,0.9940827015932019,0.9520688060143729,0.9987806918872998,0.99484036217772,0.954934757271155,1.0002786433893647,0.9964549148781439,0.9549064112281291,0.9996790922578123,0.9958412851987096,0.9454385234500953,0.9946922700859374,0.9906918295344553,0.9451135239151793,0.9946922901207856,0.9902935971014337,0.9454078796759239,0.9934350356286729,0.9896927642160411,0.9411926345664806,0.9925077148969238,0.9900061371397498,0.9409625459544662,0.992507804748974,0.9897987326529586,0.9408481148984786,0.9925077348881887,0.9895940176994903,0.9655752512106054,1.0049694035363224,1.0015637716360912,0.9604346725504509,1.0033834268431,1.0001258106410444,0.9462958253218202,0.9952024846960924,0.9921326660025391,0.943191605893806,0.9931487058147166,0.9912327943481277,0.9418828987506576,0.9925073730080531,0.990636574471254,0.9600362326208157,1.0030022291748724,0.9997431927466943,0.9601478690054807,1.0031406604011355,1.0001345568286824,0.9936725697913174,1.0247545574868306,1.0263317115116586,2.0
0.9999870104251248,0.9999911602308592,0.9999911607927523,0.9165785643133175,0.9431776812748178,0.9452938014680264,0.9815685963796995,1.0162412540978125,1.0146383829979064,0.9736683902761394,1.0109023937707586,1.0080381776607792,0.9729560952266622,1.0100305878643168,1.0066405413199648,0.9721292940005083,1.0094218557882249,1.0061628598305994,0.9663500684163353,1.0062868474028188,1.003562134704693,0.9651994994964108,1.0054659366020968,1.0028728872728172,0.9608973140643688,1.0030441789761915,1.0000007194652734,0.9706297645650125,1.0072831373389153,1.0040332039272963,0.970438073379981,1.007096672638211,1.0040094626247154,0.9692993357285523,1.0051432694229983,1.0008963507288335,0.9728794768492666,1.0093329806533506,1.0061072947797094,0.972586178994432,1.010030617159522,1.006201852275663,0.9692855012810021,1.0048327939246906,1.0005859264554184,0.9692784531486177,1.0045508209182805,1.0003625000036787,0.9687442433602389,1.0013128789890535,0.9974877506837706,0.968727296629963,1.0006240061975222,0.9969443924236959,0.9686744157207674,1.000921991782771,0.9971292393402259,0.9568684061424406,1.0005327047297534,0.9977875172817705,0.9545766222804581,0.9991022493541364,0.9967231467820128,0.9565997142019269,1.000532756321881,0.9974474011282517,0.9593421405429138,1.0019633833398325,0.9990291937463067,0.9593145124584823,1.0014037307514272,0.9984431148414946,0.95024212487737,0.9966368398780538,0.9934451908059815,0.9499346218158656,0.9966368599520842,0.9930612401540968,0.95021227785544,0.9954543575473663,0.9924839232659192,0.9461632349449383,0.9945368612481233,0.9927538867703706,0.9459405412617772,0.9945369512836157,0.9925544855433548,0.9458375281355772,0.9945368812802574,0.9923515334419744,0.9693871477440228,1.0062767712606782,1.004038237944304,0.9646138536316271,1.0048917097329662,1.002591703891796,0.951053586734173,0.9971166869239226,0.9948335104624517,0.9480591907834105,0.9951504544981844,0.993951904406687,0.9468244860588876,0.9945365186612498,0.9933694833226725,0.9642269791168848,1.0045220783767679,1.0022193448065366,0.9643402940960003,1.0046562596945081,1.0026001947880951,0.9967129549811529,1.0256589018974087,1.0279519695192407,3.0
0.999987954807581,0.9999914893308817,0.9999916568418944,0.9224801324292701,0.9451529437187165,0.9479270566867163,0.9890951036113583,1.0188158785200085,1.0183823687939384,0.981763727485591,1.0137641835435973,1.0122341996522881,0.9811139479596489,1.0129234520388195,1.0109845020968775,0.9802806385070796,1.0123157416202564,1.0105158205735698,0.9750217049814087,1.0095477937097503,1.0080221658842576,0.9739573043211592,1.0087761408874516,1.0073804484488567,0.9700305761675713,1.0066133214475195,1.0046865340821094,0.9788089396333186,1.0102233108792755,1.008547462910658,0.9786104433836316,1.0100478361326022,1.0085263271271234,0.9775755039914626,1.0081110563262545,1.005647498433341,0.9810442601225623,1.012250693934097,1.0104924193022724,0.980776304934821,1.0129234814178798,1.010603703926214,0.9775633425661318,1.0078003916456757,1.0053573455042104,0.9775570933350791,1.0075219930616415,1.005152995675058,0.9770655401733506,1.0043885570456317,1.002559660957533,0.9770496808360619,1.0037765867343187,1.0020603505405812,0.977001424623744,1.0039995690438763,1.0022360587555845,0.9663607224281437,1.0043282643328861,1.0026026601747524,0.9642748280989217,1.0030214508170145,1.0016100321551638,0.9661210040165096,1.0043283161203387,1.0022647077766285,0.9686137822248478,1.005635209167333,1.003775389045177,0.9685875032147858,1.0051514803413668,1.003241001143858,0.9603219132840272,1.00078945719556,0.9985634580413264,0.9600468416066837,1.0007894773531214,0.9982086173779103,0.960293554414884,0.9997499758231962,0.9976727025627455,0.9565939296439124,0.9988414895950707,0.9978749906071138,0.9563858303951819,0.9988415800189498,0.9976922507057813,0.9563035163583706,0.998841509713724,0.9974935904295438,0.9775043070451723,1.0092766391955836,1.0085524178250935,0.9734136516921572,1.0082349052078798,1.0071080316567917,0.9610483955163638,1.001211211193205,0.9998473982542916,0.9582941161409511,0.9994053041512702,0.9990091724804997,0.9571993347470379,0.9988411455303794,0.9984577639105794,0.9730478650818998,1.0078862317628887,1.0067544286725922,0.973166401290506,1.0080126962026124,1.0071160754624913,1.0031355921456968,1.027809182487471,1.0308193077342398,4.0
0.9999889527624094,0.9999919617886814,0.9999921221761062,0.9287257031424075,0.9481090956858688,0.9504514277450081,0.985313748589227,1.0106001482423572,1.0099664581781338,0.9785436660077215,1.0058530382647288,1.0042310135354369,0.9779476917404583,1.0050443448053905,1.003112497192547,0.9771303641645485,1.004456504767447,1.0026455534856622,0.9723691678984604,1.0020102578380146,1.0002759899837594,0.9713782208737713,1.0012760573267867,0.9996688179312253,0.9678350004853749,0.999354505311954,0.9971624871003004,0.9757170619348726,1.0024390322531465,1.0008177051156033,0.9755244461725872,1.0022799690443054,1.0007987464997978,0.9745578223554034,1.0003567090433136,0.9981254841655589,0.9778859583955881,1.004397210508594,1.00266389070689,0.9776363425377816,1.005044373955985,1.0027778037838293,0.9745471770425753,1.0000419576850834,0.9978517957466516,0.9745416495863218,0.9997635916169375,0.9976637587804015,0.9740880254188147,0.9967514216289111,0.9953346398860126,0.9740732706539452,0.9962135836613524,0.9948780592322856,0.9740289735107515,0.9963659993909518,0.9950430508047718,0.9645156385450077,0.997271166613429,0.995199916058824,0.9626339562193906,0.996073114675613,0.9942747963598998,0.96429861365261,0.9972712180364106,0.9948607563540228,0.9665533627555924,0.9984692480978618,0.9963091748981338,0.966528792175844,0.9980598291278803,0.9958291736602667,0.959043486053158,0.9940521411717733,0.9914429863038173,0.9587940070642404,0.994052161193353,0.991113130569475,0.9590168983594062,0.993155361411829,0.9906271463934087,0.9556703672149158,0.9922227411487631,0.9907637765586143,0.9554755774572975,0.9922228309711727,0.9905986616112422,0.9554072831335824,0.9922227611336832,0.9903993641556067,0.9744418575510561,1.0015970717122653,1.0008209578456255,0.9708719747383662,1.00076069494495,0.9994011893967748,0.9597026710579254,0.9944159289117857,0.9926315027066196,0.9572081048238108,0.9927453309263308,0.991837082305396,0.956230364074402,0.9922223993726753,0.9913154094369432,0.9705209561816336,1.0004266374806492,0.9990604192655198,0.9706508635841251,1.0005501547067532,0.9994088666506074,0.9983242732540644,1.0191757100469898,1.0216879772470915,5.0
0.999989817851718,0.9999923444307532,0.9999923762391705,0.9341421176068719,0.9505281873359472,0.9516955207728097,0.9863067116416265,1.0076183541089547,1.0059328990439405,0.9800815267662686,1.003143295654274,1.0005631481021173,0.979539854237785,1.002356752963544,0.9995616282783159,0.9787368242085609,1.0017850014433494,0.9990970280599222,0.9744567294134738,0.9996526072059932,0.9968432587511642,0.9735360482092696,0.9989542594750355,0.9962701220676151,0.9703653039479756,0.9972530844023804,0.9939307334824438,0.9773844696080992,0.9998227636271555,0.997398226325341,0.9771975938164871,0.9996763885622648,0.997381441800667,0.9762998913643082,0.9977586715929575,0.9948958216865151,0.9794853973218762,1.0017273334466845,0.9991517182846836,0.9792556114567981,1.0023567820362718,0.9992681159753637,0.9762906567467952,0.9974394267786115,0.994637097930581,0.9762857995795137,0.9971604746531052,0.9944640247268081,0.9758672057895955,0.9942456604802828,0.9923783669484452,0.9758535803227931,0.9937733259441143,0.9919624568563832,0.975812814831163,0.9938619205990051,0.9921160416041264,0.9673913383658572,0.9953577694821533,0.9920826537662846,0.965711331394021,0.9942622841316263,0.99122149040292,0.9671956667239067,0.9953578208058524,0.9917430408712771,0.9692168443214788,0.9964531958462762,0.9931313151233644,0.9691938932243801,0.9961072872450409,0.9926992788285923,0.9624858405664974,0.9924382169938352,0.9885934397036432,0.9622619298967462,0.992438236982586,0.9882885494345826,0.9624607622672082,0.9916658402458112,0.9878412801354143,0.9594590275544885,0.9907308828986124,0.9879226287728333,0.9592758539269015,0.9907309725834555,0.9877730522011607,0.9592212393884657,0.9907309028530165,0.9875750047504586,0.9761376623703225,0.9990611306076619,0.9974006580681308,0.97306531235632,0.9984636346762209,0.9960085390039713,0.9630778969836381,0.9927514691421128,0.9896911527160858,0.9608468518689742,0.9912135441812202,0.9889384422927124,0.959977433365031,0.9907305416459687,0.988444825839035,0.9727299020100164,0.9981446763075548,0.9956815478227324,0.9728671796623618,0.9982633560190751,0.9960158990327863,0.9983132915005655,1.015837630256937,1.0170800774468416,6.0
0.9999905790789949,0.999992683639888,0.9999925271654638,0.9389242311107314,0.9526948556920267,0.9523542383121303,0.9864542299078334,1.0042750572963146,1.0011323126519904,0.9807231999234651,1.0000438740634081,0.9960869717977104,0.9802271282527716,0.999277267626308,0.9951878467915838,0.9794403007217733,0.9987197118915286,0.9947257180942711,0.9756027592189516,0.9968679092129913,0.9925777589487141,0.9747446879452419,0.9962010517683745,0.992034356224606,0.9719173095856825,0.9946932856092048,0.9898452039665445,0.9781447028502736,0.9968067909615588,0.9931415651969783,0.9779636961914754,0.9966714790145803,0.9931267799680976,0.9771256040480161,0.9947595216283817,0.9908073983264959,0.9801793335092462,0.9986637933487936,0.9948138293216053,0.9799652371678755,0.99927729660982,0.994928857780333,0.9771177135523363,0.9944361085324726,0.9905629819585176,0.9771134953586333,0.9941566634194554,0.9904041459461105,0.9767246228900904,0.9913294015250105,0.9885296628341885,0.9767120142726718,0.9909166789951447,0.9881502293184561,0.9766742056803328,0.9909470570458604,0.9882928683222219,0.9692595835821813,0.9929630783162231,0.9881002276751855,0.9677643337814238,0.9919576955223873,0.9872972843326056,0.9690833770042595,0.9929631295158284,0.9877600997254221,0.9708907517965149,0.9939683367164543,0.9890937950200259,0.9708691201149322,0.9936780984410124,0.9887024106838854,0.9648683265261945,0.9903063463211641,0.9848510531249229,0.9646658161974578,0.9903063662666439,0.9845678575733223,0.9648445633103879,0.9896451169842495,0.9841545228546885,0.9621690213745625,0.9887046311513258,0.9841957850047576,0.9619967708008764,0.9887047206502295,0.9840607835876535,0.9619544255956755,0.98870465106444,0.9838638668395369,0.976927821145224,0.9961147760723039,0.9931434191231762,0.9743056131158184,0.995732194687705,0.9917779137245275,0.9654041767411259,0.9905744481677017,0.9858697453097957,0.9634199395139302,0.9891514076022954,0.9851573006856602,0.9626489606265437,0.988704290606183,0.9846902382858382,0.9739838392153007,0.9954262225433478,0.9914629309485472,0.9741282106064801,0.9955410521767878,0.9917850010041438,0.9975601370009322,1.0122007553628836,1.0118340781478914,7.0
0.9999912912380468,0.9999929878247391,0.9999927317838634,0.943443597107455,0.9546350570466882,0.9534243587705378,0.9921338548110663,1.0066499534150044,1.0028005154184452,0.9868783461535987,1.002648233989943,0.9980864722721215,0.9864271891801775,1.0018973144239092,0.997283064230201,0.9856557987039765,1.00135851118664,0.9968275371624473,0.9822372236242004,0.9997624913815847,0.994801302802652,0.9814393580266834,0.9991268636509755,0.9942894344935773,0.9789267629054831,0.9977911807685915,0.9922526324407407,0.9844140260243152,0.9994953584234997,0.9953525943211318,0.9842383990170834,0.9993700945922703,0.9953395464954627,0.9834574666582755,0.9974709412185209,0.9931793630321961,0.9863851395532467,1.001296386753902,0.9969382681108141,0.9861879267792003,1.001897343483502,0.9970595932805623,0.9834507517530178,0.9971466426575702,0.9929489249324002,0.9834470942724286,0.9968690062945678,0.992803284591459,0.983084745988233,0.9941219319972374,0.9911150802813883,0.9830728909581283,0.9937641736591069,0.9907651970415183,0.9830378941772041,0.9937414887302894,0.9909014736441807,0.97656539596124,0.9962095386252708,0.9906199683715737,0.9752419681891363,0.9952849188590069,0.9898791465672779,0.9764088441386283,0.9962095899916794,0.9902841649131414,0.9780143857202687,0.9971339892780285,0.9915515292961032,0.9779937094437732,0.9968954544735681,0.991194736474913,0.9726538904593621,0.9937869058955675,0.987622018784116,0.9724713682834938,0.9937869259108314,0.9873623767511371,0.9726311330749625,0.9932219225259804,0.9869706362653451,0.9702595143578322,0.9922838909771917,0.9869936808424972,0.9700965389458301,0.9922839807977336,0.9868723807759229,0.9700670090980525,0.9922839109619471,0.9866804114812271,0.983224226919345,0.9988661712352452,0.9953538643018055,0.981030919509473,0.9986795351076481,0.9940395128538563,0.9731373241121075,0.9940159080267792,0.9885611168577249,0.9713820629403719,0.9926965450048947,0.9878945708438424,0.970702890184102,0.9922835492082114,0.9874572494486245,0.9807236553309158,0.9983873914689522,0.9937376562133672,0.9808718803970794,0.9984963284645351,0.9940463721867108,1.002365521461086,1.0142636927751276,1.0129731183205168,8.0
0.9999920217875456,0.9999933620838082,0.9999931132355692,0.9481187274418237,0.9570191956728769,0.9556979142001829,0.9859904043207155,0.9975326812582457,0.9938288918907251,0.9811510449173904,0.9937576661854228,0.9894466884160076,0.9807356424235115,0.9930322032578871,0.9887344300206915,0.9799816630897358,0.992512557037703,0.9882822102997825,0.9769295116572057,0.991124988323577,0.9863829604721678,0.9761782781069324,0.9905115653029897,0.9858953818414942,0.9739484072326934,0.9893383210616324,0.9840179659872852,0.9787911972326454,0.9907138715371481,0.9869076287146182,0.9786224334456103,0.9905988773399464,0.9868959731293163,0.9778839565346572,0.9887313307223525,0.9848827731042052,0.98069923339049,0.9924516414361105,0.9884188053448466,0.9805135949264611,0.99303223206045,0.988543771033225,0.977878167796242,0.9884044073680757,0.9846627264377869,0.9778749518868062,0.9881266875537221,0.9845272912838227,0.9775367952340271,0.9854995023066143,0.9830110470210377,0.977525679535702,0.9851993256159375,0.9826909541984492,0.9774931600265478,0.9851252551686677,0.9828178480009974,0.9718408630078965,0.9878891336920277,0.9824914576089132,0.9706659478958825,0.9870353983574728,0.9818096683710661,0.9716988950909348,0.9878891846289048,0.9821575482066974,0.9731338609092917,0.9887426761306272,0.983364945970473,0.9731141984987036,0.9885558042012101,0.9830434871247495,0.9683336101855848,0.985674926220892,0.9797297538361351,0.9681652956396064,0.9856749460724883,0.9794905606954353,0.9683120686103412,0.9852040321089018,0.9791276427003207,0.9662075131591646,0.9842477871492962,0.9791289882457387,0.9660535286665268,0.984247876240259,0.9790221669176846,0.9660306468706946,0.9842478069717837,0.9788307438629995,0.9776406101486841,0.9901487769846615,0.9869080498226691,0.9757938918083562,0.9900794623139174,0.9856486188871647,0.9687795839782656,0.9858657102523471,0.980595666647378,0.9672247341265725,0.9846340295326462,0.9799727815821369,0.9666220616044227,0.9842474481563791,0.979563648204927,0.9754963030631781,0.9897966170904778,0.9853553462226615,0.975651239956019,0.9899024769176105,0.9856553196355794,0.9954853313475223,1.0048363799355813,1.0034456078855278,9.0
0.9999926661607524,0.9999936431548002,0.999993465166802,0.952273330455437,0.958807523600141,0.957827121242209,0.9910806376901778,0.9997176682084935,0.9966778381590012,0.9866386496532027,0.9961466474687837,0.9926318028469413,0.9862571773013094,0.9954382299757044,0.9920038507340727,0.9855162713376833,0.9949389338442032,0.991560365786475,0.9828190392167825,0.9937515080371784,0.9898030824414218,0.9821163052555579,0.9931632077127587,0.9893439117943741,0.9801418568456499,0.9921344227190353,0.9876258495161442,0.9843656792507501,0.9931942914500865,0.9902809046944747,0.9842009062102902,0.9930879742266364,0.9902705558911755,0.9835057318800083,0.9912488635484625,0.9883967563841428,0.9862253362345729,0.9948713035732908,0.9917105656332375,0.9860520549637913,0.9954382588481081,0.9918470199260583,0.9835007769923939,0.9909238736687747,0.988188145361205,0.9834979611020868,0.9906495567848259,0.9880629038019563,0.9831804260988531,0.9881089416167749,0.9866906993901208,0.9831696915010277,0.9878577533464986,0.9863903412300085,0.98313957967931,0.9877389510228743,0.9865159857452922,0.9782733468483485,0.9908082775994567,0.9862169397694789,0.9772372974691343,0.9900210395787791,0.9855995467505829,0.9781457412785245,0.9908083286863963,0.9858901433811174,0.9794193699828037,0.9915953107013314,0.987023665121051,0.9794003124354622,0.9914533242964322,0.9867294989643814,0.9751512661540671,0.9887866996987343,0.9837095891813666,0.9749984798364362,0.988786719612771,0.9834943177214627,0.9751305045027494,0.9883940877211723,0.9831430481437876,0.9732723344301607,0.9874421044382194,0.9831482655430132,0.9731266055508008,0.987442193816582,0.98305505909343,0.9731121969047295,0.9874421243247148,0.9828694752394359,0.9832350905539325,0.9926829295069269,0.9902806588139975,0.9817569244396572,0.9927484072726555,0.9891027249267966,0.9755565129679978,0.9889456815919373,0.9844988491187173,0.97418328692568,0.98780001605252,0.9839262926892562,0.9736564440007833,0.9874417643517407,0.9835495833615484,0.9814711016908148,0.9924769180989456,0.9888203764813491,0.981629358051407,0.9925777922599689,0.989109255377576,0.9998505834183383,1.0067155436665398,1.0056836144884242,10.0
0.9999933121786935,0.999993947622931,0.9999938860232885,0.956455593908814,0.960748542480296,0.9604369322219247,0.9901500909931931,0.9960452353118894,0.9940280222096944,0.9860627830755675,0.9926733999879316,0.9903158328794813,0.9857085306028646,0.9919893777479672,0.9897703649066973,0.9849824424044146,0.9915079163960749,0.9893326690580884,0.9826012342230325,0.990490525583427,0.987715557767781,0.981940192626014,0.9899237228585699,0.9872806882883692,0.9801939605351125,0.9890290873663525,0.9857228078170488,0.983868354187083,0.9898242991295224,0.9881416974870538,0.9837077578834699,0.9897267130227878,0.9881324368294813,0.9830491235064213,0.9879257159165908,0.9863887126580312,0.9856809603390453,0.9914419681566347,0.9895006102358216,0.9855165334030839,0.9919894065203888,0.9896453731300753,0.9830448272827714,0.9876021822890305,0.9861892863639771,0.9830423280256515,0.9873305214177768,0.9860722434411396,0.9827416745675079,0.9848933456309023,0.9848276122076354,0.9827313684461711,0.9846900003209006,0.9845476267625078,0.9827030886083705,0.9845298333383355,0.9846685717696052,0.978532997592526,0.9878160660901104,0.9844262091721036,0.9776174986847814,0.9870900571532182,0.9838701578430381,0.9784176729573026,0.9878161170223911,0.9841064040214079,0.9795514199288335,0.988541868558117,0.9851690143166718,0.9795329587563903,0.9884407606317928,0.98490015369319,0.9757406974363885,0.9859717155826322,0.9821608526320709,0.9756003215159391,0.9859717354397848,0.9819680637237859,0.9757207564799562,0.9856520941243663,0.9816293673386215,0.9740761521637754,0.9846993489494277,0.9816352194053205,0.973938237978214,0.9846994380780637,0.9815547934080804,0.97392858485064,0.9846993687804124,0.981373812464733,0.9827600186240513,0.9893658799391305,0.9881406389799277,0.9816022564372323,0.9895236222855087,0.9870432789109582,0.9761133151542105,0.9861010479729135,0.9828774172781339,0.9748964473446818,0.9850339257631072,0.9823517279248282,0.9744349873886486,0.9846990098131613,0.982005447028526,0.981325570655443,0.9892610266369871,0.9867694253771703,0.9814887382583997,0.9893591930076153,0.9870496433149707,0.9982671566339305,1.002750660813525,1.0024239152271288,11.0
0.9999939165723423,0.9999942166147738,0.9999943271194096,0.9603907545165631,0.9624639615296259,0.9632121899353027,0.9948834979125167,0.9981347815506043,0.9975789516354696,0.9911270932638745,0.994952105429901,0.9942079099432892,0.9908000536323139,0.9942881002262789,0.9937363693444656,0.9900843879980169,0.993829770232883,0.9933149866565841,0.9879972374963454,0.9929663948585598,0.9918459285465131,0.9873772896440963,0.9924210214534667,0.9914367275896714,0.9858313024884133,0.9916506750768922,0.9900414569227173,0.9890016928853261,0.9922085054340858,0.9922141397216435,0.9888439474561613,0.9921189828504802,0.992205863464682,0.9882224094454586,0.9903634539021,0.9905951415715499,0.9907760961341853,0.9937567039185682,0.9934831393990134,0.9906216725803666,0.9942881290653833,0.9936433351691403,0.9882187133249324,0.9900453046100242,0.9904059815464633,0.9882165054961235,0.9897793582881492,0.9902973037587187,0.987931417394392,0.987440343906262,0.98917282738998,0.9879214131090731,0.9872798118298428,0.9889090880556356,0.9878949286435154,0.9870843265320492,0.9890293006222572,0.9843576810728525,0.990543774356972,0.988862097733133,0.9835506439023297,0.9898753038785667,0.9883687195404579,0.9842531436774061,0.9905438254295814,0.9885520556056502,0.9852609392181652,0.9912120413345817,0.9895376832224058,0.9852430876675159,0.9911488201506875,0.9892928317123426,0.9818625359599484,0.9888642204254806,0.9868435808202091,0.9817339578266512,0.988864240340746,0.9866745050077754,0.9818432863675531,0.9886099896341543,0.9863421879963736,0.9803842682048246,0.9876631961915722,0.9863537970679935,0.9802535748712736,0.9876632855873504,0.986284925181332,0.9802468248490397,0.9876632160820463,0.9861105189299414,0.9879070110219861,0.9917982969570319,0.9922122997379541,0.9870602535114722,0.992035626897002,0.9912043080322595,0.9822041679036988,0.9889669873394494,0.9874862655734594,0.9811222973446468,0.987973986143599,0.9870080236380449,0.9807206286454367,0.9876628560388258,0.9866924981756029,0.9867934728403024,0.9917827860654383,0.990939912791337,0.9869591966514519,0.9918763656906054,0.9912105416717046,1.0023769918998122,1.0045424956279616,1.0053230752218756,12.0
0.9999944945406983,0.9999945201571973,0.9999948062952208,0.9641544628803642,0.9644044028600552,0.9662605411461967,0.9872718465681617,0.9883706434816357,0.989265717307466,0.9837960202285796,0.9853666329917382,0.986209591295524,0.983489893195796,0.9847320423450123,0.9858066418483646,0.9827879958074922,0.9842926770696068,0.985398917014527,0.9809438100273216,0.9835424192377551,0.9840571427939127,0.9803566738044642,0.9830139247526354,0.9836673902791965,0.9789814174710036,0.9823496640517003,0.9824234516311943,0.9817345045547148,0.9827413174260029,0.9843788844420522,0.9815803573835966,0.9826599616805726,0.9843713719236689,0.9809870206208102,0.9809594058979394,0.9828801360774296,0.9834695468743455,0.984224179658143,0.9855716076768283,0.9833213531022762,0.9847320709069708,0.9857411092730065,0.9809837951033585,0.9806438717319355,0.9826984198413579,0.9809818159659519,0.9803811414855057,0.9825960744520109,0.9807105075789804,0.9781674319431652,0.9815783939267638,0.9807008696451615,0.9780467739300939,0.9813315891957429,0.9806758494509759,0.9778222265631066,0.9814478902345167,0.9776612608238755,0.9813312562906523,0.9813458666634616,0.9769438899667213,0.9807102853939246,0.980908006374362,0.9775645302400021,0.9813313068880012,0.9810415398418134,0.9784702123174237,0.9819520322949581,0.9819635226945955,0.9784530279693235,0.9819227899589934,0.9817415886337798,0.9754080508642465,0.9797900368322111,0.9795464303625043,0.975288272212112,0.9797900565645995,0.9793975270036352,0.9753896649692708,0.9795976043179863,0.9790781011957055,0.9740896648006665,0.9786389848806569,0.9790856427013767,0.9739649573899589,0.9786390734586026,0.9790270578183388,0.9739611463255898,0.9786390045892003,0.9788576830406175,0.9806601874208029,0.9823790509623798,0.9843761324165015,0.9800564119141403,0.982639785065323,0.9834373506955127,0.9757264373195261,0.9798677037132585,0.9801232437727158,0.9747565915778534,0.9789330497029853,0.979686070127356,0.974406790863067,0.9786386478397804,0.9793972729810222,0.9797965035854667,0.982393862980426,0.9831794045963196,0.9799674400722199,0.9824865137777069,0.983443416847102,0.9942561795000934,0.9945146555782406,0.9964294085636669,13.0
0.9999949694630806,0.9999947401350407,0.9999952127451611,0.9672585642358039,0.9658072505792247,0.9688570563323741,0.9909503013714797,0.9900733115079593,0.992512524038739,0.9877277232499572,0.9872245493853266,0.9897439078096301,0.9874439824200755,0.9866095423262993,0.9893984241820527,0.9867484010992825,0.9861910985856694,0.9890098822508775,0.9851268874114937,0.9855499926428857,0.9877894274623863,0.9845716310128491,0.9850377408077658,0.9874190713327583,0.9833442826895478,0.9844710491838313,0.9863135423933658,0.9857171504261022,0.9846982726437346,0.9880661344298324,0.985563833314536,0.984623902525499,0.9880593820920468,0.9850063413590131,0.9829712753245938,0.986680848574228,0.9874263802157393,0.986117346192238,0.9891746844793566,0.9872868178974797,0.9866095709426945,0.9893588940306861,0.9850035080520549,0.982662015146172,0.9865071707356983,0.9850017218277346,0.9824052686858997,0.9864109369516915,0.9847426572416373,0.9802836447140749,0.9854857670984474,0.9847332093543857,0.9801968405258853,0.98525046157711,0.9847096411884284,0.9799467063224799,0.9853673333904657,0.9821646204986908,0.9835352017338768,0.9853350452646555,0.9815288784221954,0.9829588494058694,0.9849504835959255,0.9820752264815702,0.9835352524446604,0.9850387686838789,0.9828871955496047,0.9841113660007268,0.9858954266429147,0.9828704215826651,0.9841123364640338,0.985691534102415,0.9801368887715536,0.9821224827463644,0.9837444902079753,0.9800273616503544,0.982122502525656,0.9836159378203678,0.980118994575832,0.9819817461229752,0.9832982989312624,0.9789575682627496,0.9810266604351475,0.9833169886480583,0.9788384048295111,0.9810267492285855,0.9832677651504308,0.9788390789314817,0.9810266801916753,0.9831055247908405,0.984644518889946,0.9843769902041039,0.9880625980974235,0.9842876391680043,0.9846748490523071,0.9871924274877876,0.9804284023709005,0.9821791481275255,0.9842593994669477,0.9795537436812157,0.9813019804523527,0.9838632774307572,0.979254473257628,0.9810263225743162,0.9836012666636563,0.9840346305498253,0.9844358870232324,0.9869411961802425,0.9842091601020285,0.9845261058334583,0.9871983795123253,0.9974591675395872,0.9959624880112923,0.9991091877968287,14.0
0.9999953935780109,0.9999949582441218,0.9999956195598634,0.9700360771648968,0.9672009696820619,0.9714750608797695,0.9942277082478483,0.9917636260150648,0.9957498126855742,0.9912318632133075,0.9890664855227524,0.9932488756546044,0.9909691787264844,0.9884721999726925,0.9929540750212622,0.9902788099545407,0.988074952959508,0.9925850646474688,0.9888549754056034,0.987529749175034,0.9914789155243897,0.9883290945798887,0.9870336756192498,0.9911265709406265,0.9872318665117584,0.9865565250395942,0.9901495396096321,0.9892660357868955,0.9866426983957671,0.9917108134541213,0.9891133334356539,0.9865752001014411,0.991704670494639,0.988587172473363,0.9849742679279978,0.9904291152846859,0.9909540622569333,0.9879965806341287,0.9927393324786733,0.9908227867963575,0.9884722286430818,0.992938199767383,0.9885846651922565,0.9846725134844091,0.9902631250096842,0.9885830414072481,0.9844226018912936,0.9901724204163554,0.9883330163887635,0.9823920121194034,0.989323512428825,0.9883237130542752,0.9823353854931453,0.9890978078523107,0.9883012192097048,0.9820640545876458,0.98921520411356,0.9861769533738572,0.9856977356388752,0.9892628769817357,0.9856131272705676,0.9851631983064307,0.9889273169892376,0.9860948619355455,0.9856977864609998,0.9889749971406281,0.9868228299026387,0.9862320916962664,0.9897700407135596,0.9868064091531186,0.986260434513736,0.9895822098400506,0.984343629146183,0.9844055366852974,0.9878613318587476,0.9842417334303987,0.9844055565105242,0.9877504896735949,0.9843261612814336,0.9843112583556838,0.9874345325782935,0.9832973440378024,0.9833637513408676,0.9874706732202817,0.9831834556848278,0.9833638403454117,0.9874301112314765,0.9831892182821117,0.9833637711444001,0.9872753615511847,0.9881938331671721,0.9863608604555582,0.9917064146561784,0.9880607033732244,0.9866818759020893,0.9909037005171579,0.9846151133314626,0.9844433283643628,0.9883223202094195,0.9838254935793198,0.9836215939265581,0.9879652011378836,0.9835740727562651,0.9833634126767746,0.9877287993904539,0.987814946816808,0.9864502571017348,0.9906595097763917,0.9879920969694548,0.9865376637173902,0.9909095345212814,1.000325122443264,0.9974008924568952,1.0018110157719395,15.0
0.9999958028081596,0.9999951833182708,0.999996035948411,0.9727222429670128,0.968645671039819,0.9741685703634222,0.9973806747762142,0.9935068892501422,0.9990534016026124,0.9945910466869503,0.990956348771464,0.9968068094919627,0.9943469297951204,0.9903846963147889,0.9965560354507692,0.9936627929190808,0.9900078872200548,0.9962073514959237,0.992416976510014,0.9895419809005288,0.9952139818196476,0.9919167096899973,0.9890594588154854,0.9948771839499478,0.9909372191200203,0.9886644101634978,0.9940265358713257,0.9926689057962182,0.9886378613557287,0.9953976812012341,0.9925167169725491,0.9885766438206622,0.9953920037457056,0.9920223234144805,0.9870331803328329,0.9942123849493667,0.9943338948781608,0.9899271829550874,0.996348347698422,0.994210121096809,0.990384725040613,0.996561276949433,0.9920199554327437,0.9867395461950018,0.9940520397769329,0.9920184053071455,0.9864965443808597,0.9939648523529888,0.9917787959775859,0.9845618594381789,0.9931837800435935,0.9917697130947025,0.9845342865111661,0.992969042718861,0.9917483493281274,0.9842437839104117,0.9930837502046201,0.98999342867474,0.9878751612082538,0.9932284654217782,0.9894935498095652,0.9873782774259373,0.9929399283484106,0.9899177543277459,0.9878752121425137,0.9929491572574426,0.9905709877812687,0.988371870169356,0.9936841434473207,0.9905549008958099,0.988425316770946,0.9935110931204005,0.988333631143842,0.9866924064945918,0.9920092408057312,0.9882389331808002,0.9866924263658458,0.9919155367734097,0.9883166507681587,0.9866421556539766,0.9916025248229964,0.9874021645864626,0.985697637917872,0.9916512347077053,0.9872926725027897,0.985697727133336,0.9916183857573617,0.9873032039230546,0.9856976577683636,0.9914712872789667,0.9915967465799881,0.9883908513088763,0.9953924606359487,0.9916618141752134,0.9887170304864048,0.9946573376316643,0.9885861915550128,0.9867123113813028,0.9924175154796212,0.9878697296349603,0.9859400215261552,0.9920970969295293,0.9876610086946683,0.9856972984512246,0.9918847935896815,0.9914219127202689,0.9884914385715856,0.9944189018791799,0.9916016764041976,0.9885761761593711,0.994663094233307,1.0030967683311576,0.9988918690476086,1.0045906644229374,16.0
0.99999615918404,0.9999954287707579,0.9999964347057,0.9750539917398652,0.9702237639393422,0.976756390458458,0.9878779641414248,0.9832227467134484,0.9899395945805638,0.9852548166400865,0.9808099919545998,0.987910381952161,0.9850261975224424,0.9802685538755572,0.9877045658501237,0.984345521842694,0.979906687327871,0.9873645026214083,0.9832448854817634,0.9794928209161519,0.9864537808887308,0.9827634081205514,0.9790198641709567,0.9861273168983486,0.9818881280037338,0.9786962552063833,0.9853822063607343,0.9833671107982932,0.9786018985885365,0.9866066055352198,0.9832165104602268,0.978547030417277,0.986601257686609,0.9827409080471642,0.9770635895370327,0.9854983542172913,0.9850152532896926,0.9798352139003956,0.9875065186302976,0.9848971258968032,0.9802685823079529,0.987729544834211,0.9827386018390257,0.9767744005582073,0.9853410218040595,0.9827370867281081,0.9765351818389759,0.9852556917525452,0.9825054173316794,0.9747146816469149,0.9845281096253693,0.982496629775064,0.9747132742624162,0.9843254631951512,0.9824759729868312,0.9744084410460045,0.9844337501778943,0.9810347539417709,0.9779657944502494,0.9846522843320967,0.9805870761197648,0.9775006969825576,0.984401047129919,0.9809647773189859,0.9779658448734846,0.9843769367671853,0.9815567603881918,0.9784307255554241,0.9850690156469141,0.9815411174334964,0.9785056347390659,0.9849105492881375,0.979520223071376,0.9768760407826872,0.983582501084181,0.9794327729708748,0.9768760604562164,0.9835031088210155,0.9795038900845562,0.9768658950281821,0.9831987980728757,0.9786776232636795,0.975915687757544,0.9832391570633346,0.9785721993771124,0.9759157760872902,0.9832130998914115,0.9785851654241896,0.9759157074109839,0.9830692236121212,0.9823036530028757,0.9783894375373083,0.9866005263495884,0.9825182744227494,0.9786837091541029,0.9859076176012107,0.9797536756031511,0.9768796585308722,0.9839442274959297,0.979095654593737,0.9761479435957117,0.9836498800656042,0.9789230915428839,0.9759153516610707,0.983455091759861,0.9822811661318985,0.9784612536587874,0.9856717961562467,0.9824657675414464,0.9785465421723007,0.9859132752127087,0.9933148742647184,0.988392997066543,0.9950519607960836,17.0
0.9999964065664708,0.999995597471533,0.999996732117055,0.9766707884977941,0.9713008431049969,0.9786863503185892,0.9897775112689979,0.9845305788849816,0.9922811514676004,0.9872919078504977,0.9822405233435425,0.9904340866886485,0.9870775932147999,0.9817201720628875,0.9902647885617352,0.9863968965139899,0.9813766925886948,0.9899383346207861,0.9854205280522409,0.9810223565747608,0.9890895250337793,0.9849607020645749,0.9805610092298476,0.9887754774061013,0.9841649561609462,0.9803077577267941,0.9881079650323842,0.9854257603642324,0.9801289431115628,0.9892295628095585,0.9852745566486419,0.9800803060425671,0.9892244866006251,0.9848210528145462,0.9786479936872551,0.988195217560845,0.9870680702694135,0.9813037012155451,0.9900731353285424,0.986956043059039,0.9817202005373267,0.9903068766165897,0.9848189271334177,0.9783664951226054,0.988043603483947,0.9848175052240069,0.9781339206873231,0.9879619474811915,0.9845941526780836,0.9763986857494985,0.9872907777576453,0.984585568045274,0.9764213552836156,0.9870976325480155,0.9845657962685557,0.9761016348571241,0.9872034758409907,0.9833881412686587,0.9796371470871703,0.98743145655678,0.9829840206485869,0.9792045769375421,0.9872084489030077,0.9833239669809976,0.9796371975965357,0.9871605324831318,0.9838631050229916,0.9800695538770348,0.9878180121047411,0.9838478039760395,0.9801654620960317,0.9876726745258686,0.9819914792529327,0.9786405864119757,0.9864716799816932,0.9819099983291473,0.9786406061210682,0.9864023365032958,0.9819754841622663,0.9786650356273617,0.9861026990456552,0.9812273247161409,0.9777225948743228,0.9861490929869705,0.9811253783571028,0.9777226833676694,0.9861293516941513,0.9811430977188847,0.977722614564187,0.9859883113330633,0.9843559778747716,0.9799522545941016,0.9892224057756466,0.9847265981906218,0.9802328754373769,0.9885578278340112,0.982209270346764,0.978630149828766,0.9868013021370852,0.981596368063978,0.977942078357092,0.9865290596280714,0.9814585590316773,0.9777222581553474,0.9863494564714034,0.9844938392093509,0.9800149590016899,0.988326195742255,0.9846816559267639,0.9800993862884746,0.988563387214089,0.9949629793068483,0.9894911964233012,0.9970194922489755,18.0
0.9999966434027013,0.9999957600800509,0.99999700522842,0.9782171358218479,0.9723417093836594,0.9804591074113486,0.9915994755501252,0.9857919295215483,0.9944375440999484,0.9892361456728338,0.9836167643576443,0.9927530169474591,0.989034293560728,0.9831179025604692,0.9926156536883768,0.9883537895316654,0.9827901238852627,0.9923021962382331,0.9874883516835804,0.9824874764171291,0.9915053971858145,0.9870479032955358,0.9820366465586726,0.9912029096671254,0.9863244223907879,0.9818473664567513,0.9906019468877687,0.9873890058098608,0.9815961109949856,0.9916373527591186,0.9872367690547126,0.9815527278475032,0.9916324862950131,0.9868057418361021,0.9801725789181408,0.9906690130356947,0.9890260601331216,0.9827186230293696,0.9924292622863933,0.9889192585694596,0.9831179310753889,0.9926729502227235,0.986803722204408,0.9798988420194139,0.9905222095640049,0.9868023579350955,0.9796727909546287,0.9904433761190227,0.9865865687646113,0.9780209940896382,0.9898200546626437,0.9865782069377603,0.9780662915789502,0.9896365260510714,0.9865591845908754,0.9777331161735755,0.9897384459201845,0.9856157865835473,0.9812313444077265,0.9899711560710907,0.9852502772521236,0.9808285327927929,0.9897723688555311,0.9855571786267455,0.9812313949992598,0.9897040977974194,0.9860488483772217,0.9816339947230942,0.9903318611926532,0.9860338075952917,0.9817486091907147,0.9901976501107604,0.9843235170585682,0.9803197904981859,0.9891054297775863,0.9842474908862114,0.9803198102411308,0.9890444524956549,0.9843078321308301,0.9803756524921092,0.9887498350943272,0.9836303816210823,0.9794399472958151,0.9888024825250776,0.9835315651648013,0.9794400359447154,0.9887885045505783,0.9835546872823946,0.9794399670203108,0.9886499894211274,0.9863100320407571,0.9814482527230873,0.9916292965193421,0.9868239751876932,0.981715748682569,0.9909875175059606,0.9845269966311426,0.9802965923027062,0.9894078647890676,0.9839533495618783,0.9796483372521944,0.9891550962448089,0.9838476869244601,0.9794396099849542,0.9889890090814485,0.9865957011551424,0.9815024538333244,0.9907601942216487,0.9867855435492833,0.9815850797511098,0.9909930076993874,0.9965392886884951,0.9905524603639063,0.9988267787761518,19.0
0.99999688021965,0.9999959372457303,0.9999973053524347,0.9797700273763625,0.9734816232613909,0.9824161048801138,0.9934092620647555,0.9871626122425302,0.9967892497363537,0.9911630078412875,0.9851053655089606,0.995266246963961,0.9909727872402367,0.984630583767022,0.9951573931957565,0.990294894481492,0.9843192002508357,0.9948591605182212,0.9895309235247318,0.9840581038593212,0.9941151387954423,0.9891074138466079,0.9836161229242718,0.9938231144838424,0.9884523786614424,0.9834875841708697,0.9932891806758352,0.9893389689751966,0.983183661535378,0.9942381966434245,0.9891864720722132,0.9831453091020688,0.9942334570975954,0.9887758183271934,0.9818247115642232,0.9933359120342777,0.9909659776023524,0.984250568077315,0.9949755818567548,0.9908636680619826,0.9846306123257592,0.9952283539285182,0.9887737766257827,0.9815594290780927,0.9931926493173919,0.9887724093309258,0.9813401740810347,0.9931153238542758,0.9885625759961576,0.9797825924528104,0.9925412909629318,0.9885543344606722,0.9798470201982065,0.9923643563868906,0.9885359459635036,0.9795059709911161,0.9924657002083306,0.9878068738560861,0.9829226576886267,0.992703550767052,0.9874770223913851,0.9825477444769282,0.99252833629831,0.987753357849679,0.9829227083673274,0.9924409300357685,0.9882011395058928,0.9832974118353189,0.9930386191563324,0.9881863579563698,0.9834293227129667,0.9929149085855113,0.9866110906317164,0.9820908084938826,0.9919302829411477,0.9865401132524603,0.9820908282725217,0.9918777560329163,0.9865957339287083,0.9821760366408556,0.991588017096608,0.9859798041303626,0.9812463317819298,0.991643456916232,0.985884127565754,0.981246420594404,0.9916348835673487,0.9859103240026107,0.9812463515428399,0.9914982255184499,0.9882560147951486,0.9830624701445184,0.9942292912282115,0.9888924988709203,0.9833013273561121,0.9936098906579656,0.9868013072433507,0.9820556797771058,0.9922053354446416,0.9862636650944614,0.9814448738188416,0.9919706660795325,0.9861857501449857,0.981245993848667,0.9918171399707859,0.9886683550011983,0.9830923593011293,0.9933865613244027,0.9888595848728793,0.9831725997439392,0.9936153417537149,0.9981222059749802,0.9917146606129009,1.0008217877357193,20.0
0.9999970903447286,0.9999961074781756,0.9999975747681679,0.9811472254460029,0.9745801471435218,0.9841752081926266,0.9950155233358615,0.9884785493219711,0.9988978272219816,0.992871741443645,0.9865267264643017,0.9975166639515448,0.9926921351575864,0.9860747609547418,0.9974326999316047,0.9920144694118904,0.9857779975082932,0.997147322784268,0.9913433677921921,0.9855481362355812,0.996448348147844,0.9909361147020853,0.9851141344337963,0.9961660324610415,0.990339924891652,0.9850352858306376,0.9956896404672383,0.9910637279315851,0.984696539915083,0.996563470584505,0.9909107434223079,0.9846624513644806,0.9965588214721155,0.9905154969257967,0.983399388130128,0.9957169055233479,0.9926864611365191,0.9857129982014812,0.9972541915221838,0.9925885375569814,0.9860747895553152,0.9975161116075892,0.9905134325280932,0.9831425641065845,0.9955771218757518,0.9905120619519928,0.9829300981130968,0.9955012467781634,0.9903073187758439,0.9814595757470149,0.9949655916581117,0.9902991686058469,0.9815410816778151,0.9947941918938131,0.9902813345053456,0.9811936005922718,0.9948947499011845,0.9897506588285774,0.9845118200349064,0.9951432660533921,0.989452837835986,0.9841591442568609,0.9949887174569584,0.9897013324069941,0.9845118707955129,0.9948838953380044,0.9901103701189363,0.9848643383712464,0.9954562229766218,0.9900958497452033,0.9850122340197095,0.9953424806001833,0.9886463733341504,0.9837439126329055,0.9944524314601976,0.9885817700888875,0.9837439324448596,0.9944079522643595,0.9886312747678336,0.9838549864567918,0.9941211982716447,0.9880632935401886,0.9829250947576279,0.9941779353631136,0.9879710116941386,0.9829251837221171,0.9941745461746717,0.9879996739229003,0.9829251145523763,0.9940386593420162,0.9899756940161892,0.9845974059916642,0.9965538439767451,0.9907292106889598,0.984804873428877,0.9959544899074756,0.9888199103335831,0.983698283815772,0.9947020796172589,0.9883111818968437,0.9831159456321986,0.9944831906971373,0.9882583545484245,0.9829247562459457,0.9943405528199528,0.9905084281750045,0.9845994468441817,0.9957343959342377,0.9907014117811115,0.9846780549887835,0.9959598999426849,0.9995260414258398,0.9928346372849968,1.0026150377489913,21.0
0.99999725396634,0.9999962562384072,0.9999977915605748,0.9822158765298896,0.9755398882657618,0.9855910181989945,0.9962728400504833,0.9896310775504408,1.0005965815045286,0.9942085857418606,0.9877750891247945,0.9993278976213416,0.9940376498282234,0.9873420518508812,0.999263356325518,0.993359646784675,0.987060390725122,0.9989910008560045,0.9927606053323276,0.9868601467980949,0.9983186120769448,0.9923674518681689,0.9864330978771585,0.998044767639698,0.9918180015900602,0.9864029679159001,0.9976071819607942,0.9924133857837708,0.9860280963424627,0.998439054489746,0.9922596872895264,0.9859980828688711,0.998434558488409,0.9918802155675991,0.9847865125030889,0.997639956201833,0.994032770020672,0.9869954318558273,0.9990856463612436,0.9939386633409314,0.9873420804881522,0.9993578183348122,0.9918782062592894,0.9845378205893438,0.9975043884718025,0.9918768693830478,0.9843320467433249,0.9974307111332636,0.9916784336521735,0.9829369043360542,0.9969247886630839,0.9916703654214339,0.9830338858304564,0.9967584128737654,0.9916532704776273,0.9826802500711297,0.9968578473346056,0.991272557172034,0.9859202192321983,0.9970865361963536,0.9909999626708998,0.9855897033225647,0.996945863496778,0.9912263592142497,0.9859202700654146,0.9968282799485149,0.9916053416691476,0.986250578072515,0.9973853699246444,0.9915910098216393,0.9864125978277672,0.9972799592175587,0.9902381312817949,0.9852158092742833,0.9964528220910723,0.9901784872526381,0.9852158291159202,0.9964133137569602,0.9902234272804991,0.9853531874063983,0.9961358294138201,0.9896916178763657,0.9844211249937742,0.9961831585970962,0.9896014310321892,0.9844212140938352,0.9961838979934154,0.9896330903422798,0.9844211448187016,0.9960474052417534,0.9913191792372135,0.9859502785259279,0.9984287888350957,0.992167686307929,0.9861286538097769,0.9978347078135033,0.9903986128133052,0.9851594932374018,0.9966837626519844,0.9899104118288271,0.984605044398162,0.9964742968314957,0.9898785570988368,0.9844207859662382,0.9963386382995607,0.9919499621110934,0.9859264214394251,0.9976174945442133,0.9921446341417248,0.986003749137488,0.9978400735127592,1.0006154057182146,0.9938131346587603,1.004058338753507,22.0
0.9999973654104807,0.9999963750989976,0.9999979428548988,0.9829367242311925,0.9763046936579557,0.9865771733700681,0.9971423893375165,0.9905574163286288,1.0017902484504442,0.9951375569522526,0.9887831374736887,1.0005992578795497,0.994973224272646,0.9883673380192526,1.0005529166733753,0.9942954065161014,0.988096686748958,1.0002854364777594,0.9937496181503725,0.9879233890967843,0.9996229887246485,0.9933699669358326,0.98750378535163,0.9993575233267139,0.9928544526319962,0.9875147042066675,0.9989371469661135,0.9933528786671479,0.9871052015365581,0.9997544576389886,0.9931982487587526,0.9870792208471738,0.9997499910312423,0.9928352502391468,0.9859069372225296,0.998986957886418,0.9949689391842192,0.9880345084969826,1.0003769759061685,0.9948777579964779,0.9883673666862065,1.0006569685117594,0.9928332540099246,0.985664604760846,0.9988542823623398,0.9928319291518646,0.9854639900519009,0.9987819505668115,0.9926393459275018,0.9841261852035321,0.9982918461856337,0.9926313545004827,0.9842372123566402,0.9981301209602065,0.9926149371106203,0.9838762930122491,0.998226771018389,0.9923416720657497,0.9870671718178873,0.9984275185636291,0.9920872316246081,0.9867557077762948,0.9982926768974171,0.9922993663517752,0.9870672227102614,0.9981691708123835,0.9926543947341865,0.987378477966323,0.9987211433546164,0.9926402399370844,0.987553262823232,0.9986233859512861,0.9913568283313806,0.9864174497042691,0.9978193964031657,0.9913012505023643,0.9864174695701587,0.9977817586656293,0.9913424098321816,0.9865772352914155,0.997513480957466,0.9908354153170805,0.9856448213185438,0.9975482631407386,0.9907471645432734,0.9856449105296169,0.9975520863984213,0.9907811702120131,0.9856448411681832,0.9974132410164183,0.9922513652750696,0.9870496901405228,0.9997433752145767,0.9931771185039343,0.9872043726761901,0.9991492351082049,0.9915066211309762,0.9863520300759235,0.9980409744745794,0.9910295939956602,0.9858217544660399,0.9978340466416296,0.9910159991818246,0.9856444818686032,0.9977009702844759,0.9929629238550971,0.9870057048982873,0.9989352759062868,0.993158431315277,0.9870813342384887,0.9991545554624864,1.0013503059221653,0.9945929250399898,1.0050636842525518,23.0
0.999997404694443,0.9999964619613553,0.9999980320587644,0.9831799278457263,0.9768595977342797,0.9871579349474279,0.9974688241213172,0.9912432600203803,1.0024965444217455,0.9955034384832341,0.9895368902209332,1.0013497678117835,0.9953453835338367,0.9891354088247172,1.001319818829961,0.994664305000006,0.9888737418168032,1.0010534668046431,0.9941576493496209,0.9887264159848894,1.0003772722248017,0.9937895006351725,0.9883139273789358,1.0001182413807914,0.9933021588917648,0.9883621329996002,0.9996952499057418,0.9937190164849428,0.9879159291072384,1.000538125368075,0.9935627993454639,0.987893479440781,1.0005338158720103,0.9932103960875237,0.9867535041178473,0.9997934688974394,0.9953414219116358,0.9888140339546493,1.0011457194361821,0.9952534451649513,0.9891354375138905,1.0014323225579216,0.9932084804829501,0.9865164827677851,0.9996639870506855,0.9932071990831277,0.9863203315462729,0.9995934967969503,0.9930191300843311,0.985031057889819,0.9991188070359979,0.9930111640312576,0.9851540129317349,0.99896022056255,0.9929953222067484,0.9847868868342465,0.9990558923643863,0.9928168374819962,0.9879474797437442,0.9991832659475626,0.9925776682879008,0.9876540942839196,0.9990476867154937,0.9927783514370231,0.9879475306815441,0.9989229862742186,0.993112674935693,0.9882407053295559,0.9994793996175628,0.9930985643577225,0.9884259814875385,0.9993867978411382,0.9918755227860145,0.9873487449486157,0.9985768168905458,0.9918244636809169,0.9873487648333247,0.9985389119936717,0.991861367289961,0.9875287970309767,0.9982811663957383,0.9913767191127213,0.9865968887668306,0.9982984925412687,0.9912903722569066,0.986596978064407,0.9983040514447227,0.9913284784554993,0.9865969086357278,0.99816311716853,0.9926056055024205,0.9878791682605164,1.000526463707473,0.9936023246775761,0.9880192517026372,0.9999110314197087,0.9920134600695734,0.9872750915958676,0.9987949193591545,0.9915447043804999,0.9867674632695074,0.9985853480977405,0.9915496018830793,0.9865965489877428,0.9984516479729206,0.9933907492290802,0.987823220045207,0.9996993769714511,0.9935883000730437,0.9878989684088352,0.9999162695914199,1.0015983822216428,0.9951587682089377,1.0056557696636086,24.0
0.9999973976407026,0.9999965146032929,0.999998057897612,0.9831137952645161,0.9771903828213879,0.9873215073256177,0.9974535360477947,0.9916710362580795,1.0027181688230271,0.9955098512618868,0.9900154339717194,1.001588033280109,0.995358180661134,0.9896271122612089,1.0015731989736163,0.9946708704300626,0.9893704045404907,1.001303178332376,0.9941902174225238,0.9892427103253718,1.0005991024753618,0.9938330920505786,0.988837094987586,1.0003463845011122,0.9933633229334042,0.9889141437111838,0.9999056497840614,0.993720290964063,0.9884387823537325,1.0007988839037283,0.9935619448033133,0.9884194021708121,1.0007947955612426,0.9932196849938919,0.987303829152409,1.0000698337945115,0.9953544911477895,0.9893162651861939,1.001402702663281,0.9952698715000728,0.9896271409645876,1.0016920672945862,0.9932177472192141,0.9870696876207115,0.9999412296436213,0.9932164578904326,0.9868758030087913,0.9998709502190547,0.9930345696701702,0.9856314178173224,0.999420955858268,0.9930265991342853,0.9857647323309974,0.9992645549965975,0.9930115647812443,0.9853921375324476,0.999361051943451,0.9928964658167837,0.9885249842072157,0.9993808364878342,0.9926667194212538,0.9882451878038728,0.999238559870572,0.9928626580708962,0.9885250351748522,0.9991177214033644,0.9931809719246821,0.9888046177584646,0.9996861320727535,0.993166996042918,0.9890001081869209,0.9995996966253927,0.991982961222784,0.9879661346054752,0.9987533404520779,0.991935924329774,0.9879661545026907,0.9987127804613634,0.9919690765162664,0.9881649833057357,0.9984678965802994,0.9914961762726832,0.9872279852352476,0.9984609544338823,0.9914116227228753,0.9872280745903339,0.9984670581576973,0.991453612427334,0.9872280051169481,0.9983231489685288,0.992591994305324,0.9884189583934258,1.0007867435122075,0.9936508439720456,0.9885468175501245,1.0001405590461,0.9921103314571144,0.9878848446431552,0.9989741992335862,0.9916414044243258,0.987393433407222,0.9987563055242794,0.9916623917827199,0.9872276452373345,0.9986182989048068,0.9934423517121223,0.9883538043405534,0.9999315936837857,0.9936405752943072,0.9884283965562584,1.0001457468259671,1.0015312065293178,0.9954961662155586,1.0058226278227873,25.0
0.9999973471058075,0.999996538888693,0.9999980355550055,0.9827595373216114,0.9773355403762216,0.9871687579038115,0.9971138716909945,0.9918850156851762,1.0025672854121097,0.9951767849922939,0.9902657883989807,1.0014285296275158,0.9950330980939266,0.9898899399263638,1.0014287819484737,0.9943381387723303,0.9896346734867962,1.001151025129847,0.9938638223972642,0.9895208014670133,1.0004021370753997,0.9935139485373637,0.9891205713850109,1.000152393765501,0.9930551190354866,0.9892204813089769,0.9996827125911056,0.9933813278107254,0.9887231727357444,1.000653963208642,0.993220609959529,0.988706591589561,1.0006500798039923,0.9928886505458716,0.9876081482908399,0.9999349384579055,0.9950296125985582,0.9895890712751664,1.0012640464829088,0.9949494275581957,0.9898899686373157,1.0015523798638604,0.9928867897962463,0.9873763287068575,0.999808142746379,0.992885539539484,0.9871844814710701,0.999739048844758,0.9927088323877029,0.985972477445287,0.9993071662681833,0.9927008913406649,0.9861158247503352,0.9991536801348683,0.9926865138616624,0.9857364057476065,0.9992495511841081,0.9925998299342984,0.9888510712371772,0.999136296540579,0.9923759713723717,0.9885816096127824,0.9989830943831829,0.9925697719159369,0.9888511222216959,0.9988686582098503,0.9928772378869888,0.9891203665060159,0.9994559168890444,0.99286334640419,0.9893246994965934,0.9993744959534975,0.9917079606649705,0.9883246285174411,0.9984728289817744,0.9916656085245346,0.9883246484219517,0.9984285714801001,0.9916943122111432,0.988540175963972,0.9981964648447622,0.9912241085219387,0.9875940892149688,0.9981609322044362,0.9911407258449754,0.9875941786036014,0.9981664263407556,0.9911878322805748,0.9875941091041385,0.9980197799726084,0.9922363358312678,0.9887188127745178,1.000641368608015,0.993335082147095,0.9888336828834791,0.999947149587851,0.9918230561329817,0.9882365543881688,0.9986996113782826,0.9913496455966252,0.9877580760349797,0.9984695504171927,0.9913839412173994,0.9875937490894121,0.9983249594531142,0.9931284917255933,0.9886424983957272,0.9997397155971982,0.9933275925443253,0.9887160731013765,0.9999523250039224,1.001170375814313,0.9956443532546105,1.0056670526581053,26.0
0.9999972687871521,0.9999965490868087,0.9999979734442362,0.9822208558749429,0.9773895362775725,0.986755076179417,0.9965692713120318,0.9919907129351127,1.0021087339469268,0.9946310372352599,0.9904040206952621,1.0009410719446346,0.9944936767804426,0.990037301077177,1.0009509933227256,0.9937933199781782,0.9897836438303907,1.0006671425185358,0.9933170443085533,0.9896891905500471,0.9998646502790464,0.9929739894860097,0.9892932231285635,0.9996174277454207,0.9925236183113821,0.9894218061715107,0.9991091681312766,0.9928305193644159,0.9888876779270668,1.0001733823752776,0.9926675638589515,0.9888738812356107,1.0001696162101446,0.9923455923751202,0.9877855679466265,0.9994590316024896,0.9944902738320698,0.989743735362035,1.0007906300414309,0.9944137405222594,0.9900373297923502,1.001077112228827,0.9923439089709567,0.9875557762751535,0.9993350956619214,0.992342745553093,0.9873659495827536,0.9992682187701155,0.9921714617186652,0.9861729598644285,0.9988458411008722,0.9921635733391091,0.986325889724582,0.9986957372420192,0.9921498768558944,0.9859383838616926,0.9987895930735561,0.9920783826113209,0.9890765105622806,0.9985341518651304,0.991859174993853,0.9888201858385403,0.9983658671591217,0.9920527195318779,0.9890765615585075,0.9982618264141876,0.9923496306045153,0.9893326655518049,0.9988724421723043,0.9923358552543107,0.9895452764051968,0.9987962269725963,0.9912029614527371,0.9885862167682961,0.99781862895614,0.9911648457315972,0.9885862366781577,0.997769545559114,0.9911893782037612,0.9888141299194174,0.9975467219895726,0.9907189002961482,0.9878727798837825,0.9974834333431627,0.9906364302660282,0.9878728692981068,0.9974876645222339,0.9906876982458723,0.9878727997786755,0.9973374063974391,0.9916697701206638,0.9888995084324596,1.000160218831252,0.9927975650502534,0.9890089396550101,0.9994125121664688,0.9913070182352618,0.9884931195725816,0.9980561466919192,0.990827311032018,0.9880316965988853,0.9978100457999903,0.9908742382425518,0.9878724396604677,0.9976563820413922,0.9925924933185248,0.9888191466878021,0.9992061946709948,0.9927929080083064,0.9888925523363239,0.999417657646151,1.0006215924235728,0.9956996027878982,1.0052454987008264,27.0
0.9999971705382128,0.9999965502172576,0.9999978969312863,0.9815517123346358,0.9773843928391455,0.9862476765286968,0.995874260054438,0.9920283621066492,1.0015353946070567,0.9939250422476533,0.9904701392812724,1.0003302898296151,0.9937942434849546,0.9901115521806371,1.0003493598771784,0.9930840651492153,0.9898579297566492,1.0000565326677224,0.9926045860589715,0.9897857701492941,0.9991998847912825,0.9922673060602847,0.9893933974540325,0.9989545749941481,0.9918239099886782,0.9895531164127169,0.998405207769854,0.9921139712078209,0.9889737876935003,0.9995644478072868,0.9919488347621344,0.9889625068562116,0.9995608559745046,0.9916341557021462,0.9878802631733482,0.9988520238427687,0.9937909418515027,0.9898244922476424,1.0001940841602652,0.9937181680156923,0.9901115808979094,1.0004771511699968,0.9916326068880735,0.9876513498928325,0.9987299225377049,0.9916315088107794,0.9874625222988942,0.9986645562910006,0.9914666957761781,0.9862862733280248,0.9982574550992767,0.9914588340293159,0.9864475287558625,0.9981099243659706,0.9914459769679921,0.9860528122600927,0.9982032306636895,0.9913869588936776,0.989233868180831,0.9977997132424233,0.9911716682434409,0.9889920151030157,0.997615440996839,0.9913651061796827,0.9892339191852662,0.9975222271313873,0.9916531357888254,0.989475548165821,0.9981577905183803,0.991639483244038,0.9896957287522893,0.998086593726615,0.9905262668276235,0.9887836853926741,0.9970302449883797,0.9904923212171456,0.9887837053066025,0.9969761015568263,0.9905128653975832,0.989025088023616,0.9967656955315999,0.9900429428232976,0.9880903256475766,0.9966693012786256,0.9899611451840129,0.9880904150820906,0.9966719276254274,0.9900168230898971,0.9880903455469694,0.9965183009688247,0.9909379807777774,0.9890004050666772,0.9995508302765428,0.9920928185148841,0.9891112427923328,0.9987499699024267,0.9906194107558934,0.9886851079276789,0.9972779289750591,0.9901346796613036,0.9882430552974498,0.9970149185830444,0.9901940404753178,0.98808998534744,0.9968516319390774,0.9918891987170961,0.9889227697072805,0.9985446809896672,0.9920905992630942,0.9889958155551785,0.9987550934626277,0.9999398323926557,0.995694571588348,1.0047284010399007,28.0
0.9999970836027712,0.9999965418297393,0.9999978091382429,0.9809585096054403,0.9773190652386097,0.9856651706833522,0.99526570341498,0.991989745284163,1.0008800048396786,0.9933069572058418,0.9904511409932116,0.9996332073812211,0.9931832378461406,0.9900984999919498,0.999659669054768,0.992462574749804,0.989842252546,0.9993574940701822,0.9919807575747274,0.9897930245455188,0.9984500342360878,0.9916489973118942,0.9894041453812498,0.9982065382197818,0.9912121014049466,0.9895902188821091,0.9976171849801916,0.9914861601173788,0.9889629318033542,0.9988648812674621,0.9913185424868604,0.9889531856530601,0.9988615112110558,0.9910135866094701,0.9878724615189631,0.9981506665035864,0.9931800379583196,0.9898161967673511,0.9995083181705272,0.9931113332413607,0.9900985287087979,0.9997889507436616,0.9910121686916671,0.9876438437458591,0.9980301251697449,0.9910111336328243,0.9874555339801389,0.9979661375698565,0.9908520696812968,0.9862864069867101,0.9975665017714125,0.990844200835704,0.9864546870511389,0.9974204909999789,0.9908321273294016,0.9860528727013501,0.9975133968211717,0.9907827435385855,0.9892933508877158,0.9969823535445304,0.990571410905449,0.9890639297016153,0.9967829738620532,0.9907638279076317,0.9892934018953079,0.996699542134016,0.991044265765476,0.989522596036212,0.9973593195120113,0.9910306975979764,0.9897492916562404,0.9972921869679069,0.9899369836805999,0.9888769179056286,0.9961609419469243,0.9899070135046237,0.9888769378215162,0.9961019976179931,0.9899236712562937,0.9891291850500188,0.9959010813754466,0.9894545786512676,0.9882002282466362,0.9957775376262524,0.9893738015994581,0.9882003176915551,0.995778764541687,0.9894333784035909,0.9882002481483508,0.9956219243617055,0.9902927228068517,0.9889977346836665,0.9988510792098263,0.9914763335971467,0.9891240517676022,0.9980023075099148,0.9900197590144774,0.9887739270115418,0.9964192028272101,0.9895303140997186,0.9883481666334912,0.9961406600110513,0.9896011404173244,0.9881998879069097,0.9959685383203528,0.9912741903556422,0.9889368905774557,0.997798102231324,0.9914758974911592,0.9890089286042563,0.998007432884936,0.9993354673431188,0.9956281606341552,1.0041347636957303,29.0
0.9999970184559374,0.9999965326757213,0.9999977220792433,0.9805100097757268,0.9772504309464478,0.9850862764756031,0.9948236131393964,0.9919420506364004,1.0002367582731027,0.9928583388982855,0.9904207857381665,0.9989502356795621,0.9927406801175299,0.9900724441746824,0.9989824059824796,0.9920121894637992,0.9898150820917684,0.9986720133989224,0.9915284608640497,0.9897860484635607,0.9977196066434835,0.99120136851698,0.9894013704249239,0.9974765559445429,0.9907726102962916,0.9896078659330813,0.996853961309744,0.9910303646422339,0.9889403833774908,0.9981770951742873,0.9908610186282568,0.9889325938754763,0.9981739355725884,0.9905624633350875,0.9878497581261386,0.9974585318532092,0.9927376070508787,0.9897935803702962,0.9988340739292596,0.9926723162567886,0.9900724728907347,0.9991128480386181,0.9905611681279518,0.9876210312046786,0.9973392988329116,0.9905601917701797,0.9874328919517683,0.9972765417905549,0.9904061241755326,0.9862657841801524,0.996881247594765,0.9903982280351727,0.9864401618314534,0.9967360794344692,0.9903868616371065,0.9860315593566401,0.9968289102402711,0.9903509099912343,0.9893293388511784,0.9961937948049473,0.9901436872319364,0.989110051728353,0.9959815534460874,0.990334571576379,0.9893293898607014,0.9959061875592081,0.9906077306274823,0.9895484474303855,0.9965870189585202,0.9905942154126541,0.9897807450867903,0.9965231335414095,0.9895229168706487,0.9889434982932398,0.995328291942018,0.989496986021455,0.9889435182105394,0.9952654152306579,0.9895096691590609,0.9892053568697975,0.9950722449452213,0.98904066507299,0.9882828998045555,0.9949243438845778,0.9889609015517627,0.9882829892573599,0.9949244173297235,0.989023775263539,0.9882829197080303,0.9947645943274954,0.9898248827870666,0.9889869293319042,0.9981629883704339,0.9910306148130065,0.9891238869767716,0.9972722942084097,0.9895951673184337,0.9888366112165347,0.9955952274543014,0.989102383740677,0.9884270918686595,0.9953028618246698,0.9891831576084205,0.9882825594348242,0.9951229869712293,0.9908293438252777,0.988937424134905,0.9970686442633824,0.9910328542339575,0.9890106075841826,0.9972773613801149,0.9988785887478328,0.9955583535359956,1.0035448313625157,30.0
0.9999969607140512,0.9999965314043495,0.9999976501320246,0.9801132655845933,0.9772347397705089,0.9846081613015116,0.9944319045226997,0.991952042243348,0.9997043358096899,0.9924680485674007,0.9904479896900975,0.9983854761223949,0.9923562014541202,0.9901018452846451,0.9984220917888984,0.9916224799800908,0.9898447339196078,0.9981052455280981,0.9911402146201779,0.9898374916633417,0.9971178606169631,0.9908180228337862,0.989456235844196,0.9968759425407133,0.9903993216649876,0.9896851692013178,0.9962269782089828,0.9906383935595069,0.9889735893583269,0.9976079520048831,0.9904678522614181,0.9889677270261187,0.9976048998701366,0.9901768377916272,0.9878806502072321,0.9968855492082466,0.9923531784038628,0.9898247391319667,0.9982752375006823,0.9922912868978109,0.9901018740015114,0.9985540922449914,0.990175644941276,0.9876515040541759,0.9967672524594394,0.9901747172474347,0.9874632421317786,0.9967054472024791,0.9900265905028878,0.9862948612355477,0.9963137357327293,0.9900186706906965,0.9864749307896734,0.9961694012830724,0.9900081264198598,0.9860595017337777,0.9962619841234113,0.989986787808702,0.9894262237549024,0.995546609491338,0.9897841942774683,0.9892178990979515,0.9953238899486682,0.9899734821048978,0.989426274769494,0.9952554592137377,0.9902379837007214,0.9896343678046216,0.9959529768612239,0.9902245507001065,0.9898719540067995,0.995892553205368,0.9891756840560808,0.9890712378246351,0.9946460956166447,0.9891531904103663,0.9890712577445745,0.9945799728695408,0.9891625631393954,0.9893430375422696,0.9943953117129489,0.9886976999578209,0.9884260418951065,0.9942255248575003,0.9886191683414113,0.9884261313612369,0.9942249294094846,0.9886847870255592,0.9884260618015523,0.9940625309542079,0.9894244905279967,0.9890323067966703,0.9975934448626812,0.9906490440805262,0.9891808877339034,0.9966717106555395,0.9892389496524517,0.9889603120651481,0.9949193329662177,0.9887453551043808,0.9885662056568367,0.9946160314313279,0.9888359722706098,0.9884257014746699,0.9944300906736137,0.9904486221994491,0.9889951177613533,0.9964686107548649,0.9906533691365821,0.989068806590028,0.9966767429481688,0.9984744329299026,0.9955424955623219,1.0030575961090422,31.0
0.9999969089771067,0.9999965264261073,0.9999976060519075,0.9797617803524502,0.9771956889356405,0.9843153927985198,0.9940705144961297,0.9919319178261666,0.9993774227793887,0.9921074269637352,0.9904425003257421,0.9980403164488505,0.9919982880034067,0.9900982691898768,0.9980804972293535,0.9912621799543405,0.9898435600334952,0.997761551153706,0.9907827260328224,0.989850677738154,0.9967474583629848,0.9904654765268721,0.989472704858284,0.9965073859766703,0.9900527693709528,0.9897179722306374,0.9958391321861351,0.9902778557846064,0.9889786697575733,0.9972672006212115,0.9901066701552494,0.988974846114418,0.9972642658497936,0.989822473694457,0.9878863598145177,0.9965490937752562,0.991995359689254,0.989822693576833,0.9979352572000731,0.991934927341422,0.9900982979066046,0.9982134258493351,0.9898213361796386,0.9876564216234516,0.9964310404042124,0.9898204342927707,0.9874676406870773,0.9963696251307714,0.9896760594538413,0.9863082136870408,0.9959963644145051,0.9896681231076992,0.9864936268045652,0.9958529163111017,0.9896580980552009,0.9860730089221873,0.9959469647138023,0.9896475403343336,0.989473199831592,0.9951444494348541,0.989448938512638,0.9892725101481031,0.9949143717443387,0.9896361263484272,0.9894732508486593,0.9948500790401292,0.9898942693127443,0.9896737072999757,0.9955604785095452,0.989880979071969,0.9899165805885523,0.9955042102341559,0.9888503766420524,0.9891390643982906,0.9942198711672096,0.9888308609264939,0.9891390843196465,0.9941514186974244,0.988837385201136,0.9894200943592038,0.9939741878537725,0.9883715344205293,0.9885005425075256,0.9937855659601987,0.9882936191582545,0.9885006319806694,0.9937844366908705,0.9883617710477313,0.988500562415536,0.9936200322615638,0.9890596100903457,0.9890509336276317,0.9972522823084632,0.9902984981969624,0.98919940660121,0.9963035262747237,0.9889058498600577,0.9890243887452785,0.9944970942337008,0.9884087963135944,0.9886385989512453,0.9941854229216935,0.9885068151462029,0.9885002020604028,0.9939947911443492,0.9900992945298626,0.9890147708568006,0.9961013844279178,0.9903045335786784,0.9890881540049697,0.9963085363681209,0.9981163313280969,0.9955028113916193,1.0027592458163381,32.0
0.9999968877451997,0.9999965255124584,0.9999975807660464,0.9796123560148999,0.9771838529818078,0.9841447643659896,0.9939396884053646,0.9919419006382998,0.999203151161978,0.9919849175972705,0.9904666179370005,0.997861086562412,0.991879145406037,0.9901246403300275,0.9979073349991542,0.9911418364041543,0.9898715509326771,0.9975858549397754,0.9906678602754795,0.9898928402068621,0.9965551332829059,0.9903554567275697,0.9895177874263691,0.996317733245287,0.98994958018734,0.9897790939646868,0.9956378913501053,0.9901584546272174,0.9890122742037076,0.9970958298688333,0.9899868856357891,0.9890102864362711,0.9970930510028401,0.9897091641947718,0.9879202971547142,0.9963838868714316,0.9918763383771014,0.9898508674315192,0.997764491025097,0.9918177143546568,0.9901246690474894,0.9980421069549644,0.9897081160013866,0.9876898951881437,0.9962666679063565,0.989707256450449,0.9875009375014928,0.9962061195200687,0.9895650225793677,0.9863478840411524,0.9958480398572517,0.9895570306528685,0.986537457980119,0.9957042995443853,0.9895473664542751,0.9861127716219728,0.9958008906417986,0.989552778409945,0.9895480923106477,0.994935235391174,0.9893582773651909,0.9893548544756341,0.9947008146646603,0.9895439771326758,0.9895481433316243,0.9946392250767149,0.989794352667884,0.9897411466234048,0.9953570182504906,0.9897812194742376,0.9899889947863723,0.9953048776908099,0.988769714665607,0.9892374134444429,0.9939975846489986,0.9887524912759098,0.9892374333678267,0.9939275681294192,0.9887569432672836,0.9895287769899015,0.9937591518092596,0.9882963559366725,0.9886076820192914,0.993553830881629,0.9882194053171672,0.9886077715023791,0.9935527656186813,0.988289426561458,0.9886077019295186,0.993386804859958,0.9889376014681923,0.9890966775847341,0.9970805966123655,0.9901906565997729,0.9892463059080674,0.9961146675692969,0.9888191404683893,0.989118539129762,0.994275929681084,0.9883228190302086,0.9887435414374688,0.9939590228546221,0.9884283078260718,0.9886073415343308,0.9937657009554163,0.989993133457185,0.9890632653252477,0.995913986645593,0.990197560112812,0.9891348276128437,0.9961196950984701,0.9979641734972174,0.9954908614322684,1.0025854258421454,33.0
0.9999968844867484,0.9999965326066464,0.9999975659851983,0.9795829975628841,0.9772262003601371,0.9840435048399051,0.9939413535602281,0.9920086504874633,0.9991091352340559,0.9919984635233613,0.9905457277915272,0.9977644800027863,0.9918952357400451,0.9902052781171812,0.9978164175295274,0.9911588096656447,0.9899517794378984,0.9974916638012834,0.9906904831551289,0.9899901140163687,0.9964501766489284,0.9903813971531614,0.9896166008698211,0.9962144144035198,0.9899848403391225,0.9898953512787628,0.9955275293272645,0.9901770531202023,0.9890941303744851,0.9970029661614601,0.9900051253187093,0.989093403501049,0.9970002534936999,0.9897341179326398,0.9879990824521139,0.9962930066621333,0.9918925771632318,0.9899327274791156,0.9976753319216998,0.991835220820495,0.9902053068369604,0.9979532840805935,0.9897331259910749,0.9877679920335016,0.9961761396182283,0.9897322927213644,0.9875786010287839,0.9961160593468029,0.9895932538231131,0.986424105519371,0.9957641561913303,0.9895852027020636,0.9866173315633918,0.9956199102764083,0.9895760345799528,0.9861880829519413,0.9957180023266382,0.989597331904252,0.9896788087312836,0.9948197191673379,0.9894079631801607,0.9894937025494306,0.9945827643240109,0.9895901084237794,0.9896788597590381,0.9945222991095555,0.9898331976471082,0.9898637305627368,0.99524515368873,0.9898201198549992,0.9901153084151403,0.9951953510024726,0.9888289392473207,0.9893907715843354,0.9938738730387575,0.9888133139561968,0.989390791510846,0.9938028952042098,0.9888162285885279,0.9896890210385428,0.9936383702625327,0.9883643954997465,0.9887714002886584,0.9934264767464321,0.9882885132339575,0.9887714897867649,0.9934259040231347,0.988359863676562,0.9887714202022323,0.9932587403455112,0.9889534407424352,0.9891868145590458,0.9969874671924457,0.99021805838366,0.9893461316196374,0.9960115117364153,0.988874186615259,0.9892690999719493,0.9941535280940732,0.9883808424001439,0.9889055736317838,0.9938338820487085,0.988493118968429,0.9887710597465496,0.9936394429535317,0.9900211832637437,0.9891636781858986,0.9958113491981825,0.9902261577073628,0.9892350643357861,0.9960165315340149,0.9979343749237265,0.9955341134090443,1.002482305973683,34.0
0.9999968894111055,0.9999965390464381,0.9999975640420959,0.9796105607616807,0.9772655028384675,0.9840278009324532,0.9939958256591567,0.9920668453808115,0.9991091146881,0.9920598654019175,0.9906125158284165,0.9977659655466018,0.9919591399594272,0.9902734401943108,0.9978236275795002,0.9912209479845937,0.9900174148289772,0.9974955204865872,0.9907569632264965,0.9900728332067983,0.9964474454100534,0.9904500611865619,0.9897006154155604,0.9962124355436021,0.9900593299809632,0.9899939697968781,0.9955217926144801,0.9902397351022744,0.9891581108232932,0.9970088175312796,0.9900671078241674,0.9891577520182785,0.9970062739215447,0.989802294337631,0.9880597231654555,0.9963011239325154,0.9919568001309627,0.990001988725469,0.9976839385541701,0.9919003884141946,0.990273468916051,0.997962881372347,0.98980135418712,0.9878279916200634,0.9961845959181178,0.9898005450985518,0.9876381989988049,0.9961249619533985,0.9896638100498815,0.986481182515,0.9957776375753037,0.9896557045872388,0.9866777628130404,0.9956329040872852,0.9896469098167064,0.9862441662984224,0.995732263021309,0.9896781999764934,0.9897897366161788,0.9948111877274465,0.9894925296841293,0.9896116401401786,0.994573166234229,0.9896717916941543,0.9897897876496802,0.9945125762332488,0.9899101373238353,0.9899676481247324,0.9952385622990388,0.9898970473597122,0.9902219777191311,0.9951898329214066,0.9889186293557505,0.9895219045232119,0.9938619749344717,0.9889036607775163,0.9895219244523936,0.9937902458641247,0.9889060107606167,0.9898271579421477,0.9936300825779271,0.9884621922750081,0.988911867014519,0.9934126955445542,0.9883868458217859,0.9889119565254981,0.9934126432660291,0.9884593229132039,0.9889118869309612,0.9932446034104112,0.9890109179568584,0.9892526325215308,0.996993383218299,0.990287991465627,0.9894310543373778,0.9960093913928566,0.988962132642794,0.9893973874755367,0.9941421176756611,0.9884708954651588,0.9890437803286022,0.9938209857322795,0.98858884330132,0.9889115264234306,0.9936260705422261,0.990091260423521,0.9892487304388418,0.9958093084933534,0.9902975375356888,0.9893209039526085,0.996014383147149,0.9979625494321557,0.9955742372311177,1.0024663694513418,35.0
0.9999969037698837,0.9999965460487839,0.9999975741974809,0.9797013585996199,0.9773084741990595,0.9840915740599444,0.9941190322839162,0.9921296038127436,0.9992033374255275,0.9921956072869123,0.9906854625529837,0.9978697745285522,0.9920968665349837,0.9903479025665511,0.997933895286676,0.9913590062040493,0.9900899689376996,0.9976030124300539,0.9909026032839691,0.9901625635193303,0.9965549025454818,0.990599900209604,0.9897927896142317,0.9963220594810132,0.9902133846253153,0.9900991704973539,0.995631712822187,0.9903790919862253,0.9892301069049648,0.9971190992665417,0.9902060878069775,0.9892302725182642,0.997116693244345,0.9899465502319901,0.9881288964102128,0.9964150929699108,0.9920947663483682,0.9900776635343862,0.9977961271596036,0.9920391272626446,0.9903479312904364,0.9980755836376617,0.9899455394772454,0.9878955790801462,0.9962970384978651,0.9899446951080247,0.987704350504174,0.9962363255352021,0.9898100497043957,0.9865513858922577,0.9959032256985414,0.9898019417669144,0.9867519667743248,0.9957592692915918,0.9897934086118788,0.9863138734476682,0.9958592460656682,0.989839022125992,0.9899063616608402,0.9949212693291153,0.98965747193822,0.9897345332069469,0.9946833181899534,0.9898329301405248,0.9899064127003829,0.9946216977190899,0.9900668239803174,0.9900780047887788,0.9953492325384209,0.990053878718897,0.9903360477342481,0.9953038568934922,0.9890908351761872,0.9896552689045539,0.9939730509632729,0.9890770774672264,0.9896552888364468,0.9939015433618844,0.9890781899377281,0.9899648847500723,0.9937415093380447,0.9886410442665045,0.9890554787382928,0.9935235095529674,0.9885664884301214,0.9890555682624075,0.9935242838840522,0.9886392530723902,0.989055498657662,0.9933553012399542,0.9891473655312709,0.989327806033097,0.9971036616960758,0.9904396984588708,0.9895248731999897,0.9961192511297634,0.9891312012145405,0.9895289801332765,0.9942524762160851,0.9886421891770615,0.9891840103625038,0.9939312156242386,0.9887658768588898,0.989055138097223,0.9937365186700964,0.9902436530214107,0.9893432256456438,0.9959197900346342,0.9904509752790389,0.989416172766455,0.996124193689841,0.9980551619069169,0.9956181023891241,1.0025314490025448,36.0
0.9999969227219402,0.9999965510031779,0.9999975920806128,0.9798234967419986,0.977338086657673,0.9842063773312241,0.9942736886495983,0.9921766429632136,0.9993568994506553,0.9923664130238412,0.9907424454861153,0.9980409223467125,0.9922680037099848,0.9904072202763122,0.9981118699362634,0.9915315717206956,0.9901491991506756,0.9977805358991902,0.9910909019023865,0.9902328222991984,0.9967343856316835,0.9907916077952172,0.98986468253213,0.9965033208542401,0.9904162528003619,0.9901819483503874,0.9958193893983968,0.9905533342517147,0.9892925964903753,0.9973036955032868,0.990380317860238,0.9892936449565087,0.9973014435440833,0.9901244690615909,0.9881922578173596,0.9966099153442932,0.9922661711963576,0.9901388489575541,0.9979770964577421,0.9922102637146092,0.990407249001903,0.9982554084767171,0.9901235351210823,0.9879586469368027,0.9964926858294256,0.990122727209131,0.9877673586997502,0.9964327952019479,0.9899913333187855,0.9866209019257647,0.9961176548027306,0.9899832652068515,0.9868259874473037,0.9959755033785228,0.9899751248049254,0.9863834824398511,0.9960759493781661,0.9900513375063453,0.9899984815202322,0.9951130601683176,0.9898751167284614,0.9898318223527056,0.9948774210687961,0.9900462356216608,0.9899985325645403,0.9948133850312038,0.9902733410927291,0.9901649549564359,0.9955389266508574,0.9902604727289572,0.9904258205918115,0.9954956715711701,0.9893193697628605,0.9897624210533208,0.9941749783666317,0.9893072089214031,0.9897624409873919,0.99410434565183,0.9893068267519783,0.9900782983364728,0.9939470081892063,0.9888755075942821,0.9891671351157464,0.9937257123866396,0.9888024132297085,0.9891672246500679,0.9937277345387441,0.9888746698778492,0.9891671550373895,0.9935577334875727,0.9893210687343332,0.9893956479431222,0.9972882081203848,0.9906328254826339,0.9895979080142677,0.9963005163824931,0.9893555422004939,0.9896335883955254,0.9944506788201802,0.988869550420413,0.9892952993384097,0.9941308642088281,0.9889978767774202,0.9891667944358401,0.9939374641877,0.9904370342441716,0.9894165398316587,0.9961013041778491,0.9906453656611649,0.9894900848763277,0.9963054310355193,0.9981797013173058,0.9956483491424913,1.002648542869674,37.0
0.9999969446307981,0.9999965583151187,0.9999976078527418,0.9799650192068676,0.9773837124659912,0.9843072964585918,0.9944513020387652,0.9922402491469253,0.9994944365143454,0.9925588580405558,0.9908148131543222,0.9981934345809358,0.99246328103399,0.9904816340043023,0.998272302456149,0.9917251433754494,0.9902218571235006,0.9979376585846502,0.9912972705311315,0.9903190027397202,0.9968944145018735,0.9910019097822476,0.9899536130360845,0.9966657408354979,0.9906331727720743,0.990279397388506,0.9959849544193893,0.99074778761163,0.989365683611306,0.997465416977638,0.990574548895396,0.9893671441611358,0.9974632502267958,0.9903221411619151,0.9882643802012928,0.9967783914139947,0.992461771894623,0.9902148994436483,0.9981401381469545,0.9924069991774579,0.9904816627320424,0.9984186362413806,0.9903212733232498,0.9880304093845023,0.9966618263482497,0.9903204966784566,0.9878389820224555,0.9966026236282718,0.9901903559347872,0.9866944164366421,0.9962976410209448,0.990182259658802,0.9869024933209554,0.9961554611503486,0.9901743280051405,0.9864567073253218,0.9962574431177377,0.99027502899608,0.9901045841181575,0.9952811307976691,0.9901027437117117,0.989942822406014,0.9950470039968353,0.9902704540031337,0.9901046351679494,0.9949812511730911,0.9904928702978515,0.9902661598634452,0.9957056966951765,0.990480026964815,0.9905291094329565,0.9956636180218823,0.9895536108502223,0.9898796319900012,0.9943495179112097,0.9895426905326514,0.989879651926448,0.9942797275664731,0.9895410307659541,0.9901987989612173,0.9941213883493151,0.9891110536718442,0.9892874559873223,0.9939011553967614,0.98903800269764,0.9892875455326099,0.9939037822455254,0.9891112565877447,0.9892874759114084,0.9937336791227595,0.989513870075483,0.9894716488173556,0.9974498883376828,0.9908451726765978,0.9896886582777471,0.996463507424193,0.989586572660908,0.9897494633978738,0.9946230935847077,0.989100946476694,0.9894157374408658,0.9943043645759585,0.9892322117883319,0.9892871152656882,0.9941119684461699,0.9906504893573147,0.9895083799291449,0.9962653417025604,0.9908591697402268,0.9895820865261795,0.996468379399384,0.998324000923585,0.9956949092735635,1.002751483611243,38.0
0.99999696908669,0.9999965664240003,0.9999976242353571,0.9801223868713913,0.9774341010642174,0.9844116031279007,0.9946517465765922,0.9923121430225398,0.9996405842128178,0.9927742343010209,0.9908937321308213,0.9983550765175794,0.9926790318365957,0.9905625053170104,0.998439963234265,0.9919426978945752,0.9903011130751899,0.9981028860582764,0.9915276685280485,0.9904087465144709,0.997067277111118,0.9912359298513503,0.9900456020442738,0.9968409643390502,0.9908744717267635,0.9903789199112792,0.9961674002677532,0.9909657241172052,0.9894454338789094,0.9976330010707138,0.9907924555405961,0.9894475704658764,0.9976309363976891,0.990541677478717,0.9883417587657266,0.9969492207600259,0.9926778264277343,0.9902973325420157,0.9983103979796151,0.9926227479432662,0.9905625340470855,0.9985879591398374,0.9905408745115318,0.9881074465898857,0.9968333151577241,0.9905401285591195,0.9879158917483367,0.9967747917809913,0.99041133350081,0.986769309660427,0.996474496793504,0.9904031807808676,0.986979581437495,0.9963314849634972,0.9903955024523171,0.9865309306122226,0.996435218266665,0.9905220381812402,0.9902109714655326,0.9954678891832205,0.990353110213724,0.990052815552161,0.9952359558921204,0.9905177913248306,0.9902110225208341,0.9951677679431851,0.9907363990861666,0.9903689410411973,0.9958904693534144,0.9907237205555945,0.9906349035251779,0.9958516477084429,0.9898108682240819,0.9899964663949142,0.9945459171023444,0.9898012040799137,0.9899964863337347,0.9944770259257332,0.9897983742838447,0.9903209132122485,0.9943207812433118,0.9893709750150356,0.9894081228153716,0.9940973691477717,0.989298366919228,0.9894082123716831,0.9941007414885463,0.9893720219802499,0.9894081427419128,0.9939303370608608,0.9897315083816953,0.9895560458068586,0.9976173919046738,0.9910809397572432,0.9897821285807495,0.99663926539369,0.9898405286068974,0.9898641526962306,0.9948159394821272,0.9893554117166519,0.9895343742305814,0.9944985350867559,0.9894907338452221,0.9894077820517932,0.994307121629852,0.9908872596420999,0.9896028373359104,0.9964420558846427,0.9910956841110313,0.9896758682544903,0.996644130214433,0.9984844668416025,0.9957463377118111,1.0028578949954883,39.0
0.9999969821687147,0.9999965698715014,0.9999976358632284,0.980206390874896,0.9774546706275922,0.9844860793018755,0.994759841000361,0.9923456469763636,0.9997423838838576,0.9928961007891546,0.9909319608695106,0.9984685706929719,0.99280189655613,0.9906018703727748,0.9985589090472828,0.9920690817803325,0.9903406538272548,0.998220978957044,0.9916587584206615,0.9904536875836071,0.9971866831201504,0.9913672855066357,0.9900895731247306,0.9969608945208431,0.9910147653528487,0.9904330248268329,0.9962929571679675,0.9910939064622176,0.9894868780312671,0.9977542544155311,0.990920797180717,0.9894898974996872,0.9977521893092628,0.9906728501593336,0.9883817223113277,0.9970755859588281,0.9928008237863111,0.9903376065944249,0.998431350854884,0.9927461131156077,0.9906018991039814,0.9987086707102902,0.9906720958098765,0.9881469568495388,0.9969600891265128,0.9906713726810594,0.987955148647837,0.9969020371530941,0.9905426114152988,0.986809497579624,0.9966094152484641,0.9905345256037625,0.9870239713929955,0.9964687536997897,0.9905267835242686,0.986570485192962,0.9965708828138682,0.9906683095287268,0.9902718312240829,0.9955963378105307,0.9905028733435687,0.9901173758878521,0.995365954644034,0.9906644739078605,0.9902718822825388,0.9952959879362829,0.9908790119461265,0.9904260999308244,0.9960175774381447,0.990866432864762,0.9906942842034432,0.9959808954963145,0.9899674042377625,0.9900670127047158,0.9946805941254463,0.9899588264695858,0.9900670326449731,0.9946124157869148,0.989954887674694,0.9903944683061848,0.9944555678382074,0.9895339619752362,0.9894854756153618,0.9942339469613094,0.9894622895758699,0.9894855651787652,0.9942382042084384,0.9895360177609315,0.9894854955434831,0.9940674089213636,0.9898604852276679,0.9896035570758582,0.9977384191208185,0.991212373917999,0.9898255190577169,0.9967589294803723,0.9899942489976653,0.9899334770949045,0.9949487191960573,0.9895110056497828,0.9896082360702566,0.9946328542600559,0.9896516509681561,0.989485134824799,0.9944424813030711,0.9910183759626948,0.9896459426093612,0.996561429359951,0.9912272230174783,0.9897187335112222,0.996763818471121,0.9985701283715045,0.9957673518795517,1.0029338655253148,40.0
0.9999969943896112,0.9999965662467,0.9999976418240052,0.9802851138033116,0.9774291502512477,0.9845231919368175,0.9948602661568241,0.9923240528442532,0.9998013010185313,0.9930077343626372,0.9909129002648428,0.9985365334226742,0.9929158459873113,0.9905844261312866,0.9986329071122697,0.992182951468087,0.9903221739904112,0.9982920329174695,0.9917792153311815,0.9904391393001752,0.9972590028612107,0.9914893882433935,0.9900758345752348,0.9970344459577192,0.9911423607773712,0.9904231334439992,0.9963696864470325,0.9912100656899836,0.989469245099529,0.9978284365987095,0.9910369313505095,0.9894729478246335,0.9978264395857666,0.990793559545496,0.9883622068049076,0.9971544065112915,0.9929150534335537,0.9903214553993976,0.9985076296600871,0.9928612427188309,0.9905844548619805,0.9987845794014045,0.9907928117562512,0.988126647930569,0.9970386719061921,0.9907920910102086,0.9879342170168531,0.9969805652693543,0.9906637418408482,0.9867902561972853,0.9966967302501357,0.990655596634138,0.9870063736869918,0.9965550532270763,0.9906479782436453,0.9865510210689188,0.996659467636507,0.9908012920481419,0.9902652053088403,0.9956758056974973,0.9906389789412055,0.99011246336296,0.9954471330739739,0.9907979137227116,0.9902652563669667,0.9953752035712045,0.9910086864132811,0.9904177602522193,0.9960955681024983,0.9909961428244913,0.990687385467857,0.9960598997690611,0.9901111490189527,0.9900669209629075,0.9947663803167642,0.9901037093890085,0.9900669409031759,0.994698832885132,0.9900986137469361,0.9903972268861346,0.9945414904822159,0.9896858220361454,0.9894889180731811,0.9943230910406091,0.9896153091075988,0.9894890076369719,0.9943282254807374,0.9896896389526131,0.9894889380013903,0.9941574553820729,0.9899766102592362,0.9895909683074314,0.9978124721614364,0.991335286476448,0.9898123066422799,0.9968326723100048,0.9901350420739363,0.989932227820028,0.995032810122198,0.989654561325254,0.9896103180690282,0.9947190219282575,0.989800359911724,0.9894885772811425,0.9945301149037851,0.9911417104259524,0.989633157300254,0.9966355863296099,0.991350537307643,0.9897055185537689,0.9968375650424097,0.9986503991238215,0.9957413766300233,1.0029717537075769,41.0
0.9999970027168436,0.9999965676315434,0.9999976465008169,0.9803365181188062,0.9774353783191229,0.9845514355193401,0.9949376501721264,0.992344404015775,0.9998532977380482,0.9930920572301377,0.9909428907522576,0.998596799282219,0.9929992495745686,0.9906174619065113,0.998698863443012,0.9922685346670651,0.9903529888354293,0.9983556205693576,0.991871561894122,0.990483251321143,0.9973213960465698,0.9915836276158718,0.9901207747871228,0.9970979612846423,0.9912441068669163,0.990482374883696,0.9964344842278713,0.9912963956632755,0.9895012606187488,0.9978957168215741,0.991123131950748,0.9895056004292084,0.9978938785342033,0.9908825575913185,0.9883932787250908,0.9972266572144369,0.9929987232854772,0.9903569273353172,0.9985776834761102,0.9929438954877052,0.9906174906381503,0.9988508770160796,0.9908818801484328,0.9881574791816838,0.9971116765111281,0.9908811928286927,0.9879650139515526,0.9970543155741103,0.9907546982304096,0.9868221157992668,0.9967788981258621,0.9907465311262664,0.9870403797763491,0.9966371718306701,0.9907391935271739,0.9865826455197054,0.9967429385939672,0.9909102205914929,0.9903367078881878,0.9957414380201306,0.9907524213037698,0.9901911842889695,0.9955133853312316,0.9909068235770877,0.9903367589500287,0.9954401631612311,0.9911132092642156,0.9904820440481849,0.9961610075955087,0.9911007386857764,0.9907532599279214,0.9961269023589059,0.9902325901737344,0.9901585388584672,0.9948349050832881,0.9902258115773793,0.9901585588006085,0.9947675273688682,0.990220096156345,0.9904925872746447,0.9946117373869151,0.9898176996539622,0.9895950806261451,0.9943918504484964,0.9897473496662849,0.9895951701996999,0.9943972783284666,0.9898231732225832,0.9895951005565313,0.9942269067035122,0.990062160883072,0.9896272877289856,0.9978797419500495,0.9914301410479681,0.9898577879139596,0.9968961888762546,0.9902547478269422,0.9900223253340243,0.9951001946680996,0.9897792372920824,0.9897123858651099,0.9947866156636228,0.9899302428445494,0.9895947397969552,0.9945981780242288,0.9912367363576521,0.9896788099681004,0.9966992562874777,0.991445765896986,0.9897510293495378,0.9969010836018014,0.9987028564168259,0.9957477887317923,1.0030006162242133,42.0
0.9999970103836737,0.9999965659769328,0.9999976402046593,0.980383774940316,0.9774227902761372,0.9845076987816336,0.9950091451259743,0.9923378080485112,0.9998197406736841,0.9931700254690782,0.9909409287376496,0.9985654052337659,0.9930774970501139,0.990615300949028,0.9986692308542994,0.9923484081185322,0.9903508897565225,0.9983253329019428,0.9919551478518381,0.9904899489680978,0.9972919361788519,0.9916693757332298,0.9901292899065682,0.9970696951746646,0.9913335114922691,0.9904976173972051,0.996407390996653,0.9913766410957349,0.9894989695680921,0.9978655576320794,0.99120327101698,0.9895039318689475,0.9978637608483935,0.9909648792001609,0.9883879011203125,0.9971966685382305,0.9930770358202162,0.9903546072137861,0.9985485567301586,0.9930222620829461,0.9906153296805918,0.998821922062318,0.9909642662678364,0.9881518216780061,0.9970823507680846,0.9909636095482887,0.9879592737749104,0.997025659511105,0.9908372757269995,0.9868117918987593,0.9967491570733045,0.990829014465534,0.9870306717817574,0.9966054499751509,0.9908218192769792,0.9865715797361558,0.9967135444290944,0.9910016365492085,0.9903584263014278,0.9957140618698367,0.9908450451522958,0.9902165308151809,0.995485816771701,0.9909984326144698,0.990358477364417,0.995412190384691,0.9912034098200186,0.9905001338431243,0.9961342329531692,0.9911910504886673,0.9907730863801012,0.9961022111440764,0.9903282141302355,0.9901900545036302,0.994808397005523,0.9903224168783964,0.9901900744464289,0.9947412743550234,0.9903157611206268,0.9905275023087826,0.9945868660576898,0.9899108755665844,0.989629915967948,0.9943624356136387,0.9898400724250631,0.9896300055447752,0.9943677672328857,0.989917127243974,0.9896299358990641,0.9941974887231171,0.9901416260845725,0.9896293390033124,0.9978494484936381,0.9915169007335062,0.9898674563418706,0.9968681987952607,0.9903478037490981,0.9900524599821795,0.9950723590349261,0.9898706836521696,0.9897470625705419,0.994757827627429,0.9900231067693378,0.989629575126306,0.9945690889279294,0.9913241141730439,0.9896890575635873,0.9966718350870795,0.9915334537315902,0.9897616009487823,0.9968730618838798,0.9987510810444638,0.9957349959493127,1.0029561009242978,43.0
0.9999970178030295,0.999996559260312,0.9999976277584106,0.9804299586237263,0.9773776541061394,0.9844236172363952,0.9950768802502028,0.9922901460247637,0.9997382009731903,0.9932388440103109,0.9908939202502787,0.9984808864700516,0.993147137184193,0.9905691347516559,0.9985878495852728,0.9924174372094946,0.9903018213757127,0.9982401851198678,0.9920243057032929,0.9904482911540214,0.9972039962903764,0.9917399565797959,0.990088930267907,0.9969818532033002,0.9914043039965096,0.990460814604676,0.9963175833102637,0.9914437134402283,0.9894469298339232,0.9977783269178492,0.9912698454801032,0.9894519322982647,0.9977765437442034,0.9910321240665761,0.988331788193145,0.9971062809866027,0.9931467875331895,0.9903091148395103,0.9984687909149378,0.9930923117576433,0.9905691634818756,0.9987412117574938,0.9910315395739528,0.9880951588225729,0.9969920780354758,0.9910308959451806,0.9879022281499422,0.996935606638444,0.9909060404547971,0.9867488632074461,0.9966565884750683,0.9908976980711323,0.9869684143165267,0.9965111939208652,0.990890795065247,0.986507656322405,0.9966209599310927,0.9910728403402199,0.9903256691828288,0.9956226763729833,0.9909166482849776,0.9901862011422378,0.9953940385115512,0.9910695921790671,0.99032572024415,0.9953200180300228,0.9912743514616552,0.9904649487410019,0.9960437370086859,0.9912619500963439,0.9907382010202331,0.9960113181624811,0.9903989139685948,0.9901643082028458,0.9947153682963746,0.990393013890611,0.9901643281451447,0.9946476869218495,0.9903865223279334,0.9905052249697351,0.9944959312477287,0.989985698398895,0.9896066689545808,0.9942698990467362,0.9899155359062393,0.9896067585294056,0.99427557270121,0.9899928253972925,0.9896066888852526,0.9941049376389034,0.9902045290917442,0.9895767578128979,0.9977622176043172,0.9915879086125274,0.989827965301752,0.9967799944260385,0.9904187463508964,0.9900253043156855,0.9949799330987505,0.9899409539633489,0.9897226128630822,0.9946651971704007,0.9900964320335783,0.9896063281205593,0.9944764835232958,0.9913947968763882,0.9896492212947069,0.9965833206604503,0.9916057720533369,0.9897236187249422,0.9967848025300728,0.9987982011784485,0.9956890094022736,1.0028704575464338,44.0
0.9999970128196043,0.9999965564678348,0.9999976202829927,0.9803945079571246,0.9773575328011915,0.9843731448130343,0.9950495062778278,0.9922751476687623,0.9996894130622794,0.9932146363223845,0.9908835945567614,0.998432835656982,0.9931241724714542,0.9905589554843571,0.9985421082615068,0.9923954368385799,0.9902920160645782,0.9981935022799098,0.9920002627809823,0.990445752654219,0.9971555161077164,0.9917181550082975,0.9900880476006804,0.9969346892964841,0.9913811281498724,0.9904664917202761,0.996268603662822,0.9914238004815624,0.989437883062538,0.9977331298234514,0.991249849634044,0.9894436001829908,0.9977314212385437,0.9910168480542357,0.9883206435142039,0.9970631538314296,0.9931238794016046,0.9902990527065175,0.998423877502304,0.9930700506367546,0.9905589842142687,0.9986962352294338,0.9910162509933158,0.9880831923712649,0.99694843856522,0.9910156005911295,0.9878895704692711,0.9968916653506513,0.9908924990028011,0.9867370265194105,0.9966193576406324,0.9908841296577394,0.9869580860653203,0.9964736890933922,0.9908774841355662,0.9864954919380793,0.9965845430866872,0.991049613700523,0.9903373864346663,0.9955717319319858,0.9908934408395944,0.9902012206500653,0.9953417624457346,0.9910464143633413,0.9903374374966213,0.9952683159488401,0.9912511909479559,0.9904733632751632,0.9959946117775866,0.9912389622984562,0.9907486334714911,0.9959651672171507,0.9903727615791488,0.9901849780062308,0.9946582435792628,0.9903661772968956,0.9901849979489683,0.9945895716816342,0.9903603529127707,0.9905277533056462,0.9944388671981662,0.9899629399276739,0.9896327869922319,0.9942130013098907,0.9898934067378785,0.9896328765695424,0.9942189530429081,0.9899701339825343,0.9896328069234586,0.9940474377225944,0.9901837937448011,0.989572155110923,0.9977169237821862,0.9915669311274912,0.9898281034949156,0.9967331317973551,0.990394380333591,0.9900452193676459,0.9949253597860018,0.9899156369282451,0.9897475611749829,0.9946093565487856,0.9900731507684134,0.989632446148751,0.9944200911660328,0.9913744668419608,0.9896499783409561,0.996537036509183,0.9915855898606891,0.9897245553139001,0.9967379114696068,0.9987621138406532,0.9956685392571525,1.0028190516691893,45.0
0.9999970049840975,0.9999965501553605,0.9999976181283772,0.9803409096439131,0.9773139516586337,0.9843579190811647,0.9949978882990628,0.9922348293495086,0.9996803144335262,0.993162399820713,0.9908447374940845,0.9984258860680765,0.9930742149569013,0.9905208699734033,0.9985387150812745,0.99234271650451,0.990252712420287,0.9981880745948613,0.9919460863170794,0.9904119586383292,0.9971482641322607,0.991663356769714,0.9900532405632433,0.9969273005603935,0.9913286772185405,0.9904418436490586,0.9962624245425363,0.9913701551874787,0.9893979429545913,0.997729886875311,0.9911956800006824,0.9894036316617351,0.9977281301922598,0.990965047449365,0.9882805375525016,0.997063654280882,0.9930740314757562,0.990261584436037,0.9984218691865153,0.9930213785888404,0.9905208987021954,0.9986939371799521,0.9909644745954396,0.9880426575038606,0.996949047778948,0.9909638353859022,0.9878487472125558,0.9968924643104506,0.9908435227775985,0.9866997770039768,0.9966307145610711,0.9908351390312805,0.9869223854976675,0.9964850530333678,0.99082887859808,0.9864583714347075,0.9965973163894934,0.990997719037211,0.9903195616209051,0.9955647887301792,0.9908416898260967,0.9901871711858534,0.9953340426267002,0.9909949750955628,0.9903196126819748,0.9952609414770974,0.9911989916680024,0.9904517625432518,0.9959887856853261,0.9911869496942672,0.9907290929002349,0.9959624946959875,0.9903206275300382,0.9901787205631044,0.994649561159686,0.9903141376335515,0.9901787405057427,0.9945804510348039,0.9903083441719105,0.9905258141166505,0.9944339243326715,0.9899077100813818,0.9896317112860253,0.9941993355001647,0.9898384421927889,0.9896318008633778,0.9942053709061205,0.9899141224016322,0.9896317312172632,0.9940326445409885,0.9901264226474633,0.9895322506454876,0.9977136052615718,0.9915116260021057,0.9897926054993677,0.9967254509387283,0.9903419503846388,0.9900372071725836,0.994916298248812,0.9898606174820288,0.9897453633328209,0.9945979888590163,0.9900187512493188,0.9896313704423855,0.9944075513443297,0.991318785085831,0.9896141372640318,0.9965289903258775,0.9915301802472039,0.9896886090336681,0.9967302493775857,0.9987075171388866,0.9956241646355127,1.0028035694573683,46.0
0.9999969985957765,0.9999965395955218,0.9999976153685713,0.9802977179530252,0.9772431180609642,0.9843388621828036,0.9949537869084936,0.9921601796182772,0.9996652568315098,0.9931193965436046,0.9907681795802208,0.998410952681614,0.9930308085146643,0.9904437523582241,0.9985239276267273,0.9923008613761916,0.9901758959031343,0.9981736468283509,0.9919034968243038,0.9903350947501929,0.9971344128460461,0.9916221378818374,0.989977414111822,0.9969139432531352,0.9912859650667368,0.9903655509689798,0.9962509481302955,0.9913282905369174,0.9893207581670235,0.9977154952171438,0.9911535485741891,0.9893267787879743,0.9977137072688077,0.9909252984798064,0.9882015325172073,0.9970496445698848,0.9930305692018968,0.9901840190732891,0.9984071015156523,0.9929777722350912,0.990443781084771,0.9986792225802857,0.9909247357164996,0.9879631754162035,0.9969349651941307,0.9909241008970429,0.9877689060274629,0.9968784137137205,0.9908047327321988,0.9866191386165689,0.9966193676421196,0.9907963369399301,0.9868431668447818,0.9964737221359113,0.9907902155509717,0.9863772963115383,0.9965863155778772,0.99095217260313,0.9902428068158999,0.9955529489692194,0.9907944030201834,0.9901097645479612,0.9953217917140535,0.9909495250228512,0.9902428578730371,0.9952485234597035,0.991155223802031,0.9903756590195381,0.9959777427696694,0.9911433503331732,0.9906547761103631,0.9959542462547497,0.9902699751043137,0.9901019974409283,0.9946363177057372,0.9902634552758869,0.9901020173820377,0.9945667688163252,0.9902577636224625,0.9904522581482551,0.9944229449916017,0.9898509468750638,0.9895504479243189,0.9941835380730063,0.9897813895911878,0.9895505374943983,0.9941893962625785,0.989857437418385,0.9895504678539382,0.9940163784685655,0.990082860831859,0.9894577782952554,0.9976990654744646,0.9914706507144722,0.9897174238696796,0.9967119393621647,0.9902913469415875,0.989959197249878,0.9949032763817321,0.9898046360090407,0.9896658398417646,0.9945836568985076,0.9899623380654821,0.9895501071083533,0.9943925547602672,0.9912777305942135,0.9895389036978256,0.9965154094267619,0.9914901000107516,0.9896144779923493,0.9967166989808548,0.9986635103697293,0.9955519972336675,1.0027841757639862,47.0
0.9999969962267267,0.9999965293660663,0.9999976115203739,0.9802809433012916,0.9771747053275418,0.9843124559368409,0.9949406646366541,0.9920870922457043,0.9996432265176535,0.9931004916171641,0.9906923625933132,0.9983872124635557,0.9930100556954994,0.9903679180997593,0.9984998342185382,0.9922811534926248,0.9901002101706786,0.9981498322049988,0.9918804846081707,0.9902570116884324,0.9971092863420636,0.9915983138538957,0.9898983820288328,0.9968884327411904,0.991260777433853,0.9902881446334026,0.9962258902294997,0.9913079095801157,0.9892452674227739,0.997691888100573,0.9911329536218,0.9892516898323142,0.997690137028282,0.9909057079459456,0.98812470909051,0.9970262832399374,0.9930098195085918,0.9901081710104443,0.9983834730653022,0.9929559083203062,0.9903679468240996,0.9986545687438628,0.9909051509623822,0.9878859064921837,0.9969114936708229,0.9909045184967357,0.9876912927243461,0.9968549330760879,0.9907860646184734,0.9865416376427293,0.9965993279103739,0.9907775155503248,0.9867643456837965,0.9964499733167921,0.9907716919689751,0.9862999160885002,0.9965672957694215,0.9909247746186176,0.990165421227054,0.9955272009516831,0.990765457281366,0.9900321746094707,0.9952955303090646,0.9909225541669759,0.9901654722802208,0.9952224946105123,0.9911292059417206,0.9902984773026697,0.9959527522220457,0.9911174304626483,0.9905786490977084,0.995930877875346,0.9902378412681655,0.9900244226035705,0.994608921834712,0.9902314272544074,0.990024442543131,0.9945391027518641,0.9902256582253339,0.9903769565425645,0.994396649709463,0.9898156958886771,0.9894697901221723,0.9941551659005222,0.989745653677584,0.989469879685023,0.9941607621461429,0.9898230406078007,0.9894698100501824,0.9939881311048943,0.9900605846222282,0.9893843658624929,0.9976754056767243,0.9914462176971403,0.9896377509028346,0.9966860268454667,0.9902589267050041,0.989880698984676,0.9948761363899314,0.9897681657233602,0.989585680912662,0.9945559381871085,0.9899266967154424,0.9894694493337115,0.9943645361959745,0.9912527400087112,0.989458707396272,0.99648898268724,0.991465571007806,0.9895344541321189,0.9966908011830271,0.9986464309526802,0.9954822914916874,1.0027572955097583,48.0
0.9999969887929538,0.9999965228381841,0.9999976139359465,0.9802308793698468,0.9771300384504429,0.9843277157442712,0.9948885283748228,0.9920443309186749,0.999666667065359,0.9930449031409558,0.9906512873261221,0.9984135859604883,0.9929545646150901,0.9903277743456549,0.9985278849175923,0.9922245532787378,0.9900601227537063,0.9981778548476291,0.991822427680856,0.9902186459085648,0.9971361957735005,0.9915417049518608,0.9898614066675091,0.9969163971981525,0.9912003801764643,0.9902529183520005,0.9962528568442968,0.9912503864505107,0.9892066150326004,0.9977226266775137,0.991075180868352,0.98921329959985,0.997720874874343,0.9908486427507767,0.9880873249940746,0.9970613106287164,0.9929544835879341,0.9900687724736381,0.9984126991935167,0.9929003593672562,0.9903278030688204,0.9986827442304087,0.9908481146314734,0.9878483717292188,0.9969468095301376,0.9908474958449128,0.9876537057242435,0.9968905467206206,0.9907294401887927,0.9865092296861739,0.9966443793225772,0.9907208955267593,0.9867334266135996,0.996495435906364,0.9907151243532188,0.986267923045223,0.9966135901513994,0.9908618608772243,0.9901324836744082,0.9955534982746087,0.9907012829866156,0.9900004797246611,0.9953215811536555,0.9908592497883982,0.9901325347258967,0.9952480291391482,0.9910678565866972,0.9902642965597733,0.9959797269867654,0.9910561594142197,0.9905452725814459,0.9959591474015248,0.9901697747484455,0.9899960021256711,0.9946349133154473,0.9901629835996905,0.9899960220646761,0.994564563051909,0.9901577405538258,0.9903528329626274,0.9944268848437104,0.989749784507533,0.9894405111650223,0.9941807250583892,0.9896804140479699,0.9894406007253079,0.9941866147776132,0.9897575117065804,0.9894405310924621,0.9940135600029948,0.9900010893195414,0.9893472070455807,0.9977060785264736,0.9913902212737622,0.9896016006619861,0.9967143562725255,0.9901917805740825,0.9898505322892162,0.9949017856725632,0.9896995114100282,0.9895562120354441,0.9945814607911395,0.9898597752813932,0.9894401703863218,0.9943900795572564,0.991197412775709,0.9894232379520627,0.9965179363012094,0.9914098168538681,0.9894984626438056,0.9967191254269442,0.9985954208452279,0.9954368043987845,1.0027728759886056,49.0
0.9999969866024743,0.9999965187457224,0.9999976116648519,0.9802151335590046,0.9771020071847839,0.9843119595339399,0.994877366836886,0.9920175939341807,0.9996551703247207,0.9930340256536986,0.9906252703090133,0.9984033716771962,0.9929462505556327,0.9903025779362163,0.9985207546780566,0.9922130476259463,0.9900336727619401,0.9981686982127874,0.9918106438833725,0.9901955531582615,0.9971249211125189,0.9915304173095458,0.9898387826865997,0.9969054172112894,0.9911889765113792,0.9902336044776683,0.9962411180882272,0.9912381245818,0.9891795452336622,0.9977151489718419,0.9910624401138064,0.9891860881033658,0.997713402755473,0.9908379829546831,0.9880606023378357,0.9970564198322505,0.9929462888915827,0.9900442325563831,0.9984065422271822,0.9928934940628251,0.9903026066586438,0.9986767343262339,0.9908374667147009,0.9878214296684794,0.9969419711902214,0.990836853410251,0.9876266145513548,0.9968858024235192,0.9907208759209285,0.9864849674235839,0.9966462697600601,0.99071230794146,0.9867100249368971,0.9964969842418722,0.9907068371033217,0.9862438464309788,0.996616419866111,0.9908510822369594,0.9901161943985534,0.9955412531973891,0.9906905503904173,0.9899859556931775,0.9953089681057656,0.9908491402170174,0.9901162454492175,0.9952357951993513,0.9910567017173508,0.9902462416898038,0.995967940020777,0.9910450471675103,0.9905276833333302,0.9959480744572897,0.9901581941637942,0.9899845353656075,0.994621051840883,0.9901513131356479,0.9899845553043946,0.9945504182370173,0.9901461588666195,0.9903427004149848,0.9944132906859378,0.989739207112419,0.9894321611269653,0.9941665239912949,0.9896700024314381,0.989432250686572,0.9941724741653413,0.9897472414291084,0.9894321810542549,0.993999239615288,0.9899854626810647,0.9893191203167156,0.9976986206087467,0.9913790310426086,0.9895792456415452,0.99670333980087,0.990180434320877,0.9898385236477687,0.9948885526710075,0.9896869480843675,0.9895466891751842,0.994567680103295,0.9898487643206827,0.9894318203508485,0.9943760590744533,0.9911862626452254,0.989400928982122,0.9965069530810402,0.991398897229764,0.989476332060147,0.9967081013558826,0.9985793948370237,0.995408258869311,1.0027568436966923,50.0
0.999996986010091,0.9999965125505307,0.9999976123751787,0.9802103738355964,0.9770602114230358,0.9843158423422504,0.9948765306596548,0.991974837864848,0.9996666003207381,0.9930358622404162,0.9905819840185922,0.9984178119654458,0.9929484628707603,0.9902590850492762,0.9985355538372506,0.9922188281134989,0.9899917236206253,0.9981869776935628,0.9918091738396305,0.9901512789828193,0.9971387477954611,0.9915279458653609,0.989794170054893,0.9969185765281676,0.9911863650045047,0.9901900143600487,0.9962555544895718,0.9912476673618696,0.9891395342887024,0.9977381696955291,0.9910718374595461,0.9891464048797156,0.9977364914866989,0.9908545611791747,0.9880222032233077,0.9970864326538019,0.9929484761682615,0.9900005744007359,0.9984212343756342,0.9928959507030146,0.9902591137704345,0.998691829075426,0.9908540577113164,0.987782909179363,0.9969721000596449,0.9908534504016525,0.9875880270852802,0.9969160635379626,0.9907389259808562,0.9864518203638286,0.9966858554272011,0.9907303101048115,0.9866770892062467,0.9965355283359912,0.9907250867066965,0.9862113518964758,0.9966574188725319,0.9908491658561163,0.9900726840581183,0.99555625211842,0.9906886847898594,0.9899422975117557,0.995324010437595,0.9908479202477212,0.990072735106549,0.9952508942008996,0.9910543790403803,0.990202878916527,0.9959829354796227,0.991042829843096,0.9904852782480839,0.9959647400776367,0.9901591464911839,0.9899418447887857,0.9946370320722618,0.9901532672316998,0.9899418647267209,0.9945668869786705,0.9901470712384415,0.9903004869434114,0.9944284607443271,0.9897373282134772,0.9893889229589433,0.9941813544697383,0.9896682624887826,0.9893890125146826,0.9941873461029566,0.9897458192369503,0.9893889428853723,0.994014108680668,0.9899938592148398,0.9892808814495294,0.997721636496326,0.9913762533333139,0.9895344000762536,0.9967162229706907,0.9901787982879304,0.9897956396067683,0.9949035919489604,0.9896839029473058,0.9895044959859637,0.994582517861176,0.9898462875133835,0.9893885821975426,0.9943909345713673,0.9911831162021711,0.9893557452585533,0.9965195005931863,0.9913963656923488,0.9894316869011616,0.99672097776183,0.9985745576846823,0.9953656823334247,1.0027608296886696,51.0
0.999996973762238,0.9999965148214163,0.999997615323781,0.9801289944434012,0.9770738810050789,0.9843355813621713,0.9947858720334358,0.9919968684250456,0.9996873097963664,0.9929435293775394,0.9906093131699142,0.9984410368376649,0.9928536823935357,0.9902885131579016,0.9985604974692002,0.9921281056604362,0.9900205393492314,0.9982131703822162,0.9917142792064004,0.9901847586485757,0.9971590164862899,0.991433285337227,0.9898279789013327,0.996939008211637,0.9910914156451217,0.9902301699086273,0.9962728454323052,0.9911589427820114,0.9891705040515771,0.9977685884910132,0.9909829902813647,0.9891776535488103,0.9977669829951115,0.9907699363750101,0.9880553197503177,0.9971229973472835,0.9928537347172316,0.990031681678463,0.9984486847239433,0.9927996723555973,0.9902885418799066,0.998715924013308,0.9907694406581896,0.987815941754347,0.9970087074928206,0.9907688369920995,0.987621012537871,0.996952728404706,0.9906571438748688,0.9864913727001455,0.9967339702688608,0.9906485621762935,0.9867182203466186,0.9965847678679954,0.9906436700019733,0.9862514952063892,0.9967068630393957,0.9907563618768531,0.9901187356243903,0.9955723056586527,0.9905968161381765,0.9899920198068813,0.9953394198228147,0.9907558735628004,0.9901187866752033,0.9952670693693297,0.9909602477407622,0.9902452595376063,0.9959996604061239,0.9909486664902766,0.9905274507797567,0.9959810256158838,0.9900678281449972,0.9899975239513242,0.994650655208132,0.9900618190620122,0.9899975438903919,0.9945802660422329,0.9900557345816327,0.9903569692087342,0.9944419184738584,0.9896480609353988,0.9894522685300811,0.99419369202716,0.9895790681842732,0.989452358091623,0.994199690149654,0.9896564387042776,0.9894522884578034,0.9940261021614673,0.9899044079770635,0.9893136318908536,0.9977520642356439,0.9912816746592531,0.9895683902044808,0.9967366343809595,0.9900878251242434,0.9898509926838717,0.9949179171906833,0.9895935221552644,0.989566025030642,0.9945957472965676,0.989757155031469,0.9894519277466006,0.994403665107273,0.9910886061902996,0.989389822486084,0.9965399436278115,0.9913018858309859,0.9894656831360402,0.9967413893452726,0.9984916238858379,0.9953796462110042,1.0027809455069685,52.0
0.9999969699090154,0.9999965145160868,0.9999976144944579,0.9801028508819634,0.9770711816524115,0.9843299083877936,0.9947596168250663,0.9919972447515909,0.9996826886756325,0.9929159788251309,0.9906114661983272,0.9984362676914698,0.9928248280589254,0.9902910710670595,0.9985553971447484,0.9920998643250429,0.9900229303342271,0.9982090668890713,0.9916875890154752,0.9901897419063791,0.9971529714417626,0.9914069180186347,0.98983341984357,0.9969331658901608,0.991066682943989,0.9902381685783516,0.9962661290264956,0.9911292381711247,0.9891732425112998,0.997765342136749,0.9909530341733087,0.9891803794208036,0.997763753373029,0.9907394872700108,0.9880589719653976,0.9971209867297914,0.9928249273636147,0.9900345634933924,0.998443905148471,0.9927700004859809,0.9902910997891324,0.9987103845043315,0.9907390192607879,0.9878197228695162,0.9970070816578369,0.9907384289781145,0.9876249605849641,0.996951430991759,0.9906262570265613,0.9864972258755917,0.9967349593565659,0.9906176814067171,0.9867250118996527,0.9965861016551102,0.9906127251115087,0.9862574876304586,0.9967081889673022,0.9907332991290242,0.9901296125088395,0.9955655236884388,0.9905745460546252,0.9900047697490162,0.9953328484453964,0.990733310064882,0.9901296635602206,0.9952602956795128,0.9909361451576006,0.9902542630932553,0.9959927333417495,0.990924506017491,0.990535956212123,0.9959731941536742,0.9900468743401487,0.9900138358526727,0.9946452914704063,0.9900410581999426,0.9900138557920786,0.9945749129701762,0.9900348446645136,0.990375506925459,0.9944384760543319,0.9896300808498506,0.9894707012024389,0.9941880010135746,0.9895614744829995,0.9894707907657014,0.9941941488507534,0.9896390585599796,0.9894707211305448,0.9940205873357829,0.9898730772009,0.9893163485868598,0.9977488253232427,0.9912554525724747,0.9895740984313158,0.9967308157664875,0.9900663437935951,0.9898664001013183,0.9949117455433706,0.9895728371043946,0.9895839096306136,0.9945896754608624,0.989738145804782,0.9894703604124125,0.9943977714819614,0.9910625012988544,0.9893956507010231,0.9965342211350495,0.9912762365871256,0.9894721080849437,0.9967355438799838,0.9984649905139175,0.9953769116143701,1.0027751722823877,53.0
0.9999969702470072,0.9999965137067345,0.9999976132960298,0.9801041576765981,0.9770652235073267,0.9843214682420262,0.9947661652680753,0.9919936105761118,0.9996775751892434,0.9929229425632657,0.9906087492582356,0.998430897967683,0.9928324348736074,0.9902889155807075,0.9985510749841051,0.9921091498094848,0.9900197192067399,0.9982056378954581,0.9916901802383283,0.9901895180247371,0.997144463033197,0.9914081073774474,0.9898323923117099,0.9969233120344242,0.9910686122446387,0.9902419585041321,0.9962560097950081,0.9911389875879378,0.9891693204326607,0.9977634755281927,0.9909623955450518,0.9891762068123662,0.9977619309292456,0.9907519585431055,0.9880556652214951,0.9971212443153923,0.9928325917680708,0.990032857172722,0.9984400401916461,0.9927779500162285,0.9902889443027132,0.9987063479184188,0.9907514904527374,0.9878163486306105,0.9970073112892464,0.990750900066679,0.9876215316246293,0.9969516488078954,0.9906393635612372,0.9864959109587348,0.996738352874727,0.9906307939485548,0.9867245313995259,0.9965898021492843,0.9906259135632113,0.9862563010317815,0.9967119432027272,0.9907358049207885,0.9901368074159844,0.9955544676673123,0.9905774889267375,0.9900140318234855,0.9953213696208942,0.9907357438436478,0.9901368584677462,0.9952488963535088,0.9909382993134338,0.9902593906669711,0.9959823080244792,0.9909266769914709,0.9905412200612107,0.9959630330581786,0.9900483584412874,0.9900257245864588,0.9946317823244135,0.9900420173963717,0.9900257445261123,0.9945609611435428,0.9900363011398207,0.9903878361716161,0.99442445945829,0.989639900809569,0.9894876319933613,0.9941772987771849,0.9895720651139259,0.9894877215582101,0.9941837737245309,0.9896496623338512,0.9894876519218214,0.9940102052500344,0.9898799282610735,0.9893102105475079,0.9977470677331556,0.9912559836321669,0.989572588795244,0.9967202588781636,0.9900692040151531,0.9898781101027102,0.9948995938568448,0.9895777775327547,0.9895982524069372,0.994578111305175,0.9897463300064518,0.9894872911972991,0.9943865596970906,0.9910620348245924,0.9893931748667113,0.9965227229045862,0.9912771791299345,0.9894710914323983,0.9967249687556704,0.9984663396614044,0.995370854073163,1.002766587773045,54.0
0.9999969740231062,0.999996514219967,0.9999976172194869,0.9801274535561108,0.9770671761643248,0.9843461747886102,0.9948019981232783,0.9920033040082153,0.9997160684684492,0.9929616568858199,0.9906230885627324,0.998472594905569,0.9928718518673733,0.9903036311845516,0.998593746520233,0.9921491077724094,0.9900344340590465,0.9982488872508187,0.9917300739247076,0.9902103034804349,0.9971880052380844,0.9914491821474417,0.9898543481540745,0.9969674888621569,0.9911102851622277,0.99026925154418,0.996301071436043,0.9911795743113648,0.9891845809750072,0.9978085763866703,0.9910027944929303,0.9891914297615728,0.9978070221291686,0.9907946176713907,0.988072171139895,0.9971692555668639,0.99287201334887,0.9900478738151262,0.9984830709658722,0.99281778524353,0.9903036599069753,0.9987493347099127,0.9907941677062405,0.9878329691403227,0.9970555972574264,0.9907935860928363,0.9876382861120508,0.9970001643925811,0.9906820926756982,0.986515420370286,0.996790464983018,0.9906735032000332,0.9867443314055309,0.9966415245610132,0.9906686549452949,0.9862761567160417,0.9967646516548359,0.9907786645278194,0.9901691144134015,0.995599620805109,0.9906212750772666,0.9900491840022111,0.9953663926753541,0.9907782873048251,0.9901691654668475,0.9952935884566446,0.9909804558272559,0.9902888522963731,0.9960278402308705,0.990968967799001,0.9905718514053994,0.9960106876515036,0.9900933856100202,0.9900659996565574,0.9946770781443368,0.9900870975028598,0.9900660195970366,0.9946062174150574,0.9900813752878731,0.9904298463244765,0.9944711717845194,0.9896871085548172,0.989534168067092,0.9942208641414937,0.9896191461296833,0.98953425763623,0.9942272426069688,0.9896970603468517,0.989534187996508,0.994053722445373,0.9899188741701409,0.9893247280833842,0.9977921773828015,0.9912975803781825,0.9895952788279487,0.996764651168821,0.9901140744838841,0.9899176801066294,0.9949444173214774,0.9896234470530462,0.9896424306907984,0.99462224686213,0.9897934911546894,0.9895338272547084,0.9944303381422324,0.9911040311501342,0.9894162586862593,0.9965674922172434,0.991319599436826,0.9894948705522061,0.9967693199748363,0.9984901154525843,0.9953728804457077,1.0027918091239556,55.0
0.9999969657737299,0.999996520083467,0.9999976213663172,0.9800721267280327,0.9771045708375133,0.9843735715946487,0.9947431203421132,0.9920526639231932,0.9997472165759913,0.9929020050150872,0.9906791998488186,0.9985035807220387,0.9928122360146181,0.9903602918121681,0.9986255665599074,0.9920898932255756,0.9900928326908341,0.9982792455744032,0.991669848971819,0.9902721575918532,0.9972191334871119,0.9913891775002126,0.9899165229382059,0.9969985375884695,0.9910512829130239,0.9903375026632484,0.9963325039098461,0.9911215680902833,0.9892462844198211,0.9978384742562081,0.9909452864911937,0.9892540118557467,0.9978368283699222,0.9907366396470252,0.9881340451442159,0.997199109803892,0.9928124130996429,0.9901049739086478,0.9985154487042975,0.9927581793633473,0.9903603205362276,0.9987812369762721,0.9907362231060461,0.9878950997176783,0.9970859466518174,0.9907356577349576,0.9877007000678513,0.9970309178399576,0.9906237302696556,0.9865769696815874,0.9968194192645059,0.9906151006429957,0.986805734760415,0.9966695896631442,0.9906102487606486,0.9863376868033094,0.9967936290529136,0.9907201441092317,0.9902425061749832,0.9956303735776335,0.9905628604758923,0.9901255843304452,0.9953965184776837,0.9907201268489222,0.9902425572322278,0.9953243086045498,0.9909216552496645,0.9903592353355778,0.9960592879120341,0.9909102488645802,0.9906429881713594,0.9960434840689534,0.9900329527273293,0.9901474754719397,0.9947055081249557,0.9900260648194816,0.990147495414072,0.9946341792980075,0.9900209866645315,0.990512939673914,0.9945010020332802,0.9896290657722658,0.9896212018063499,0.9942480586301947,0.989560986498306,0.989621291383431,0.9942543467776898,0.9896388730074742,0.9896212217375352,0.994080633897772,0.9898646655784589,0.9893932113361593,0.9978217574141466,0.9912376674475593,0.9896576639174297,0.9967955893397646,0.9900551832773321,0.9899984985935629,0.9949734959230863,0.989565047063386,0.9897278878392576,0.9946503440468093,0.9897357859899794,0.9896208609637425,0.9944579353722243,0.991044035043202,0.9894785746138441,0.9965983210312684,0.9912599477249928,0.9895575222541599,0.9968002482604512,0.9984337429348032,0.9954110274211168,1.0028197350837573,56.0
0.999996961617758,0.99999651962607,0.9999976232012594,0.9800444629069849,0.9771010502247708,0.9843856734604166,0.9947124002776311,0.9920515062051939,0.9997613463898352,0.9928688075232375,0.990678081625781,0.9985184974690744,0.992779263263324,0.9903588913343836,0.9986403349270548,0.9920558324266082,0.9900928396048709,0.9982945047672335,0.9916350256543532,0.9902701189406027,0.9972345915000694,0.9913548574539921,0.9899143216046297,0.99701437185299,0.9910141912131383,0.9903354756072055,0.9963482537530675,0.9910870040515288,0.9892479195231179,0.9978548128851894,0.9909107659086688,0.9892558549952675,0.9978531293537067,0.9907013307100219,0.988137102665246,0.9972173609344999,0.9927794042774417,0.9901033476247544,0.9985298669736787,0.9927253685871089,0.9903589200583978,0.9987961788739121,0.9907009143115484,0.9878981437291073,0.9971041907089844,0.9907003490007479,0.9877037351355893,0.9970491583917406,0.9905879580612844,0.9865839580237525,0.9968426426011288,0.9905793112818514,0.9868128876292737,0.9966924754158457,0.9905744188475729,0.9863451623747874,0.9968175539712559,0.990681324986364,0.9902400749827632,0.9956458249676648,0.990523129960401,0.9901227454077829,0.9954117127448311,0.9906810757139747,0.9902401260398872,0.9953393797237865,0.9908839166678391,0.9903572117465693,0.9960752048889018,0.9908725957792771,0.9906417386012971,0.9960607755327527,0.98999219497764,0.9901450150726602,0.9947204697095215,0.9899854527084789,0.9901450350147464,0.9946491862386191,0.9899802371289994,0.9905113136241874,0.9945163398655278,0.989586618367329,0.9896178308425629,0.9942618428794602,0.9895186850768483,0.9896179204193581,0.9942681469342649,0.9895963051858163,0.9896178507736845,0.9940941782851229,0.9898305289537199,0.9893965630682126,0.9978379979250432,0.9912032890039635,0.9896553486287755,0.9968113751849444,0.990014043575153,0.989995699269739,0.9949881869067367,0.9895226416408053,0.9897249013060355,0.9946646066430798,0.9896933803808811,0.9896174900010425,0.9944719740912172,0.9910096072028346,0.9894762281340811,0.9966140547483002,0.9912252193652107,0.9895545955872437,0.9968160579662138,0.998405550696058,0.9954074528667274,1.002832072536452,57.0
0.9999969624109845,0.9999965196315344,0.9999976230466205,0.9800488241346244,0.9771004386693004,0.9843841596442687,0.9947222842643206,0.9920540987352774,0.9997641024267128,0.9928803401741302,0.9906833649994325,0.9985233415026606,0.9927909737023646,0.9903644688597739,0.9986461385885428,0.9920680644166832,0.9900992414925419,0.9983004091406611,0.9916477707024128,0.9902780833212107,0.9972401230983285,0.9913684272287812,0.9899227105775981,0.9970201141080077,0.9910280767739224,0.9903463538150816,0.9963548294981371,0.9910997033412372,0.9892559400098695,0.9978622578576128,0.9909235309037848,0.9892641416375826,0.9978606113384701,0.9907146527570574,0.988146259669274,0.9972270045630868,0.9927910173261959,0.9901091604743182,0.9985362267545752,0.9927372588318584,0.9903644975839443,0.9988021411774822,0.9907142247325763,0.9879071782402231,0.9971136416757618,0.990713653742701,0.9877126446913485,0.9970584570221077,0.9906013338810565,0.9865967187331347,0.996857400780378,0.9905926494442368,0.9868253510849919,0.996706332963515,0.9905878076331424,0.9863584405710963,0.9968331213302325,0.9906959803265173,0.9902530321096595,0.9956525043316437,0.9905383282597031,0.9901368104527795,0.9954183124095599,0.9906956332047098,0.9902530831674592,0.9953457859289513,0.9908981170988371,0.9903690608520196,0.9960821238536905,0.9908868887939507,0.9906544222364257,0.9960691732818756,0.99000952377279,0.9901628028536126,0.9947271708610745,0.9900030024698846,0.9901628227960643,0.9946559838551026,0.989997569178688,0.990529800505569,0.9945232679035019,0.9896052176638278,0.9896406826486497,0.9942669269956799,0.9895379070368473,0.9896407722275566,0.9942734585006067,0.9896144081140482,0.9896407025802422,0.9940987739754747,0.9898436867787882,0.9894062512401758,0.9978454210915915,0.9912169721087345,0.9896640217018493,0.9968169985438007,0.9900307965361019,0.9900132030723323,0.9949945452090722,0.9895402450464436,0.9897461366094611,0.994670290826361,0.9897119870242226,0.9896403417990948,0.9944773092704364,0.9910231732879091,0.9894847879055366,0.9966195655694807,0.9912395686613584,0.9895641495555438,0.9968216481210311,0.9984100127341496,0.9954068454536635,1.0028305472025147,58.0
0.9999969585905247,0.9999965268703788,0.9999976209406467,0.9800220666821383,0.9771473581772513,0.9843700511667213,0.994699524333673,0.9921122608168329,0.9997495634453513,0.992860156660959,0.9907440480369513,0.9985094113659597,0.9927710858944815,0.9904258238245925,0.9986337420821497,0.9920500806580211,0.9901601751540393,0.9982876435997134,0.9916270767860421,0.9903421751388088,0.9972248504415918,0.9913486120585291,0.989987460682741,0.9970051693447889,0.9910072149021811,0.9904134275995242,0.99633810242252,0.9910824295911148,0.9893172373056494,0.9978502646548199,0.9909062287612159,0.9893255219758571,0.9978486476740728,0.9906987358647326,0.9882077704707695,0.997216047478337,0.9927710733813594,0.9901710529774137,0.9985248410668847,0.9927175906230176,0.9904258525505395,0.9987899066775474,0.9906983438138419,0.9879689475559057,0.9971032118008737,0.9906977902833507,0.9877747018683337,0.9970484601152966,0.9905856659685416,0.9866581361624988,0.9968468320068977,0.9905770198081773,0.986887810869046,0.9966968654697655,0.9905721661642823,0.9864196812789386,0.9968224296125997,0.990673802498069,0.9903226231369813,0.9956339427324921,0.9905151193432759,0.9902079247786495,0.9953986161957925,0.9906738863252557,0.9903226741983734,0.9953272611350498,0.9908767506589574,0.9904371285067122,0.9960647306738041,0.9908655312140756,0.9907226149858447,0.99605197289885,0.9899816168753437,0.9902378155082923,0.994702821822021,0.9899738027461169,0.9902378354522601,0.9946307147103228,0.989969636247579,0.9906049638517964,0.9944984347504564,0.9895818451123318,0.9897210460534253,0.9942433752182884,0.9895148047415128,0.9897211356396417,0.9942499612525139,0.9895906500456746,0.9897210659866451,0.9940747769404659,0.9898261299293887,0.9894678946976855,0.9978334459071073,0.9911974511812798,0.9897291917749562,0.9968021008495517,0.9900062618083065,0.990088154649859,0.9949727855584912,0.9895166327145739,0.9898253958628528,0.9946475959414045,0.9896888492133512,0.9897207051760559,0.9944541523189218,0.9910038143964122,0.9895501008605261,0.9966047865250296,0.9912201511653462,0.9896294066058476,0.996806747386913,0.9983827706640831,0.9954546906434724,1.00281617463589,59.0
0.9999969496337617,0.9999965336629875,0.9999976220649544,0.9799619536200503,0.977191063327853,0.9843776570588498,0.9946357326904082,0.9921678121445027,0.9997569459307254,0.9927945659955563,0.9908060775611643,0.9985178897985264,0.9927057812106257,0.9904879928709691,0.9986426272683222,0.9919855738316818,0.9902244105438395,0.9982993684328013,0.9915573311183503,0.9904113449095837,0.9972295692050814,0.9912796538452742,0.9900579173501269,0.9970094481650184,0.9909354649574734,0.9904882570403352,0.9963391374825465,0.9910177693167804,0.989384665825844,0.9978661296656663,0.9908416812635888,0.98939322208562,0.9978645519541269,0.9906334585424972,0.9882786824622558,0.9972380962996037,0.9927057968633732,0.9902333336316815,0.9985339296054663,0.9926524364194723,0.9904880215987102,0.9987988833811543,0.990633104040377,0.988040142357781,0.9971258128427563,0.9906325687519513,0.9878462101253681,0.9970715124982236,0.9905205596108722,0.9867376508907941,0.9968814385528758,0.9905119504319552,0.9869682722077535,0.9967325375990802,0.9905070762834706,0.9865001696480886,0.9968585054539245,0.9906005100246338,0.9904025182969142,0.9956322548668612,0.9904411356815056,0.9902909990282963,0.9953956286785776,0.9906002297261315,0.9904025693624237,0.9953250684402063,0.9908043990548732,0.990513844493546,0.9960646049811528,0.9907931408346439,0.9907990296663238,0.9960512946051532,0.9899029275759735,0.9903265798254058,0.9946956444214385,0.9898938666833416,0.9903265997711665,0.9946226424508312,0.9898909755387674,0.9906948409230312,0.9944922194398998,0.9895040718925485,0.9898176874098438,0.9942336765208989,0.9894367596221348,0.9898177770048441,0.9942400550922161,0.9895117532461848,0.9898177073450202,0.9940641285434507,0.9897620439068046,0.9895367483752593,0.9978493096002391,0.9911288559237452,0.989800517367292,0.996806099413107,0.9899308027534713,0.9901764667571263,0.9949675444591425,0.9894406896952875,0.9899194097691453,0.9946402331551986,0.9896127246235399,0.9898173464990546,0.9944455376711394,0.9909349641840464,0.9896211817888896,0.9966085050642229,0.9911525573976921,0.9897021268586395,0.9968106925791042,0.9983215220539701,0.9954992646975284,1.0028239245725814,60.0
0.9999969458160078,0.9999965366816679,0.9999976195345265,0.9799359925557773,0.9772104910124142,0.9843609416368008,0.9946101189488343,0.9921923593954283,0.9997379845256742,0.9927709080917324,0.9908346826035761,0.9984981096028596,0.9926829254605473,0.9905166469052693,0.998622893678251,0.9919638835975325,0.990254688788516,0.9982813687426485,0.991532968222736,0.9904436116362428,0.9972066176152989,0.9912550955655631,0.9900900765320011,0.9969856656815498,0.9909124074751186,0.9905241782456762,0.9963143195234572,0.9909968647115229,0.9894173643616431,0.9978500055795503,0.9908210214056383,0.9894263442838512,0.9978484288139345,0.9906128235862255,0.9883127642624862,0.997224923355335,0.9926831326246915,0.9902620268515918,0.9985139563135892,0.992629918294667,0.9905166756338368,0.9987793575160915,0.9906124572906285,0.9880740699279422,0.9971124185851258,0.9906119162201438,0.9878799860307309,0.9970579462413005,0.9905000084708083,0.9867763105326853,0.9968753876125291,0.9904914070603434,0.9870072906565519,0.9967267564463101,0.9904865348604435,0.9865393703799128,0.9968533407663197,0.9905785200842734,0.990441729469271,0.9956060708329353,0.9904203712191277,0.9903322819445489,0.9953690753069898,0.9905773351613453,0.9904417805368007,0.9952980669258586,0.9907817461440178,0.9905509838985879,0.9960391768255135,0.9907704601316367,0.9908359391803317,0.9960254531091397,0.9898845566892271,0.9903704378470303,0.9946684585258181,0.9898758066489466,0.9903704577936766,0.99459561019788,0.9898725581644996,0.9907382864843267,0.9944639514253242,0.9894890609037158,0.9898658179226689,0.9942065341358732,0.9894219503522238,0.9898659075220438,0.9942129314390927,0.989497242575113,0.98986583785882,0.9940371437597075,0.9897433118945911,0.9895730463849653,0.9978330641254819,0.9911040232444508,0.9898326577929698,0.9967817623608917,0.9899116425534408,0.9902204925933503,0.9949403987031037,0.989423647285576,0.9899666283251592,0.9946129882652762,0.9895969711404693,0.9898654769952319,0.9944183158434989,0.9909093853303469,0.9896525918441756,0.9965834457529863,0.9911280401433308,0.9897346867620046,0.9967863396377169,0.9982950771928347,0.9955190779143284,1.0028068893922395,61.0
0.9999969318246619,0.9999965353980431,0.9999976198503541,0.9798447456622011,0.9772020468212784,0.9843641662862375,0.9944991441797996,0.9921823558315576,0.9997321866723664,0.9926564874916997,0.99082549656571,0.9984910697991299,0.9925666643444052,0.9905068580722189,0.9986139335004095,0.9918492286744732,0.9902459965215542,0.9982760393717686,0.9914159966042969,0.9904361780211687,0.9971963801368808,0.9911390754856311,0.990083237233838,0.9969754721684705,0.9907928134372151,0.9905174277984979,0.996300802910578,0.990882645868282,0.9894093900512655,0.9978478002235968,0.9907066801172484,0.989418180053786,0.9978461789617249,0.9904998178926969,0.9883069540552172,0.9972277690759216,0.9925668809230379,0.990251755780589,0.9985044395104495,0.992512545701534,0.9905068868004994,0.9987696627495886,0.9904994885630211,0.9880684968212007,0.99711580025344,0.9904989654181965,0.9878746902868987,0.9970617737742243,0.9903861013710675,0.9867758897438327,0.9968861019244987,0.9903774708758563,0.9870065019907014,0.9967367733446175,0.9903725148031458,0.9865397114844955,0.9968651912056433,0.9904574027222535,0.9904356388113126,0.9955902345194099,0.9902986791709357,0.9903266232808206,0.9953521445324518,0.9904556565898663,0.9904356898785218,0.9952816479776825,0.990661562648187,0.9905444613055229,0.9960247216908669,0.9906502599952964,0.9908292904736056,0.9960107724080605,0.9897582807081908,0.9903633843201767,0.9946465084141327,0.9897484674065906,0.9903634042666766,0.99457291372235,0.9897461601866242,0.9907292824719238,0.9944389211838796,0.9893649845613777,0.9898595350068323,0.9941866586521328,0.9892974524587737,0.9898596246056248,0.9941927794494189,0.9893734818617638,0.989859554942854,0.9940173115556207,0.9896286239526344,0.9895645677299162,0.9978308321620027,0.9909881637224174,0.9898262277735536,0.996771351590043,0.9897881808714692,0.9902142321361305,0.9949216406108359,0.989299494876244,0.9899600799487991,0.9945937456970028,0.9894729907150762,0.9898591940816127,0.9943987487497876,0.9907932975376249,0.9896459618190325,0.9965727972570559,0.9910129915195199,0.9897293916178573,0.9967758852733576,0.9982020536217721,0.9955104693677248,1.0028101435285646,62.0
0.9999969283494765,0.9999965385939991,0.9999976182902734,0.9798210649340752,0.9772226206905559,0.9843538272765213,0.9944759943625584,0.9922084445258875,0.9997207201633787,0.9926317668608152,0.9908540894492435,0.9984792297518589,0.992540594461696,0.9905350439420931,0.9986010862220434,0.9918242839956406,0.9902757735203623,0.9982674346296833,0.9913907224138849,0.9904685009906165,0.9971793281406844,0.9911152747842475,0.9901156470233275,0.9969599587481582,0.9907663087541291,0.9905526046225172,0.9962767993318002,0.9908572665287503,0.9894408850836162,0.9978441061321256,0.9906811959488414,0.9894495592870469,0.9978425786870335,0.9904741819780639,0.9883418459716573,0.9972310826672437,0.9925407818989186,0.9902796160340775,0.9984914552637015,0.9924856880686781,0.9905350726711872,0.9987563139863501,0.9904739025650227,0.9881036980176935,0.9971198379288183,0.9904734035989856,0.9879102532322718,0.9970664156249349,0.9903615970559273,0.9868193245224717,0.9969035994989595,0.9903530433814174,0.98705146242483,0.996756323570762,0.9903481459653034,0.9865840207558689,0.9968842146607011,0.9904307993015843,0.9904743701062537,0.995562691748576,0.9902716333922311,0.9903679571054597,0.9953231088872532,0.9904298303005449,0.9904744211754418,0.9952544453543607,0.9906349684052508,0.9905805901293917,0.9959985637151798,0.9906234160781937,0.9908633969084261,0.9959807480833176,0.9897267695722292,0.9904074461842695,0.9946120887279717,0.9897158289694048,0.9904074661316519,0.9945377348203039,0.9897145625291177,0.9907720145725065,0.9944023379684577,0.9893355107224728,0.989910092660141,0.9941521587830786,0.9892679142532673,0.9899101822634986,0.9941581816383608,0.9893432183602316,0.98991011259718,0.9939821510524331,0.9896024595818045,0.9895949324376161,0.9978272732234037,0.9909647403857029,0.9898586423077321,0.996756371110378,0.9897596360549744,0.9902588346663952,0.9948900740536087,0.98927100964203,0.9900086883201692,0.994560781937139,0.9894445474511881,0.9899097517175509,0.9943649552127812,0.9907706668868824,0.9896791379211757,0.996558538755115,0.9909890967563293,0.9897610795849842,0.9967609328005109,0.9981779325157956,0.9955314519673504,1.0027996081217925,63.0
0.9999969246501864,0.9999965379527742,0.9999976164382921,0.9797967531279967,0.9772184182048824,0.9843418716847947,0.994447417176823,0.9922033767880368,0.9997049251075178,0.9926038122581435,0.9908490443891305,0.9984633374200761,0.9925123411897517,0.9905293935655584,0.9985842865905293,0.9917968084173795,0.9902711730563791,0.9982534456787036,0.9913630913020361,0.9904641080675823,0.9971613474029295,0.9910882485966167,0.9901111344392701,0.9969417745272475,0.9907385579184711,0.9905484582433924,0.9962573151657527,0.9908311647570245,0.989436931271471,0.9978334812918961,0.9906550657962586,0.9894454867737903,0.9978319598529699,0.9904502245064222,0.9883395227582777,0.9972256033213129,0.9925126029488304,0.9902734814018416,0.9984740867996887,0.992457199836454,0.9905294222944863,0.9987393966877404,0.9904500010081299,0.9881017164091761,0.9971151771751001,0.99044952911996,0.9879086733478495,0.9970624394321632,0.9903376890413493,0.9868208180981978,0.9969053798727389,0.9903291474153336,0.9870531808434466,0.9967584259817125,0.9903242425096711,0.9865859773859232,0.9968868911915846,0.9904037241607538,0.9904706489518093,0.9955427229983981,0.9902449450569921,0.990364578844615,0.9953030796015533,0.990402859277498,0.9904707000207972,0.9952344022864474,0.9906074655365287,0.9905765260907182,0.9959787167913651,0.9905958554887795,0.9908589372676462,0.9959600412481736,0.9897013788822292,0.9904041088670383,0.9945926403071802,0.9896908157790532,0.9904041288143504,0.9945185643176209,0.9896891631633304,0.9907687058730132,0.9943827157504054,0.9893110549841407,0.9899070313016181,0.9941322659587865,0.9892438200327813,0.9899071209046854,0.9941383968796512,0.9893188980159269,0.989907051238593,0.9939622525316013,0.9895759713164635,0.9895899817023985,0.9978166912710165,0.9909375377263744,0.9898541060951271,0.9967377373650423,0.9897332673325663,0.9902554857888937,0.9948699736241363,0.9892453376220436,0.9900053530622958,0.9945407784973409,0.9894195978669568,0.9899066903601332,0.9943449995067185,0.990742844848505,0.9896740029565038,0.9965393157469201,0.9909625301401581,0.9897574356906046,0.996742265015528,0.9981531505869647,0.9955271672541481,1.0027874154373915,64.0
0.9999969299310113,0.9999965386307261,0.9999976168459082,0.979830448593074,0.9772222532621053,0.9843437180428072,0.9944926657520832,0.9922112129683389,0.9997143812539532,0.9926532286957667,0.9908593345777406,0.9984768074263688,0.9925633405950979,0.9905407025990229,0.9986003993068868,0.9918488016788455,0.9902829217836562,0.9982694798791928,0.991412583203314,0.9904763156852274,0.9971752481674494,0.9911380454103699,0.990123129005383,0.9969557653070178,0.9907881145905926,0.9905630548848853,0.9962714715416974,0.9908859647564447,0.9894507909962068,0.9978530683521795,0.9907101464217846,0.9894597279258422,0.9978516689390505,0.9905080138252583,0.9883545137016063,0.9972500234442785,0.9925637420411701,0.9902856055205761,0.9984915385813881,0.9925090443474902,0.9905407313282762,0.9987560906277225,0.9905078254391858,0.9881168700850516,0.9971400970287676,0.9905073704958913,0.9879240367650344,0.9970877864489381,0.9903956891000529,0.9868389944847477,0.9969366306442675,0.9903872102541408,0.9870724708899404,0.9967912972160511,0.9903822601429346,0.986604394024418,0.996918777263832,0.9904545440268202,0.99048700030617,0.9955571425381472,0.9902964207132032,0.990381888699607,0.9953174683778706,0.9904538895813573,0.9904870513760016,0.9952488697613905,0.9906575197655687,0.9905919189641074,0.9959931679645412,0.990645967383004,0.9908749214670955,0.9959754360632629,0.9897539928987167,0.9904230792882565,0.994607157678686,0.9897434615121145,0.9904230992359522,0.9945331767623419,0.9897417700060299,0.9907877387878669,0.994397074706195,0.9893648494077943,0.9899291390750449,0.9941458562621386,0.9892983338308442,0.9899292286801239,0.9941522752872793,0.9893720171439672,0.9899291590124677,0.9939753465308299,0.9896327805133942,0.9896061921207798,0.997836325628453,0.9909873139479523,0.9898659846033956,0.9967516370557388,0.9897858017020149,0.9902744308637538,0.994884308195987,0.989298623796176,0.9900261395355578,0.994554752371065,0.9894734822286052,0.9899287981259052,0.9943587398718143,0.990792483641852,0.9896857433939182,0.9965530920465147,0.9910122259477719,0.9897691772378892,0.9967561701997963,0.9981875170660016,0.9955310928826803,1.002789324619767,65.0
0.9999969284936445,0.9999965351977641,0.9999976193603817,0.979821418370926,0.9771994519022671,0.9843603472636758,0.9944801101107075,0.9921857991681868,0.9997334099323951,0.9926403508058181,0.9908341673112527,0.9984962751290236,0.992552080870747,0.9905147912782142,0.9986205520806193,0.9918371874766333,0.9902572846909691,0.9982908493489755,0.9913950080600119,0.9904534422682826,0.9971930032552216,0.9911196932846086,0.9900992745636871,0.9969729324618889,0.9907677001880927,0.9905436517459316,0.9962871919535922,0.9908745921447287,0.9894244785598677,0.9978766685815696,0.9906986370243616,0.9894330891572677,0.99787532013429,0.990497381955937,0.9883289507621539,0.9972767312090369,0.9925524348980853,0.9902590989591626,0.9985112953076417,0.9924987912503006,0.9905148200067123,0.9987769514254116,0.9904972091340767,0.988091303890271,0.9971669986818906,0.9904967616354362,0.9878985051743827,0.9971148677917493,0.9903866314559572,0.9868162349349874,0.9969706179422962,0.9903782029568087,0.9870505402572787,0.9968265690802998,0.9903733998856076,0.9865818698588898,0.9969535117388552,0.9904348085305186,0.9904705552572094,0.9955724810641444,0.9902770554160436,0.9903672449641344,0.9953325941247269,0.990434258124009,0.9904706063261942,0.9952641920949565,0.9906373659910029,0.9905736726245133,0.9960087456258011,0.9906258121611814,0.9908567681688656,0.9959910340426108,0.9897354211303963,0.9904110878363874,0.9946230138093457,0.989725114459735,0.9904111077838446,0.9945492934849873,0.9897232321628961,0.9907765216188898,0.9944138492761568,0.9893437797511785,0.9899189256254015,0.9941587970727864,0.9892779545341199,0.9899190152295677,0.9941655022683048,0.9893496298016792,0.9899189455626224,0.9939873862785946,0.9896205045550535,0.9895776743870079,0.9978600541973472,0.990968552910757,0.989841531550093,0.996768471582697,0.9897666317760498,0.9902621247063284,0.9948991137314432,0.9892794727987593,0.9900163247958418,0.9945686313272467,0.98945328128923,0.9899185846797354,0.9943721625309623,0.9907731955749952,0.9896607956147792,0.9965694392450846,0.9909934674875949,0.9897447093892506,0.9967730053115061,0.9981783045876655,0.9955078554614816,1.0028062745847122,66.0
0.9999969250249302,0.999996532722815,0.9999976224266575,0.9797991077656263,0.9771830710361941,0.9843808397971634,0.9944511840920807,0.9921675335057949,0.9997548996365844,0.9926069628420477,0.9908137778580641,0.9985183569782987,0.9925203746408622,0.9904941054751316,0.99864407231237,0.9918026353749252,0.9902367646904044,0.9983134891595332,0.9913556813358255,0.9904313972111286,0.9972143335971515,0.9910791104642509,0.9900759404007858,0.9969933726787332,0.9907237573874684,0.9905214574787324,0.9963076229993689,0.9908391305578161,0.9894037730865424,0.9979006896349282,0.9906631488788213,0.9894122152877902,0.9978993981759138,0.9904604095581935,0.9883088483981299,0.997302536531938,0.9925206884311933,0.9902381760828463,0.9985349486827185,0.9924681244369663,0.9904941342030291,0.9988012347559839,0.9904603055134191,0.9880716394616904,0.9971938255292196,0.990459891337056,0.9878793511907896,0.9971425465617146,0.990348933564561,0.9867970100448771,0.996999542308771,0.9903405355324509,0.9870317464201983,0.9968562606561071,0.9903356025682083,0.9865626917882439,0.9969827220309974,0.9903887068340578,0.9904479315618203,0.995592405845249,0.9902296766677613,0.9903442416901949,0.9953520967854255,0.99038806777241,0.9904479826296371,0.9952839895699326,0.990592603636716,0.9905514285388842,0.9960291616335748,0.9905811020868373,0.9908350862354571,0.9960123264368829,0.98968441333184,0.9903880426101478,0.9946410564826055,0.9896734716395653,0.9903880625571393,0.9945670453144624,0.9896722299321583,0.9907536716177053,0.994432061356539,0.9892928807179325,0.9898944723931247,0.9941769458590254,0.9892268773491593,0.9898945619950683,0.9941835392617743,0.9892986115227529,0.9898944923298508,0.9940054490122464,0.989584816535995,0.9895556846160122,0.9978841823752308,0.9909274101189871,0.989817407835245,0.9967884825879052,0.9897172727777065,0.9902390001731837,0.9949178439890568,0.9892297547257843,0.9899930106629229,0.9945870823838187,0.9894027030963785,0.9898941314559146,0.9943904988976716,0.9907313693279272,0.9896360308348756,0.9965888137970387,0.9909520563752781,0.9897201762995356,0.9967930319349398,0.9981555527812244,0.9954911612883095,1.0028271550901426,67.0
0.9999969255784648,0.9999965318208117,0.9999976233187988,0.9798027901737166,0.9771770486973339,0.9843866407527463,0.9944553310961225,0.9921610403496359,0.99976235765889,0.9926127186441814,0.9908063518728136,0.9985261655024218,0.9925294692498395,0.9904855250590967,0.9986527712900053,0.9918074912264648,0.9902276537528419,0.9983205757669047,0.9913616025530378,0.9904257468427458,0.9972244998830478,0.9910850313738208,0.9900704299841302,0.9970037773708983,0.9907299130118637,0.9905178596044096,0.9963193636093197,0.9908431867741289,0.9893922283671116,0.9979071947656748,0.9906669913175222,0.9894002552785292,0.9979059895813499,0.990463933628568,0.9882958882266161,0.9973076016524471,0.9925298348741595,0.990228672114774,0.998542489413949,0.992479183711132,0.9904855537867424,0.9988113365714205,0.9904638461770938,0.9880586713227305,0.9971990910581204,0.9904634399326673,0.9878664145750695,0.9971479986842443,0.990350832688669,0.9867811185709238,0.9970018589822335,0.9903423943793412,0.9870149127583074,0.9968574748125173,0.9903372961155605,0.9865465668103068,0.9969848546243115,0.9903962213257947,0.9904457263794663,0.9956053060238604,0.9902379329093478,0.9903427452015705,0.9953654662998255,0.9903957307081587,0.9904457774471773,0.9952969449507796,0.9905992957599046,0.9905485146585453,0.996041579501281,0.9905878619712746,0.99083289522223,0.9960258717066904,0.9896929212604234,0.9903886817632145,0.9946554292676038,0.9896815037415632,0.9903887017102242,0.9945812422399036,0.9896807996913329,0.9907555605952365,0.9944480721542023,0.9893057576115822,0.9898960086290176,0.9941920132887073,0.9892393361410348,0.9898960982311195,0.9941983863825928,0.9893123596472044,0.9898960285657795,0.9940211023209939,0.9895870122829828,0.9895405776091336,0.997890898460237,0.9909336609327241,0.9898119811050348,0.9967991932115857,0.9897269926765652,0.9902391312687326,0.9949320088310399,0.9892414777274419,0.9899947221009741,0.9946015903063214,0.9894149707579172,0.9898956676912058,0.9944052926077197,0.9907380560559144,0.9896310305642536,0.9965999376268184,0.9909584710722174,0.9897149592344314,0.9968037346910613,0.9981593054695871,0.9954850248371193,1.0028330707961923,68.0
0.9999969363175105,0.9999965314327701,0.9999976206370623,0.9798725730896336,0.9771743476137776,0.9843679862152818,0.9945417907889891,0.9921584489858764,0.999749554549248,0.9927021035525384,0.9908050462310536,0.9985163628587292,0.9926184657602943,0.99048390136753,0.998642899289102,0.9918976296911666,0.9902271276021879,0.9983120400236688,0.9914542218230384,0.990425990978121,0.9972171510045151,0.9911772030632189,0.9900702651674259,0.9969966784660175,0.9908260574049123,0.9905204665690984,0.9963141944974842,0.9909351352816189,0.9893928312725286,0.9979010867985835,0.9907591304803166,0.9894010504397057,0.9978999589672926,0.9905577001623825,0.9882971221613904,0.9973048254239617,0.9926188088536904,0.99022679398435,0.9985326209237433,0.9925679641328017,0.9904839300951245,0.998801420390031,0.9905577311031556,0.9880607455700531,0.9971981162609099,0.9905573822802269,0.98786943039709,0.9971485111106668,0.9904464065900558,0.9867817940033601,0.997001866163612,0.9904380051919673,0.9870159757832355,0.9968583608334346,0.9904330999222694,0.9865471084015351,0.9969850868703705,0.9904932197940159,0.9904503181429243,0.995600849244993,0.9903355056856241,0.9903485341551488,0.9953614948409216,0.9904926559671157,0.990450369210873,0.9952924209042269,0.990695767075409,0.9905519091886934,0.9960366721930525,0.9906843259932824,0.9908364075820634,0.9960209051749468,0.9897909875633935,0.9903969875252903,0.9946537877820852,0.9897794675559353,0.9903970074724707,0.994579675840953,0.9897789837623076,0.9907662068135028,0.9944495191794688,0.9894029175016598,0.9899047146036396,0.9941878377656954,0.9893366156605764,0.9899048042065405,0.9941942398667926,0.9894089366850772,0.9899047345405798,0.9940165548483217,0.9896802296446848,0.9895422319491756,0.9978848329839785,0.99102601176716,0.9898115371350608,0.9967924720530832,0.9898252774373988,0.9902464855998824,0.9949289176865906,0.9893397214458651,0.9900033466708671,0.9945979753103407,0.9895126941305539,0.989904373662787,0.9944013962094884,0.9908308986332324,0.98963104328641,0.9965936927298684,0.991050604484522,0.9897141703399319,0.9967970272585912,0.9982304520979749,0.9954822741205123,1.0028140873791764,69.0
0.9999969424326514,0.9999965328030793,0.9999976150211979,0.9799122705696395,0.977183640852213,0.9843305605453527,0.994591259588289,0.9921672818365758,0.9997098223549444,0.9927552860248294,0.9908157073224628,0.9984757134592127,0.9926711907250323,0.9904940874340777,0.9986015012633109,0.9919504783410931,0.990237891973075,0.9982707241367491,0.9915138951395807,0.9904392630766314,0.9971770514678762,0.9912377069684245,0.9900835976729165,0.9969570622734364,0.9908911161307996,0.990535805029539,0.9962749185480623,0.9909880931467954,0.9894037451502956,0.9978593303860864,0.9908122947006934,0.9894120697698494,0.9978581401292694,0.9906098009311493,0.9883075026829019,0.9972627848161564,0.992671602525395,0.9902366000258447,0.9984907818549159,0.9926203630681956,0.9904941161619671,0.9987599040646975,0.9906098854170183,0.9880714310058737,0.997156852002197,0.9906095624951021,0.987880478925492,0.9971078995228152,0.9904993033453225,0.9867903684020983,0.9969599879509272,0.9904909084187294,0.9870242963925805,0.99681656782426,0.9904860994794604,0.9865554873689706,0.9969432170421326,0.9905616928852323,0.9904676486857513,0.9955620401629522,0.9904057524191885,0.9903671677916139,0.9953230390111707,0.9905617217093734,0.9904676997545903,0.9952539545497522,0.9907621252601242,0.9905679367058259,0.9959973768471984,0.990750617798004,0.9908520595342282,0.9959806395850058,0.9898647731440708,0.99041585816592,0.9946169759983577,0.9898537825619669,0.9904158781134794,0.9945433441314486,0.9898527355577059,0.9907846989266074,0.9944118646353963,0.9894770458717181,0.98992300223703,0.9941509034062102,0.989410780320234,0.9899230918415762,0.9941572873617887,0.9894834748186565,0.9899230221743367,0.9939798863019704,0.9897348240998178,0.9895544833985235,0.9978429671717506,0.9910867075982526,0.9898249321857161,0.9967529132353219,0.9898977000173236,0.9902655101936618,0.9948911999993093,0.9894134672422799,0.9900228845878611,0.9945605536913651,0.9895863056307108,0.9899226612899181,0.9943642596532778,0.990891683074746,0.989644494238489,0.9965542149918658,0.9911112721171011,0.9897275110792407,0.9967574709065951,0.9982709266658057,0.9954917377007096,1.002775951478762,70.0
0.9999969446958057,0.9999965305633587,0.9999976135182357,0.9799272922631125,0.9771690835397183,0.9843205430875402,0.9946081032396386,0.9921494056464972,0.9996993615497941,0.9927719181355038,0.9907967187160782,0.998466196537168,0.992685571014641,0.9904746120395407,0.9985902887888973,0.9919674501638985,0.9902184809446027,0.9982622914933053,0.991531466838173,0.9904202947305758,0.9971682971191421,0.9912559302828234,0.9900654181802456,0.9969489340517894,0.990908500949204,0.9905157038382577,0.996266042753088,0.9910054177546708,0.9893837265677115,0.9978526390862126,0.9908295114202575,0.9893917315235765,0.997851447087556,0.9906279301175402,0.988288245912446,0.9972587468027871,0.9926859472871318,0.9902167352031366,0.9984793033030815,0.9926334188274508,0.9904746407668654,0.9987478739993633,0.9906280182201295,0.9880520881510242,0.9971528266592978,0.9906276969460038,0.9878610747933837,0.9971039036058352,0.9905174768785505,0.9867740954064799,0.9969620422827307,0.9905091399674694,0.9870086465250663,0.9968200329985428,0.9905042696411206,0.9865395057248937,0.9969458433740104,0.9905776956723286,0.990446519976059,0.9955523741849385,0.9904212146742524,0.9903453891226334,0.9953130814235787,0.9905772150206826,0.9904465710438026,0.9952438972522276,0.9907789767043809,0.9905474580243302,0.9959881797653738,0.9907674599705129,0.990831667374205,0.9959713581013097,0.9898779714652569,0.9903924569369983,0.994605294174136,0.9898664787381742,0.9903924768840815,0.9945314498209259,0.989865868763817,0.990760417176265,0.994398530040625,0.9894904598358678,0.9898971591839598,0.9941404547704259,0.9894241629388945,0.989897248786142,0.9941467822494984,0.9894969345396798,0.9898971791207403,0.9939694548467688,0.9897516933670992,0.9895327870329612,0.9978363292595769,0.9911055684518839,0.9898072427031596,0.9967452727881744,0.9899122303276197,0.9902424670662757,0.9948807422167342,0.9894276156244025,0.9899985638171398,0.9945501053977448,0.9895997018769493,0.9898968182458435,0.9943538606706193,0.9909112771395432,0.9896275121851305,0.9965472682478516,0.9911300570245236,0.9897097054315156,0.9967498350442087,0.9982862350249728,0.9954768940040031,1.0027657445296794,71.0
0.9999969430899044,0.9999965354763957,0.9999976123431401,0.9799160618825788,0.9772011725855677,0.9843127666918989,0.9945987426763352,0.9921876523371055,0.9996903357574405,0.9927653210116536,0.9908391313515675,0.9984559725812597,0.9926786517523559,0.9905171578677872,0.9985801343380319,0.9919645647620153,0.9902621199497403,0.9982523383773589,0.9915233440147891,0.9904663100043462,0.9971570900505203,0.9912487485461817,0.9901125523385261,0.9969384709033439,0.9908986758378816,0.990563738664013,0.9962522661830767,0.9910067102477627,0.9894291361010159,0.9978426949982552,0.9908313644971528,0.9894377871320217,0.9978414097536475,0.9906331690656867,0.988332536418114,0.9972494662673577,0.9926791142420688,0.9902593875790945,0.9984693366214538,0.9926262416194852,0.9905171865963461,0.9987376204750754,0.9906332421174651,0.9880961343971303,0.9971432476507496,0.9906329134156984,0.9879048888708277,0.9970941000443188,0.9905240496613551,0.9868169311701471,0.9969535035416797,0.9905157243254327,0.9870512236722843,0.9968117121447783,0.9905110145781901,0.9865821926629054,0.9969373676738813,0.9905659518983576,0.9904962795450796,0.9955360421126704,0.9904090061342913,0.9903962001384359,0.9952955813618141,0.990564275618852,0.9904963306153856,0.9952266974687591,0.9907684104327127,0.9905961662750435,0.9959733922378665,0.9907568787877443,0.9908804250141435,0.9959564343618692,0.9898636074764394,0.9904446229344607,0.9945831089436648,0.9898514645662752,0.9904446428825922,0.9945089522564563,0.9898513313230051,0.9908098146658066,0.9943719348896333,0.9894805237771307,0.9899554651231045,0.9941203913309602,0.9894141414354496,0.9899555547305664,0.9941266467102715,0.9894871056624656,0.9899554850610606,0.993949433710586,0.9897571501344515,0.9895833644221792,0.9978261234083222,0.9910991549924164,0.9898550791919574,0.9967353321654379,0.9898996272852588,0.9902957586941155,0.9948611606370459,0.9894168235314048,0.9900552604410501,0.9945302353892498,0.9895897308492874,0.9899551241648983,0.994333841491764,0.9909056893115168,0.9896761348622661,0.9965380805325899,0.9911238865601327,0.9897578706421242,0.9967398819366488,0.9982748025085441,0.9955096087260924,1.0027578182932742,72.0
0.9999969465299993,0.9999965358154208,0.9999976113255268,0.9799382945035363,0.9772033415430664,0.9843056709290257,0.9946269763915428,0.9921906202391885,0.9996852833922069,0.9927933893268589,0.9908416271803988,0.9984502880061246,0.9927066820729784,0.9905210616382667,0.9985764904291506,0.9919926410512417,0.9902638599290977,0.9982466095047818,0.9915510000903033,0.9904691341152436,0.9971491510325441,0.9912762631688756,0.9901148871371123,0.99693057981859,0.9909260720393748,0.9905667239408071,0.9962417769558439,0.9910347664373671,0.9894297849939482,0.9978370292727334,0.990859335264137,0.989438211603916,0.997835752321929,0.9906614325143321,0.9883327143625249,0.9972438243361668,0.992707268670777,0.9902644177161067,0.9984673161942347,0.9926541560929752,0.9905210903669424,0.9987339833343712,0.9906615256355236,0.988096358544706,0.9971378702751479,0.9906612065768864,0.9879051946437286,0.9970889570309823,0.9905530177296614,0.9868162791099859,0.9969489306279324,0.9905447139355695,0.9870504517161579,0.9968075854266117,0.9905400711529863,0.9865814513959187,0.9969328642298723,0.9905939182847482,0.9905000836425562,0.9955248429198238,0.990437438066738,0.9904007689123671,0.9952845290914034,0.9905921120480745,0.9905001347130505,0.9952153913038927,0.990795991023725,0.9905992056817912,0.9959620957799745,0.9907842895622807,0.9908821937636209,0.9959425338961201,0.9898914784404217,0.9904500742262276,0.9945718993166878,0.9898788857099957,0.9904500941744665,0.9944975833794923,0.9898791952576127,0.9908155634760496,0.9943606288808429,0.9895123939724513,0.9899621524808881,0.9941105678971808,0.9894459150505771,0.9899622420889485,0.9941167554234203,0.9895195988541208,0.9899621724189781,0.9939400283392126,0.9897845511959206,0.9895823732912935,0.9978205216741887,0.9911265578043221,0.9898571159668275,0.9967273957601939,0.9899286705651944,0.9903010891902672,0.9948504044741919,0.9894471564159846,0.9900613661388884,0.9945198801476607,0.9896209630829843,0.9899618115204051,0.994323733435164,0.9909329900207506,0.9896780649130983,0.9965300517710461,0.9911511168597096,0.9897596170317337,0.9967319570027602,0.998297472138384,0.9955118218277937,1.002750596915571,73.0
0.9999969436260467,0.9999965414669196,0.999997614527965,0.9799184163782555,0.977239792971962,0.9843267400205876,0.9946081194731486,0.9922365281719531,0.9997102082064958,0.99277847671923,0.9908927911813434,0.9984789877735598,0.9926924779158606,0.9905720465504845,0.9986058917654912,0.991978653863362,0.9903151924317877,0.9982771687641138,0.9915389576836698,0.9905283140957573,0.9971801464749123,0.9912668059797819,0.9901764621675924,0.9969630073857557,0.9909153379339998,0.99063142717986,0.9962731551549322,0.9910234558557985,0.9894813645471081,0.9978710011350609,0.9908479607862979,0.9894896057747167,0.9978697053890465,0.9906544139213773,0.9883856534592256,0.9972831391938151,0.9926930357389663,0.9903152593486775,0.9984967237282112,0.9926403987242071,0.990572075280633,0.9987638009398888,0.9906545036217471,0.9881491540126756,0.9971770721733134,0.9906541827942295,0.9879578675103672,0.9971280848978129,0.9905469691108989,0.9868739639845733,0.9969972151495903,0.9905386977946631,0.9871082140627896,0.9968566252154439,0.9905341439276416,0.9866397438295478,0.9969821995261223,0.9905845173195329,0.99056916825283,0.9955557935792771,0.9904287215772778,0.9904723939359297,0.9953149269193331,0.9905829210797745,0.9905692193268913,0.9952464658340052,0.9907857830640558,0.9906657499189391,0.9959935472864151,0.9907741484110524,0.9909494975844108,0.9959751446355775,0.9898817581744069,0.9905254627422346,0.9945995251818524,0.9898683582223565,0.9905254826919967,0.9945248200695708,0.9898693933152904,0.990889898350804,0.9943862559042769,0.98950574850028,0.9900432417181799,0.994138984945898,0.9894390485977533,0.9900433313336082,0.9941450617825276,0.9895127934728565,0.9900432616579109,0.99396834301269,0.9897728462950003,0.9896328320933323,0.9978545165206621,0.9911183583807996,0.9899202309914571,0.9967604298801461,0.98992108225442,0.9903769061799965,0.9948798544569479,0.9894412225949267,0.9901421690671764,0.994548698981387,0.9896147232460939,0.9900429007296618,0.9943523407500579,0.9909257989147466,0.9897421560418768,0.9965640129990754,0.9911432327338688,0.9898231182113311,0.9967649765839159,0.998277227532954,0.9955489958970715,1.0027720754692675,74.0
0.9999969435264037,0.9999965467225839,0.9999976137458328,0.9799169982554434,0.9772741749962937,0.9843214703167992,0.9946105036398344,0.9922774550157581,0.9997049337157006,0.9927838424513709,0.9909351985571903,0.9984753727907167,0.9926992564725071,0.9906151703805717,0.9986048448026668,0.9919847132952837,0.9903566753327175,0.9982735403511671,0.9915454937375695,0.9905741933064918,0.9971776833592839,0.9912752172048762,0.990224455518546,0.9969615522626205,0.9909213181965156,0.990678031883076,0.9962702900153931,0.9910307777286921,0.9895215121983568,0.9978675462908128,0.9908551899805011,0.9895294798114757,0.9978661491351982,0.9906640140440076,0.9884251581339348,0.9972805146900229,0.9926997950803961,0.9903589563464615,0.9984967723850843,0.9926480395977514,0.9906151991119727,0.9987634729743584,0.9906641648111202,0.9881890221365963,0.9971753320558081,0.9906638735438948,0.9879981649571962,0.9971270854472913,0.9905580686088441,0.9869110831934275,0.996994114388084,0.9905497726427449,0.9871443063605237,0.9968527695653389,0.9905454428884884,0.9866767140440993,0.9969791565690053,0.9905894995979697,0.9906162898027406,0.9955520063872485,0.9904329175106894,0.990519790465329,0.995310465467241,0.990588193366262,0.9906163408792307,0.995242872326479,0.9907913795083851,0.99071259653909,0.9959903501767016,0.9907797451229957,0.9909965545693104,0.9959720583834435,0.9898839766644094,0.9905729999854997,0.9945925471032239,0.9898702760433653,0.9905730199362179,0.9945178037716217,0.9898714923786388,0.9909357215123885,0.9943762837341011,0.9895055004459604,0.9900951522124837,0.9941308627182281,0.9894388417852248,0.9900952418326152,0.9941369639204087,0.9895113491212408,0.9900951721532617,0.9939594445953099,0.9897792862411388,0.9896711417733994,0.9978510230701303,0.9911278798104829,0.9899695878456996,0.9967595034747668,0.9899241309122632,0.9904251404229123,0.9948741921688737,0.9894425148781243,0.9901916974211604,0.9945419619933514,0.9896158350379146,0.9900948112060677,0.9943448338598663,0.9909361979151595,0.9897923505381665,0.9965638943827606,0.991152721734309,0.9898723566847099,0.9967640551252992,0.9982757977618656,0.9955840480544553,1.0027667071044952,75.0
0.9999969492074493,0.9999965473084189,0.999997613474163,0.9799537649286719,0.9772778155313446,0.9843190818433887,0.9946569031014547,0.992282899649905,0.9997074362245825,0.9928329017212362,0.9909410203534302,0.9984795739417427,0.9927489206117065,0.9906213907793622,0.998610551579905,0.9920358358073149,0.9903614106735897,0.9982773900624712,0.9915937729012936,0.9905818594906944,0.9971847729057031,0.9913247942858618,0.9902335407530266,0.9969694723777286,0.9909673033157987,0.9906862521976368,0.9962785986337587,0.9910827945815762,0.9895246765569773,0.9978699827644901,0.9909072057340292,0.98953248874936,0.9978684557843124,0.9907173646186552,0.9884266178760478,0.9972815255540746,0.9927494546135168,0.990365495635236,0.9985031662200856,0.9926980702550428,0.9906214195109434,0.9987695678047083,0.9907174710922052,0.9881899419652627,0.9971755814863132,0.990717158120382,0.987998548826857,0.9971267441481251,0.9906122551805643,0.9869105387865786,0.9969948779370361,0.9906039663114412,0.9871432882263972,0.9968535759542302,0.9905997373783963,0.9866759830425464,0.9969798816873803,0.9906345222708435,0.9906247374573423,0.9955612689222136,0.9904773101229644,0.9905282808873146,0.9953201611313385,0.9906332620935615,0.990624788534275,0.9952521936584059,0.9908370014885096,0.9907210013101565,0.9959991499423075,0.9908254010868369,0.9910054319156371,0.9959814641576133,0.9899270509972544,0.9905846663806431,0.9946035037408913,0.9899128185228055,0.9905846863316025,0.9945285773294222,0.9899146669898652,0.9909498219839836,0.9943899835444888,0.9895487526296138,0.9901099173832864,0.9941396550296497,0.9894820807008301,0.9901100070047867,0.9941457526122783,0.9895538922587803,0.9901099373243695,0.993967805725478,0.9898314472468758,0.9896739343555029,0.9978533373686381,0.9911782325323006,0.9899795847558226,0.9967678511345358,0.9899685472257944,0.9904358174824976,0.9948845109031569,0.9894863422203348,0.9902043025000524,0.9945515903429534,0.9896599241297881,0.9901095763716635,0.9943539751434606,0.9909872204228132,0.9898029878078043,0.9965728780476588,0.9912031345115485,0.9898823892232015,0.9967724018696212,0.9983132861916274,0.9955877649214561,1.0027642914032855,76.0
0.9999969492004782,0.9999965480357318,0.9999976157325542,0.979953452074462,0.9772821739305023,0.9843338153718605,0.9946582125290349,0.9922900854641871,0.9997261134282597,0.9928335957831309,0.9909512553388767,0.998499498244268,0.9927489984177515,0.9906306292456027,0.9986293576639451,0.9920374391630801,0.9903729678046083,0.9982979952497908,0.9915931370878054,0.9905952244949646,0.9972065456702048,0.9913244016379734,0.9902471976391573,0.9969912807248976,0.9909656493665807,0.9907028407664664,0.9963014221100417,0.9910859987932338,0.9895381456775862,0.9978917796040273,0.9909107796073435,0.9895464017154995,0.9978902069079008,0.9907213952393907,0.9884404164006597,0.9973054987834247,0.9927494389589394,0.9903739368771785,0.9985211950802203,0.9926978484598318,0.9906306579774452,0.9987882859737501,0.9907214525112822,0.9882031385577795,0.9971987006959276,0.9907211154351042,0.9880111503863958,0.9971492005138174,0.9906155771101893,0.9869280380635624,0.9970256131697793,0.9906073226263965,0.9871608731644216,0.9968850951958298,0.9906029614470392,0.9866939521963849,0.997011375006879,0.9906326655034777,0.9906436931643102,0.9955843964742819,0.9904748123568875,0.9905485294087785,0.9953429755965675,0.9906322542756508,0.9906437442422252,0.995275893168854,0.990835284842276,0.9907386641642426,0.9960223484482061,0.9908237596397457,0.9910238931159788,0.9960059211052626,0.9899222962478389,0.9906078619930692,0.9946255588255916,0.989907555957336,0.9906078819445002,0.9945504576862269,0.9899099298984158,0.9909740701280069,0.9944126715772121,0.9895430115376177,0.9901363193934294,0.9941599180602503,0.9894761848589079,0.9901364090173448,0.9941659421653766,0.9895473496994706,0.9901363393350511,0.993987562570767,0.9898376634970766,0.9896912169863156,0.9978749629826339,0.9911779508802487,0.9899934533627627,0.9967896044694763,0.9899651055598588,0.9904585854677662,0.9949067635571456,0.9894822481012893,0.9902296671694135,0.9945728921663897,0.9896552731375764,0.9901359783726167,0.9943747238731595,0.9909868660527147,0.9898167900286331,0.9965945635383654,0.9912028939084289,0.9898962849798519,0.9967941542847499,0.9983129734654332,0.9955922179283484,1.002779315674499,77.0
0.9999969416022756,0.9999965486836336,0.9999976201267731,0.9799038043073247,0.9772861050187517,0.9843632651272122,0.9945983521715325,0.9922965780245887,0.9997557921240342,0.9927758482446836,0.9909587641119244,0.9985305396559672,0.9926911042976002,0.9906398271041857,0.998662972160883,0.9919814023514516,0.9903797859378812,0.9983282285469375,0.9915354932713096,0.9906044408152258,0.997239436462347,0.9912668774115869,0.9902567032895444,0.9970245257388857,0.9909080426504276,0.9907137139876507,0.9963352187565102,0.9910311975024856,0.9895439643790961,0.9979202990004963,0.9908561200972705,0.989552295081399,0.9979186324658433,0.9906678160725638,0.9884441261684866,0.9973319535611153,0.9926916585840032,0.9903844860314418,0.9985569040279023,0.9926397811259193,0.990639855836298,0.9988218734640653,0.9906678372623334,0.988206335812271,0.99722449374824,0.9906674824506619,0.9880138559364151,0.9971744899166048,0.9905611474380565,0.9869286704580895,0.9970493180775449,0.9905528905612103,0.9871609939072539,0.9969086486627569,0.9905484212325909,0.9866942639346803,0.9970347455631916,0.9905758311639462,0.9906557375845497,0.9956186704960297,0.9904182611663208,0.9905611928164564,0.995377307913263,0.9905757317862093,0.9906557886630923,0.9953103724546337,0.9907779835053809,0.9907500896033313,0.9960564770744401,0.9907664991205916,0.9910358144614724,0.9960407730973819,0.9898651714092034,0.9906220406709633,0.9946591250008741,0.9898499363536565,0.9906220606226834,0.9945838501118017,0.9898527603525235,0.9909882636017869,0.9944452746114113,0.989489652881443,0.9901524560313879,0.9941950762321526,0.9894229506423481,0.9901525456567832,0.9942011600083259,0.9894942785319683,0.9901524759733393,0.9940229301801308,0.9897843644914273,0.9896986258127964,0.997903337745318,0.9911206649893185,0.9900031325502214,0.9968230851100721,0.9899092852456354,0.9904727584576561,0.9949411731042627,0.9894277865390942,0.9902454982206907,0.9946075817604548,0.9896014453542102,0.9901521150049432,0.9944096368257921,0.9909299226814551,0.9898268213213416,0.9966283591206514,0.9911455796040727,0.9899058949549714,0.996827637440518,0.998262361452767,0.9955962344079956,1.0028093189134928,78.0
0.9999969310200335,0.9999965507635318,0.999997621511776,0.9798346992155771,0.9772998750818049,0.984373297377828,0.9945145247189279,0.9923122003612606,0.9997591997380713,0.9926910748732629,0.990973257696181,0.9985315832779117,0.9926066821002751,0.9906542385689846,0.9986647541911198,0.991897803940426,0.990392709204007,0.9983268164409143,0.9914470457913535,0.9906189817993479,0.9972417613004189,0.991177484620684,0.9902710655896028,0.9970267886841022,0.9908170782796465,0.9907289180328885,0.9963376775884594,0.9909483054287548,0.9895546147279946,0.997914893126186,0.990773343525962,0.9895630152550395,0.9979131893568237,0.9905854354038229,0.9884507882822992,0.9973206437097006,0.992607195347671,0.9903988318049911,0.9985589463221649,0.9925556005181733,0.9906542673015174,0.9988239033507484,0.9905854218651715,0.9882124719580956,0.9972125239839236,0.990585049959103,0.9880194915156235,0.9971620210444124,0.990477951108054,0.9869272544532743,0.9970281647796805,0.9904696765066688,0.9871589239148835,0.9968869852849995,0.9904651213308295,0.9866918968804257,0.9970123897088778,0.990483491785824,0.9906711523484311,0.9956207656964313,0.9903250799952987,0.9905765974163931,0.9953789744624238,0.9904833649222188,0.9906712034277778,0.9953124298607614,0.9906865031305779,0.9907655145495399,0.9960590175762256,0.9906750813596059,0.9910519209692977,0.9960443939336614,0.9897685151935599,0.9906374165088839,0.994658335641065,0.9897524849714762,0.9906374364609167,0.9945826660657807,0.9897560322276523,0.9910031623729886,0.9944428354261328,0.9893956186196479,0.9901680272132046,0.9941963619712915,0.9893291803284737,0.9901681168400259,0.9942025749210848,0.989400206328804,0.9901680471554736,0.9940241870832724,0.9897024565486802,0.9897101241418496,0.9978978728471395,0.9910313638826644,0.9900173521139715,0.9968256351368602,0.9898147257334762,0.9904883285717033,0.9949420805855631,0.9893334311358435,0.9902612968954341,0.9946086407537655,0.9895071907206046,0.9901676861813336,0.9944108149880548,0.9908410191124025,0.9898414397575435,0.996631263528275,0.9910559462927678,0.9899196104112326,0.9968302065697496,0.9981919126158423,0.9956102691436035,1.0028195158439976,79.0
0.9999969270097875,0.9999965502704479,0.9999976227259485,0.9798085304556716,0.9772966241463039,0.9843815975616655,0.994482489268497,0.992308787799101,0.9997661980772937,0.9926566246478559,0.9909677852961675,0.9985383364279876,0.9925703176826286,0.9906470857400704,0.9986682096389474,0.9918646711009461,0.9903873307618876,0.9983341995487767,0.9914089674956068,0.9906114425735961,0.9972502260880358,0.9911397671322949,0.9902636564975495,0.9970361239843738,0.9907740132551556,0.9907194473386551,0.996345773192451,0.9909175025706761,0.9895493732596985,0.9979234712672007,0.9907426531436332,0.989557873059065,0.9979217783054914,0.9905576498995614,0.9884451537206829,0.997331028511004,0.9925707842116576,0.9903903346131313,0.9985606935558137,0.992518122514682,0.9906471144723941,0.9988266615611018,0.9905575709511841,0.9882060504658473,0.9972217785461083,0.9905571670174308,0.9880122900562703,0.9971703963879793,0.9904517968656047,0.9869239573741445,0.9970446428853399,0.9904434927240965,0.9871548900062234,0.9969026530034167,0.9904391845274993,0.9866890216213865,0.9970297909340295,0.9904361575449296,0.9906596296157586,0.9956277009149147,0.9902750542761255,0.990563666616194,0.9953849466267067,0.9904361159791142,0.9906596806945105,0.9953194219277443,0.9906418095717691,0.9907553999051624,0.9960668917177298,0.9906304526268321,0.9910425144011833,0.9960533648990869,0.9897094944470695,0.990621582638345,0.9946594290602427,0.989691873147886,0.9906216025900555,0.9945828143582169,0.98969693375497,0.990986708815123,0.9944420849565557,0.9893370325117098,0.9901487949600672,0.9942000691699203,0.9892710380178832,0.9901488845851324,0.9942064891614073,0.9893408564857805,0.9901488149019445,0.994027379340484,0.9896722680735027,0.9897052478147351,0.9979064563821145,0.9909939282487781,0.9900099920977035,0.9968354204745212,0.9897598735196897,0.9904727469669015,0.9949463810275562,0.9892761162591829,0.9902427588470325,0.9946127608618288,0.9894490619509764,0.9901484539348798,0.994414750110988,0.9908042079086382,0.9898346963980764,0.9966416346012562,0.9910184884134228,0.9899121974004412,0.9968399939061955,0.9981652336090874,0.9956069570613938,1.002827967306788,80.0
0.9999969288595598,0.9999965457477497,0.9999976242211432,0.9798210667378215,0.9772668777552339,0.9843912316802115,0.9944952553939437,0.9922746375654775,0.9997790306111367,0.9926678518212079,0.9909320875381612,0.9985505878759332,0.992581385001304,0.990610783273879,0.9986800037925355,0.9918769885941418,0.9903508135220693,0.998346296644972,0.9914161806090809,0.990575170881021,0.9972631531731819,0.9911482986668366,0.9902291287539072,0.9970497409290204,0.9907753893199776,0.9906802527716817,0.9963574482614832,0.9909302799077331,0.9895116719293612,0.9979349411338647,0.9907554131121785,0.9895200076841484,0.9979331763414331,0.9905711095309545,0.9884064271494457,0.9973419454109883,0.9925817836015149,0.9903535483853931,0.9985721531664477,0.9925291448777799,0.9906108120051524,0.9988384322988733,0.9905709859049583,0.9881667052266536,0.9972319012662361,0.9905705600136304,0.9879723469402172,0.997179914704131,0.9904644890673622,0.9868852121613099,0.9970566393570652,0.9904561891224973,0.9871161078335747,0.9969147155013176,0.9904517759715905,0.9866502800463319,0.9970419179167703,0.990433924824927,0.9906176115424578,0.9956383393448707,0.9902709091429838,0.9905197993985367,0.9953949448109924,0.9904333421464285,0.9906176626190409,0.9953297193702896,0.990641806077879,0.9907152310410544,0.9960783124123156,0.9906304891644465,0.991002889877177,0.9960654897862478,0.989699990715885,0.9905742167490007,0.9946661780412468,0.9896815950671739,0.9905742366997523,0.9945891413374336,0.9896873283544857,0.9909382865657078,0.9944463237397969,0.9893244666721419,0.9900971085281122,0.9942078715960737,0.9892584739804754,0.9900971981484729,0.994214273928451,0.9893276690424333,0.9900971284689416,0.9940347592454819,0.9896847357022367,0.9896664123756217,0.9979178934060753,0.9910032951797556,0.9899765923524876,0.996849427541449,0.9897524244309609,0.9904258108944922,0.9949552473082726,0.9892657182619862,0.990192482987854,0.9946212316846714,0.989437230677835,0.9900967675208246,0.9944229323780263,0.9908141915390947,0.989801903369603,0.9966562390513385,0.9910285524855438,0.98987979693321,0.9968539627945613,0.998178003906829,0.9955766369832834,1.002837793608328,81.0
0.9999969234364622,0.9999965409311523,0.9999976271160769,0.9797865836179042,0.97723537698581,0.9844108925324225,0.9944485667184171,0.9922371944775709,0.9997966515106339,0.9926200161586609,0.990892128524734,0.9985664359890304,0.9925320075732875,0.9905697639311295,0.9986939056199438,0.9918305833454227,0.990307945959584,0.9983618331959514,0.9913647059401248,0.9905363514498063,0.9972795401054515,0.9910972896868313,0.9901911226170927,0.9970670394375848,0.9907198284768701,0.990641663695941,0.996372016751709,0.9908832016484521,0.9894646011518832,0.9979488435612612,0.9907078831504844,0.9894720819974892,0.9979470036988308,0.990524729218526,0.988357559887889,0.9973536614021273,0.992532301589183,0.9903116807795834,0.9985852453074098,0.9924789207643155,0.9905697926612146,0.9988517737757956,0.9905245295520213,0.9881169692862869,0.9972423319315166,0.9905240664710258,0.987921742708739,0.9971893399981108,0.9904174159211219,0.9868350964460499,0.9970674679834364,0.9904091171211017,0.9870660268590503,0.9969255685912534,0.9904046122865271,0.9865999960704261,0.9970526271546011,0.9903762593632585,0.9905792047269215,0.9956518990825594,0.9902121218592381,0.9904814979767966,0.9954080308558519,0.9903753941962293,0.9905792558015277,0.9953430830324889,0.9905854304208375,0.9906767188596872,0.996092431166776,0.9905740873927906,0.9909644110108078,0.9960793080855871,0.9896359848767045,0.9905356704829971,0.9946769633192144,0.9896165113711807,0.990535690432973,0.9945992838171999,0.9896233289420736,0.9909007230180217,0.9944574677973291,0.9892621626030262,0.9900565226557175,0.9942198663955724,0.9891958773910192,0.9900566122724036,0.9942261043194119,0.9892655210345959,0.9900565425957294,0.9940468263728622,0.9896339075034646,0.989612921183584,0.9979319408357248,0.9909529295345904,0.9899390631654962,0.996867412044457,0.9896912185266763,0.9903868654857206,0.9949675587324884,0.9892039326597567,0.990152522305949,0.9946334237943385,0.9893750450535054,0.9900561816624125,0.9944350456326353,0.9907648130409784,0.9897653516738774,0.9966751589321932,0.9909783721588007,0.9898425595275331,0.9968719357930552,0.9981428315707214,0.9955445225023484,1.0028578156530972,82.0
0.9999969177039085,0.9999965385616415,0.9999976279082371,0.9797498759016501,0.9772201476225915,0.9844168286506141,0.9944001302107754,0.9922175517621273,0.9997973549801537,0.9925713740869647,0.9908718706850664,0.998566066727655,0.9924833264222069,0.9905482637849378,0.9986918059501496,0.9917839271351044,0.9902882812061528,0.9983619328354988,0.9913127889793637,0.9905147750942288,0.9972792431649103,0.9910457367355782,0.9901704948402741,0.9970667690892342,0.9906638238663303,0.9906171441344229,0.9963707865373103,0.9908379259014901,0.9894457932393904,0.9979490105390895,0.9906628945881883,0.9894535640505268,0.9979471928962449,0.9904801704068457,0.9883383284916546,0.9973538519478978,0.9924836425472401,0.9902891867787015,0.998581806765136,0.9924301995503418,0.9905482925144001,0.9988496401025762,0.990479931823063,0.9880971977226909,0.9972418185548201,0.9904794496233841,0.9879014499487906,0.9971882895358473,0.9903728119685187,0.9868169809297773,0.9970700584520987,0.990364464610562,0.9870472400720193,0.9969269410023296,0.9903600101219667,0.9865821324577057,0.9970557230576744,0.9903185385342886,0.9905518984416677,0.9956501994966803,0.990153127024188,0.9904523860424786,0.9954058542080673,0.9903180392622447,0.9905519495148585,0.9953416059832997,0.9905287707860286,0.9906512183293125,0.9960911196764266,0.9905174514233194,0.9909393534885181,0.9960784807224875,0.9895744219258548,0.9905039783730536,0.9946725029196914,0.9895546523352623,0.9905039983223843,0.9945946923854982,0.989561660195402,0.9908679764688507,0.9944504390272767,0.9891991327623518,0.9900228646157511,0.9942160639215395,0.9891331600642767,0.9900229542293589,0.9942224240393364,0.9892019279948682,0.9900228845550774,0.9940426068828301,0.9895905656935055,0.9895959059931393,0.9979320799039805,0.9909017709872043,0.9899190653331496,0.9968672331976128,0.9896304683989358,0.9903556024369937,0.99496448263946,0.9891416607388913,0.9901189618154916,0.9946301091018547,0.98931237825761,0.9900225236341597,0.9944314897072467,0.9907138180723295,0.9897455239425763,0.996675134987493,0.9909274704796674,0.9898229899025255,0.9968717400566038,0.9981053953598291,0.9955289889822786,1.0028638439832414,83.0
0.9999969228650818,0.9999965408822623,0.9999976237339896,0.9797833604628043,0.977235722341881,0.9843889658718452,0.9944418402830076,0.9922338834647177,0.9997676966182806,0.9926098831867207,0.9908886031243781,0.9985325577760714,0.9925206609095529,0.9905647011124056,0.9986577214007286,0.9918230166503753,0.9903051347934465,0.9983267005832651,0.9913474932363067,0.9905314672728718,0.9972438277196484,0.9910802915385316,0.990187751134936,0.9970311410072911,0.9906950691197912,0.9906322483452383,0.9963325978517185,0.9908781867188668,0.9894628187992945,0.9979115366515352,0.9907035028437079,0.9894708892639106,0.9979096232154895,0.9905206211511837,0.9883537160286869,0.9973135383382221,0.992520855130016,0.9903053880162653,0.9985478391986695,0.9924669206445718,0.9905647298423486,0.9988151225478987,0.9905203371729578,0.9881120093045344,0.9972007048498374,0.9905198327123413,0.9879156921743695,0.997146556968898,0.9904127524205529,0.986830166391332,0.9970266826744393,0.9904043494148493,0.987059856163353,0.996882208092546,0.9903998928018382,0.986595120465414,0.9970121623444096,0.9903469249154953,0.9905658544781749,0.9956099812080207,0.9901796337550335,0.9904657229677901,0.99536456911273,0.9903466608555272,0.9905659055520762,0.9953015283917268,0.990558899865772,0.9906657935847346,0.996051911588377,0.990547499126682,0.9909535035037255,0.9960381092511769,0.9895966857981863,0.9905176053935514,0.9946274304056593,0.989576271317054,0.9905176253431512,0.9945492483449573,0.9895838364652335,0.9908809298850404,0.9944032858629259,0.9892189027731731,0.9900377990751056,0.9941701342115891,0.9891529484869876,0.9900378886900452,0.9941764833131026,0.9892205296353616,0.990037819014728,0.9939958507037313,0.9896328662814775,0.9896147712845973,0.9978944529753547,0.9909365750380853,0.9899367077798916,0.9968316583989495,0.9896544446034065,0.9903695036649525,0.9949212217387364,0.9891640435277351,0.9901335861956189,0.994585648384988,0.9893335190730846,0.9900374580884466,0.9943862848105083,0.9907487120094448,0.9897632280233267,0.9966396420412509,0.9909624733772205,0.989840993740258,0.9968361511934588,0.9981395357388452,0.9955448565862506,1.0028354518356013,84.0
0.9999969192122465,0.9999965409167126,0.9999976240260222,0.9797600893833045,0.9772362828563168,0.9843915150710034,0.9944105596459534,0.9922323191761364,0.999765455188547,0.992577086873989,0.9908879448738557,0.9985289635112892,0.9924882805721879,0.990562592778393,0.9986525294198639,0.9917907529019053,0.9903054218517798,0.9983231878036558,0.9913117677055918,0.9905311257316727,0.9972399517478975,0.991043237068009,0.9901870355717074,0.9970269380877218,0.990658075445655,0.9906324008066784,0.9963275976530929,0.9908465986634004,0.9894644715486869,0.9979081834198813,0.990672199140399,0.9894727695700037,0.9979062306009119,0.9904886653165569,0.9883560046164501,0.9973106890698975,0.9924884078287811,0.9903021196018493,0.9985411415528614,0.9924348401281343,0.990562621508273,0.9988101012249951,0.9904883589886799,0.9881139748190007,0.9971974412987525,0.9904878435380425,0.9879173477324578,0.9971429784566089,0.9903806794907952,0.9868352275780184,0.997027190081711,0.9903722471566576,0.9870650468247697,0.9968821013451462,0.9903678092364223,0.9866005232154265,0.9970132043372608,0.9903100266622095,0.9905663366372705,0.9956042978573083,0.9901427105077513,0.9904663700508548,0.9953584471802506,0.9903099130080016,0.9905663877111898,0.9952959254383498,0.9905219402801424,0.9906661109589331,0.996046636103097,0.990510526863461,0.9909540070006301,0.9960327729240769,0.989560150940575,0.9905194354578918,0.9946199579134938,0.9895397479517146,0.9905194554075247,0.9945418267578171,0.9895472340593648,0.9908822925921206,0.9943942314910884,0.9891836771412739,0.9900421404156079,0.9941625653491888,0.9891176681368281,0.9900422300309264,0.9941688688277848,0.9891852813947077,0.9900421603553149,0.9939882082849238,0.9896040102082113,0.9896191912157078,0.9978909707445727,0.9908995385102246,0.9899357342006452,0.9968277119095502,0.9896179072931993,0.9903715240441411,0.9949142596821015,0.989128628559156,0.9901372192700156,0.9945783876237464,0.9892983908896831,0.9900417994275066,0.9943788471148062,0.9907119959274778,0.989762568059749,0.9966359915480093,0.990925347545166,0.9898399632466528,0.9968322063391339,0.9981158013202462,0.9955454172257214,1.002838030868905,85.0
0.9999969251838523,0.9999965456616442,0.9999976230791969,0.9797986240351181,0.9772674340819004,0.9843848035880369,0.994459724881159,0.9922685879650017,0.9997615824091244,0.9926305267457791,0.9909265270594051,0.998526061226884,0.9925423277860564,0.9906008383458025,0.9986494445689438,0.9918479531877953,0.9903442935872003,0.9983219558348195,0.9913639523563481,0.9905724768325549,0.997237129914038,0.9910940803814905,0.990228456480406,0.9970231991186852,0.9907113694514009,0.9906760537623982,0.9963248553591071,0.9909072566771141,0.9895037612881985,0.9979085096244954,0.9907329672244345,0.9895120923409698,0.9979066025098701,0.990553980254896,0.988395669923165,0.9973131507731837,0.9925424909708751,0.9903400958638772,0.9985376521143066,0.9924892247878994,0.990600867076791,0.9988072102621655,0.9905536540149277,0.9881533637382883,0.9971995418498251,0.9905531287711214,0.9879564667999875,0.9971448029717901,0.9904474083074687,0.9868766322564544,0.9970321827868844,0.9904389187854846,0.9871063071514282,0.9968857909158004,0.9904347314905053,0.9866421777566307,0.9970187330077871,0.9903652880228191,0.9906117812652201,0.9956016592366851,0.9901986636153232,0.9905128389922745,0.995355581077023,0.9903660513842605,0.9906118323414795,0.9952938855235173,0.990575990916152,0.9907105313990058,0.9960439690233478,0.9905645777207943,0.9909988098080845,0.9960302781867043,0.9896165223339223,0.990567706604445,0.9946160279530624,0.9895958837362577,0.990567726555049,0.9945377941726282,0.9896035631492553,0.990930452125079,0.9943893459577262,0.98923998011397,0.9900922741038368,0.994158063417434,0.9891739741144919,0.9900923637236881,0.9941643596713361,0.9892411195668827,0.9900922940445533,0.9939833606975319,0.9896654974038093,0.9896586052357894,0.9978913418619789,0.99095044000554,0.9899772311244163,0.9968239467037663,0.9896749084100918,0.99041984079412,0.994910984965098,0.9891862107005754,0.9901876239828549,0.9945744915032657,0.98935524795662,0.9900919330984878,0.9943746570014956,0.9907628378200594,0.9898039858692488,0.996632168786502,0.9909766621421625,0.989882115259944,0.9968284158729648,0.9981550956062406,0.9955771716813793,1.0028312029224893,86.0
0.9999969241793887,0.9999965454530724,0.9999976216737275,0.9797930369521787,0.9772668623490856,0.9843761481891163,0.9944476245477001,0.9922633938148747,0.9997460295117689,0.9926179242946749,0.9909198428305089,0.9985053178256512,0.9925289229806341,0.9905926317805452,0.9986261779520811,0.9918370819462058,0.9903367374330302,0.9982976070819652,0.9913489317382095,0.9905635780902151,0.9972178262951454,0.9910777841426844,0.9902188769987074,0.9970037567972292,0.9906944248105632,0.9906655583687921,0.9963059173458907,0.9908981625103033,0.9894949373096904,0.9978786623372333,0.9907242398877281,0.9895035840694871,0.9978766564364127,0.9905458899054664,0.9883828684782353,0.9972754604858975,0.9925290067812612,0.9903306714190404,0.9985127429997293,0.9924753980607882,0.9905926605112992,0.9987836617058532,0.9905455195629997,0.9881400996173193,0.9971611173166447,0.9905449727873232,0.9879427293286602,0.9971057969727477,0.9904383360690108,0.9868545171596251,0.9969796255791189,0.9904297526016792,0.9870835481419219,0.9968310099841446,0.9904255460206939,0.9866189483780351,0.9969645882465682,0.9903462983651042,0.9905996637638174,0.995582360996735,0.9901780298066309,0.9904996315516038,0.9953358215632426,0.9903477097196226,0.9905997148394532,0.9952750399110092,0.9905582602444647,0.9906995039328352,0.9960249370465172,0.9905468486552457,0.9909882301464419,0.9960114641795174,0.9895917230063432,0.9905555786482577,0.9945940780226908,0.9895701587045473,0.990555598598617,0.9945152993813423,0.9895787784666162,0.9909191715581972,0.9943679139995576,0.9892150813772409,0.9900802154432887,0.9941356215600222,0.9891493191554159,0.9900803050620447,0.9941420296291618,0.9892152368235113,0.9900802353837612,0.9939602388210622,0.9896589763402476,0.9896523091711662,0.9978613159153957,0.9909340847788476,0.9899671938386793,0.996804785187486,0.9896525100433199,0.9904073685705886,0.9948902417789196,0.989163231054941,0.9901757652681361,0.9945529754735385,0.9893312712505684,0.9900798744421073,0.994352684838475,0.990746814070477,0.9897942655668228,0.9966133183366159,0.9909596795179338,0.9898712181622424,0.9968092869943704,0.9981493811847273,0.9955765669702485,1.002822358808292,87.0
0.9999969201179411,0.999996544883493,0.9999976236001499,0.9797676171692165,0.9772637431453528,0.9843897031388535,0.9944107415707194,0.9922563318522036,0.9997542951171439,0.9925808700072667,0.9909117196927554,0.9985115625065951,0.9924908974114707,0.9905835406199228,0.9986305142510379,0.9917998013653276,0.990329058218773,0.9983018347730855,0.9913135385560817,0.9905527513385325,0.997225774132683,0.9910414323827366,0.9902080403694851,0.9970116630184618,0.9906604287407863,0.9906513912234727,0.9963150544681558,0.9908626325659146,0.989487895756839,0.9978809964532306,0.9906890526692358,0.9894968189384504,0.9978788806206014,0.9905114174886059,0.9883749953470293,0.9972755556761159,0.992490940691379,0.9903208058359703,0.9985160320185364,0.9924368200606263,0.9905835693504164,0.9987876385412435,0.9905110074079626,0.9881318312911638,0.9971605600949883,0.9905104412541753,0.987934054117193,0.9971047199949865,0.9904031535011041,0.9868454009970984,0.9969759809550731,0.9903945418419436,0.9870751955872922,0.9968269077212993,0.9903902752829663,0.9866095492413529,0.9969605279599257,0.9903121156389147,0.990582730168759,0.9955920321834999,0.9901434532158323,0.9904810447053184,0.9953458847647922,0.9903140184690289,0.9905827812435116,0.9952850814941773,0.9905241754218831,0.9906842236818111,0.9960340514690533,0.9905126798902105,0.9909727111932041,0.996019466741662,0.989555219623054,0.9905355596675409,0.9946043837357148,0.989533079397228,0.9905355796174904,0.9945253082102942,0.9895423086981131,0.9909002555817842,0.9943792076939998,0.9891819533296188,0.990056777997052,0.9941477427508636,0.9891167932595848,0.9900568676136499,0.9941544376784917,0.9891822201087379,0.9900567979370433,0.9939724288697772,0.9896259852310935,0.9896477654569532,0.997863462625101,0.9908979651136711,0.9899563244701869,0.9968131051956105,0.9896174904313139,0.9903869013772947,0.9949009184393725,0.989128827513091,0.9901528725462073,0.9945643766181504,0.9892974118912322,0.9900564370040836,0.9943644644013286,0.9907112525388132,0.989783946864242,0.996622163327437,0.9909228551844023,0.9898593839565342,0.9968176434802292,0.9981234457273074,0.9955733707704788,1.002836147244289,88.0
0.9999969279916052,0.9999965487678955,0.9999976195965328,0.9798191352917971,0.9772898377825557,0.9843630319599536,0.994472488706759,0.9922832678252814,0.9997256497331074,0.9926448719538972,0.9909397852686997,0.9984812925736233,0.9925556237596567,0.990610582438463,0.9985993998484909,0.991863373644383,0.9903561449824237,0.9982696376856487,0.9913806709742735,0.9905832707722658,0.997197386549301,0.9911088466076162,0.9902393447169536,0.9969835924653928,0.9907302152869105,0.9906829499957295,0.9962877584811684,0.9909264304495338,0.9895135646870515,0.9978464181235926,0.9907528403500787,0.9895223206650112,0.9978442912488563,0.9905754457055784,0.9883993103192957,0.9972373507987156,0.9925556235881811,0.9903470286384889,0.9984838331682315,0.9925020136685545,0.9906106111697431,0.9987568307968261,0.9905750059142927,0.9881558274136782,0.9971218564348556,0.9905744252399116,0.9879577225530041,0.997065622008521,0.9904674286460121,0.986866720924413,0.9969321665788958,0.9904587492528174,0.987096744551568,0.9967816349470001,0.9904545933223341,0.9866304418831328,0.9969162123498062,0.990384719662166,0.9906150792077085,0.9955656333020232,0.9902172320767778,0.9905138374077058,0.9953197898367735,0.990387565810213,0.9906151302841271,0.9952593768028581,0.9905950392538186,0.9907161291969033,0.9960070418907154,0.990583512679236,0.9910048257673575,0.9959921712296191,0.9896284215646423,0.9905687444847366,0.9945773543164542,0.9896054474469028,0.9905687644353527,0.9944978260163845,0.9896154790934493,0.9909332972013362,0.9943514431415934,0.9892646152418716,0.9900905127676285,0.9941253922312515,0.989200223475989,0.9900906023872698,0.9941324665705105,0.9892657661482713,0.9900905327082972,0.9939506821592966,0.9896897226037527,0.9896723315422339,0.9978289094740382,0.9909658478918373,0.9899881347243729,0.9967853625645777,0.9896928732933787,0.9904201445519628,0.9948753652632898,0.9892078551891165,0.9901866314389236,0.9945402337891739,0.9893782595971405,0.9900901717630798,0.994341220100244,0.9907796216809784,0.9898161964140164,0.9965948765240239,0.9909905619048981,0.9898910087507181,0.996789907830108,0.998175964649901,0.9955999540483296,1.0028089671288,89.0
0.9999969321988259,0.9999965452303367,0.9999976198935893,0.9798479345047502,0.9772673489927028,0.9843652031807905,0.9944999311726873,0.9922530771525679,0.9997263993238216,0.9926694114736373,0.9909058255219827,0.9984815784875474,0.9925796581384991,0.9905751368180398,0.9985972908728613,0.9918862781915755,0.990321196795831,0.9982697244966969,0.9914040311876209,0.9905460672131416,0.9971988357034145,0.9911324154836021,0.9902026398235336,0.9969854159282698,0.9907506281737619,0.9906411300411814,0.9962890296155313,0.9909488981463721,0.9894771885993464,0.997847117212862,0.990774988468185,0.989485270109692,0.9978448971875533,0.9905984209595999,0.9883643596593434,0.9972394338702204,0.9925796085275573,0.990310394321283,0.9984800726763849,0.9925257819858639,0.990575165548295,0.9987545236244852,0.9905980219723878,0.9881211793250686,0.997124574055567,0.990597461100474,0.9879234105875397,0.9970688621265131,0.9904905926955706,0.9868338813687935,0.9969353791364933,0.9904818753342917,0.9870647975550686,0.9967841754036603,0.9904777879858825,0.9865977368340159,0.9969196780523899,0.9904029617943113,0.9905691072334004,0.9955665498811834,0.9902340538064813,0.9904652520776079,0.9953204259271838,0.9904059382356158,0.9905691583074365,0.995260465864305,0.9906146137058256,0.9906727707587031,0.9960081512313148,0.9906030682120514,0.9909617527320307,0.9959931570589852,0.9896403180269201,0.990514971034441,0.9945754127866453,0.9896165389401921,0.9905149909839631,0.9944954592836305,0.9896272833900015,0.9908780777719327,0.9943471057529801,0.9892743167462247,0.9900292447950023,0.9941258399884016,0.9892094848903268,0.9900293344090355,0.994132722954922,0.9892756321181974,0.9900292647344218,0.993951270740108,0.9897097305519417,0.9896313518172679,0.9978296684546335,0.990989750776089,0.9899517444818339,0.9967874894745734,0.9897069001255564,0.9903669591056349,0.9948755027884373,0.9892195569228515,0.9901284829695853,0.9945406056558656,0.9893882006459287,0.9900289038117912,0.9943417317413316,0.9908039391368663,0.9897802097789854,0.9965974127253524,0.9910146623133331,0.9898549707512188,0.9967920209734337,0.998205296992669,0.9955770103861132,1.0028111718439405,90.0
0.9999969318990988,0.9999965445887592,0.9999976196917687,0.9798471974643064,0.9772639855597864,0.9843645292538445,0.9944923930880111,0.9922444290259759,0.9997199149723346,0.9926549753113723,0.9908955016264477,0.9984699036438507,0.9925648173959322,0.9905630789473713,0.9985830139220315,0.9918706759473711,0.9903098481900439,0.9982566689422809,0.9913822710188205,0.9905349271885293,0.9971841491164569,0.9911107503367548,0.9901918896018229,0.9969707838642555,0.9907212820727559,0.9906273896707052,0.9962692878260763,0.9909330739401953,0.9894643571943924,0.9978327067068805,0.9907590060613675,0.9894720159474838,0.9978303951556384,0.9905827730911978,0.9883514510268148,0.9972234069231914,0.992564698003355,0.9902969492715895,0.9984638881886359,0.99251075079807,0.9905631076772804,0.9987401161675278,0.9905823557877425,0.9881080898461012,0.9971082473831786,0.9905817859854081,0.98791013408588,0.9970522964719981,0.9904767539177388,0.9868207579028565,0.9969181499514564,0.9904679180497917,0.9870511789934141,0.9967642083622239,0.990464203880813,0.9865846634165627,0.9969027244883831,0.9903697921669207,0.9905535308363818,0.9955443839986751,0.9901986468193251,0.9904487059587599,0.995297213599179,0.9903726071043655,0.9905535819095992,0.9952382602556755,0.9905837660418048,0.9906581642518016,0.9959870333497611,0.9905720687349104,0.9909463674235124,0.9959698769777764,0.9896000297989909,0.990496997234087,0.994549322342532,0.9895758835811646,0.990497017183238,0.9944692331073498,0.9895869337696845,0.9908590675351187,0.9943194388075863,0.9892280657177905,0.9900105824609572,0.9940977032845629,0.9891625418173029,0.9900106720732589,0.9941042851042872,0.9892283249894093,0.990010602399991,0.9939224479690799,0.9896927634923348,0.9896159074843427,0.9978152548771494,0.9909682755999275,0.9899412600857416,0.9967729328541538,0.9896675913657114,0.9903494067206813,0.9948504057989528,0.9891772077492444,0.9901099981838528,0.9945141947270544,0.989343879952214,0.9900102414843344,0.9943144641215045,0.9907825693705525,0.9897698251222237,0.9965829558893958,0.9909934027641153,0.9898448600122096,0.9967774496574335,0.9982045223007054,0.9955735589259819,1.0028104622975829,91.0
0.9999969321291547,0.9999965447668456,0.9999976225160051,0.979849624577273,0.9772655703033778,0.9843835464923648,0.9944903786739206,0.9922440047672663,0.9997383537788574,0.9926527957356555,0.990895188316699,0.9984866645981925,0.9925636704877341,0.9905631646372733,0.9986005399877201,0.9918692646552908,0.9903087295895366,0.9982711479607819,0.9913777391404466,0.9905344248541941,0.9972021732584647,0.991106598608943,0.9901916993843641,0.9969892859136966,0.9907132566410061,0.9906259221654617,0.9962867529482056,0.9909325247293074,0.9894620696893057,0.9978436983691845,0.9907585534808119,0.9894696227287174,0.9978411449279746,0.9905830700958496,0.9883476529298838,0.9972304282580029,0.9925637171689075,0.9902973541610993,0.9984815883741464,0.9925100989353901,0.9905631933671893,0.9987579706594724,0.9905826559724147,0.9881043125230555,0.9971153178086818,0.990582087710682,0.9879063810583554,0.9970594078848266,0.9904763268445749,0.9868121851525706,0.9969158857809919,0.9904673915970167,0.9870425055049817,0.9967597117787452,0.9904636980541344,0.9865754831163686,0.996899601687045,0.9903604280658455,0.9905511921869737,0.9955620424257302,0.990188387138202,0.9904458177073088,0.9953150357316148,0.9903633615249926,0.9905512432600693,0.9952560919420027,0.9905752139781692,0.9906563752404614,0.9960044352759735,0.9905634585857088,0.9909446448352438,0.9959866089883004,0.9895878602360212,0.9904944827129653,0.994568526618794,0.9895635982234646,0.9904945026620652,0.9944884805479213,0.9895748618764364,0.9908583031170646,0.9943411909512834,0.9892120412746338,0.9900062104980718,0.9941142002442265,0.9891458304206988,0.9900063001099695,0.994120487653621,0.9892119308286936,0.9900062304370151,0.9939387331186524,0.9896931140006034,0.989614122711988,0.9978259849001503,0.990964356936294,0.9899412662883815,0.9967916703881381,0.9896556831110338,0.9903461806787938,0.9948684629890038,0.9891635544384269,0.9901060091464751,0.9945315819655587,0.9893289681099527,0.9900058695229866,0.994331418921446,0.9907789708941974,0.9897701472946527,0.9966019997540934,0.9909893988164662,0.9898447978383696,0.9967961894232118,0.998206979591792,0.9955751633778859,1.0028298321458655,92.0
0.9999969338867334,0.9999965471758021,0.9999976261774618,0.9798615267982614,0.9772815290989492,0.9844077902488114,0.994502427759986,0.9922619287560706,0.9997652852563341,0.9926654113104121,0.9909144568679983,0.99851406862367,0.9925771214761417,0.9905822995471817,0.9986283401761133,0.9918840686129483,0.9903285473064033,0.9982990709023729,0.9913866019350454,0.9905543644932558,0.997229699720899,0.9911161562624333,0.9902125912833516,0.9970172328672693,0.9907173380894011,0.9906447071520231,0.9963123940172603,0.9909497440681595,0.9894826790860441,0.9978719259910838,0.9907759086868646,0.9894903499370558,0.997869343183341,0.9906033519184331,0.988368726554096,0.9972593109842733,0.9925771720868872,0.990316382154216,0.998509242078786,0.9925240482784368,0.9905823282776554,0.9987861183652603,0.9906029045666188,0.9881251314187931,0.9971436905360209,0.9906023201642855,0.9879269201701453,0.9970873629331857,0.9904960932434924,0.9868346912123969,0.996944190521322,0.990487112746126,0.9870658996188457,0.9967872002859614,0.9904834043632813,0.9865980357562971,0.9969279594768974,0.9903630972593549,0.9905689374294974,0.9955872638247506,0.9901901253012921,0.9904629078578279,0.9953400545264866,0.9903661322800135,0.9905689885034992,0.9952814812259134,0.9905787394848307,0.990674775680696,0.9960297668435002,0.9905669211315947,0.9909631206695937,0.9960112192755571,0.9895891678116482,0.9905104653750063,0.99459458903548,0.9895655150310488,0.9905104853244232,0.9945150762492205,0.9895761737314264,0.9908741655993362,0.9943673255591963,0.9892060404444641,0.9900200508578648,0.9941369235730827,0.989139361255237,0.9900201404709869,0.9941430259626008,0.9892051282992965,0.9900200707970802,0.993960966817845,0.9897114205313092,0.9896358313387651,0.9978541483269432,0.9909743829645868,0.9899627746573805,0.9968198746106745,0.9896554047576692,0.9903622121128307,0.9948931092970673,0.9891608228943126,0.9901208707647805,0.9945553926609066,0.9893243668632198,0.9900197098781218,0.9943547192111202,0.9907893894673012,0.9897920382574337,0.9966305748627378,0.9909998035767557,0.9898669139823656,0.9968243699701026,0.9982191060342885,0.9955914280346351,1.0028545384176029,93.0
0.9999969364741632,0.9999965502522613,0.9999976277444844,0.9798787773039331,0.9773020819587444,0.984418240218773,0.99452114452202,0.9922841180269041,0.9997762055656952,0.9926822853766033,0.9909362195226756,0.9985250910505894,0.9925931171256246,0.99060526755226,0.9986404107475091,0.9919019497241778,0.9903499334167186,0.9983094643105466,0.9913998860397971,0.9905750645053695,0.9972408005590404,0.9911299916986425,0.990233503456718,0.9970289609150892,0.9907255481740149,0.9906634314546278,0.9963214809742034,0.9909680803086873,0.9895035183219928,0.997880839262567,0.9907942385730555,0.9895110777882514,0.9978781983313805,0.9906223451794784,0.9883892451667158,0.9972662652961283,0.9925932400485671,0.9903403144356789,0.9985226359877192,0.9925394625861987,0.9906052962834053,0.9987978253342447,0.9906218782588626,0.9881455237203761,0.9971503524710956,0.9906212843726133,0.9879471659499294,0.9970937812775293,0.9905131181441051,0.9868540888191923,0.9969460624071019,0.9905040391697978,0.9870851229669717,0.9967868498002709,0.9905001880703854,0.9866173143942873,0.996929518801235,0.9903704856135432,0.9905861658928501,0.9955967243367233,0.9901973776689516,0.990479298708672,0.995350187335139,0.990372909012226,0.9905862169677324,0.9952906354449144,0.9905866087200929,0.9906928417742678,0.9960386612895177,0.9905746685477864,0.9909807833255783,0.9960184753016564,0.9895973882951636,0.9905271061362784,0.9946079528263053,0.989574137246751,0.9905271260860274,0.9945288393907781,0.989584499436593,0.9908924572290868,0.9943833871245231,0.9892119820648847,0.9900347919226193,0.9941481303417529,0.9891456706494676,0.990034881537056,0.9941544481703992,0.9892105122728329,0.9900348118621267,0.9939718526570797,0.9897299415926094,0.9896564396263776,0.9978630100504583,0.9909883964994407,0.9899838126342961,0.9968318381389334,0.989662537822279,0.9903781815870799,0.9949043387845514,0.9891674767834523,0.990136021758437,0.9945666356183658,0.9893305826833051,0.9900344509378732,0.9943659578807222,0.9908037247808675,0.989813383706342,0.9966428407219512,0.9910138033248749,0.989888004108052,0.9968363310797,0.9982366855604137,0.9956123704765708,1.0028651842032703,94.0
0.9999969324884826,0.9999965544555449,0.9999976302405822,0.979853106522877,0.97733004468766,0.9844354196099524,0.9944878837196778,0.9923148368434324,0.9997899913949357,0.9926434206767728,0.9909678283142949,0.9985377441339786,0.9925529698054212,0.9906369790871299,0.9986522828850487,0.9918623383018011,0.9903827685224526,0.9983218233386689,0.9913562787693946,0.9906058916133053,0.9972520250008913,0.9910860855107868,0.9902649898976137,0.9970394043861697,0.9906775228409439,0.9906916030870664,0.996330775278711,0.9909291219133238,0.9895381245394567,0.9978935067254375,0.9907554953244206,0.9895458827701789,0.997890782114994,0.9905834109737135,0.9884253110251745,0.9972799163727496,0.992553124416287,0.9903721081591217,0.998534562861345,0.9924985218419067,0.9906370078191982,0.9988091879374716,0.9905829909126238,0.9881820355198021,0.997164749315913,0.9905824198706147,0.9879841433409183,0.9971087739238894,0.9904721266872542,0.9868918019788454,0.996958484423315,0.990462948573939,0.9871225309221996,0.9967970274731749,0.9904589439376568,0.9866552906901154,0.9969421341058423,0.9903198892057523,0.9906121404608794,0.9956051975221738,0.9901451733651024,0.9905039610584455,0.9953583438886353,0.9903223695976696,0.9906121915370862,0.9952992150400948,0.9905375749442837,0.9907201286428458,0.9960473889043628,0.9905255383732889,0.9910078771179446,0.9960259807106616,0.9895400659473331,0.9905505529226468,0.9946142672086239,0.9895158612115544,0.9905505728728606,0.994534636775143,0.9895271919323593,0.9909157972564064,0.9943900433978692,0.9891525159349233,0.9900557328948696,0.9941542997912607,0.989086046349829,0.9900558225111619,0.9941605779831703,0.9891502877758567,0.9900557528347895,0.993977545755844,0.9896925591538589,0.9896928050928745,0.9978755401675478,0.9909445683063456,0.9900157681781406,0.996842009936668,0.9896076891006157,0.9904016716127516,0.9949118587323325,0.9891106918864107,0.9901582225534115,0.9945735732246639,0.989272158055434,0.9900553919030624,0.9943725516241833,0.9907595472662651,0.9898450047069687,0.9966526707989157,0.9909703198545748,0.9899205354099838,0.9968464801750468,0.9982105094536675,0.995640865803675,1.0028826720006263,95.0
0.9999969181984436,0.9999965584059803,0.9999976392109732,0.979760263783495,0.9773559097826554,0.9844959917663905,0.9943728322577873,0.9923457363015945,0.9998479893132203,0.9925235245807221,0.990998116034552,0.9985952963974564,0.9924334645901887,0.9906680205626136,0.9987114836046989,0.9917398758941315,0.9904119043684575,0.9983773401946883,0.991233423193818,0.9906364724555594,0.9973102540005473,0.9909631907651782,0.9902955880344315,0.9970974799703466,0.9905515589833142,0.9907221871967568,0.9963887106240589,0.9908051908596882,0.9895655940955695,0.9979470783209424,0.9906313411577705,0.9895729410121404,0.9979443264116976,0.990458050392848,0.9884524556512759,0.997330583802667,0.9924335681708844,0.9904037526353198,0.9985948248180909,0.9923792895085773,0.9906680492955857,0.9988685817314811,0.9904576756454597,0.988209631267906,0.9972161417880417,0.9904571267235434,0.9880122093408258,0.9971607424952793,0.9903457445845569,0.9869159458219882,0.9970023501161974,0.9903365273735157,0.9871473140275552,0.9968401973817635,0.9903324347824803,0.9866789417006515,0.9969852223531578,0.9901911209798168,0.9906424345689463,0.9956624263637359,0.9900144420320396,0.9905339639972633,0.9954149639512792,0.9901939927898998,0.9906424856467145,0.9953567515261423,0.9904105303999857,0.9907507139639058,0.9961050834514359,0.9903984832327468,0.9910390122801609,0.9960838270816742,0.9894040449731788,0.9905808279101947,0.9946696999252307,0.9893791936351625,0.9905808478610182,0.9945897335396017,0.98939124613585,0.9909470007531639,0.9944474080107966,0.9890120539235965,0.9900849741638116,0.9942070572742953,0.9889451119173046,0.9900850637827454,0.9942131364611623,0.9890087589340558,0.990084994104319,0.9940295992833104,0.989567135179838,0.989717644929167,0.997929182034887,0.9908215736435724,0.990046388887668,0.9968999475017281,0.9894733188447099,0.9904315689322756,0.9949673803211733,0.9889738108092752,0.9901878280811567,0.9946278769491413,0.9891334207914932,0.9900846331619546,0.994426092059272,0.9906363587263811,0.9898754753476368,0.9967104068007064,0.9908473621729936,0.9899512778953734,0.9969044120647349,0.9981158536666649,0.9956672355717274,1.0029443697431413,96.0
0.9999969159573512,0.9999965581122788,0.999997638019571,0.9797466098753376,0.9773548424483461,0.9844888553500392,0.9943509812062437,0.992340065922034,0.9998334392946193,0.9924986009507674,0.9909897774468747,0.9985756046791247,0.9924088561930844,0.9906577608159273,0.9986894672996603,0.9917141046150676,0.990403800361966,0.9983570769788632,0.9912056087681826,0.9906245264799564,0.9972862666745544,0.9909354896713557,0.9902834661266886,0.9970735388714747,0.9905196954531923,0.9907049812822762,0.996359696300657,0.9907787968125854,0.9895578282316041,0.9979262431982461,0.9906049735641403,0.9895651223199377,0.9979234322206051,0.9904305313500091,0.9884454106172647,0.9973092027798334,0.992408857604714,0.9903919559601118,0.9985707112864568,0.992354946899727,0.9906577895486087,0.9988467436593277,0.990430161909237,0.9882026608613547,0.9971948529451268,0.9904296156004904,0.9880053108542068,0.997139523275026,0.9903189126209756,0.9869100502522729,0.996981462412557,0.990309594603235,0.9871407602336508,0.9968169370453658,0.9903057083515572,0.98667330008337,0.9969647734617401,0.9901573092817055,0.9906207438203499,0.995630123492704,0.989979295873127,0.9905095412534576,0.9953807672984467,0.9901604262374031,0.9906207948969731,0.995324676227608,0.9903778987468295,0.990731755669625,0.9960745641465234,0.9903657586954531,0.9910199216049888,0.9960521375618252,0.9893645814283948,0.9905495351082364,0.994625804532721,0.9893388698481789,0.9905495550584078,0.9945453466595766,0.9893513193977642,0.990906488957473,0.9943912327421747,0.9889745956608942,0.9900556321029886,0.9941697610396251,0.9889078676439825,0.9900557217191827,0.9941759607130207,0.9889711643643816,0.9900556520428857,0.9939922225623622,0.9895412779988021,0.9897102422483331,0.9979082744438285,0.9907936986406313,0.990034164087693,0.9968758823826755,0.9894362801911812,0.990404023864736,0.9949297508325465,0.9889363929665222,0.9901587656470021,0.9945904473005225,0.9890959058258485,0.9900552911115565,0.9943887379061449,0.9906082821318466,0.9898630542383698,0.9966861520267651,0.9908193048780252,0.9899388767041885,0.9968803531629924,0.9981019155814072,0.9956661261496613,1.0029370713650743,97.0
0.9999969217164466,0.9999965545078235,0.9999976389338789,0.9797850681751037,0.9773314616080911,0.9844946440581112,0.9943929886630648,0.9923112977851446,0.9998421188788885,0.9925402245512893,0.9909594697288598,0.998583810911033,0.9924495818535982,0.9906271771719054,0.9986968605200324,0.9917552624153869,0.9903740955583742,0.9983642241967435,0.991248804781799,0.9905909564718097,0.9972957534002559,0.9909779775890083,0.990248716565665,0.9970822862936872,0.9905638339146468,0.9906690614626922,0.9963713979716678,0.9908186942721037,0.9895289928490612,0.9979316375398347,0.9906450805055945,0.9895365177759177,0.9979287943354841,0.9904675426704144,0.9884165257281018,0.9973121224220617,0.9924495512730166,0.990361151581162,0.9985779358539603,0.9923951577201148,0.9906272059037011,0.9988537756385926,0.9904671281324786,0.9881734076797183,0.997197081825325,0.9904665598949386,0.9879756592207978,0.9971411909840209,0.9903562614049801,0.9868819506464168,0.9969846210541394,0.990346860983258,0.9871121491618967,0.9968181346346987,0.9903431141535002,0.9866453837365168,0.9969682727659979,0.990202672190975,0.9905827526577184,0.9956441891446093,0.9900248025389102,0.990470261856113,0.9953961238996385,0.9902068307909634,0.9905828037323772,0.995339524194409,0.9904224933427628,0.9906950526538983,0.9960869947038623,0.9904102799876903,0.9909832844776296,0.9960636888718825,0.989410543900494,0.9905110283937625,0.9946457695709664,0.9893847360484826,0.9905110483431578,0.9945653135114055,0.989397520296818,0.9908716778979855,0.9944172463840435,0.9890237726908135,0.9900144909845412,0.9941889860422845,0.988957369574717,0.9900145805970013,0.9941953455928425,0.9890208376100219,0.9900145109236066,0.994011795611179,0.989582714824925,0.9896832423041497,0.9979135739076825,0.9908353957523132,0.9899987081834023,0.9968839922544498,0.9894823960301588,0.9903640144199201,0.994947254119137,0.9889835349216645,0.9901171712999975,0.9946087908137499,0.9891441708521168,0.990014150007316,0.9944075079255508,0.9906489632903825,0.9898266160287481,0.9966933351515379,0.9908611238187633,0.9899036884527852,0.9968884524076349,0.9981411048417461,0.9956422850667541,1.0029429777330272,98.0
0.9999969162327664,0.9999965539813952,0.9999976399621787,0.9797502234800007,0.977328465185702,0.9845023322370396,0.9943461010070741,0.9923049337908655,0.9998436176247391,0.9924924554155802,0.9909553757198328,0.9985828527837021,0.9924009940643885,0.9906238807325373,0.9986964354594193,0.9917075312309916,0.9903704179053446,0.9983620781831151,0.9912009760178404,0.9905886595000742,0.9972925752648202,0.9909304829838118,0.9902466263816759,0.9970797588922437,0.990515698857605,0.9906673376067285,0.9963646611930417,0.9907724522566608,0.9895259146410623,0.9979285380994553,0.9905990835783693,0.9895336842141681,0.9979256638853009,0.9904224387946067,0.9884128725356665,0.9973077764760631,0.9924010641128131,0.9903584931989425,0.9985784136197636,0.992346003206303,0.9906239094642423,0.9988529933477175,0.9904220406971848,0.9881698814186072,0.9971929837056215,0.9904214804513548,0.9879722732600741,0.9971372953929031,0.9903101608258269,0.9868761170008526,0.9969759487031012,0.9903006775371628,0.9871055423381018,0.9968074672490185,0.9902968966607183,0.9866393875724627,0.9969593510211131,0.9901549758544385,0.9905819824790465,0.9956359697925209,0.9899773273219167,0.9904702537050633,0.9953874878726938,0.9901592781675566,0.9905820335536527,0.9953314234363175,0.990374487217373,0.9906935206028211,0.996079135686647,0.9903620801002315,0.9909809006173029,0.9960531393211723,0.9893617817298824,0.9905121634922258,0.9946355914784422,0.9893354668672528,0.990512183441639,0.9945548394208463,0.9893487615301333,0.9908720847749496,0.994407006495744,0.9889798924584642,0.9900179893028116,0.994180258453684,0.9889127520298254,0.9900180789155653,0.9941862602092029,0.9889780410571376,0.9900180092419427,0.9940037609146024,0.9895385871547716,0.9896825950213752,0.9979103653692578,0.9907881615467246,0.9899967124747611,0.9968818861553863,0.98943495077181,0.9903654452606923,0.9949378706823284,0.9889384769883544,0.9901204628001272,0.9945996493316294,0.9890997588607419,0.9900176483244695,0.9943985663073779,0.9906023267692796,0.9898252047411236,0.9966917830843233,0.9908133360809451,0.989900973574095,0.9968863732065774,0.9981055660402174,0.9956392167001313,1.0029507868021135,99.0
0.9999969301210775,0.9999965511363613,0.9999976336147242,0.9798414822919996,0.9773105721850611,0.9844596528825805,0.9944532973160084,0.9922798957566219,0.9998009689292009,0.9925993407771364,0.9909273655096829,0.9985382960862844,0.9925075340694693,0.990594135303398,0.9986497686368382,0.9918154089559754,0.9903420323265396,0.9983172516737882,0.9913059517203477,0.9905574186344266,0.9972480733379945,0.9910361402388562,0.9902155302974658,0.9970356721824625,0.9906166333108665,0.9906319866752219,0.996319161701863,0.9908812315367713,0.9894969853616886,0.9978831989068877,0.9907078871618257,0.9895046101293967,0.9978802205524158,0.9905324116425855,0.9883837546595569,0.9972622466675631,0.9925074450001972,0.9903273595996129,0.9985301191618052,0.9924524553430533,0.9905941640342429,0.9988062812757683,0.9905319916788412,0.988140541977472,0.9971471100388839,0.9905314207483047,0.987942701978247,0.9970911497603112,0.990419838196537,0.9868471166541162,0.996930221986611,0.990410301854627,0.9870760599612709,0.9967604249286902,0.9904065438518723,0.9866104787009234,0.9969138062248061,0.9902525083772441,0.9905426819613677,0.995589503176568,0.9900732626269516,0.9904283735116339,0.9953405961452089,0.9902559572771088,0.990542733033937,0.9952844552169967,0.9904741112376011,0.9906567999153312,0.9960332944187602,0.9904616928479754,0.990944908240727,0.996007446116011,0.9894564472245395,0.990467197612606,0.9945880584274567,0.9894304755401072,0.9904672175611047,0.9945075860976571,0.9894433919583552,0.9908255611833493,0.994358299417047,0.9890685776678758,0.9899705837368595,0.9941306684066169,0.9890010783189311,0.9899706733452799,0.9941364844117463,0.9890660648777946,0.9899706036750254,0.9939537293899505,0.9896475119384018,0.9896530990858534,0.9978649324812943,0.9908938642523681,0.9899657166693372,0.9968378519923676,0.9895287381039435,0.990321112320358,0.9948900868321268,0.9890298038594992,0.9900737344750781,0.994551135745308,0.9891895845072074,0.9899702427750071,0.9943495380667059,0.9907080723552396,0.9897942201831877,0.9966478147407992,0.9909188577434875,0.9898698163838635,0.996842345146129,0.998198586946249,0.9956209568583658,1.002907305819647,100.0
0.9999969394430438,0.9999965464772965,0.9999976293095886,0.9799033656839675,0.977280701436552,0.9844309285016112,0.9945228964363044,0.9922409099208722,0.9997708448178295,0.9926721850248805,0.9908876746664076,0.9985094689268452,0.9925791725054289,0.9905544708890459,0.9986211371259535,0.9918897097892977,0.9903029083433283,0.9982885352469575,0.9913819474855663,0.9905159468371615,0.9972207478010537,0.9911128404789447,0.9901743404251037,0.9970085973590348,0.9906937365098311,0.9905878635147423,0.9962933654255401,0.9909560295489109,0.9894586794028878,0.9978540188255055,0.9907829206021525,0.9894664794862867,0.9978509651544285,0.9906068586922239,0.9883455502359324,0.9972328244327945,0.9925788772132078,0.9902877163360169,0.9985021295180292,0.9925235249764649,0.990554499618744,0.9987772858139112,0.9906064204738277,0.9881021531448507,0.9971174032746312,0.9906058406256091,0.9879041211885021,0.9970612182550292,0.9904941611853643,0.9868097644817585,0.9969019757465267,0.9904845956290782,0.9870384406664416,0.9967314422175485,0.9904808552594747,0.9865732799905983,0.996885829539482,0.9903318627089126,0.9904957856430278,0.9955653828157589,0.9901537493715602,0.9903795877693181,0.9953172685699784,0.9903357273355288,0.9904958367131708,0.9952606696576384,0.9905520818381669,0.9906117931518386,0.9960082320977602,0.9905396700563851,0.9909007938516335,0.9959828192036603,0.9895395565639591,0.9904162048502472,0.9945661982053543,0.9895136857306259,0.9904162247977129,0.994485845074676,0.9895265003244654,0.9907736029137908,0.9943361465617604,0.9891555718136982,0.9899180935026389,0.9941108107163869,0.9890882164760793,0.9899181831062759,0.9941166717854772,0.9891540138275052,0.9899181134397396,0.9939345051548243,0.989723882991573,0.9896162355286207,0.9978356257118558,0.9909706107451042,0.9899247224729157,0.9968107428217717,0.9896115855177435,0.9902705117315388,0.9948680352382434,0.9891143386302604,0.9900213406120478,0.9945301278693309,0.989275313566518,0.9899177525589866,0.99432910972582,0.9907847516975544,0.9897531423466526,0.9966206676088493,0.9909956386550344,0.98982897293051,0.9968152299870388,0.9982616535943901,0.9955904873053114,1.0028780364174212,101.0
0.9999969401322094,0.9999965440879106,0.9999976393740853,0.979908164758114,0.9772641730956534,0.9844968592544567,0.9945274674459289,0.9922264736319172,0.9998499674498647,0.9926799040692306,0.9908746525993789,0.998590774925765,0.9925886558277577,0.9905419320310579,0.9987047209890367,0.9918978436424882,0.9902906061917441,0.9983702555601014,0.9913916747103609,0.9905039304868443,0.9973030198726266,0.9911226581686552,0.9901622233626782,0.99709065160175,0.9907051452840517,0.9905766689128586,0.9963768420664592,0.9909651801607151,0.9894474178836871,0.9979366657285811,0.9907922377730509,0.9894553663708302,0.9979336215125404,0.9906167134344268,0.9883349628036723,0.9973168642665589,0.9925883138567229,0.9902755640486056,0.9985865307582692,0.9925341020448307,0.9905419607603941,0.9988616232185005,0.9906162736527708,0.9880915653908925,0.9972014378901125,0.9906156930514621,0.9878935335287378,0.9971452482185577,0.9905040813129699,0.9868010241288273,0.9969888646451166,0.990494496977101,0.9870294313273028,0.9968178389995097,0.9904907868753674,0.9865648233016907,0.9969731675977551,0.9903452625283404,0.9904847243823923,0.9956497491869714,0.9901681239326189,0.9903683859102439,0.9954018782456505,0.9903495315322786,0.9904847754519618,0.9953453684614051,0.99056426142613,0.9906008726187977,0.9960922051755275,0.9905518739602933,0.9908909595883489,0.9960675442301958,0.989553648268157,0.9904040273188158,0.9946504068395247,0.9895272197843044,0.9904040472660334,0.9945697470387392,0.9895405972057327,0.990760549861062,0.9944202479591732,0.9891735627123982,0.9899065234518847,0.9941966329651597,0.9891060027471141,0.9899066130544594,0.9942023763955652,0.9891725909734342,0.9899065433887493,0.9940207243535719,0.9897344316014463,0.9896063485603463,0.9979182405071793,0.9909802439938029,0.9899125619693567,0.9968925871912508,0.9896271250212624,0.9902586897762984,0.9949530846372873,0.9891309927495241,0.9900090690881453,0.9946155672413911,0.9892928188514766,0.9899061825122745,0.9944147174621533,0.990794044816557,0.9897406819490595,0.996702215537824,0.9910056196060846,0.989817383239348,0.9968970519359113,0.9982665413882548,0.9955736621685729,1.002945250494286,102.0
0.9999969439898222,0.999996545589864,0.9999976381367255,0.9799334465796938,0.9772742897980975,0.9844885651055431,0.9945574589663162,0.9922368211153901,0.9998415355019685,0.9927119511200719,0.9908852190707625,0.9985822357674333,0.9926208968969467,0.990550889003611,0.998694202341969,0.9919296626615932,0.9903017978161865,0.99836278619464,0.9914267868608997,0.9905148301719705,0.9972942431179082,0.991158170932496,0.990173227729511,0.9970821531260389,0.9907423937971673,0.9905870498600212,0.9963677198473083,0.9909968035772343,0.9894595147962771,0.9979308816302301,0.990823882400924,0.9894674186826865,0.9979278286106362,0.9906478680011159,0.9883486480593421,0.9973137177223613,0.9926205101334603,0.9902832334195653,0.998574170998895,0.9925664931740954,0.990550917733205,0.9988512977824698,0.9906474371325622,0.9881053165004986,0.9971984274186294,0.990646860853688,0.9879073565816217,0.997142349508186,0.9905360405372088,0.9868187373928906,0.9969921506406042,0.9905264515758855,0.9870469541682939,0.9968209796590316,0.9905228517750263,0.9865830925047837,0.9969773153679085,0.9903819314579428,0.9904946524332773,0.9956398034021107,0.9902041245143061,0.9903780336129756,0.9953915043098772,0.9903867533212518,0.9904947035033447,0.9953358498866712,0.9906012646026693,0.9906110811141752,0.9960824954612508,0.9905887675653453,0.9909011773297531,0.9960565152881236,0.9895863050540263,0.9904145027485873,0.9946373905658185,0.9895588145674039,0.9904145226960099,0.99455610375129,0.9895732496521594,0.9907699240010334,0.9944068896956717,0.9892095170331547,0.989918813985264,0.9941851279657768,0.989142238213573,0.9899189035889259,0.9941910004126603,0.9892081929695478,0.9899188339223708,0.9940089989862877,0.989766122968857,0.9896180787441683,0.9979124603328148,0.9910157983177057,0.9899236274641164,0.9968841703281994,0.9896625448382237,0.9902696125130215,0.9949418375913914,0.9891674477152291,0.9900217646797131,0.9946041359629262,0.9893289028481147,0.9899184730415155,0.9944032624303408,0.9908297076851259,0.9897518391355568,0.9966939038462904,0.9910410751984813,0.9898283514359962,0.9968886386687917,0.9982923131643981,0.9955839678502196,1.0029367994361653,103.0
0.9999968177447113,0.999996588362592,0.9999975646156163,0.9790966528697805,0.9775565307216049,0.9840124264925075,0.9936094413056246,0.9925594709537074,0.9992220252292306,0.9917625025104174,0.9912065298317042,0.9979574289879156,0.9916714294141648,0.990871681740947,0.9980689489299661,0.9909786986688455,0.9906228677650117,0.9977345005709626,0.9904786594346775,0.9908337057295451,0.9966677375848084,0.9902103783007407,0.990492415065113,0.9964558868320185,0.9897946182690015,0.9909021202860271,0.9957391919109296,0.9900452058089345,0.9897802322423415,0.9972979435943294,0.9898726873989762,0.9897885790141745,0.9972949203326852,0.989693468738374,0.9886662503163143,0.9966734766785053,0.9916711701140731,0.9906036116767959,0.9979479523864141,0.9916169191266306,0.9908717104798492,0.9982265004593394,0.9896928914512219,0.9884215716261077,0.9965555647536203,0.9896922440267838,0.9882221826610462,0.9964973512666464,0.9895814407031938,0.9871330997721549,0.9963468165379825,0.9895718384966941,0.98736084507061,0.9961757085125157,0.9895682280054386,0.9868971064346016,0.9963313074933732,0.9894323189174137,0.9908067118262263,0.9950094522665528,0.9892531309789211,0.9906883497549124,0.994760588833095,0.9894377122313768,0.9908067629123652,0.994705322349779,0.9896527435814613,0.990924883792929,0.9954528386580007,0.9896400565577234,0.9912144464355379,0.9954247749666165,0.9886315030897432,0.9907228666937496,0.9940041327212223,0.9886032564134871,0.9907228866473734,0.9939222952086137,0.988618444634118,0.9910772878444033,0.9937740409009399,0.9882558282995739,0.9902262315627336,0.9935517164678633,0.9881886957947913,0.9902263211941749,0.9935576631755509,0.988254254014651,0.9902262515060207,0.9933750806790258,0.98881779775935,0.9899423438027376,0.9972794828301682,0.9900683224819087,0.9902429623799991,0.996258048419082,0.98870971100154,0.9905783824102515,0.9943098459411809,0.9882141082002374,0.9903290652773095,0.9939715974200557,0.988375424251486,0.9902258905132845,0.9937702755303133,0.9898828850071092,0.9900716707277619,0.9960679917199752,0.9900930719072755,0.9901469737910626,0.9962625418036687,0.9974394825501991,0.9958716454555198,1.0024512446802227,104.0
0.9999965758600933,0.9999966673112152,0.9999974285728008,0.9774930709445717,0.9780765876762477,0.9831333063891169,0.9917953521633146,0.9931586950577166,0.9980781342482453,0.989948825448576,0.9918040919664219,0.9968148161252465,0.9898577165154376,0.9914694831329173,0.9969275093845953,0.9891639059633615,0.9912210221416058,0.9965929621529883,0.9886673200855278,0.9914288768307185,0.9955233508915999,0.988400321676461,0.9910891570483362,0.9953116989169336,0.9879839719886958,0.9914919208674379,0.9945929737498994,0.9882293601484764,0.9903792451102462,0.9961574390875843,0.9880569614987309,0.9903874528844452,0.9961543477893355,0.9878753263810005,0.9892671909632063,0.9955348754402019,0.9898576286052168,0.9912016043585598,0.9968063085827157,0.9898030568947382,0.991469511889158,0.99708591833154,0.9878747695491871,0.9890224923757654,0.9954166892532056,0.9878741322184249,0.9888231110053567,0.9953582338845748,0.9877624246265874,0.9877397400100977,0.9952144181514961,0.9877528316533953,0.987967331353746,0.9950443458431889,0.9877490967646975,0.9875045151502829,0.9951995544974924,0.9876224470817576,0.9913920298753307,0.9938623275582068,0.987443372916588,0.9912709748411025,0.9936136020288929,0.9876287015479631,0.9913920809916185,0.9935575976080878,0.9878423574993314,0.9915128948057623,0.9943059601239476,0.9878294871528592,0.991802138939652,0.9942763778680059,0.9868228040341159,0.9913005674388126,0.992857931703855,0.9867948797020875,0.9913005874040539,0.9927761306286843,0.9868097433883278,0.9916541365762671,0.992628908131709,0.9864475782085802,0.9907978110845793,0.9924046496743837,0.9863805511896385,0.9907979007676654,0.992410647038516,0.9864468517348179,0.9907978310393563,0.992227883706826,0.9870027036421338,0.9905404697364303,0.9961390340872107,0.9882590868312628,0.9908406518679163,0.995113876546247,0.9869001760756281,0.9911564287361075,0.9931631169072868,0.9864045478852754,0.9909021426101007,0.9928249035963427,0.9865662019628357,0.9907974698386202,0.9926234291813125,0.9880745918488227,0.9906700854427698,0.994923939045995,0.9882839623511789,0.9907449261814345,0.9951183555404238,0.9958051767460243,0.9964017428241586,1.0015547421127875,105.0
0.9999963706124463,0.9999967505398862,0.9999973041791871,0.9761311279569505,0.9786252044679546,0.9823308737767708,0.9902621999642184,0.9937879363739236,0.9970389668761076,0.9884202326112468,0.9924355395050766,0.9957786300100562,0.9883285191288088,0.9921002080913872,0.9958916312470334,0.9876353241682135,0.9918522084458207,0.9955581082096666,0.9871447115819062,0.9920647200301866,0.9944883255930107,0.9868793744829002,0.9917269146738397,0.9942767848866947,0.986466336228276,0.9921291430245559,0.9935590002638752,0.9867018640026746,0.9910100557916116,0.9951241369567578,0.986529541583786,0.9910179716756008,0.9951209826680412,0.9863489153175462,0.9898988433519346,0.9945042418070263,0.988328460619832,0.991831751131444,0.9957695834473548,0.9882734755045481,0.9921002368659164,0.9960508605252568,0.9863483485050824,0.9896538104061878,0.994385317593713,0.9863477063661164,0.9894541116367411,0.9943262563955338,0.9862374255260071,0.98837554345746,0.9941906717529119,0.9862279330402807,0.9886045575907506,0.9940239227021898,0.9862242661758369,0.9881406359158935,0.994176182226223,0.986109032937069,0.9920301388463386,0.9928288530518266,0.9859318154575394,0.991909510597896,0.9925805228401119,0.9861167056109492,0.9920301899955092,0.99252413310016,0.9863263275485205,0.9921505770470241,0.993272174500708,0.986313371329418,0.9924404018368927,0.9932425733253747,0.9853138912648451,0.9919372454390584,0.9918264428290442,0.9852861845245567,0.9919372654171132,0.9917447827608193,0.9853008259040931,0.9922899589218048,0.9915983196196455,0.9849399090923535,0.9914330594095221,0.9913719070621966,0.9848732735067944,0.991433149150054,0.9913781463864176,0.9849392832490294,0.9914330793770812,0.991194723303373,0.9854757175864617,0.9911695288525254,0.9951058094655867,0.9867390788927227,0.9914796279126774,0.9940788548779577,0.9853907005005906,0.9917934537675556,0.9921308963011418,0.9848961360098046,0.9915377041345055,0.9917925436575586,0.9850580986552562,0.9914327179449817,0.9915908751808334,0.986555304836205,0.9913095293581402,0.993888883742854,0.9867647467363787,0.9913851347789314,0.9940832829079121,0.9944171706139651,0.9969609374103257,1.00073645665255,106.0
0.9999962080130108,0.9999968366509494,0.9999972013021265,0.9750518764744324,0.9791936208534748,0.9816698736762213,0.9890490283738803,0.9944347550489762,0.996177378562683,0.9872121155313303,0.9930852988308674,0.9949262618661526,0.9871172815363927,0.9927497459846456,0.9950398483534806,0.9864286065910101,0.9925011635180716,0.9947091533719191,0.9859418959347993,0.9927209499714461,0.9936412788343336,0.9856776231337251,0.992383971285408,0.993429934631589,0.9852674063419283,0.9927898022206944,0.9927151507020884,0.985498060616855,0.9916578513766715,0.9942791708410532,0.9853259125322209,0.991665276380906,0.9942760127751095,0.9851481159921631,0.9905471731293223,0.9936653536657044,0.9871173430827445,0.9924811117521712,0.9949180600889441,0.9870602764163677,0.9927497747780087,0.9951992346312306,0.9851476361310053,0.9903024388331821,0.9935471912232822,0.985147036106093,0.9901031518170033,0.993488776957661,0.9850381119075373,0.9890256695314196,0.9933586995917442,0.9850287151399935,0.9892559716058975,0.9931950353474236,0.9850251313890598,0.988790793512039,0.9933446260230043,0.9849143239041885,0.9926944776950359,0.9919875586031742,0.9847393838476602,0.9925760521575646,0.9917409331201802,0.9849225938080524,0.9926945288784399,0.9916828330779791,0.9851289954078291,0.9928127133059254,0.9924291644107048,0.985115914742166,0.9931028402843506,0.9923988663348622,0.9841216134813188,0.9926071825960496,0.9909912015552065,0.9840926890115604,0.9926072025875909,0.9909092344373984,0.9841087068984485,0.9929621572111748,0.9907681444714069,0.9837583493812051,0.9921055155862019,0.9905383097032148,0.9836915118345746,0.9921056053875551,0.9905447001950841,0.9837586731908988,0.9921055355672957,0.9903617964303126,0.9842730800916061,0.9918142897556871,0.9942610196897863,0.9855380779423979,0.9921372434582586,0.993231914023328,0.9842015249020314,0.9924624708601172,0.9912943966758839,0.9837121377917515,0.9922091282174552,0.990957344095124,0.9838755529753493,0.9921051738902342,0.9907564316095009,0.9853548728870137,0.9919674440019127,0.9930418569874694,0.9855640161211346,0.9920432181691201,0.9932363210411466,0.9933172781255692,0.9975402884875031,1.0000623721582425,107.0
0.9999960789121292,0.9999969150620285,0.9999971137315937,0.9741954929484874,0.9797126034908042,0.9811092321043727,0.9880828862478839,0.9950183432556265,0.9954427087976302,0.9862564458586833,0.9936651960912793,0.9942037683570778,0.9861608783337711,0.9933288160719369,0.9943203858320189,0.9854751864197576,0.9930791510359703,0.9939892493307327,0.9849942077516378,0.9932994847501454,0.9929283199916418,0.9847303138042386,0.9929622215482119,0.992716936358851,0.9843229194851216,0.9933646186666008,0.9920089402060663,0.9845461970299032,0.9922330786363518,0.993560128219913,0.9843746427978936,0.9922401706676353,0.9935568725809417,0.9841949397419406,0.991119198084546,0.9929482041751448,0.9861611722897757,0.993059519989023,0.994198883606101,0.9861032601565628,0.9933288448821018,0.9944813766713678,0.9841944968972848,0.9908740033555594,0.9928299324137049,0.9841939143435613,0.9906744053269544,0.9927715177101967,0.9840827016984165,0.9895934424287296,0.9926426296537743,0.9840733138175701,0.9898234010125755,0.9924796566298083,0.9840694285174891,0.9893580665898223,0.9926285889301666,0.9839720819507375,0.9932661984396828,0.991286163169826,0.9837983511216849,0.993145915819811,0.9910426318665426,0.983980600648447,0.9932662496525265,0.9909817368439545,0.984185334178155,0.9933862915428556,0.9917244369053618,0.9841720664271046,0.993676188466966,0.991692341959795,0.9831800205750519,0.9931740333429144,0.9903002019262824,0.9831500410358186,0.9931740533458495,0.9902186404469158,0.9831671643043098,0.9935292961628944,0.9900791794216374,0.9828250236572807,0.9926688933329554,0.9898519050443771,0.9827580407466329,0.9926689831851735,0.9898587061780377,0.9828260738724827,0.9926689133253664,0.9896764983789849,0.983324796956736,0.9923876015587506,0.9935420205446674,0.9845911299909004,0.992715396637036,0.9925185364360184,0.983262654652331,0.9930292037259189,0.9906015170734694,0.9827768457359424,0.9927722839581946,0.9902675638329087,0.9829412890962281,0.9926685514434465,0.9900683231804592,0.9844079142099808,0.9925453835210847,0.9923279449421983,0.9846167448682583,0.9926209682426055,0.9925229565575288,0.9924445068063388,0.9980692210777644,0.999490613596167,108.0
0.9999959781666781,0.9999969890482509,0.9999970414371169,0.9735265781846993,0.9802023288744298,0.9806473295415996,0.987331937566104,0.9955689935387955,0.9948374301508692,0.9855218608894073,0.9942121014665357,0.9936156376832765,0.9854241949860169,0.9938746118714596,0.9937361200177021,0.9847438282632526,0.9936228156535806,0.9934031923023212,0.9842742250197142,0.9938469951243751,0.992356764828972,0.9840106172829034,0.9935084853949704,0.9921459531981417,0.9836108919662075,0.993911386805986,0.9914497105328491,0.9838194365980678,0.9927720576293166,0.9929742957286446,0.9836488430017317,0.9927790736578537,0.9929710403432507,0.9834695816872984,0.9916504171655385,0.9923628346104106,0.9854248060875278,0.9936044280271885,0.9936156314780976,0.9853650815659913,0.9938746406974651,0.9938986702617075,0.9834691611183429,0.9914041775801341,0.9922440700355335,0.9834685884007922,0.9912037659134745,0.9921854216907336,0.9833543540668662,0.9901119535352854,0.992052346589082,0.9833449849690407,0.9903418056748992,0.9918902398738566,0.9833406880658606,0.9898749372252807,0.9920375306017957,0.9832667991358464,0.9938120388212773,0.9907353398929224,0.983096535495133,0.9936910751382951,0.9904963047928642,0.9832762796088808,0.9938120900622313,0.9904322311209827,0.9834758817401423,0.9939328137021203,0.9911683476561135,0.983462517774358,0.9942232529676196,0.9911358017785215,0.9824825888707664,0.9937177552303917,0.9897644506536797,0.9824518838781394,0.9937177752442549,0.9896840996041271,0.9824696721421989,0.9940712252632588,0.9895423979668774,0.9821409656373918,0.993212683772764,0.989324521350337,0.9820746928012316,0.9932127736740741,0.9893323676237586,0.9821426839125663,0.9932127037760984,0.9891507613729836,0.9826043356739443,0.9929267566881581,0.9929562573932242,0.9838716698413126,0.993260961870637,0.9919473053576648,0.9825671329503562,0.99357365376033,0.990063038143832,0.9820892132538874,0.9933163763318834,0.9897341225826641,0.9822553469105361,0.9932123416964591,0.9895379134399209,0.9836884769737774,0.9930907826963417,0.9917562904489508,0.983896681201337,0.9931656996654832,0.9919517557523606,0.9917628084100797,0.9985683352948023,0.9990195493277049,109.0
0.9999959405495701,0.9999970562568355,0.9999969825235732,0.9732730486400638,0.9806475948636574,0.980266582979924,0.9870687891535339,0.9960673785039101,0.9943630295292541,0.985278941267312,0.9947090284027031,0.9931643256825691,0.9851789780538488,0.9943689099912856,0.9932885544033776,0.9845055656239068,0.9941149112110079,0.9929564598292905,0.9840470602356072,0.9943514299554855,0.9919267630253271,0.9837863526370914,0.9940151864137228,0.9917172734421651,0.9833898285470085,0.9944165592192585,0.991033863236138,0.9835864198433228,0.9932571713264754,0.9925301176945942,0.9834167974935801,0.9932637053692124,0.9925268999669914,0.9832384276890603,0.9921262909174333,0.9919225178689601,0.9851799747195629,0.9940966230073374,0.9931684314815391,0.9851181990359019,0.9943689388316398,0.9934530792612483,0.9832380851444931,0.991878985539738,0.9918040106443312,0.9832375488463896,0.9916778652193892,0.9917458246704305,0.9831225353087952,0.9905727685765819,0.9916119389548167,0.9831131712559148,0.990802365352932,0.991450186967156,0.9831087818098125,0.990333829140697,0.9915970588031825,0.9830512699782881,0.9943175723479251,0.9903289972759681,0.9828840286062863,0.9941967230615169,0.9900949488320137,0.9830610572889299,0.9943176236149047,0.9900274452233672,0.9832569277173194,0.9944382338807376,0.9907560243034603,0.9832434658269762,0.9947292065373646,0.9907228388293486,0.9822712841246968,0.994220306519619,0.9893748302407401,0.9822394416778333,0.9942203265435753,0.9892960601904086,0.9822582412071984,0.9945706636893319,0.989149739485374,0.9819401397053605,0.9937153296786736,0.9889443242216321,0.9818734746366903,0.9937154196253148,0.9889529437364715,0.9819421178066537,0.9937153496920956,0.9887725986939943,0.9823777038864201,0.9934096968745321,0.9925122455801421,0.983649316962808,0.9937693152158111,0.9915187992454451,0.9823588353947369,0.994077469844154,0.9896705423263847,0.9818874877447187,0.9938188474155439,0.9893472636876304,0.9820540430467131,0.9937149874298816,0.9891543768433224,0.9834668065730325,0.9935995790064422,0.9913281106088073,0.9836749447015211,0.99367497354785,0.991523213966454,0.9915045194068393,0.9990221267287782,0.9986313315136327,110.0
0.999995926450657,0.9999970908385026,0.9999969230919995,0.9731768613241796,0.9808793829873431,0.9798796572691225,0.9869753736001095,0.9963132405789172,0.993895286804757,0.98520884697191,0.9949449345026248,0.9927236195625923,0.985107741531725,0.9946005322234188,0.9928521294359612,0.9844392294400124,0.9943440206570576,0.9925199707039445,0.9839958503216674,0.9945866842047735,0.9915131691496406,0.983735539763617,0.9942494679870456,0.9913043696476532,0.9833463611281829,0.9946474588291951,0.9906400452641024,0.9835259540327629,0.9934764583146475,0.9920959481939794,0.9833574306929477,0.9934822063647593,0.9920927760734305,0.9831796418971375,0.9923333379797173,0.9914918303618414,0.9851091526780056,0.9943248181094266,0.9927314979470372,0.9850459687882018,0.9946005610705114,0.9930196055679846,0.9831794119434197,0.992084798254886,0.9913740091431147,0.9831789284187449,0.9918829140448882,0.9913167157551251,0.9830620686035442,0.9907586958483688,0.9911776658010215,0.9830526598167045,0.990987095348715,0.991014802989172,0.9830481028926106,0.9905171914420576,0.9911624979610922,0.9830117270461692,0.9945445141369549,0.9899476304365832,0.9828467159127016,0.9944211576217883,0.9897202308311847,0.9830213628254243,0.9945445654155888,0.9896479175227185,0.9832149490347571,0.9946676842476977,0.9903667920643,0.9832013795863124,0.994959016036158,0.9903326191433481,0.9822351366502844,0.9944383737852333,0.9890173429197183,0.9822024766307776,0.9944383938135446,0.9889409536290488,0.9822220317757441,0.9947866296061376,0.9887906157724647,0.9819089085610737,0.9939257725329589,0.9885957931579347,0.9818424880494353,0.9939258624984247,0.9886056871123816,0.9819097779162544,0.9939257925505691,0.9884257798405431,0.9823243134277729,0.9936249105272714,0.9920783082425692,0.9835992115084674,0.9940031956451896,0.9911056915919405,0.9823248367797616,0.9942963908101932,0.9893075308451087,0.9818583870263369,0.9940320058764673,0.9889909584355977,0.9820231565945563,0.9939254302125391,0.9888020482345445,0.9834165133296637,0.9938330902047677,0.9909146525797488,0.983624601472694,0.9939085478977393,0.9911101185438765,0.9914065498154065,0.9992582871110587,0.9982368634921021,111.0
0.9999959914396512,0.9999970894516899,0.9999969109771583,0.9736051278082116,0.9808740641745002,0.9797950535299036,0.9874721029473413,0.9962876969185849,0.9938216507854876,0.9857304798784946,0.9949094514195876,0.9926853269786762,0.98562863352536,0.9945612578574222,0.9928202104644965,0.9849655467809408,0.994303000591749,0.9924895226023123,0.9845357922573955,0.9945500558373579,0.991505805814454,0.9842762606197749,0.9942121145283488,0.9912977997979289,0.9838914643381389,0.9946051313812221,0.9906549338047518,0.9840585804656476,0.9934274404499785,0.9920723576535772,0.9838914537940042,0.9934326207614851,0.9920693289187607,0.9837129520430784,0.9922735186998838,0.9914782371721343,0.9856305683291406,0.9942825107521173,0.9927004892934971,0.9855660260773348,0.9945612867033974,0.992990829215912,0.9837127740326737,0.9920229378555746,0.9913602130615506,0.9837123133981983,0.9918195142498345,0.9913031558085427,0.98359576870596,0.9906854719813298,0.9911775465134555,0.9835864111439161,0.990914486722458,0.9910157837321316,0.9835818456440419,0.9904421241067239,0.991163967268568,0.9835618895573885,0.9944973891803368,0.9899788681299618,0.9834000714946223,0.9943711337334903,0.9897605101380325,0.9835708041003942,0.994497440456486,0.989681357186052,0.9837619658656652,0.9946234596604897,0.9903875047514733,0.9837482313990833,0.9949145420075483,0.990351072679431,0.982793325081476,0.9943844446145199,0.989083043664604,0.982760273603567,0.9943844646417067,0.9890098254842852,0.9827803696070119,0.994734488608203,0.9888597483120106,0.9824727185003125,0.9938639328931069,0.9886691963375008,0.982406369024021,0.993864022852735,0.9886804401336217,0.982472490189331,0.9938639529094176,0.9885015141082046,0.9828659702858976,0.9935731812783872,0.9920549828291155,0.9841405497679258,0.9939656426558826,0.9910987975168797,0.9828839795875911,0.9942417342925464,0.9893635935367384,0.9824236914795306,0.993971741623698,0.9890550336860424,0.98258732102004,0.9938635905949003,0.9888708464689963,0.9839571984895519,0.9937948221807514,0.9909072614004725,0.9841665240808248,0.9938718782926874,0.9911031922664794,0.9918430683862851,0.999252771572372,0.9981507000506912,112.0
0.9999961798863988,0.9999970638053419,0.9999969839144347,0.9748518010860044,0.9807088710995,0.9802594478417807,0.9888900966628582,0.9960786468080381,0.994440288592518,0.9871787086720196,0.9946941030959155,0.9933410280421137,0.9870784758500774,0.9943422740078903,0.9934839781030119,0.9864181106747697,0.994080942282457,0.9931520048761499,0.9860078274589685,0.9943400480374596,0.9921962140623226,0.9857497332031565,0.9940020028056357,0.9919899032022091,0.9853736897824554,0.9943954723302632,0.991370309622417,0.9855169260982445,0.9931956877098095,0.9927401622917318,0.9853512394270357,0.99320030356878,0.9927372594779748,0.9851708683116001,0.9920282566452336,0.9921538488261797,0.9870809773736255,0.9940606185769554,0.9933660680128144,0.987016413810415,0.9943423028475371,0.9936580794543908,0.9851707909382535,0.9917759281500921,0.9920365944097055,0.9851703766051787,0.9915713260207811,0.9919806064751924,0.985052883444583,0.9904192803878237,0.9918595416257109,0.9850435704940042,0.9906488867701357,0.9916983179011852,0.9850388485364231,0.9901731107569417,0.9918467152902245,0.9850538743067657,0.9942881611345429,0.9907128820140854,0.9848978689190049,0.9941622192973592,0.9905044660736348,0.9850623751069713,0.9942882123998609,0.9904185947588996,0.9852479157042249,0.9944139196578715,0.991109544386177,0.9852340320642935,0.9947047784057577,0.9910706541140407,0.9842970281908686,0.9941758125791091,0.9898523370171692,0.9842624713027318,0.9941758326020637,0.9897819529185741,0.9842841673198738,0.9945266315360979,0.9896304167043737,0.9839939313285476,0.9936548093048261,0.989452592458565,0.9839274827605691,0.9936548992453273,0.9894652284351054,0.9839938706751455,0.9936548293168825,0.9892886651824041,0.9843335914024479,0.9933390270471474,0.9927229881547461,0.9856148759992946,0.9937556971825146,0.9917911559991204,0.9843915549793956,0.9940327869885787,0.9901249606263637,0.9839427400702851,0.9937626522762828,0.9898263347185555,0.9841074274339512,0.9936544670793966,0.9896482104054923,0.985431316254781,0.9935847195513279,0.9915999115127803,0.9856408544056605,0.9936619392536564,0.9917955541308858,0.9931136643836251,0.9990842985794122,0.9986243104436647,113.0
0.9999964135528562,0.999997022000432,0.9999971117701798,0.9764010202045917,0.9804369770675283,0.9810837367122023,0.9906327916265558,0.9957485809857058,0.9954912702551442,0.9889546005443605,0.994359458253107,0.9944293292195733,0.9888538493494964,0.9940032694582079,0.9945772020142387,0.9882003270124593,0.9937396631771201,0.9942467997725843,0.9878107146652273,0.9940128481860437,0.9933230238969,0.9875542340696939,0.9936755713114829,0.9931186258314427,0.9871898374419191,0.9940704985415691,0.9925258907381842,0.9873069452466765,0.9928448217317962,0.9938395280674481,0.9871428529566906,0.9928491948062063,0.9938367183037463,0.9869629887373291,0.9916622433957933,0.9932601313121356,0.9888568742044398,0.9937181263890499,0.9944605593974264,0.9887910855010137,0.9940032982880433,0.9947533074863006,0.9869629288842124,0.991407499952853,0.9931424904998846,0.9869625203840796,0.9912010092351966,0.993086640592809,0.9868426894832061,0.9900305269285881,0.9929698808554501,0.9868333610800742,0.99025973551109,0.9928074571420946,0.9868283548378756,0.9897814556035525,0.992957778363448,0.9868803768256116,0.9939648858394693,0.9918886629054195,0.9867301558780319,0.9938398996395276,0.9916904944262079,0.986889020675572,0.9939649370880889,0.9915983947484307,0.98706803613766,0.994089690363082,0.9922726466965087,0.9870540980418065,0.9943809975129889,0.9922325494885844,0.9861359718815387,0.993856258456488,0.9910648004776221,0.9860999928475437,0.9938562784729832,0.9909974395532368,0.9861232309882632,0.9942082688645301,0.9908446245890405,0.9858500309589112,0.99333731989326,0.9906789165920301,0.9857844026295998,0.9933374098048651,0.9906934196863968,0.9858490260497812,0.993337339898889,0.9905182688058344,0.9861339481657339,0.9929881215231745,0.9938224328760236,0.9874206060139145,0.9934299588805071,0.9929205956435047,0.9862341439880649,0.9937127483887968,0.9913288559185873,0.9857972129804452,0.9934450189832983,0.9910402465443843,0.9859627501022373,0.9933369777777822,0.9908683389584332,0.9872373242224982,0.9932593803048017,0.9927302915635868,0.987446977692444,0.9933367389831228,0.9929249770685958,0.9946925428859988,0.9988070739525924,0.9994648069935401,114.0
0.9999966439786168,0.9999969690064062,0.9999972475816156,0.9779312757186372,0.9800918312261903,0.9819626374465129,0.9923418217839227,0.9953327530774423,0.9966009088271823,0.9906911602583826,0.993936869409536,0.9955723802078129,0.9905906680964917,0.9935761334729608,0.995724566699459,0.9899413643992933,0.99331085522178,0.9953961808587063,0.9895695443864871,0.9935945959900088,0.9944999510401435,0.9893158985203162,0.9932582788618227,0.9942985647410801,0.9889559927659928,0.9936513629002758,0.9937262377597998,0.9890542554381921,0.9924070291312728,0.9949940367468917,0.9888914103232584,0.9924111048552807,0.9949913308959243,0.988712041359856,0.9912108862109598,0.9944223300520133,0.990594132224468,0.9932873528362574,0.9956086775320471,0.9905277317602911,0.9935761622904279,0.9959026962908526,0.9887120012267178,0.9909539096725017,0.994304441612933,0.9887115997811047,0.9907456879361418,0.9942488195565821,0.9885904017853221,0.9895594233508641,0.9941388085062871,0.9885811122749446,0.989789388569126,0.9939766166490144,0.988575885879031,0.9893076586189186,0.994127552069663,0.9886539632498279,0.9935452040530217,0.9931066942806486,0.988508533576054,0.993419965182602,0.9929180109489704,0.9886614665217708,0.9935452552799697,0.9928193855550126,0.9888370218963342,0.99367026268893,0.993479253456115,0.9888229433823743,0.9939611739581456,0.9934365160972369,0.9879215298094299,0.9934367012916537,0.9923172640963683,0.9878849364215391,0.993436721299675,0.9922531462519718,0.9879088441495423,0.993788631402975,0.992097075738131,0.9876492800903665,0.992919166503862,0.9919442097016632,0.987584538610272,0.9929192563774649,0.9919605061160474,0.9876475013682867,0.9929191865010366,0.9917866754860012,0.9878892103250617,0.9925496346425179,0.9949770447175704,0.9891835981804599,0.9930134279014787,0.9941015500347544,0.9880212735741652,0.9932932238203493,0.9925728927774504,0.9875939845064279,0.9930260398873579,0.9922938379219425,0.9877610347191789,0.9929188245329824,0.9921277708233659,0.9890010074751833,0.9928437122087718,0.9939125990843273,0.9892100474324437,0.9929202939424947,0.994105931872024,0.9962520484171423,0.9984551766947353,1.000360952877173,115.0
0.9999968100258391,0.9999969122482113,0.9999973368508203,0.979034736997042,0.9797212660926375,0.9825392361793559,0.9935724893853656,0.9948916090643563,0.9973399575317461,0.9919385468390445,0.993485161681798,0.9963366924323578,0.9918360119731734,0.9931185388294247,0.9964890874878477,0.9911907222552745,0.9928549932622839,0.9961664383789888,0.9908326660946885,0.9931404053504299,0.9952902079337788,0.9905810046125431,0.9928043142599194,0.9950913166706729,0.990222494067822,0.9931918495860198,0.9945348687623042,0.9903073363871538,0.9919451711333351,0.9957700942364605,0.9901453247870506,0.9919493640226943,0.9957675635376144,0.9899659321896693,0.9907385644647322,0.9952067225768294,0.9918396313947633,0.9928250487679425,0.9963718042085685,0.9917717349062058,0.9931185676336314,0.9966683889921533,0.9899659108452216,0.9904795539163451,0.9950885615565361,0.9899655162777493,0.9902697543405539,0.995033104325795,0.9898450518411852,0.9890738464562199,0.9949354377829273,0.9898358342779466,0.9893052702514489,0.9947745368693468,0.9898306233828097,0.9888201244739176,0.9949255781978364,0.989920447316133,0.993081295543074,0.9939276321741,0.989775417295847,0.9929534350307362,0.9937456563983176,0.9899266838820411,0.9930813467460786,0.9936422810881925,0.9901034910573457,0.9932089765465036,0.994292139087163,0.9900892841453751,0.9934994885252574,0.994247069707891,0.9891872090968316,0.9929652640269087,0.9931624675854294,0.9891499009126824,0.9929652840254158,0.9931006001294891,0.9891745655602173,0.9933169441012336,0.9929422052801861,0.9889158673083054,0.9924399040498462,0.9927980909353129,0.9888511804472208,0.9924399938799482,0.9928154418385577,0.9889131485133369,0.9924399240373404,0.9926426098042382,0.9891477661574356,0.9920895330502834,0.9957531859660825,0.9904493777615409,0.9925596986181331,0.9948949489529606,0.9892887919716129,0.9928218881950175,0.9934122755900332,0.9888622499494983,0.9925493264100236,0.9931398265039952,0.989027945438218,0.992439562244489,0.9929778031616571,0.990267110073562,0.9923904677672064,0.9947068464589093,0.9904754059010416,0.9924659556486527,0.9948993569467396,0.9973765892987333,0.9980773886426245,1.0009489051633305,116.0
0.9999968819922262,0.9999968607296944,0.9999973251557939,0.9795088490155186,0.97938339037796,0.9824535940197578,0.9941261517855156,0.9944964064502843,0.9972949734887168,0.9925010009332565,0.9930814781045746,0.9963057096578947,0.9923986199283709,0.9927120440773914,0.9964623852402907,0.9917555417839174,0.9924478850078139,0.9961387246808545,0.9913998369769746,0.9927352176079921,0.9952728272052231,0.9911484905436503,0.9923992014214527,0.9950749767213198,0.9907904995101655,0.992786069693247,0.9945284394641806,0.9908739237100639,0.991533122637854,0.995744416479241,0.9907121101683615,0.9915378313288338,0.9957419381344066,0.9905349413637272,0.9903164797081196,0.9951843321129659,0.9924022730019962,0.9924163052440131,0.9963461583903078,0.9923344112058466,0.992712072869808,0.9966434636011686,0.9905350555517424,0.9900565669725913,0.9950675955301942,0.9905347249164443,0.989846341708562,0.9950136357540589,0.9904149118097766,0.9886342393918832,0.9949127356081745,0.9904056927065409,0.9888657918927644,0.9947515118435606,0.9904005944671216,0.9883782123786297,0.9949028910856402,0.9904871610875868,0.9926748765621534,0.9939284434809222,0.9903409493604536,0.9925465744875376,0.993750143304818,0.9904937704914011,0.9926749277442225,0.993644687096792,0.9906709916681019,0.9928029985705169,0.9942883512327787,0.9906567442788362,0.9930937423328694,0.9942425835859617,0.9897511771974761,0.99255730538183,0.9931791047811822,0.9897142452369078,0.9925573253721336,0.9931186929876967,0.9897387320382347,0.992911791321249,0.9929633922442176,0.9894734819609307,0.9920271139801841,0.9928147204885562,0.9894084179566545,0.992027203772977,0.9928323275035761,0.9894704585993725,0.9920271339593761,0.9926601881320903,0.9897158527569168,0.9916820669681412,0.9957273481508353,0.9910166844638284,0.9921546270907226,0.9948786722950285,0.9898517002729236,0.9924127887791812,0.9934232798794953,0.9894208012501151,0.9921371248437858,0.9931533695915264,0.9895859828789733,0.9920267723167892,0.9929929211699123,0.9908342629129763,0.9919851987572099,0.9946906774708526,0.9910427245373236,0.9920609565852011,0.9948830795885317,0.9978598335879535,0.9977329612242823,1.0008618027280443,117.0
0.999996784696574,0.9999968156727107,0.9999972132775325,0.9788617041122644,0.9790861318313739,0.981718016428683,0.99341100538568,0.9941570583224426,0.9964308205319299,0.9917731340514211,0.9927301904471285,0.995438249199315,0.9916682674475874,0.9923578724503616,0.995594991912466,0.9910262270523733,0.9920931535020889,0.9952731394683866,0.9906585483211723,0.9923793727917406,0.9944010572365697,0.9904058658295772,0.9920441948256029,0.9942032357657498,0.9900408287257282,0.9924288241657143,0.9936537265210462,0.9901408828268022,0.9911734311313688,0.9948801736625066,0.9899779763962996,0.9911781582380486,0.9948777612651845,0.9898031143168499,0.989950690106141,0.9943220921720947,0.9916716053675928,0.9920598265862868,0.995478691154748,0.9916028042636413,0.992357901232493,0.995776166935944,0.9898032809411392,0.989689445007381,0.9942052924520749,0.9898029742931203,0.9894782504128002,0.9941515529701839,0.9896821408438217,0.9882615314297771,0.9940554590784232,0.989672919964947,0.9884932050727699,0.9938943830445872,0.9896677007664739,0.9880045844014836,0.994046241854285,0.9897297325563575,0.9923161907699615,0.9930511789097228,0.9895787757753375,0.9921869159967878,0.9928715337471281,0.9897363992686202,0.9923162419335785,0.992766942838477,0.9899183362793337,0.9924452839871092,0.9934127201050093,0.9899040858461378,0.99273643863231,0.9933672611002925,0.988981070893292,0.9921956751774997,0.9922976202134716,0.988944196238516,0.9921956951605478,0.9922367143370551,0.988968690005969,0.9925505347742616,0.9920836880661187,0.9886957970258454,0.9916610831256836,0.9919312449171703,0.9886306784996376,0.9916611728855023,0.9919485754637718,0.988693480501289,0.9916611030975373,0.991776501422463,0.9889757695321605,0.9913230825352893,0.9948630954828719,0.9902735084710819,0.9917999182920303,0.9940070846645936,0.9890814196156541,0.9920510065299061,0.9925423569009414,0.9886424574212423,0.9917729075075342,0.9922712106228542,0.9888077035319011,0.9916607415877567,0.9921101679844423,0.9900916222353244,0.9916308700055226,0.993819416377241,0.9902994028441097,0.9917061719259822,0.9940114940311451,0.9972003207724475,0.9974299790359533,1.000112019197222,118.0
0.9999966114612351,0.9999967803871807,0.9999970599639522,0.9777115868848922,0.9788522217382636,0.98071453116511,0.9921269931231191,0.9938949505829126,0.9952241960162062,0.9904665657523993,0.9924571939122921,0.9942139983142766,0.9903615041631894,0.9920826140486608,0.9943706236551568,0.9897136279213865,0.9918175196660645,0.9940463862483314,0.989333716805527,0.992101819506976,0.9931607515873692,0.9890796791700315,0.9917672004027744,0.9929628400190214,0.9887073716403366,0.9921525116964915,0.9924025789052622,0.9888208532420507,0.9908940038231059,0.9936509094269641,0.9886563085453817,0.9908990412671208,0.9936485520132043,0.9884822980007202,0.9896661580251491,0.993088947600363,0.9903642599994881,0.9917827588213222,0.9942540251238672,0.9902963605275138,0.9920826428227867,0.9945519521512585,0.9884825235736885,0.9894040074854676,0.9929721967533969,0.988482244528631,0.9891921967753533,0.9929186955261594,0.9883616839352635,0.9879697681291467,0.9928207087365666,0.9883524471000512,0.9882013298783637,0.9926596514917313,0.9883472934573576,0.9877118962912752,0.99281128217122,0.9883881442666704,0.9920407556489573,0.9917918861279925,0.988232452561206,0.9919119456191522,0.9916081597887408,0.9883947255033124,0.9920408067984371,0.9915058762855841,0.9885817523619673,0.9921693819830538,0.9921585683132539,0.9885675078940802,0.9924608882453598,0.9921137353440304,0.9876289167106302,0.9919208943229237,0.9910241008276277,0.9875928567501794,0.9919209143004822,0.9909619629592067,0.9876165323209259,0.9922749890031963,0.9908105567170775,0.9873337753686616,0.9913878847901142,0.9906515723964425,0.9872686971877347,0.9913879745254702,0.9906681941990798,0.9873326375729795,0.991387904756524,0.9904956938351517,0.9876450758946186,0.99104579387398,0.9936337585326709,0.9889459748130471,0.9915229062874986,0.9927665711966889,0.9877271503727123,0.991776536463087,0.9912718827474715,0.9872779210428363,0.9914992463416016,0.9909964293928559,0.9874447771796191,0.9913875433452671,0.9908329283741052,0.9887644794084306,0.9913540649035554,0.9925788844376598,0.9889716295984442,0.9914289927897036,0.9927709847063138,0.9960281944638634,0.9971915889143483,0.9990890568925707,119.0
0.9999964604370299,0.9999967672724556,0.9999969296760701,0.9767068497537906,0.9787631810596984,0.9798615978289328,0.9910176215015944,0.9938050541986864,0.9942006376248163,0.989331109298943,0.9923582513103719,0.9931694661227101,0.9892240803123115,0.9919825431899085,0.9933254667215924,0.9885724118666054,0.9917186418063619,0.992999669252439,0.9881777273454903,0.9919965036739385,0.99209454536712,0.9879225039153035,0.991662346985733,0.9918967139110946,0.9875411440889068,0.9920466508687223,0.9913207481052816,0.9876732175072759,0.990795237338209,0.9926027804786601,0.9875071194749616,0.9908012300153689,0.9926004943177096,0.9873356732255443,0.9895650155504568,0.9920385739855636,0.9892259873437531,0.9916817854841563,0.993209464131375,0.9891583924327372,0.9919825719611086,0.9935059738340531,0.9873359626936402,0.9893024670613314,0.9919221494410012,0.987335714064811,0.9890904600391646,0.991869037084441,0.9872172616780228,0.9878655456083076,0.9917709881512486,0.9872079965644552,0.9880968305488249,0.991609643469215,0.987203163127887,0.9876073163287982,0.9917616945017531,0.9872118553746236,0.9919349381649185,0.9906991722032851,0.9870502044569293,0.9918063537913098,0.9905102560738674,0.9872185137106895,0.9919349893089978,0.9904113040969653,0.9874116239355134,0.9920633365370357,0.9910721802743025,0.9873972316265788,0.9923538575887547,0.9910255356474464,0.9864399387512952,0.9918140702025092,0.9899136721018162,0.9864053057205273,0.9918140901779587,0.9898504008156569,0.9864274812498415,0.9921662594219834,0.989698719579391,0.9861297097520053,0.9912812850400388,0.9895337362603153,0.9860646017495361,0.991281374766013,0.989549517169752,0.9861296587138553,0.9912813050043595,0.9893764138403819,0.9864879194348783,0.9909538574608907,0.9925854045350003,0.9877871632725915,0.9914179361585667,0.9917002902472627,0.9865344938725561,0.9916704867533594,0.9901649721967455,0.9860723676383437,0.9913931476057299,0.9898844176067121,0.9862400554148371,0.9912809436308904,0.9897180220717694,0.9876059934491025,0.9912492469345614,0.9915125220076377,0.9878126088054244,0.99132388840481,0.9917047067009834,0.9950042790115372,0.997100890738172,0.9982195772798903,120.0
0.9999962993159701,0.9999967721683577,0.9999968295192598,0.9756387830740822,0.9787932813296425,0.9792116587059876,0.9898147484606744,0.9938502603032785,0.9933887142488976,0.9881029616600279,0.9923928320977126,0.9923401030735778,0.9879948229713645,0.9920160683282563,0.9924937662214727,0.9873380970862426,0.9917521627458074,0.9921681067711942,0.9869292233331091,0.9920224665961742,0.9912487372177824,0.9866726015905317,0.9916892387649878,0.9910505448086864,0.9862811203415995,0.9920689852191658,0.9904637857922011,0.9864294300092425,0.9908272418300151,0.9917681276323926,0.9862614702139277,0.9908335801459974,0.9917659377181969,0.9860891705159849,0.9895954051887812,0.9911987780468627,0.987996423576423,0.9917144661132452,0.9923764794320398,0.9879286987472086,0.9920160971004064,0.992673834364862,0.9860894654643427,0.9893324268369922,0.9910819380105786,0.9860892192743238,0.9891200754636288,0.9910285383147222,0.9859720028089906,0.9878939142061965,0.9909288411715763,0.9859626913519313,0.9881246064388061,0.9907667910876153,0.9859580740020746,0.9876355150821722,0.9909193535665286,0.985939201482579,0.9919542943570285,0.98983340701881,0.9857695827404716,0.99182394221612,0.9896399621701897,0.9859465655332962,0.9919543455021597,0.9895443645284158,0.9861467281325017,0.9920844583639288,0.9902117314452755,0.986132269251572,0.9923746483534724,0.9901645952363002,0.9851451688796016,0.9918273543796821,0.9890312114187244,0.9851104849834105,0.9918273743554374,0.9889662012504167,0.9851327064352706,0.9921789663459052,0.9888167225545114,0.9848192665857167,0.991288130259713,0.9886459696883668,0.9847544195259597,0.9912882199865374,0.988661222147385,0.984819378891554,0.9912881502242203,0.9884869317012599,0.9852320508520619,0.9909877412330066,0.9917507417947662,0.9865358528409088,0.9914450502402344,0.9908538517146572,0.9852398600672505,0.9916840053600733,0.9892868442985717,0.984762605256907,0.9914021891599841,0.9890018965507952,0.9849296523406951,0.9912877888473294,0.9888329474814117,0.9863548832980644,0.9912764649774222,0.990665859103677,0.9865611734999085,0.9913509656120482,0.9908582665115594,0.9939157512164573,0.9971316231444864,0.9975569185402978,121.0
0.9999962186968789,0.9999968020652904,0.9999968179941457,0.9751053037499205,0.9789876359077675,0.9791431915359624,0.9892061269482126,0.994085854783829,0.9932685506684222,0.9874744351881436,0.992626078356989,0.9922118626397821,0.9873662790780752,0.9922485329729168,0.9923647620757733,0.9867045837964891,0.9919873445825512,0.9920407782650154,0.9862840513612974,0.9922539262514726,0.9911093274423828,0.9860261519011587,0.9919222435014108,0.9909104630333728,0.9856277283892606,0.9923020185358639,0.9903170438916645,0.9857896089081201,0.9910652356021707,0.9916424685369964,0.9856202566648287,0.9910722634193853,0.9916402618423232,0.9854490657553769,0.9898360796947511,0.9910759631027003,0.9873674588486077,0.9919463054310659,0.9922464508966069,0.987300460021643,0.9922485617517824,0.9925451403575654,0.9854494219809156,0.9895736223470452,0.9909599161938416,0.9854492057061645,0.9893618335426867,0.9909071458780193,0.985332788322993,0.9881398375115239,0.9908117758762187,0.9853234668544903,0.9883706703320095,0.9906498159383349,0.9853189773127161,0.9878821015068062,0.99080302381165,0.9852810338291009,0.9921887096580991,0.9896827202579442,0.9851072724147444,0.9920592157130732,0.9894867969172867,0.9852906437288372,0.9921887608153592,0.9893942700720408,0.9854914908960906,0.9923180137087884,0.9900634333253346,0.9854769936496081,0.9926081539214712,0.9900161058900858,0.9844770367883466,0.9920619846034953,0.9888720875328025,0.9844431303050427,0.9920620045840101,0.9888065129463012,0.9844645340458958,0.9924124919619995,0.988656893668274,0.9841405762649607,0.9915228531526314,0.9884834917147169,0.9840756402049593,0.9915229429009146,0.9884983124208281,0.9841415612360432,0.9915228731219126,0.9883239113951563,0.9845827842269028,0.991229577397968,0.9916249008959488,0.9858883616266211,0.9916787716910075,0.9907134398883662,0.9845697240652082,0.9919190843634581,0.989129473640922,0.9840823354752977,0.9916373143323098,0.9888420613748813,0.9842503260683644,0.9915225116585956,0.9886718026849328,0.9857073130114236,0.991510140308517,0.9905251334145893,0.9859140294185901,0.9915852618083908,0.9907178300906089,0.99337203560694,0.9973297864646741,0.9974869952852773,122.0
0.9999962866538123,0.9999968437222037,0.9999969411279463,0.9755576557352371,0.9792593673620377,0.9799536621015154,0.98969883952004,0.9944110056331911,0.9942148611112037,0.9879527969771652,0.9929523901464686,0.9931588410186121,0.9878448417008235,0.9925746069057045,0.9933121030927012,0.9871801360043854,0.9923166367983896,0.9929892138565414,0.9867486885265798,0.9925802565706319,0.9920545989304654,0.986490658308372,0.9922507160828093,0.9918559409792694,0.9860829278619354,0.9926304628019698,0.9912612300427386,0.9862610100605024,0.9913988445120981,0.9925926805683292,0.9860907515021431,0.9914070079051479,0.9925905329928224,0.9859208556695016,0.9901718543828847,0.9920287879162452,0.9878456019514791,0.9922721890305656,0.993193429419581,0.9877794578563571,0.9925746356940014,0.9934929706552963,0.9859212025303326,0.9899097706266395,0.9919128892851066,0.9859209820224085,0.9896982884871797,0.9918601789606557,0.985806008022238,0.9884795707524712,0.9917692233473898,0.9857966731445651,0.9887104751851581,0.9916068625217113,0.9857923855503703,0.9882223400566236,0.9917611368628608,0.9857293944224829,0.9925185887612228,0.9906267181979886,0.9855508986700641,0.9923898258930329,0.9904301611651941,0.9857398441522417,0.9925186399355318,0.9903390506754057,0.9859440694104046,0.992647160184179,0.9910077088739434,0.9859296189790914,0.9929380299268598,0.9909611696921685,0.9849135228884889,0.9923959004335071,0.9898148993477769,0.9848797693092957,0.9923959204207812,0.9897490982972402,0.9849011418815269,0.9927484504540274,0.9896026867455222,0.9845660728745164,0.9918578348254669,0.9894227910861028,0.9845001554118494,0.9918579246042737,0.9894370430542532,0.9845672781772955,0.991857854801539,0.9892631810562506,0.9850486125025603,0.9915707355539121,0.9925748646318817,0.9863523766036697,0.9920084333253446,0.9916589633490764,0.9850057630419287,0.9922521695764579,0.9900716624830971,0.9845091040948826,0.9919727843419374,0.9897827067887076,0.9846766060090901,0.9918574932152887,0.9896117939856862,0.9861713459384177,0.9918400412910334,0.991470817519021,0.986378604187532,0.9919157033145006,0.991663322699967,0.9938330134229217,0.9976068224574429,0.9983131099791456,123.0
0.9999964392295234,0.9999968847551969,0.9999971585297628,0.9765747228322853,0.9795275585626863,0.9813821174014189,0.9908047885794683,0.9947296584789779,0.9958963406895142,0.989049049111835,0.9932701248161818,0.9948475516671061,0.9889419910299188,0.9928934879033053,0.9950037800383819,0.9882712143272087,0.9926346271725477,0.9946779618130279,0.9878391082165294,0.992897724089275,0.9937495057545772,0.9875784913055324,0.9925674999816582,0.9935495852697525,0.987171657420823,0.9929522830042143,0.9929636730148763,0.9873462325359966,0.9917172107597181,0.9942817029502,0.9871747745359515,0.9917256616982584,0.9942796966093471,0.9870043164273458,0.9904907436817622,0.9937174962252785,0.9889424757635973,0.9925919870969846,0.9948863537062717,0.9888773523818185,0.9928935167008334,0.9951854914857927,0.9870046538486645,0.9902292946328495,0.9936020432344405,0.9870044291929169,0.9900183504303115,0.9935496108570667,0.9868897927081314,0.9887971262191964,0.9934555990644642,0.9868804347584159,0.9890278424737884,0.9932922992253911,0.9868762159658704,0.9885397508382966,0.9934473558195266,0.986815795983823,0.992843191088078,0.992333858691108,0.9866360632289738,0.9927157604646973,0.9921391547378384,0.9868256210384948,0.992843242279165,0.9920469377439874,0.9870319401591383,0.9929704291237419,0.9927124915751673,0.9870176678517315,0.993263141777232,0.992668549756147,0.9859986297209669,0.9927265533968114,0.9915294463832236,0.9859653379581417,0.992726573390777,0.9914643019216046,0.9859863389713676,0.9930806338720746,0.9913189861190532,0.9856466976754383,0.9921926748723632,0.991137690115085,0.9855804471447843,0.9921927646816636,0.99115193020643,0.9856482123059043,0.9921926948552209,0.9909789298823056,0.9861261256223286,0.9918907281509186,0.9942639181421568,0.9874385292214186,0.9923247235264924,0.9933518974841928,0.9860896314990893,0.9925822002638737,0.991783789331603,0.9855885085022672,0.9923071425290421,0.9914957971276566,0.9857570462043477,0.9921923331461561,0.9913257783858318,0.9872559182470425,0.9921551739679587,0.9931627002842708,0.9874649647662406,0.9922321971840183,0.9933562487623183,0.9948694482419488,0.9978802381246956,0.999769181933793,124.0
0.9999966105185092,0.9999969163319274,0.9999973850129663,0.977717923363327,0.9797349065249893,0.9828700840487593,0.9920446646980942,0.9949717381055024,0.9976498171515693,0.9902843207188621,0.9935082110365078,0.9966075082041479,0.9901770826928824,0.9931306408917187,0.9967631204209147,0.9895034405940015,0.9928735342563068,0.9964388547249656,0.9890728228697768,0.993130686204462,0.9955162266243719,0.9888115449541443,0.9928006678687151,0.9953171831983291,0.9884026402181848,0.9931819419810575,0.994735926388077,0.9885719221780125,0.9919573087971999,0.9960422529236689,0.9883996902675038,0.9919662387774414,0.9960403509469911,0.9882248730499471,0.990731159449756,0.9954770273106817,0.9901773378255047,0.9928283934235553,0.9966446548559275,0.990112508427192,0.9931306696961137,0.9969452414266536,0.9882252175321329,0.9904703849826837,0.9953622830338834,0.9882249966366667,0.9902600497698754,0.9953103621745715,0.9881102183734868,0.9890358140967684,0.995213369767952,0.9881008807273787,0.9892670435739721,0.9950501694708637,0.9880966211590245,0.9887781319334006,0.9952048804902214,0.9880435758258775,0.9930700436405403,0.9941108133597398,0.987861851887928,0.9929409078962949,0.993918485118264,0.9880531809799048,0.9930700948433386,0.9938251028756843,0.9882616819892353,0.9931989859511627,0.9944863397779703,0.9882473638604665,0.9934915862676736,0.994441356877488,0.9872220143499002,0.9929490110926159,0.9933153795029919,0.9871891417607968,0.9929490310910742,0.993251083483118,0.9872097736426043,0.9933039185596221,0.993105492339875,0.986862673899093,0.9924091458056672,0.9929260730581092,0.9867963321801075,0.9924092356346363,0.9929404973130848,0.9868643313600362,0.9924091657928993,0.9927682831337956,0.9873469616387448,0.9921339832354176,0.9960244153729331,0.9886709465205622,0.9925579134235981,0.9951198709818143,0.9873119047434394,0.9928043217626882,0.99356728247159,0.986804260993594,0.9925255994097437,0.9932814379551818,0.9869727321029571,0.9924088040046205,0.9931128619818571,0.9884882854704112,0.9923887055695735,0.9949311138611304,0.9886972235718225,0.9924650663076342,0.9951242346639243,0.9960344014602317,0.9980916045659529,1.0012859195530213,125.0
0.9999967200962089,0.9999969372891436,0.9999975197525355,0.9784476236574224,0.9798719242328652,0.9837540126948794,0.9928470881922682,0.9951345101958974,0.9986997199399721,0.9910888649560073,0.9936692705525103,0.9976600939545234,0.9909840933511915,0.9932914282427322,0.9978175588933618,0.9903072960666209,0.9930340156370746,0.9974925591791751,0.9898788009302301,0.9932920309382995,0.9965706790940677,0.989618485653409,0.9929628472576175,0.9963728285495772,0.9892096385722066,0.993344923673438,0.9957926062477219,0.989372602821548,0.9921169604899004,0.9970963704015848,0.9891994868920642,0.9921259737922438,0.997094604394068,0.9890258858979599,0.9908901836584955,0.9965310732830731,0.9909840962585336,0.9929889630403775,0.9976992820478907,0.9909211881230277,0.9932914570517802,0.9980006496916652,0.9890262541440544,0.9906298110236127,0.9964169917704067,0.9890260448381012,0.9904198805907722,0.9963655973402089,0.9889105177091077,0.9891920241479376,0.9962645192882202,0.9889012446464077,0.9894244949426302,0.99610273111364,0.9888968171204501,0.9889337785771425,0.9962554291575737,0.9888510705487821,0.9932341954357559,0.9951696628318778,0.9886695818138176,0.9931056845780342,0.9949783229963536,0.9888606975464714,0.9932342466470419,0.9948844793115356,0.9890688771504696,0.9933625121636486,0.995543911077544,0.9890545879289511,0.9936555715144961,0.9954992044502816,0.9880300953036318,0.9931142773966409,0.994377339813882,0.9879973345264019,0.9931142973984454,0.9943130265131968,0.9880179064692934,0.9934701096190087,0.9941683660678722,0.9876741660717896,0.9925739204356574,0.9939916065365986,0.9876076278222992,0.9925740102796419,0.9940059257924341,0.987677779478952,0.9925739404262302,0.9938352562960194,0.9881417959709929,0.9922937467557025,0.9970786197005793,0.9894775574702408,0.9927205315787135,0.9961757623372438,0.9881196734103428,0.9929692121032225,0.9946289158655605,0.9876109472107663,0.9926904032445052,0.9943447195180021,0.987782099567812,0.9925735785774775,0.9941772789161292,0.9892949521182121,0.9925516018486955,0.9959873449232675,0.9895040689137591,0.9926279917144443,0.9961801143906533,0.9967780243854141,0.9982312913021191,1.0021869695728938,126.0
0.9999966949227571,0.9999969378064394,0.9999974755528871,0.9782757775183555,0.9798738894990117,0.9834613742365117,0.9926799833123814,0.9951439845008989,0.9983684898983922,0.99091316225656,0.9936767636924889,0.9973126103468969,0.9908104942445146,0.9932983034195906,0.9974687425725577,0.9901301931730475,0.993041919292753,0.9971442085259264,0.9896951031141951,0.993299135869279,0.9962071618736795,0.9894340525111269,0.9929703759147088,0.9960088879129719,0.989025283853158,0.9933542917327212,0.9954183400834897,0.9891932976485539,0.992125467312922,0.996748174774275,0.989019447816753,0.9921347663765467,0.9967464245729948,0.9888481615978366,0.9908992187866194,0.996183167096463,0.9908103181637402,0.9929953438688335,0.9973502005713448,0.9907489842911826,0.9932983322288238,0.9976512325156117,0.9888486000383625,0.9906390306457356,0.9960699392680543,0.988848424537958,0.9904293945460462,0.9960192951027523,0.9887344449140056,0.9892024849186936,0.9959202283760547,0.9887252011477587,0.9894354430468684,0.9957592921887404,0.9887209551655071,0.9889443488519541,0.9959114762634947,0.9886646207745119,0.9932452470721385,0.9947875385614863,0.9884820664512397,0.993117666025919,0.9945920579110623,0.9886741767760457,0.9932452982840223,0.9945009323849767,0.9888837257656761,0.9933726332847546,0.9951668064519513,0.988869484371931,0.9936662052830523,0.9951229947701028,0.9878441356358114,0.9931269491816688,0.9939810419482947,0.9878126897120818,0.9931269691837484,0.9939157306908201,0.987831918625712,0.9934821660786447,0.9937714687662357,0.9874836105145819,0.9925889811299976,0.9935897669096482,0.9874169379578122,0.9925890709754658,0.9936033318633136,0.9874883776578262,0.9925890011209009,0.9934324910378266,0.9879578799998396,0.9923043265590219,0.9967303277618398,0.9892926313645849,0.9927281617057546,0.9958120054111601,0.9879303076680098,0.9929821339422914,0.9942354551686777,0.9874180166525605,0.9927045525296961,0.9939474185604096,0.9875907985991108,0.9925886392661728,0.9937776872281554,0.9891104398839805,0.9925595132289455,0.9956238773761813,0.9893191857143475,0.9926357654208089,0.9958163517717892,0.9966029765897999,0.9982333294332355,1.0018887236408311,127.0
0.9999965690900596,0.9999969132631897,0.9999972909434902,0.9774311954625837,0.979710862967319,0.9822449215748071,0.9917889868918273,0.9949636782223114,0.9969560742344068,0.9900020345375344,0.9934885270180606,0.9958597184728067,0.9899013570406382,0.9931096883972914,0.996011856577666,0.9892162883969702,0.9928539689279793,0.995687470721148,0.9887666300302237,0.9931038619794186,0.9947150247278289,0.9885031637868118,0.9927736383739613,0.9945141506836294,0.9880939606285206,0.9931574049123011,0.9938999032291592,0.9882764433479329,0.9919379462324648,0.9952902724812143,0.988101556668131,0.9919474970477433,0.9952886006918522,0.9879337074018084,0.9907126458825963,0.9947231882261799,0.989900909995949,0.9928064262657708,0.9958935243169832,0.9898412420309118,0.9931097172010405,0.9961917927072682,0.9879341720144025,0.990451753957003,0.994609705541984,0.9879340085778929,0.990241566232922,0.9945589740997909,0.987822971772418,0.9890218969998553,0.9944696093092584,0.9878137215015339,0.9892545702417852,0.9943088302856107,0.9878098720757399,0.9887645879239498,0.994462054953731,0.9877270209040634,0.9930469783138772,0.9932496547491274,0.9875404199561317,0.9929185536811482,0.993044010846408,0.9877377045214202,0.9930470295155679,0.9929602904678337,0.9879499860528925,0.9931752072425571,0.9936409456689703,0.9879357398557386,0.9934687396235616,0.9935974031797281,0.9869001109368892,0.9929260108714426,0.9924068229434663,0.98687023986153,0.9929260308694964,0.9923384484466282,0.9868878341518204,0.9932799460851919,0.9921962177141058,0.9865276346552455,0.9923872202285122,0.9920023075784083,0.9864606405919659,0.9923873100558492,0.9920141490773188,0.9865335284927186,0.99238724021538,0.9918418969002628,0.9870343277445106,0.9921181765532544,0.9952724066496941,0.9883598960545812,0.992530281571743,0.9943164760698321,0.9869822156667333,0.9927817165699943,0.9926696187760772,0.9864619121262039,0.9925029714071149,0.992371878190517,0.986634904767121,0.9923868784336755,0.992196203094992,0.9881769914159794,0.9923605825445536,0.9941272997615863,0.9883860464854045,0.9924374756279708,0.9943208378863725,0.9957424096409554,0.9980671919721698,1.0006488288584745,128.0
0.9999963576851063,0.9999968788032229,0.9999970674527485,0.9760237994152654,0.9794824361373827,0.9807789513503543,0.9902439374812014,0.9947087134175048,0.9952145530091804,0.9884317165206572,0.993225238940978,0.9940614284983674,0.9883352339635005,0.992847283255318,0.9942113247281352,0.9876422612967024,0.9925909823066397,0.9938805056167891,0.9871743484347786,0.9928325908431462,0.9928640317454669,0.9869086557898042,0.9925020896916071,0.9926601881935644,0.9864979955839577,0.9928826388613441,0.9920125079182583,0.9866982647327498,0.9916754094836304,0.9934767405361041,0.9865224981163965,0.9916857175074958,0.9934751301996834,0.9863557991015789,0.9904484522434907,0.9928994482975902,0.9883344097106902,0.9925447276926964,0.9940949678783787,0.9882779156575227,0.9928473120514474,0.9943884339627717,0.986356352989367,0.9901871800489234,0.9927864894933468,0.9863562322241705,0.9899768445677346,0.9927363265691597,0.9862482115100288,0.988756052521895,0.9926438687652126,0.9862389570450836,0.9889883751688776,0.9924834757947073,0.9862355233989497,0.988498584019341,0.9926359955706197,0.9861236760724,0.9927694552702897,0.9913358662645723,0.985932514410414,0.9926394392744587,0.9911167673074011,0.9861355472125537,0.9927695064577055,0.9910423907183482,0.9863511681449642,0.9928992746356095,0.9917433149295647,0.9863368614903365,0.9931922875020112,0.9916993591559746,0.9852892938654889,0.9926430353719554,0.9904444393426662,0.9852612280337129,0.9926430553643324,0.9903717510977217,0.9852769453857765,0.992995458959592,0.9902327827764448,0.9849042014668656,0.992101485679968,0.9900231754107706,0.9848368224950843,0.9921015754815813,0.9900327182848694,0.984911961629028,0.9921015056611102,0.9898587223773971,0.9854508885405334,0.9918608669979101,0.9934587285452627,0.9867639435898112,0.9922582516569638,0.992462017696071,0.985366738672875,0.9924993555306881,0.9907188769132694,0.9848371920303808,0.9922172801560644,0.9904085006320442,0.985011131844469,0.9921011439830113,0.9902249579749672,0.986581056588856,0.992088236641787,0.992272290129863,0.9867899134482441,0.992165385749288,0.9924663800583602,0.994308173123732,0.9978343949507077,0.9991544733190266,129.0
0.9999961042156134,0.9999968484234781,0.9999968479683502,0.9743419074704913,0.9792808104745705,0.9793451571534907,0.9883672504897048,0.9944847671466195,0.9934802829144158,0.9865257015952456,0.9929955108048464,0.9922695539193145,0.9864309737078095,0.9926196303768771,0.9924168833637398,0.9857336741071442,0.9923611967672694,0.9920798856808334,0.9852409574087617,0.9925982046582997,0.9910180944728619,0.9849738565695977,0.9922675077339758,0.9908114702057806,0.9845554274250742,0.9926477288189962,0.9901270697592605,0.9847856763811436,0.9914455541279527,0.9916686156225814,0.984609092365218,0.9914565834585829,0.9916670544226178,0.9844432503259398,0.9902162153412614,0.9910797239303439,0.9864299638267299,0.9923187353128691,0.9923035575556649,0.9863748442072846,0.9926196591663968,0.9925901791984884,0.9844438870361263,0.9899545520325415,0.9909671463896635,0.9844438058931284,0.9897440531946561,0.9909174258314637,0.9843377085860835,0.9885204874036254,0.9908191095294177,0.9843284712480779,0.9887528226152394,0.9906597564572571,0.9843252849820038,0.9882625831914406,0.9908104185317181,0.9841734300650029,0.9925343582523364,0.9894232415240294,0.9839781514301715,0.9924043304758219,0.9891904784871726,0.9841854193949703,0.9925344094276655,0.9891249221874691,0.9844056314952969,0.9926641885951898,0.9898473536334964,0.9843912614860922,0.9929566924230202,0.9898030704957353,0.9833290775077148,0.9924056466583886,0.9884807367357609,0.9833015862160591,0.992405666646008,0.9884030076413151,0.9833166413115161,0.9927563240233337,0.9882677880325232,0.9829382446099011,0.9918644018304524,0.9880456526679275,0.9828706766681766,0.9918644916107487,0.9880530578668235,0.9829480069138858,0.9918644218068507,0.9878772868936659,0.9835331617262688,0.9916356302653005,0.9916504936962671,0.9848276698080899,0.9920232635266344,0.9906125649796502,0.9834050693868586,0.9922626766663675,0.9887688050729011,0.9828685632713976,0.991979228963883,0.9884461901749546,0.9830444555480998,0.9918640602146068,0.9882550147638604,0.9846445302238374,0.9918527148622666,0.990421963221555,0.9848535838013658,0.9919305156956466,0.9906169198157011,0.9925941061892343,0.9976289171860585,0.9976928104273165,130.0
0.9999959025010885,0.9999968208478158,0.9999966534483629,0.9730027796858762,0.9790987492825606,0.9780733414853192,0.9868800492560086,0.9942777378609521,0.9919516315225643,0.9850122984419009,0.9927813967677951,0.9906895973391088,0.9849184316135583,0.9924058953812437,0.9908326206222102,0.9842156741127304,0.9921462370282156,0.9904911646616155,0.9837070975485374,0.9923784582480181,0.989392037292755,0.9834380055808428,0.9920475270829061,0.98918263866427,0.9830167962233843,0.9924251443990716,0.9884679146049542,0.983263573942441,0.9912293824352121,0.990072741274549,0.9830862246204247,0.9912407754202339,0.9900711960743896,0.9829202757921834,0.9899975480074351,0.9894729123752275,0.9849171551484152,0.9921053037374085,0.9907204530278174,0.9848630159763175,0.9924059241645599,0.9910024642011336,0.982920943713714,0.9897351905032187,0.9893600382338082,0.9829208771484167,0.9895241674245436,0.9893101946288719,0.9828167154622118,0.9882989378916343,0.9892082074900483,0.9828074561849216,0.9885305734080668,0.9890487459850004,0.9828045540624541,0.9880407685571321,0.9891990027252578,0.9826307256081599,0.9923101406395972,0.9877423378437692,0.9824325929183021,0.9921794258316354,0.9874987721813591,0.9826443105565419,0.9923101918033862,0.9874409656463607,0.9828653932207848,0.9924406573861518,0.9881793408772769,0.982850836682583,0.9927316072301617,0.9881326534450418,0.9817823853995269,0.992178198150977,0.9867609678868045,0.9817563517091913,0.9921782181340307,0.9866796710424415,0.9817699199703364,0.9925283002951905,0.9865480768081507,0.9813827646284154,0.9916333335207276,0.9863125287854667,0.9813154805914953,0.9916334232801985,0.9863183942439822,0.9813937836748293,0.9916333534924904,0.9861406219991743,0.982006675853081,0.9914225102785242,0.9900545192341349,0.9832906476820739,0.9918029009181798,0.9889832050022022,0.9818546038538682,0.9920354619902712,0.9870582885242729,0.9813119992166173,0.9917495332531702,0.9867255828595906,0.9814884195951326,0.9916329919841234,0.9865282004877165,0.9831074113243721,0.9916319728825257,0.9887919833397357,0.9833162135983006,0.9917098327537193,0.9889875700596636,0.9912293827561988,0.9974433543656048,0.9963963046049343,131.0
0.9999958236018265,0.9999968061114842,0.9999965469967896,0.9724764408781601,0.9790015725841343,0.9773736701356592,0.9863144138798119,0.9941666578355335,0.9911308681181833,0.9844304069117129,0.9926648102539929,0.9898289414791422,0.9843379304614592,0.9922881452155724,0.9899664165318972,0.9836317124591171,0.992029131715532,0.9896236055258792,0.9831119672357457,0.9922570627418413,0.9884982274764214,0.98284217004063,0.9919248489831417,0.988287092051343,0.9824182868801532,0.9923025382705554,0.9875508748895969,0.9826772706720254,0.9911115329382003,0.9891989949628951,0.9824994872933894,0.9911234083448873,0.98919752823391,0.982333789402918,0.9898769105637846,0.9885893524780328,0.9843364547404706,0.9919866226740474,0.9898534140235956,0.9842834961799188,0.992288173995467,0.990133557442981,0.9823344507780968,0.9896138627855582,0.9884759292119947,0.9823343805613729,0.9894022426020067,0.9884257233976872,0.9822309094341986,0.9881741927416235,0.9883186469411228,0.9822215957962521,0.9884046013745159,0.9881579345246795,0.982218845516741,0.987915681306506,0.9883088588242048,0.9820277364675281,0.9921864847509336,0.9868088854224761,0.9818268859142517,0.99205512415524,0.9865568043381134,0.9820419308574552,0.9921865359083684,0.9865050506815567,0.9822651579629103,0.9923176468441297,0.9872560181939889,0.9822505952832815,0.9926085923910103,0.9872094737849697,0.9811734174670913,0.9920527985745186,0.9857958851293872,0.9811477811217101,0.9920528185550606,0.9857113512036842,0.9811609555181448,0.9924030339882735,0.9855834672906095,0.9807706163375297,0.9915062079884681,0.9853389493815933,0.9807030469313612,0.9915062977365099,0.9853434085934223,0.9807831365840843,0.9915062279576871,0.9851647965007045,0.9814176829781222,0.9913076514817559,0.9891807241823855,0.9826933805803342,0.9916792965157915,0.9880868930299375,0.9812446047406063,0.9919100082382246,0.9861014296446127,0.9806983279505761,0.9916227506525505,0.9857612568782121,0.9808756951378321,0.991505866495352,0.9855592692584098,0.9825092793960092,0.9915073200177054,0.9878946278868956,0.9827185715718857,0.991585786755783,0.9880912747851133,0.9906930465401175,0.9973443058523486,0.9956831190148167,132.0
0.9999959088622029,0.9999968097219034,0.9999966266044504,0.9730414048037901,0.9790246184277375,0.9778922827690288,0.9869477967194814,0.9941971023159236,0.9917635005159474,0.9850538889076601,0.9926944657729496,0.9904348513155677,0.9849643226875773,0.9923166326661437,0.9905683714667782,0.9842540576633356,0.9920601533472091,0.9902249849209496,0.9837264484975724,0.992284942335379,0.9890825520960334,0.9834554557608828,0.9919517170048445,0.9888695589888741,0.9830312407116192,0.9923310498751157,0.9881207807170405,0.9832985011007497,0.9911445317755468,0.989796797302296,0.9831206980891346,0.9911572809541366,0.9897954023130769,0.9829544214054267,0.9899087448787081,0.9891814378926544,0.9849627526392433,0.9920141756257207,0.9904543254976103,0.9849117034130275,0.9923166614468566,0.9907339218407204,0.9829550532551135,0.9896453849728089,0.9890676788107798,0.9829549685031664,0.9894334594126679,0.9890172248407489,0.9828509194455768,0.9882045821565493,0.9889084461303147,0.9828416182123186,0.988435165748488,0.9887478155480263,0.9828387724110621,0.9879458547068755,0.9888983473705136,0.9826375293868886,0.9922152062466132,0.9873683232082574,0.9824348725948726,0.9920838452481703,0.9871104788241767,0.9826518250244293,0.9922152574055415,0.9870632290329497,0.9828769082369538,0.9923463684586374,0.9878220682803901,0.982862409827592,0.9926379433125124,0.987776353323921,0.98178014278074,0.9920832460837729,0.9863341337856307,0.9817548722652023,0.9920832660649379,0.9862475200804941,0.9817677068804596,0.992434157303682,0.9861221113008839,0.9813755790765694,0.9915382141739162,0.9858712956557789,0.9813079731486462,0.9915383039249106,0.9858748861084978,0.9813885597982874,0.9915382341437919,0.9856955620515431,0.9820383592200513,0.9913455143084546,0.989778401495479,0.983305479962436,0.9917055159961645,0.988668717833826,0.9818503699086675,0.991940181102952,0.9866449241276601,0.9813025621063914,0.9916544147291398,0.9862996977233818,0.9814807155778433,0.9915378726695644,0.9860946650560878,0.9831201563605367,0.9915324760072486,0.98847552373502,0.9833308552673705,0.991612222187763,0.9886730922194177,0.9912688269829587,0.9973678154672782,0.9962118360307715,133.0
0.999996080756973,0.9999968264285424,0.9999968207039831,0.9741848543244821,0.979134510086978,0.9791639838944317,0.988200579833059,0.9943244262373866,0.9932784978692032,0.9863023367050946,0.9928226828557564,0.9919337849991983,0.986214005109449,0.9924447889200214,0.9920649398618554,0.9855020710642061,0.9921879390021772,0.9917193766200929,0.9849714108690049,0.9924145756213891,0.9905714110669583,0.9847013618986431,0.9920823536027181,0.990358842415707,0.9842743721711648,0.9924611872764205,0.9896013056744676,0.984546689550999,0.991271691261222,0.9912868059289691,0.9843687461544732,0.9912848791474725,0.9912854851666377,0.9842039790167642,0.9900328743350273,0.990664389775391,0.9862123818799273,0.9921422832055289,0.9919510720624378,0.9861621650209991,0.9924448177044515,0.9922289370891145,0.9842045633793822,0.9897694884842229,0.9905503849442886,0.984204455632657,0.9895574736241296,0.9904997047556469,0.9841000649665466,0.9883209720320145,0.9903807947123103,0.9840907579425151,0.9885515162039918,0.9902195454157471,0.9840878649554651,0.988061240344967,0.9903694110653716,0.9838795159394388,0.9923456016619108,0.988843899994098,0.9836761405985637,0.9922143307138603,0.9885830489975953,0.9838938921670985,0.9923456528275698,0.9885388666371064,0.9841196050028524,0.9924766737110328,0.9893006992326676,0.9841051358320294,0.99276858278107,0.9892550274502777,0.9830208037103983,0.9922135585129007,0.987798532529895,0.9829958428238063,0.9922135784966942,0.9877109607750393,0.9830083523630243,0.9925644024237631,0.987585437059153,0.9826146974722815,0.9916677347006411,0.9873341002928094,0.982547412548658,0.9916678244633775,0.9873374133742838,0.9826275118932914,0.9916677546731297,0.9871576193402957,0.9832855834454071,0.9914753823456738,0.9912683569259614,0.9845516951308991,0.9918367973372076,0.9901585959119448,0.9830902322492907,0.9920705210333848,0.9881122482981382,0.9825414800100807,0.9917845603227131,0.9877649700741079,0.9827199403090137,0.9916673931516117,0.9875587368776518,0.9843666695224679,0.9916643413005927,0.9899661673040766,0.9845771987666679,0.9917435203925076,0.9901629710551726,0.992434071798926,0.9974798321403832,0.997508182846452,134.0
0.9999962511510279,0.9999968576083953,0.9999970198399246,0.9753184509635876,0.9793394322151309,0.9804699164345286,0.9894448572139001,0.9945624322632787,0.9948290359143882,0.9875494536438902,0.9930658586122608,0.993477659903301,0.9874633469855082,0.9926868106288993,0.9936065025930352,0.9867490413591593,0.9924322432677303,0.9932603816519705,0.9862225371928043,0.9926625566600327,0.9921141162320866,0.9859538360016603,0.9923313412746132,0.9919026004098409,0.9855286950437844,0.9927126767902236,0.9911425235199923,0.9857941043911647,0.9915176217717081,0.9928247646434494,0.985616479093329,0.9915315645382956,0.9928234837952734,0.9854508044411256,0.9902771262015163,0.9921975601528095,0.9874617291820091,0.9923833815431534,0.9934912682749095,0.9874128369369947,0.992686839420345,0.9937701371014296,0.9854512777450184,0.9900133135941039,0.9920823411414494,0.9854511162109999,0.9898007423548486,0.9920306243998059,0.9853478576461329,0.988562183009575,0.9919103285665822,0.9853386085407961,0.9887939607436372,0.9917501945930995,0.9853357744914562,0.9883018593375289,0.9918982945223065,0.9851358131714596,0.9925999025408396,0.9903844009358881,0.9849335145559391,0.9924702734330282,0.9901227318843242,0.9851503393207073,0.9925999537196123,0.990080009590329,0.9853746959651462,0.9927293327597194,0.990841700742483,0.9853602697948975,0.9930216719461193,0.9907963174202321,0.984278924845024,0.9924725483500636,0.9893352269144654,0.9842535625222949,0.9924725683390754,0.9892470282316556,0.9842665020834308,0.9928242274858843,0.989122289773802,0.9838794065726747,0.9919287984651892,0.9888731624640804,0.983812296214639,0.9919288882515596,0.9888764623481267,0.9838927393665291,0.9919288184429375,0.9886970743598705,0.9845347612913232,0.9917257420423313,0.9928061898995026,0.9858047746280201,0.9920864558548464,0.9917031025103702,0.9843493850552121,0.9923291714100476,0.9896505074323362,0.9838041506491293,0.9920460738737853,0.9893034662399809,0.9839838939446421,0.9919284568262311,0.9890975431223926,0.9856202953954349,0.9919148265480979,0.99151163324503,0.9858302558840343,0.9919929585148654,0.9917074874047248,0.9935892888257009,0.9976887197070891,0.9988394051121804,135.0
0.9999964034405858,0.999996883810417,0.9999972044652506,0.9763329188475253,0.9795118141105484,0.9816816628760199,0.9905526534952988,0.9947620185358019,0.996263441114736,0.9886578954712296,0.9932670452708605,0.9949089806809491,0.988573741635088,0.9928873069282033,0.995036439996577,0.9878562891293636,0.9926342015275971,0.9946905488443499,0.9873331695273041,0.9928648623598924,0.9935449640286129,0.9870656832682511,0.9925346560777158,0.9933342157538503,0.9866398196709744,0.9929145160881538,0.9925725347726208,0.9868998610554046,0.9917206941799563,0.9942540236285682,0.9867222105880006,0.9917348423503279,0.9942527934978285,0.9865543752034871,0.9904808213951258,0.9936251636520754,0.9885720484323379,0.9925833254683186,0.9949204843089505,0.988524459118792,0.9928873357254632,0.9951997851819142,0.986554757754931,0.9902167622122519,0.9935090300553068,0.9865545523446185,0.9900038250773369,0.993456516791404,0.9864516041984391,0.9887681460665187,0.993340474848162,0.986442406082191,0.9890010675237467,0.9931813196216787,0.9864395357781693,0.9885079377083104,0.9933286172237606,0.9862462327617098,0.9928010831811082,0.9918137602366166,0.9860435834190525,0.9926709508861452,0.9915513654336187,0.9862605271521685,0.9928011343702476,0.9915097247854415,0.9864855633565137,0.9929310166462276,0.9922715905509331,0.986471204086804,0.9932238331094435,0.9922268368126567,0.9853892684203487,0.9926726643850287,0.9907622884304269,0.9853642054366472,0.992672684378066,0.9906740610223322,0.9853768459969675,0.9930246733065626,0.9905488186905952,0.98498575616478,0.9921262291232861,0.9902989849601462,0.9849185920207145,0.9921263189274918,0.9903022208487328,0.9849981869762463,0.9921262491050026,0.9901224210701765,0.9856403701480287,0.9919301220061989,0.9942354384872625,0.9869171252661922,0.9922904494678161,0.9931352573911091,0.9854589496266845,0.9925291535064696,0.9910778589292532,0.9849127101771957,0.9922451387851948,0.9907301274351225,0.9850913668172133,0.9921258874164641,0.9905238511593474,0.9867329591981053,0.992119428626737,0.9929444862003243,0.9869428295057637,0.9921971123047085,0.9931396371117976,0.9946230848081739,0.9978644343297322,1.0000746024907685,136.0
0.9999965251199958,0.9999969036354643,0.9999973502343743,0.9771428759775808,0.9796414867054348,0.9826375798020004,0.9914430322888588,0.9949158367833134,0.9974004262051861,0.9895469488928922,0.9934248493948051,0.9960323998469918,0.9894642798202576,0.9930444674488368,0.9961568319222293,0.9887472903872843,0.9927935951851219,0.9958123238816289,0.988218990093311,0.9930263600476809,0.9946581758448303,0.9879518384626808,0.9926965218857831,0.9944476047798931,0.9875258059361708,0.9930801870435851,0.9936777373027877,0.9877923353687964,0.991882385526615,0.9953746926369541,0.9876146658022753,0.9918971699764385,0.9953734755732317,0.9874498473436873,0.9906428794570762,0.9947441828131393,0.9894623913255078,0.9927399710516226,0.9960403368944905,0.9894160332354073,0.9930444962506472,0.9963187649796816,0.9874502019538627,0.9903789765448477,0.9946280078332663,0.9874499831443835,0.9901661308171956,0.9945754212230694,0.9873492202673098,0.9889304438915738,0.9944596996027952,0.9873400484921535,0.9891641009719381,0.9943009659148326,0.9873374272327807,0.988670150549609,0.9944478024571383,0.9871320963551616,0.9929702396707293,0.9929136804589915,0.9869300125916604,0.9928422019956125,0.9926484316950949,0.9871454005604876,0.9929702908685999,0.9926086981415992,0.9873715144536986,0.9930980783930233,0.9933748743619968,0.9873572169934639,0.9933911390739233,0.9933306699868967,0.9862759986925772,0.9928465191652702,0.9918512548250548,0.9862508844422787,0.9928465391618166,0.9917618473005803,0.9862635803181766,0.9931989431860191,0.9916374956426763,0.9858742635089645,0.9923026165652454,0.9913864321561943,0.9858062772225842,0.9923027063854531,0.9913888726814145,0.98588765237442,0.9923026365505236,0.9912097688955873,0.9865328661674132,0.9920961534201712,0.9953559471531369,0.9878032995653715,0.9924525155416094,0.9942491296911204,0.9863458120239348,0.9927028396513441,0.9921700102927725,0.9858002730317534,0.9924214735487933,0.9918200651642883,0.9859798112716143,0.9923022747975359,0.9916125546539655,0.9876194303453466,0.9922819993247485,0.9940589615953235,0.9878287403403323,0.9923586592467467,0.9942535302212888,0.9954484936163529,0.997996631755575,1.001049040426156,137.0
0.9999965648125484,0.9999969024744452,0.999997407724148,0.9774069687332189,0.9796322041234035,0.9830138117046433,0.9917344131780695,0.9949140110865295,0.9978525697781356,0.9898253270056607,0.9934226356990803,0.9964563939465804,0.9897448408224707,0.9930458223940056,0.9965811947102057,0.9890248556070099,0.9927924248212191,0.9962315698999167,0.9884853856251159,0.9930227007603032,0.995056144072591,0.9882171601718517,0.992692286186853,0.9948434862962836,0.9877898337321317,0.9930782327016654,0.9940586293220659,0.9880695603378818,0.9918827292963283,0.9957913696295683,0.9878913171584198,0.991897945145997,0.9957901393386048,0.9877305516894331,0.9906441107915418,0.9951571132283891,0.9897429277734812,0.9927441811641109,0.9964687369108064,0.9896979199891535,0.9930458511958512,0.9967403206060231,0.9877309724017684,0.990380848579254,0.9950421056211168,0.9877307857617094,0.9901686815268232,0.9949904630189196,0.9876298737331278,0.988931753546421,0.9948695710701987,0.9876206257253383,0.9891642305084253,0.9947087617480463,0.9876180861344256,0.9886716568915044,0.9948576030012547,0.987392989525529,0.9929691962088256,0.9932819901402606,0.987189077026155,0.992841501883797,0.9930096135959073,0.987406547067789,0.9929692474066696,0.9929752823123369,0.9876343739376209,0.9930966912009976,0.9937514661385417,0.9876202658554865,0.9933908070169282,0.9937098880780054,0.9865347769281014,0.9928464556579681,0.9921939952085047,0.9865106838883092,0.9928464756545299,0.9921023979029685,0.986522337540457,0.993198714736941,0.9919795623614517,0.9861264367975258,0.9923036610284003,0.9917203308425242,0.9860578305742854,0.9923037508487947,0.991721390177256,0.9861405361428114,0.9923036810137198,0.9915417335939289,0.9868068511556756,0.9921000520001451,0.9957724494880206,0.9880674221112014,0.9924478565628448,0.9946444067825994,0.98660194603749,0.9927028433216925,0.9925187166730922,0.9860525012075348,0.9924222952313837,0.9921620939445358,0.9862324744293253,0.992303319259981,0.9919505236777699,0.9878825074085813,0.9922764213247043,0.9944533934721158,0.9880930952798185,0.9923542558998238,0.9946487978807447,0.9957176261998206,0.9979872129089282,1.001432584014879,138.0
0.999996478884998,0.9999968811646408,0.9999972920112664,0.9768310748420778,0.979490349428029,0.982251052903308,0.9911237092693276,0.9947594103839469,0.9969682618878489,0.98918378526731,0.9932605645737203,0.9955203356924517,0.989105141017528,0.9928848853464077,0.9956398477671805,0.9883785662968962,0.9926309350677467,0.9952870349353203,0.9878179594316828,0.9928521156839332,0.994074275844025,0.9875475143336738,0.992520533080459,0.9938590406663284,0.9871121757326705,0.9929042553496424,0.9930437447744785,0.9874190786926307,0.991722091517441,0.9948415186152602,0.9872398364972751,0.9917376272970415,0.9948403014919224,0.9870803386169494,0.9904845707780795,0.9941991400378911,0.9891029503126393,0.992584151546569,0.9955287798181509,0.9890595303684026,0.9928849141435763,0.9957947580113141,0.9870808067536001,0.9902212611364557,0.9940845112004066,0.9870806428965162,0.9900091360768108,0.99403322956129,0.9869829669836464,0.988775333964092,0.9939130014227355,0.9869736963295267,0.9890076170895932,0.9937518851824539,0.9869716144180544,0.9885156754328005,0.9939012664932463,0.9867069322473633,0.9927924220385017,0.9922443163932604,0.9864979591714572,0.9926630624673113,0.9919599411611445,0.9867212024955351,0.9927924732272612,0.9919342317420121,0.9869534964420412,0.9929215816711405,0.9927280020649407,0.9869394546053001,0.9932154202607865,0.9926873267484574,0.9858373218021331,0.9926651895805498,0.9911119981733568,0.9858139583372878,0.9926652095734796,0.9910161684842825,0.9858248381455619,0.9930167085266498,0.990896811406337,0.9854180098497625,0.9921185749051363,0.9906251231364702,0.9853490700608758,0.9921186647088883,0.9906242507716451,0.985433080899542,0.9921185948867514,0.9904428505334462,0.9861502752102113,0.9919418800775863,0.9948224767571738,0.98739614400684,0.9922751181827257,0.9936595848463962,0.9859026170560281,0.9925218781702403,0.9914480296994646,0.985344906265709,0.9922386230689946,0.9910804494176454,0.9855244560935256,0.9921182332000421,0.9908621562252876,0.9872109499660675,0.9921031875533165,0.9934680680041674,0.9874211471190003,0.9921808341956525,0.9936640008491598,0.9951308207142004,0.9978426623677433,1.0006551344237482,139.0
0.9999962598671236,0.9999968518141589,0.9999970355164848,0.9753693369662036,0.9792945685698594,0.9805651947479587,0.9895450264632663,0.994547595026134,0.9949845389900296,0.9875701591020714,0.9930458481565864,0.9934703300714198,0.9874943287038143,0.9926708022911875,0.9935829722211952,0.9867599326622948,0.9924174799041069,0.9932262426914177,0.9861752361621205,0.9926349492347755,0.9919657356684806,0.985903723823725,0.9923045829658552,0.9917474208188114,0.9854612488852932,0.9926884344401695,0.9908934203915213,0.9857954225499811,0.9915104732564134,0.9927730472737976,0.9856152368435976,0.99152673626544,0.9927718605269703,0.9854560545673581,0.9902736525960546,0.9921188745669502,0.987491787620623,0.9923705753481528,0.9934726531899257,0.9874506655915777,0.9926708310821304,0.9937331990414033,0.9854565514749588,0.9900097089592838,0.9920038729579315,0.9854564011192933,0.989797081532294,0.9919523840976265,0.9853604780018017,0.988568681680459,0.9918330123783571,0.9853510720966472,0.9887986564191753,0.9916690183633344,0.9853493813077583,0.9883099449501643,0.9918217696674367,0.9850489520012289,0.9925777992232907,0.9900642518856086,0.9848359262509468,0.992449190319073,0.9897643973234159,0.98506398328328,0.9925778504010304,0.9897491067570885,0.9852998761834069,0.9927062075017596,0.9905666416426392,0.9852859497057289,0.9929999750786459,0.9905279265406322,0.9841724756451873,0.9924530769762382,0.9888748827117387,0.9841503178674438,0.9924530969649266,0.9887737067603293,0.98415990456179,0.9928030060412237,0.9886583965860934,0.9837455697811952,0.9919120775582447,0.9883700886593269,0.9836767672724979,0.9919121673434914,0.988367022860662,0.9837619464884432,0.9919120975357423,0.9881827871918164,0.9845208074469202,0.9917349961636178,0.9927538398220548,0.98575110477648,0.9920596050404501,0.9915474273798195,0.9842346790780373,0.9923104118309096,0.989225342494042,0.9836707511576663,0.9920302970709991,0.9888431903078547,0.9838519697652104,0.9919117359235641,0.9886159616088773,0.9855660573716206,0.9918873791969114,0.991355403325783,0.9857756846923139,0.9919657064040006,0.9915518227335652,0.9936412972929672,0.9976431683534323,0.9989366996865787,140.0
0.9999959963598246,0.999996813634196,0.9999967508034555,0.9736159634438578,0.9790413452295382,0.9786974157016751,0.9876267654184832,0.9942661395931743,0.992768112396001,0.9856146958635321,0.9927550396792414,0.9911846631199968,0.9855401982430385,0.9923802773513678,0.9912887012193617,0.9847998521382878,0.9921263140566051,0.9909297586615333,0.9841880538249314,0.9923356391163491,0.9896193418414413,0.9839131851596166,0.9920041243745537,0.9893971364578183,0.983465348785846,0.9923878256639861,0.9885045382144201,0.9838302907785135,0.9912188070243588,0.9904689132281456,0.9836487143454854,0.9912352137130789,0.9904677835768819,0.9834922238868194,0.9899824876395386,0.9898027487014174,0.9855372270990792,0.9920802774127049,0.9911787988389189,0.9854976537411344,0.9923803061338693,0.9914334534925442,0.9834927927679886,0.9897182084395538,0.9896879634639872,0.9834926769237867,0.9895054152729724,0.9896367512078994,0.9833968702587369,0.9882802485283152,0.9895135035978997,0.9833874020713781,0.9885091815757825,0.9893486166554178,0.9833858129212769,0.9880220332090733,0.9895019624004607,0.9830439673527315,0.9922761832388542,0.9876445016664966,0.9828258994003078,0.9921470011686901,0.9873287741278706,0.9830593892493126,0.9922762344010914,0.9873237037876504,0.9833005013048681,0.9924051639896067,0.9881662956028917,0.9832866911515741,0.9926986982425717,0.9881295702630221,0.9821581195069066,0.9921494048200971,0.9863976495976272,0.9821374962905983,0.9921494248027004,0.9862910620114378,0.9821455241680752,0.9924988710043247,0.9861816521059484,0.9817184084679573,0.9916072861576078,0.9858728467637666,0.981649177806798,0.9916073759154417,0.9858672460221202,0.981736387985244,0.9916073061290045,0.9856804103443393,0.9825470636949597,0.9914443676420607,0.9904496965222988,0.9837581061157596,0.991757992679396,0.9891962809494086,0.98221635131104,0.9920069278082576,0.9867619815951568,0.9816432985256038,0.9917254840523146,0.986364685998343,0.9818250508131232,0.9916069446272326,0.9861280977647889,0.9835727035185868,0.9915849681295502,0.9890032002471899,0.9837811404505905,0.991663249361798,0.9892007001187109,0.991854509026771,0.9973851061352613,0.9970327624317276,141.0
0.9999957365611922,0.9999967849161236,0.9999964954083513,0.9718910697416756,0.9788512770482015,0.9770263435300865,0.9857199448220639,0.994052693928707,0.9907638622673647,0.9836765329358371,0.9925328848935872,0.9891168211239328,0.9836016369657296,0.9921578742792166,0.9892117386386905,0.9828563664522025,0.9919020220591428,0.9888504027663675,0.9822270807945085,0.9921075722335656,0.9874982732411545,0.9819509627637822,0.9917758495299357,0.9872739745567951,0.9814993434164383,0.9921586525323781,0.9863451929535676,0.9818817792487998,0.9909914380714911,0.9883804096737647,0.9816987528112929,0.9910074825893379,0.9883792070350836,0.9815448388305632,0.9897540904233235,0.9877006109993262,0.9835982066869763,0.9918576758324228,0.9891017040411879,0.9835591947330022,0.9921579030552585,0.9893511181398671,0.9815454519139851,0.9894893828483471,0.987585675572615,0.9815453571948043,0.989276294748516,0.9875344216734663,0.9814493354209273,0.9880507735843779,0.9874027952309171,0.981439845344666,0.9882794026057197,0.9872380659377178,0.9814382624310191,0.987792465661148,0.987390113047874,0.981070986684188,0.9920467240774347,0.985457309796299,0.9808488770401117,0.9919176254333812,0.9851274271452312,0.9810871864273607,0.9920467752278801,0.9851317510043648,0.9813318097169944,0.992175620903204,0.9859962782989786,0.9813180044645932,0.9924678864451828,0.9859597380191726,0.9801771173834352,0.9919177487285518,0.9841588445618311,0.9801577961506283,0.9919177687065125,0.984047527912162,0.9801644299811874,0.9922655487432162,0.9839415460922553,0.9797249494540536,0.9913738343744088,0.9836169209216692,0.979655559830395,0.991373924111244,0.9836092758110314,0.9797438010948907,0.9913738543411321,0.9834196278075269,0.9805889243797048,0.9912143607288949,0.988361195361547,0.9817943319992584,0.9915291827866513,0.9870728328768927,0.9802320092606884,0.9917759490384039,0.9845360012342906,0.9796507664957531,0.9914930746889176,0.9841253150661252,0.9798322043860128,0.9913734929239332,0.9838804915321336,0.9816094130082887,0.9913562341295338,0.9868794946710167,0.98181636853018,0.9914341147400099,0.9870772569777585,0.9900966786647373,0.9971913953297195,0.9953292640004177,142.0
0.9999955940841795,0.9999967728753475,0.9999963814125865,0.9709469447587469,0.9787709503243673,0.9762832935348452,0.9846641351045765,0.9939660901405231,0.9898588827988344,0.9825973149810524,0.9924434283407729,0.988160189640257,0.9825224888568831,0.9920669981458275,0.9882459332622122,0.9817755639564837,0.9918129821927618,0.9878852092579715,0.9811277680528953,0.9920159665330628,0.9864992549414375,0.9808512242967364,0.9916854745866149,0.9862730391789716,0.9803939366260933,0.9920665104851916,0.9853151148181408,0.9807991474110888,0.9909030077291205,0.9874083393567477,0.9806154391790612,0.990919580040898,0.9874071802811877,0.9804643545205731,0.9896649738112817,0.9867178318650184,0.9825185929287356,0.9917656640189705,0.9881344711673826,0.9824804351990549,0.9920670269192232,0.9883808793464672,0.980465043432118,0.9894005582242391,0.9866036753546422,0.9804649854727094,0.9891878574445035,0.9865530857596388,0.9803709306180601,0.9879588165307827,0.9864116929193478,0.9803614005368927,0.9881868595154388,0.9862463318306032,0.9803601354561353,0.9877002303240039,0.9863980266881197,0.9799604429154202,0.9919547877136338,0.9844058051414458,0.9797351488452853,0.9918260740629715,0.984064849439502,0.9799775712775538,0.9919548388593654,0.9840770373723496,0.9802244263412799,0.992083299172154,0.9849579548982862,0.9802106344341086,0.9923743019665558,0.984921392426482,0.9790598671538168,0.991825297714468,0.983067080119059,0.9790414469760891,0.9918253176905842,0.9829519981365605,0.9790471422902024,0.992172638630702,0.9828494670288773,0.9785971588306481,0.9912796492055923,0.9825114235236323,0.9785274156178182,0.9912797389339969,0.9825020650315205,0.9786164560788573,0.9912796691704392,0.9823103405346606,0.9795019378121859,0.9911290840857899,0.9873890549354404,0.9806940721320953,0.991439352134019,0.9860718538754658,0.9791124375980492,0.9916836847250191,0.9834541547112913,0.9785246494879886,0.9914000977504004,0.9830328713380263,0.9787053715560734,0.9912793077871955,0.9827815686788443,0.980509633231107,0.9912666970508855,0.9858785934563838,0.980716245317927,0.9913449600237664,0.9860762481251062,0.9891344860535648,0.997109546593611,0.9945717505741595,143.0
0.9999956529053912,0.9999967771358015,0.9999964533516968,0.9713371264904441,0.9787978239265365,0.9767534637320565,0.9850964381082662,0.9940039804562568,0.9904241411661546,0.9830102168018041,0.9924811987065814,0.9886879270266201,0.9829371841481381,0.9921057331816593,0.9887687564946797,0.9821846655694152,0.9918515444372782,0.9884060156518283,0.9815264899804094,0.9920534489181351,0.9869956904114203,0.9812503423437384,0.991724252352085,0.9867681948581287,0.980787772578475,0.9921040996889382,0.98578872518576,0.9812045456392923,0.990942720788907,0.9879245881782575,0.9810201411088563,0.9909595808918434,0.9879234814453018,0.9808685379869228,0.9897058694192628,0.9872268478017338,0.9829332511116599,0.9918051708408787,0.9886579104283835,0.982896232076146,0.9921057619561706,0.9889002919302575,0.9808692543305926,0.9894418707163689,0.987113319150746,0.9808692098069322,0.9892295820806177,0.9870632214972779,0.9807756795647657,0.9880010647078655,0.9869185130631545,0.9807661722772034,0.9882297644060694,0.9867536447631886,0.9807649546102619,0.9877425512247539,0.9869044828875629,0.9803495949615774,0.9919929369411172,0.9848637494313509,0.9801217714978508,0.9918647481739894,0.9845145635043587,0.9803666833454451,0.9919929880888344,0.9845327272545893,0.9806164710440084,0.9921209232241168,0.9854255819483876,0.9806027413664191,0.9924110448051822,0.9853892230175337,0.9794420430151988,0.9918634613191255,0.9834949364597209,0.9794239181406142,0.9918634812960231,0.9833768241301138,0.9794293505619112,0.9922118589125515,0.9832780651139681,0.9789727764867265,0.9913146555740119,0.9829303271645661,0.9789028357778997,0.9913147453056494,0.9829196502423975,0.978992436804896,0.9913146755395777,0.9827267522488485,0.9799024925707595,0.9911700015840726,0.9879052763776562,0.9810930655796076,0.9914788735923136,0.9865671123926507,0.9794938364335549,0.9917214189389302,0.9838895881359709,0.9789012617811821,0.9914364890634717,0.98346089672897,0.979081561985402,0.9913143141433146,0.9832050919706651,0.9809086941068863,0.9913064096421442,0.9863740620334134,0.9811161410642708,0.9913855928932447,0.9865714651057291,0.989532121663308,0.997136972546064,0.9950510550891276,144.0
0.9999957687857598,0.9999967956865541,0.9999965936889353,0.9721068916059523,0.9789191113655065,0.9776729873601513,0.9859421202606679,0.9941489775314879,0.9915185330970246,0.9838457646095211,0.9926279327847698,0.9897538276651938,0.9837742010333835,0.9922539259925635,0.9898317006994505,0.9830173781551739,0.9919979320457912,0.9894649889253554,0.9823570899757388,0.9922025866676513,0.9880397643686768,0.9820823486973153,0.9918750935678187,0.9878121770737981,0.981618515467207,0.9922544851598707,0.9868166686717659,0.9820358047240378,0.9910886080214549,0.988978438858169,0.981850806729075,0.9911055103657966,0.988977332708139,0.9817010407035581,0.9898513710364023,0.988272839902932,0.983770208692468,0.9919545306932244,0.9897221170218289,0.9837341730370699,0.9922539547713706,0.9899605151624599,0.9817016509118913,0.9895869477788619,0.9881580654496064,0.9817015550331148,0.9893741046495448,0.9881069022327178,0.9816097352718718,0.9881464171316694,0.987960940547562,0.9816002274251122,0.9883753540171807,0.9877958087400593,0.9815992129294201,0.9878878463762931,0.98794648713559,0.981178690475525,0.992145112179641,0.9858806779851517,0.980950135860105,0.9920182974535889,0.9855257335102665,0.9811956539707495,0.9921451633352163,0.9855483330108032,0.9814465813239771,0.9922717242431599,0.9864491432533918,0.9814328656376815,0.9925605153137493,0.9864120723804405,0.98026801317251,0.9920189835361484,0.984489966830687,0.9802496334718732,0.9920190035161875,0.9843693842514828,0.9802553612493909,0.9923686374610086,0.9842738364307088,0.9797999971481551,0.9914712479540064,0.9839208787230064,0.9797301262392016,0.991471337699866,0.9839093264801847,0.9798202026770652,0.9914712679227372,0.9837158786013603,0.9807298578833638,0.9913161473534405,0.9889590810929868,0.9819256802210569,0.9916307755614402,0.987611724866528,0.9803204552953003,0.9918764305930082,0.9848907394646059,0.9797272210054238,0.9915928454342484,0.9844572506287266,0.9799086196179804,0.9914709064691942,0.9841985503263908,0.981741937038542,0.991459135188558,0.9874195665480899,0.9819491860490775,0.9915375979514943,0.9876160766705551,0.9903165702839067,0.9972606269911676,0.9959883977432729,145.0
0.9999958863743337,0.999996822768321,0.9999967365029473,0.9728879049752174,0.9790965995899998,0.9786093567989779,0.9868022576725499,0.9943584309812671,0.9926307191719828,0.984704015225758,0.9928420912861777,0.9908506813356786,0.9846342820084626,0.9924692057215764,0.9909266860143804,0.9838750765197547,0.9922134564472042,0.9905585995943478,0.9832159855615947,0.9924207704628365,0.9891249538604137,0.9829423574309272,0.9920945864060625,0.9888970666439922,0.9824811251303949,0.9924758124091295,0.9878944772430415,0.9828922172400661,0.9913061065477303,0.9900696800521985,0.9827070284350976,0.9913232526210701,0.9900685285760396,0.9825567889146075,0.990070801612895,0.9893607258733846,0.9846302628013909,0.9921707073989878,0.9908178755683128,0.984595371061869,0.992469234506622,0.9910537992102535,0.9825573372010588,0.9898064216708796,0.9892454315325482,0.9825572115614345,0.9895935005684222,0.9891937764440699,0.9824661815850435,0.9883699618587212,0.9890505620247625,0.9824566668976266,0.9885990068880971,0.9888850172329312,0.9824557513151496,0.9881119107607306,0.9890363994035791,0.9820448448046671,0.9923693308025946,0.986954017161233,0.9818176080646873,0.992244359942608,0.9865960622233048,0.9820634261627832,0.9923693819697404,0.98662213460197,0.9823105808165569,0.9924940989093857,0.9875254814884689,0.9822970004192304,0.9927825739909031,0.9874896209352612,0.9811391909823289,0.9922466029459178,0.9855539691179047,0.9811218472915073,0.9922466229305482,0.985432612152869,0.9811266248105625,0.9925984031552314,0.9853397908332453,0.9806693557272071,0.9916974336204413,0.9849799893174068,0.9805994598298614,0.9916975233867957,0.9849678578326221,0.980689991820013,0.9916974535937328,0.9847742455741304,0.9815850522677954,0.9915354050701927,0.9900501933492687,0.9827862299206275,0.9918511465318471,0.9886969554036462,0.9811889058246281,0.9921031776162171,0.9859559614044634,0.9805959193193574,0.9918198498620489,0.9855197054370226,0.9807778268677618,0.9916970920576444,0.985259371817471,0.9826026753629968,0.9916798947551879,0.9885052705385854,0.9828105703009431,0.9917586626088015,0.9887012835148872,0.991112491647596,0.9974415657970186,0.9969429033705484,146.0
0.9999960041114485,0.9999968383260469,0.9999968744121566,0.9736707820318443,0.9791989578104274,0.979513625717532,0.9876591242700673,0.9944776854419616,0.9937053371813463,0.9855602884223325,0.9929577759631673,0.9919193871511195,0.9854917407634987,0.992586322298684,0.9919941324224953,0.9847299239579893,0.9923300575357524,0.9916257434930776,0.9840754268660125,0.9925298907764475,0.990190416245506,0.9838030666805223,0.9922042105820318,0.9899632151253042,0.9833414281728169,0.9925782617253431,0.9889590994984735,0.9837443179573536,0.991424033889689,0.9911362298229245,0.9835587840252181,0.9914410107946798,0.991135093017407,0.9834063141194057,0.990191873217373,0.9904262297066017,0.98548777872068,0.9922889695178416,0.9918863301919425,0.9854534971980016,0.9925863510871274,0.9921197334533141,0.9834068348139372,0.9899278176466133,0.9903109745129838,0.9834066961032536,0.9897151240801684,0.9902592851899241,0.9833153521857168,0.9884973039500481,0.9901204518878168,0.9833058189826145,0.988726138087257,0.9899541315490342,0.9833048785117667,0.9882401044444787,0.9901069824673281,0.9829047347935169,0.9924655744326614,0.9880174965879843,0.9826772065054813,0.9923366220565764,0.987658331510865,0.9829233836094282,0.9924656256047677,0.9876854659969088,0.983170780382849,0.9925943240727392,0.988590332522298,0.9831574681592886,0.9928835909131806,0.9885577283804801,0.9820030319400311,0.9923349878550783,0.9866137466090165,0.9819869855081781,0.9923350078414827,0.9864923522398005,0.9819904720995145,0.9926874357714115,0.9863993461693085,0.9815274572141182,0.9917774703822353,0.9860370114580512,0.9814577352907279,0.9917775601557891,0.9860246109180242,0.9815481083436065,0.9917774903571266,0.9858307745802938,0.982434731679887,0.9916519471515679,0.9911167826287578,0.9836474207540636,0.9919611021079457,0.9897637438757487,0.9820493716992976,0.9921912994587562,0.9870159256056052,0.9814547850176195,0.9919030398039269,0.9865784456098344,0.9816359235023756,0.9917771287920452,0.9863173685687285,0.983464397973108,0.9917905882081528,0.9895728884370001,0.9836718572895036,0.9918682644498636,0.9897680885683956,0.9919102897026215,0.997545906550683,0.9978646879997107,147.0
0.9999960982153363,0.9999968543210224,0.9999969846660387,0.9742966801303781,0.979304294335698,0.9802369842213947,0.9883443597256197,0.99459932213338,0.9945633137012798,0.9862400318026081,0.9930781665084965,0.9927626414808994,0.9861735518735033,0.992704764299756,0.9928316470148214,0.9854080637327042,0.9924523127179522,0.992466896428112,0.9847523150990736,0.99264679936602,0.9910239571627633,0.9844803728843113,0.9923205518640793,0.9907969075776882,0.9840165230078319,0.9926928628737707,0.9897856607741763,0.9844208084839713,0.9915489866197557,0.9919770417986009,0.9842351395469433,0.9915661995734638,0.9919759623974278,0.9840811673121687,0.9903199136708809,0.9912662068449226,0.9861695177840678,0.9924058524501369,0.9927210760668206,0.9861366018158073,0.9927047930916282,0.992955880732431,0.9840816493145913,0.9900559421339336,0.9911506942534943,0.9840814920337756,0.989843250314771,0.9910987474986586,0.9839902815691576,0.988632549336672,0.9909667140396183,0.9839808195208297,0.9888627799351885,0.9908020388289478,0.9839798065567231,0.9883760696290745,0.9909538036189126,0.9835784830406967,0.9925781889754854,0.9888393106724195,0.983349739994319,0.9924480194448874,0.9884770297966211,0.9835979008568071,0.9925782401533957,0.9885072504867537,0.9838453915269217,0.9927081557812548,0.9894154343936545,0.9838322483701886,0.9929973957593464,0.9893846152998292,0.9826758149460221,0.9924445662216447,0.9874251405895619,0.9826606575591944,0.9924445862102523,0.9873031793954826,0.9826632297470168,0.9927972044527109,0.9872098531350577,0.9821904075329254,0.9918810052941569,0.9868430257365921,0.9821204789235406,0.9918810950770521,0.9868300889755288,0.9822101023096255,0.9918810252711255,0.9866353695970274,0.9831103874413937,0.9917782489416795,0.9919575885197363,0.984324606841841,0.9920770705858143,0.990597770059314,0.982719854450007,0.9923008007138102,0.9878291530971852,0.9821220084944713,0.9920102692762205,0.9873884343584692,0.9823004651066761,0.9918806636684223,0.9871255023355822,0.9841417159964314,0.9919068475429496,0.9904072883923336,0.9843484812067302,0.9919829964108234,0.9906021647853384,0.9925481186561185,0.9976532780236885,0.9986020512274433,148.0
0.9999961694688115,0.9999968559686386,0.9999970638611388,0.9747701196049363,0.9793146249570197,0.9807551214879573,0.9888668287311742,0.9946148636280103,0.9951862322082826,0.9867532166735187,0.9930906659097698,0.9933634149690908,0.9866900348842884,0.9927181567612358,0.9934307506612505,0.9859173842736346,0.9924660714119314,0.9930612228530267,0.9852621350094054,0.9926534702914676,0.9916097617801964,0.9849906942282388,0.9923273300596428,0.9913823484444113,0.9845258661527344,0.9926952165427091,0.9903624909746576,0.9849277973844054,0.99156456704323,0.9925671295225165,0.9847419525643136,0.9915822245247443,0.9925660233595118,0.9845861286489102,0.9903362677571741,0.9918500133590658,0.9866858431001336,0.9924199594260809,0.9933211268251532,0.9866551805111797,0.9927181855534939,0.993553272032089,0.9845865687842504,0.9900721547247563,0.991734078695633,0.9845863912367483,0.9898592701483069,0.9916817694518055,0.9844942679458728,0.9886510683111048,0.9915492970206715,0.9844848904154665,0.9888828555806439,0.9913866323619712,0.9844836524380756,0.9883946251585004,0.9915359091992964,0.9840882171528852,0.9925767326513991,0.989410765409108,0.9838598073529546,0.992444192822832,0.9890455412694921,0.9841077596539641,0.9925767838292487,0.9890775176247362,0.984354923670486,0.9927090695786116,0.9899906420975809,0.9843419733977802,0.9929984325861768,0.9899619905988974,0.983189589202574,0.99243733716709,0.9879873203689516,0.9831757587379485,0.9924373571555585,0.9878642426068285,0.98317716640042,0.9927937493600417,0.9877761545600398,0.982704015700546,0.991862050530132,0.9874019015952432,0.9826342196076318,0.9918621403113221,0.9873882438093485,0.9827260901068995,0.9918620705067194,0.9871942583990903,0.9836160381215581,0.9917964509113557,0.9925475338448642,0.9848347173845899,0.99208386608964,0.991183424863727,0.9832301148923418,0.992292037755506,0.9883925613602904,0.9826317970012816,0.9919949790486375,0.9879499217514449,0.9828116128416287,0.9918617089108855,0.9876858155245006,0.9846518988543886,0.9919138368880704,0.9909932194364907,0.9848587440345488,0.9919897586315273,0.9911878225829639,0.9930305936014938,0.9976638257045629,0.9991302524763439,149.0
0.9999962089678478,0.9999968524928721,0.9999971038912643,0.9750318006719791,0.9792908047912292,0.9810157918888504,0.989161435916328,0.9945928700915544,0.9955070462644808,0.9870324818673153,0.9930678673834237,0.9936460218702617,0.9869702963467244,0.9926947410818657,0.9937065397591566,0.986195525752994,0.9924438286306916,0.9933366785102592,0.9855289998023359,0.9926299590371478,0.9918630524530491,0.9852563409925399,0.9923031711665254,0.9916340803685006,0.9847910735423011,0.9926743324327733,0.9905953689742448,0.9852042985979504,0.9915431316266489,0.9928370753736222,0.9850179916759304,0.9915612605428247,0.9928360165369908,0.9848634546210996,0.9903143404647784,0.9921113268596269,0.9869658528289847,0.9923960500037505,0.9935962157048281,0.9869362264898393,0.9926947698734355,0.9938254957361782,0.9848638262163663,0.9900496388603385,0.9919943889471897,0.984863615268445,0.9898361318041183,0.9919412740494612,0.9847728742269648,0.9886298533844603,0.9918088091779769,0.98476350696863,0.9888617837948107,0.9916462863006354,0.984762424168864,0.9883734806045071,0.9917951647133144,0.9843516038567384,0.9925580753279549,0.9896289572309582,0.9841221112993817,0.9924268871698265,0.9892555510210329,0.9843715928758118,0.9925581265048677,0.9892937803059768,0.9846194668414909,0.9926890604237575,0.990218325389433,0.9846067063426032,0.992978512314615,0.9901918848812218,0.9834512190192383,0.9924213177725871,0.9881744263760228,0.9834379077278711,0.9924213377607468,0.9880486424022566,0.9834386490306131,0.9927757523532916,0.9879594076283078,0.9829633892930976,0.9918492801677213,0.9875825568564764,0.9828929683945073,0.9918493699478398,0.9875674128476744,0.9829866773125276,0.9918493001440706,0.9873731374661417,0.9838897805447987,0.9917781848094045,0.9928173810107206,0.9850993264152207,0.9920591492898714,0.9914350958034817,0.983490458772241,0.9922768226452537,0.9885882684495194,0.9828905607402287,0.9919825264218147,0.9881387639426046,0.9830709368329335,0.9918489385525535,0.9878705866737184,0.9849162794654092,0.9918889463994917,0.9912447856178853,0.9851226072591005,0.9919642065152605,0.9914395244955858,0.9932972874095168,0.997639572040692,0.9993960145306097,150.0
0.9999962212533585,0.9999968343204486,0.9999971108890918,0.9751130149677304,0.9791703945079145,0.9810595417732455,0.9892545503166278,0.9944585573291418,0.9955719098480937,0.9871031733316189,0.9929294469730351,0.9936608964248322,0.9870418331997056,0.9925559982861939,0.9937133738633799,0.986263529964171,0.9923048098055044,0.9933411151399307,0.9855821677228294,0.9924879321768576,0.9918400288038154,0.9853080730463557,0.9921612067560631,0.9916088925190458,0.9848402765551588,0.9925320162788793,0.990546208313648,0.9852692449585877,0.9914032526812459,0.9928327732692778,0.985082180450129,0.9914217526783102,0.9928317176840502,0.9849288183283421,0.9901722587593471,0.992093691251878,0.9870371660397151,0.992257049330456,0.99360258435,0.9870084359080811,0.9925560270737314,0.9938278549027916,0.9849291924671879,0.9899073883364338,0.9919767555712288,0.9849289825660054,0.9896937520815615,0.9919236768283156,0.9848414654929109,0.9884826182514665,0.9917821811847427,0.9848320864354322,0.9887142825813174,0.9916192658312205,0.984831438410447,0.9882256146675837,0.9917674277963194,0.9843966024680714,0.9924157111515052,0.989561406407863,0.9841650158668457,0.9922845721039567,0.9891783487504349,0.984416469445392,0.9924157623211118,0.9892231488115677,0.9846670770598673,0.9925466468351323,0.9901623777801141,0.9846544522044075,0.9928357123291327,0.9901373311259576,0.9834933827530955,0.9922789697118808,0.9880715305191194,0.9834811705700719,0.9922789896971934,0.9879425332264468,0.9834807676239922,0.9926332493582299,0.9878554009924049,0.9829972122587693,0.9917062188991914,0.9874682949041829,0.9829266221259852,0.9917063086664727,0.9874515233564374,0.983021227659661,0.9917062388726838,0.9872559389834759,0.9839500029182486,0.9916409175309043,0.9928129427525325,0.9851496880224152,0.9919170022471798,0.9914096566091577,0.983529788727575,0.9921345379165791,0.9884941784803327,0.9829247401714539,0.9918402641680022,0.988035590679367,0.9831050638561256,0.9917058773328682,0.9877619072126317,0.9849662713387868,0.9917464501423643,0.9912190573801568,0.9851722975811035,0.9918220123498277,0.9914140821764071,0.9933800574623038,0.9975168584984484,0.9994406618503132,151.0
0.9999961687253219,0.9999968177643572,0.9999970602517205,0.9747630762329011,0.9790597093405371,0.9807260894642049,0.9888745850976708,0.9943404102347634,0.995183247531788,0.9866949479503507,0.992811270614537,0.9932179506563121,0.9866327109807109,0.9924395864447317,0.9932637163690381,0.9858527167164054,0.992186944935918,0.992887168385687,0.9851512354191608,0.9923704573314003,0.9913532061309813,0.9848744509939795,0.9920429778855865,0.9911192265369093,0.9844053491060686,0.9924209694237379,0.9900286874842301,0.9848542677991812,0.9912858446665366,0.9923692772779835,0.9846665251293215,0.9913050322151264,0.9923682104015218,0.984512579589508,0.9900530888853127,0.9916157457946458,0.9866278004606682,0.9921420493242793,0.9931549688767792,0.9865989556051205,0.9924396152288802,0.9933726390213662,0.9845129549965854,0.9897878664126302,0.9914985814455477,0.9845127454520782,0.989573939237597,0.9914453660452156,0.9844250094867596,0.9883602189218342,0.991294865538348,0.9844155599581298,0.9885905634709679,0.9911302263411198,0.9844149654271342,0.9881030022705124,0.9912791634969352,0.9839595085546377,0.9923103000627352,0.9890227702610466,0.9837266599055506,0.9921826549679013,0.9886284622462015,0.9839801216312176,0.9923103512269559,0.9886812585220656,0.9842313440227469,0.9924377414164123,0.9896371444778266,0.9842188791249686,0.9927266775798552,0.9896140897469422,0.9830575257153821,0.9921830825750748,0.9874937234979064,0.9830471662546756,0.9921831025584898,0.987361380236273,0.9830449353786209,0.992538533515617,0.9872786463314589,0.9825539216301928,0.9916197835808993,0.9868737522161191,0.9824834592198501,0.9916198733405471,0.9868552904232311,0.9825782163602176,0.9916198035526946,0.9866574718106994,0.9835308023265299,0.9915281120364998,0.9923492404871149,0.9847140182717823,0.9917979815729181,0.9909195188677298,0.9830891113752493,0.9920381748822028,0.9879246440051926,0.9824802921442509,0.9917499558003424,0.9874547312841631,0.9826624811824025,0.9916194420436223,0.9871740903690908,0.9845300968101591,0.9916268538026379,0.990728314877875,0.9847355460411193,0.9917028558085259,0.9909239413304551,0.9930234572477252,0.9974040818143436,0.999100784938082,152.0
0.9999960585942954,0.9999967962150789,0.9999969337577098,0.9740291994793712,0.9789166074795073,0.9798945939939747,0.9880791036512347,0.9941829627285856,0.9942054491871578,0.9858696541709173,0.9926482493316604,0.9921832916387913,0.9858091910945322,0.9922772977803892,0.9922225986891672,0.9850237850479668,0.9920233333310225,0.9918412144642689,0.984300341182515,0.9922023728566973,0.9902722534409274,0.9840226449343191,0.991875979250076,0.9900364832292803,0.9835447895301672,0.9922510436735559,0.9889137780972933,0.9840216299078489,0.991121388237736,0.9913143561353037,0.9838329272681521,0.9911408662897123,0.9913132713132317,0.9836807282726366,0.9898872017021684,0.990547246335335,0.9858039555664275,0.9919803469034106,0.992114640045641,0.9857767415794482,0.9922773265598221,0.9923270549605636,0.9836810800751522,0.9896212537439468,0.9904292664322486,0.9836808587216259,0.9894066607652794,0.9903754509966269,0.9835955733669247,0.9881931166293502,0.9902205718946444,0.9835860179043039,0.9884214667400094,0.9900534441431027,0.9835858613458157,0.9879360564091121,0.9902045088578627,0.9830918722266524,0.9921391532676435,0.9878845355851291,0.9828547704513717,0.9920109016407581,0.9874780784493316,0.9831132905296309,0.9921392044230783,0.9875393347416207,0.9833680751214623,0.9922672007854398,0.9885134649245404,0.9833556944762174,0.9925554273787811,0.9884913900863026,0.9821813296453368,0.9920100316795685,0.9863112536927191,0.9821720730256883,0.9920100516595213,0.986174823016843,0.982168693671211,0.9923653584535055,0.9860956365222328,0.9816675362198998,0.9914440973538411,0.9856774151386611,0.9815968542949997,0.9914441870977159,0.9856570557060282,0.9816929421946375,0.9914441173221257,0.9854574165204719,0.9826919646996768,0.9913654421649675,0.9912942026106324,0.983860958595277,0.991631299832344,0.9898367710765741,0.9822100744091921,0.9918651747364409,0.9867530218414143,0.9815942816371431,0.9915755307530076,0.9862720331868905,0.9817762461010827,0.9914437558765804,0.9859846228502963,0.9836775276968502,0.9914604237441063,0.9896457157327757,0.9838817271338504,0.9915368215894628,0.9898411586704772,0.9922756183136769,0.9972582531692027,0.9982532257259575,153.0
0.9999959371350571,0.9999967766453088,0.9999967838987607,0.9732189459556723,0.9787862676041611,0.9789087235873609,0.9872103600233004,0.9940417283883266,0.9930511528587661,0.9849716555553962,0.9925030280210033,0.9909774227534965,0.9849115140102678,0.9921332440171889,0.9910103561522342,0.9841215774851452,0.9918788699474568,0.9906261501871412,0.9833795402024358,0.9920527833801036,0.9890224252588037,0.9830997382060239,0.9917262046571418,0.9887838478294142,0.9826181423089577,0.9921017898921943,0.9876333810172484,0.9831149673220291,0.9909780314223207,0.9900930480533314,0.9829253900251883,0.9909978610624203,0.9900919720534328,0.9827732732855375,0.9897450531925746,0.9893163858289579,0.9849059452240017,0.9918372273524613,0.9909036181380155,0.9848795053106773,0.9921332727924318,0.9911100731525053,0.9827736404464605,0.989478711758373,0.9891981651000211,0.98277342625873,0.9892638014715968,0.9891442115636203,0.9826887272716317,0.9880553287956862,0.9889898357962064,0.9826791778064704,0.9882837964791132,0.988823217784105,0.9826790940251517,0.987798819268448,0.9889737093290053,0.9821601001791842,0.9919903984634674,0.9865825013569326,0.9819198985413904,0.9918625347013145,0.9861647686764783,0.982182369992587,0.9919904496112691,0.9862337161328508,0.9824394738694276,0.9921180577736718,0.9872250413915266,0.9824272007854348,0.9924058872461792,0.9872044070366118,0.9812445118314985,0.991862444484579,0.9849680722447963,0.9812363682077678,0.991862464461583,0.9848278052642587,0.9812318308610075,0.9922177716899719,0.9847520314542385,0.9807218337740877,0.991297438806622,0.9843203556376134,0.9806515316726024,0.9912975285373588,0.9842985036182286,0.980747640439887,0.9912974587719828,0.9840963472368304,0.9817799924257169,0.9912245946961332,0.990072781038245,0.9829360605025939,0.991481076676692,0.9885834547398507,0.9812703889216579,0.9917175876397901,0.9854199880971174,0.9806487021282507,0.9914288041813907,0.98492818968506,0.9808308718076454,0.991297097379353,0.9846341782356565,0.9827521500158276,0.9913094629242379,0.9883915850681062,0.9829560261084966,0.9913872036481045,0.9885878091454864,0.9914499834216008,0.9971254401867974,0.9972483255744938,154.0
0.9999958523068827,0.9999967621596395,0.9999966712665006,0.9726523413410665,0.9786896222046667,0.9781667598178475,0.9866106139742636,0.9939384682019865,0.9921883275332525,0.9843480853803149,0.9923947068997258,0.9900725373500497,0.9842873623932006,0.9920240242045718,0.9900965387263341,0.983495363763999,0.9917712560978506,0.9897151504579195,0.9827370135828376,0.9919393022757285,0.9880829126281843,0.9824561459655804,0.9916139920685828,0.9878426745458019,0.9819694748240189,0.9919856722101386,0.9866695530101108,0.9824860889768959,0.9908714517128031,0.9891792570360992,0.9822955450970712,0.990891365082227,0.9891782960839814,0.9821464019036173,0.9896409879185493,0.988397682666771,0.9842814138263917,0.9917272885526268,0.9899885708774042,0.9842552878985596,0.9920240529766337,0.9901918193181439,0.9821467634349987,0.9893742438737548,0.9882790348019831,0.9821465463070804,0.9891589688962198,0.988224771896644,0.9820629306828184,0.9879588743588957,0.9880761556346972,0.9820534101443583,0.9881879584132367,0.9879105656235186,0.9820534332949589,0.9877032609904282,0.9880605222908111,0.98150685696533,0.9918719516455671,0.9856016971085654,0.9812635434841617,0.9917426383631972,0.9851748905113884,0.9815303958395072,0.99187200278729,0.9852503038326968,0.9817890730777364,0.9920010602046447,0.9862551031622733,0.9817769482148839,0.9922889658634224,0.9862365117476836,0.9805844877850143,0.9917399229493669,0.9839533044997026,0.9805769327840527,0.9917399429239193,0.9838096339029223,0.9805717666123304,0.9920954352027587,0.9837368250821378,0.9800551224819549,0.9911704069359485,0.9832962997354462,0.9799848979394339,0.9911704966552762,0.9832731010415587,0.9800820333320249,0.9911704268987696,0.9830695106701893,0.9811444797101614,0.9911174085595437,0.9891590927059225,0.982291622617301,0.9913693548676004,0.987642402514233,0.9806088574873213,0.9915949912022731,0.9844142489879549,0.9799813472424523,0.9913030375217445,0.9839142985445753,0.9801637546248607,0.9911700655520884,0.9836152547884547,0.982108339535293,0.9911981374186,0.9874508472756562,0.9823108285493547,0.9912758420567792,0.9876467350258133,0.9908726489937909,0.9970269680895983,0.9964920611185573,155.0
0.9999958338044211,0.9999967591854574,0.9999966525922754,0.9725284043992116,0.9786690452078767,0.9780431401755055,0.9864821536996664,0.9939213255296925,0.9920479574437118,0.9842045324284654,0.9923750811094834,0.989901012082909,0.9841469604550217,0.9920049921067815,0.9899219868388793,0.9833522938199913,0.9917525738340089,0.9895379263780624,0.9825758975982031,0.9919156958293373,0.9878865442790135,0.9822942568368817,0.9915912002928606,0.9876455027689413,0.9818000092255434,0.9919603963960258,0.9864546606418448,0.9823418401560616,0.9908541374968175,0.9889973806585071,0.9821507863794565,0.9908745063622844,0.988996416454345,0.9820040835154432,0.9896241925488699,0.9882087590877997,0.9841407192034225,0.9917087314687666,0.9898144682864436,0.9841169948205415,0.9920050208782841,0.9900151147482398,0.982004428104918,0.9893572690892771,0.9880897878678276,0.9820042027301895,0.989141805810602,0.9880352639559452,0.9819204102478458,0.9879434479401363,0.9878833755378593,0.9819109113424445,0.9881731260303056,0.9877184546560808,0.9819108832356637,0.9876879191461239,0.9878671336194748,0.9813316835887267,0.9918449587451917,0.9853739550347257,0.9810850417667686,0.991714485462222,0.984940163034831,0.9813554226325446,0.9918450098855482,0.9850203570995425,0.981617446075294,0.9919752271177307,0.9860357648231197,0.9816054993826552,0.9922636343024946,0.9860195921526681,0.9804015054022449,0.9917104867097212,0.9836997439761671,0.980394335840658,0.9917105066836944,0.983553630716465,0.9803887505318999,0.9920663883178025,0.9834827220891391,0.9798647822310125,0.9911380940043443,0.983035034684719,0.9797941446387306,0.9911381837208223,0.983010627240928,0.9798921382053956,0.99113811396653,0.9828061441195549,0.9809969985675285,0.991102982677451,0.9889770858556003,0.9821291877232352,0.9913468258112855,0.9874456562706688,0.9804248913447979,0.9915653970586498,0.9841672603167901,0.9797920800435408,0.9912716443406419,0.9836609371946317,0.9799739826440556,0.9911377526313296,0.9833579796249509,0.9819466765430114,0.9911763224052975,0.987254752246585,0.9821478370354801,0.991253448982226,0.987449978158001,0.9907463748840747,0.997006025591169,0.9963660740001795,156.0
0.9999958708774794,0.9999967693080939,0.999996702492716,0.9727741881255949,0.9787348946421034,0.9783701950717191,0.9867553131264373,0.9940025714839338,0.9924379652661854,0.9844688203199343,0.9924574981700854,0.9902700762857042,0.9844129394598365,0.9920881217934439,0.9902883604753,0.9836153838271463,0.9918363680129936,0.9899028396052615,0.9828336783490916,0.9919981762720206,0.9882393285677593,0.9825525704863042,0.9916747183327796,0.9879981449893739,0.9820561315022583,0.9920433287290075,0.9867956471039434,0.98260329373169,0.9909399254538445,0.9893597187212978,0.9824118366104814,0.9909606197534009,0.9893587353924831,0.9822658443966921,0.9897118910102842,0.9885672983904737,0.9844065155827985,0.9917924312719772,0.9901812324260449,0.9843841244616091,0.9920881505673524,0.9903795811895054,0.982266213970757,0.9894454061905271,0.988448881897237,0.982266000910631,0.989230361950013,0.988394778624437,0.9821812944888585,0.9880338252262579,0.9882398496506365,0.9821717750793645,0.9882634616494845,0.9880743844174047,0.9821716564293143,0.9877786523717945,0.9882234236672112,0.9815867700106417,0.9919282973567067,0.9857070091506311,0.9813395523284361,0.9917980800066443,0.9852688962793409,0.9816107128887208,0.991928348501371,0.9853522434418991,0.9818731884601299,0.9920583097042657,0.9863739269704854,0.9818613412032503,0.9923466869453129,0.9863588583687211,0.9806557193016883,0.9917934669285523,0.9840161666773378,0.9806489856643031,0.9917934869042025,0.9838686793500994,0.9806428463337327,0.9921482322161171,0.98379615938497,0.9801182932001807,0.9912211440932714,0.9833492603359806,0.9800470103241171,0.991221233817304,0.9833238920671142,0.9801470455494198,0.991221164057138,0.9831199367242509,0.9812558455300757,0.9911908509821059,0.9893393086542102,0.9823873430630113,0.9914308764807973,0.9877986161972554,0.9806780224611931,0.9916488396226133,0.9844884684450617,0.9800440532302978,0.9913550783889242,0.9839789863481667,0.980226894116265,0.9912208026915118,0.983674137504687,0.9822052561035279,0.9912608573238029,0.98760819166123,0.9824060629794625,0.9913380247100151,0.9878029154199333,0.9909968595063404,0.9970731723207676,0.9966994711290403,157.0
0.9999959178223546,0.9999967884313941,0.9999967700864829,0.9730859229009631,0.9788601989290955,0.9788143586200603,0.9870976872345679,0.9941513867274924,0.9929610322669735,0.9848071325239542,0.9926079213685766,0.9907812011793626,0.9847518419204613,0.9922390712496968,0.9907966314781882,0.9839534149127386,0.9919879750937015,0.990410436834288,0.983170110153619,0.9921485417003899,0.9887442266046494,0.9828886771147476,0.9918249894111745,0.988502150104073,0.9823937078629101,0.9921950859230861,0.9872979485166179,0.9829402390158595,0.9910932428416138,0.9898642724729821,0.9827486105573637,0.9911142679554775,0.98986322707526,0.9826025402792167,0.9898663330306563,0.9890675621728483,0.9847453850277401,0.9919438016787303,0.990689354966019,0.9847234050955121,0.9922391000279787,0.9908862511028956,0.9826028560444171,0.9895997447411489,0.9889485251755242,0.9826026170700033,0.9893845081627417,0.9888938696875361,0.9825163825310471,0.988190589578741,0.988737173052199,0.9825067888498898,0.9884193127789944,0.9885697671295597,0.9825065465045539,0.9879358637037691,0.9887206688869765,0.98192406436126,0.9920804311819665,0.9862061952837552,0.9816764620583014,0.9919501270037504,0.985765671173258,0.9819484483919241,0.9920804823344889,0.985851084165916,0.9822107115787594,0.9922105303232027,0.9868758267746485,0.9821991376513665,0.9925004594214071,0.986864640923998,0.9809929166258966,0.9919454782703182,0.9845059751151604,0.980986529449654,0.991945498249035,0.9843578509191402,0.9809799402225134,0.9922994561719392,0.9842833578967519,0.9804532311692217,0.9913729980186757,0.9838375275761658,0.9803825523963358,0.9913730877564799,0.9838120925993843,0.980481411073405,0.9913730179856065,0.9836072117033731,0.9815918311692425,0.9913466374346469,0.9898437012787225,0.982722973919106,0.9915810732096976,0.9883023988499734,0.9810143622254089,0.9918011714593967,0.9849809929380874,0.9803794348262587,0.99150781529653,0.9844695590314219,0.9805620945578276,0.9913726565645141,0.9841635931230924,0.9825404225447726,0.9914107042719803,0.9881116493077867,0.9827417260386078,0.9914882702999407,0.9883066959445209,0.99131454462666,0.9972009172310495,0.9971522225462984,158.0
0.9999959609370392,0.9999968087455698,0.999996838338441,0.9733734630785126,0.9789942068380588,0.9792644265295515,0.9874036822211081,0.9943050506744918,0.9934817723563553,0.9851110045108585,0.9927603275470885,0.9912910794176784,0.9850554902200437,0.9923900004565505,0.9913014482033289,0.9842569872476411,0.9921410099822138,0.9909174803188515,0.9834742603915267,0.9922980098322359,0.989249135483478,0.9831921309784966,0.9919740319047506,0.9890057901716248,0.9826993591059277,0.9923415168806023,0.987800886966385,0.9832436332446108,0.9912471842391677,0.9903689978147403,0.983051846299782,0.9912682926885529,0.9903678335525361,0.9829067330592552,0.9900213182289812,0.9895693989796348,0.9850489071314873,0.9920935490845262,0.9911918398291851,0.9850270133043041,0.9923900292392088,0.9913897797961473,0.9829069774028287,0.9897545076506856,0.9894494728266616,0.9829067039792065,0.9895389441226107,0.9893940418872691,0.9828215164575874,0.988348047796405,0.9892382758584417,0.982811888398349,0.9885766574382719,0.9890699981395283,0.9828118086076623,0.9880936622245208,0.9892218129818393,0.9822299544419093,0.9922244425896916,0.9867079440833708,0.9819822748932245,0.9920927312244945,0.9862667014903277,0.9822547796756015,0.9922244937496304,0.9863528955987358,0.982516461674695,0.9923559489341652,0.9873783365440968,0.9825049211712943,0.9926454794437328,0.9873672909553752,0.9813012622911976,0.9920864655210954,0.9850053142937579,0.9812957455519481,0.9920864855026448,0.9848574492195721,0.9812881845318507,0.9924397384079416,0.9847801558319175,0.9807599691240998,0.9915107383623072,0.9843372153465831,0.9806893443831208,0.991510828112543,0.9843116775680484,0.9807885301477262,0.9915107583320033,0.9841070300227588,0.9818945925117223,0.9915020241477936,0.9903482478215013,0.9830259433333406,0.991729893956746,0.9888055744198047,0.9813204860309029,0.9919424457505778,0.9854806907249369,0.9806857870233842,0.9916476266436751,0.9849692435267533,0.9808683787976168,0.9915103968608426,0.984663352842781,0.9828425609396008,0.9915588265513061,0.9886141533710439,0.9830449932800013,0.9916372767594569,0.9888098654389614,0.9916075404015036,0.9973375087531726,0.9976109570578457,159.0
0.9999960072887129,0.9999968294562321,0.9999968992937387,0.9736814580758039,0.9791306148598582,0.9796653442276891,0.9877410689711233,0.9944626545876964,0.993951695065245,0.9854500351806929,0.9929188647693914,0.9917537277244011,0.9853942116567693,0.9925482238234152,0.9917608839535595,0.9845976918387624,0.9922995786595014,0.9913776773182238,0.9838148939350004,0.9924567823677003,0.9897099158233352,0.983532250770894,0.9921331460792924,0.9894658880271686,0.9830428482336412,0.9924999077948219,0.9882614513605475,0.9835851492902613,0.9914057945398926,0.9908263186000975,0.9833932440693534,0.9914270129438438,0.9908251034640078,0.9832503172454194,0.9901795075844014,0.9900225879613828,0.9853876055253604,0.9922515212434391,0.9916502687377313,0.9853655660223649,0.9925482526106639,0.9918480430351468,0.9832504900007883,0.9899124165539424,0.9899017433309056,0.9832501819917214,0.989696475244222,0.9898455215476685,0.9831668418070375,0.9885051380183936,0.9896870233625042,0.9831571761248175,0.9887336296237335,0.9895177971337604,0.9831573669806454,0.9882506270875511,0.9896701308808509,0.9825754357826646,0.9923823583756103,0.9871682916051204,0.9823286255516661,0.9922502991235778,0.9867265522226049,0.9826008657517364,0.9923824095436901,0.9868135612878484,0.9828607385801436,0.9925142126633626,0.9878390833371531,0.9828493029654852,0.9928040137841784,0.9878293331076675,0.9816500583814348,0.9922420867666903,0.9854629919561781,0.9816450621736788,0.9922421067513688,0.9853153558892874,0.9816367952733224,0.9925931613941058,0.9852330960433436,0.9811088009433432,0.9916651374048304,0.9847970694253144,0.9810379194835354,0.991665227169018,0.9847713623290855,0.9811379339996725,0.9916651573776308,0.9845673156251898,0.9822352116534134,0.9916612687151747,0.9908054877718174,0.9833662135104317,0.991889241098502,0.9892658132826705,0.9816680038622893,0.9920989611197134,0.9859396973777521,0.9810339736517979,0.991803317585007,0.9854286193550622,0.9812167913102564,0.9916647958502802,0.9851230161918586,0.9831829121922756,0.9917183305820076,0.9890745666538554,0.9833854166856215,0.9917965749679928,0.9892701075967238,0.9919214115783613,0.9974765524023641,0.9980196159435228,160.0
0.9999960561851797,0.9999968350824803,0.9999969486360506,0.9740057102748526,0.9791675797946862,0.9799881437858624,0.9881018092671539,0.9945063916077099,0.9943406079785791,0.9858102404898492,0.9929607850724774,0.9921373540946551,0.9857538246471987,0.9925903695984918,0.9921416882900433,0.9849579759596232,0.9923422972829783,0.9917608842914275,0.984176852030383,0.9924953115451012,0.9900903723090816,0.9838954080367599,0.9921724155222654,0.9898470512951166,0.9834047783064176,0.9925338690721116,0.9886396184748499,0.9839432266995868,0.9914496697113734,0.9912094943244621,0.9837510160870528,0.9914708159489003,0.9912083172858505,0.9836066560612078,0.9902258454335542,0.9904054750811402,0.9857472416041556,0.9922938473525732,0.9920307906271303,0.9857248057672588,0.9925903983869637,0.9922273658787601,0.983606829188248,0.9899589713698986,0.9902848193694914,0.9836065214925898,0.9897432146398322,0.9902287256706812,0.9835252915030203,0.9885564717098481,0.9900748718184745,0.9835155910619116,0.9887849362588716,0.989904743487076,0.9835160974705494,0.9883026170314738,0.9900587685278742,0.9829353216776808,0.9924127943901508,0.9875449719975982,0.9826875677917147,0.9922787324523944,0.9871027261732462,0.9829602879171139,0.9924128455597889,0.98718975866078,0.983221879152774,0.9925466513741514,0.9882165348255132,0.9832104256521851,0.9928356399511614,0.9882060830619821,0.982009646204414,0.9922683757821953,0.9858385376633209,0.9820053802714657,0.9922683957673961,0.9856911204410688,0.9819963567444027,0.9926203078020404,0.985608050642641,0.9814635898927185,0.9916871167119916,0.9851709648546639,0.9813923428487062,0.9916872064781287,0.9851449611010068,0.9814927086167187,0.9916871366852246,0.9849411187037311,0.9825911598025688,0.9917043195296603,0.9911887119562058,0.9837297222144352,0.991928953467551,0.9896474408687514,0.9820257036920158,0.9921249021166608,0.9863149143605542,0.9813895832142818,0.9918261184073623,0.9858033309133573,0.9815720056400936,0.9916867751500228,0.9854973542507391,0.9835469636512842,0.9917586377366348,0.9894568318558398,0.9837490903341721,0.9918363967871592,0.9896517319340452,0.9922518633991019,0.9975142365391134,0.9983486867446643,161.0
0.9999960836953562,0.9999968375404682,0.9999969812767907,0.9741883678856554,0.9791834811584199,0.9802019548442851,0.9883034242435518,0.9945267512549095,0.9945967259192923,0.9860090547167849,0.9929802399363985,0.9923838989398116,0.9859539159341247,0.9926092088314143,0.9923855893923503,0.9851574046893452,0.9923628875072324,0.9920072650292224,0.9843722410371428,0.9925131452462788,0.990328806332455,0.9840904223799921,0.9921899762475093,0.990084964683228,0.9835991342342982,0.9925506801415328,0.9888724080106582,0.9841411785064188,0.9914719059943023,0.9914566097585706,0.983948663177532,0.9914930640152948,0.9914554454266119,0.9838041540397662,0.9902509060178442,0.9906536621418993,0.9859472138129668,0.9923121940244594,0.9922738972861264,0.9859257520570853,0.9926092376204287,0.9924702767244667,0.9838043103402477,0.9899839575811533,0.9905328253263507,0.9838039944843903,0.989768109711485,0.9904765792268629,0.9837231961074231,0.9885888780430174,0.9903308288253923,0.983713497255896,0.988818046660972,0.9901608183110107,0.9837140548819476,0.9883358711610951,0.9903157197594561,0.9831281578574985,0.9924290193570705,0.9877741823514462,0.9828796062406091,0.9922947122250587,0.987330170060041,0.9831530400688958,0.992429070527541,0.9874183567387548,0.9834156517731527,0.9925631215222616,0.9884479030320149,0.9834042068774627,0.9928515469741583,0.9884372328889666,0.9822006791217541,0.9922839693083818,0.9860616463631952,0.9821966886939223,0.9922839892938946,0.985913746579138,0.9821873798180711,0.9926371662544835,0.9858311194264641,0.9816529152380333,0.9917009324194206,0.9853921144943552,0.9815815050500838,0.9917010221867972,0.9853657550409338,0.9816821910483081,0.9917009523929291,0.9851618743008917,0.9827869840033884,0.9917264024929681,0.9914358295571044,0.9839243481972362,0.9919462995667224,0.9898853390104951,0.9822160252752136,0.9921399819772612,0.9865392942150552,0.9815786616345078,0.9918397846008955,0.9860263169782323,0.9817614632585635,0.9917005908527349,0.9857194242353908,0.9837414550673867,0.9917759017949491,0.9896946835550785,0.9839435264062785,0.9918535561823821,0.9898896367851497,0.9924380078338975,0.99753045475584,0.9985666476252485,162.0
0.9999960952356823,0.9999968346035171,0.9999969958623309,0.9742650900899085,0.9791638366528606,0.9802971951990326,0.9883878117800555,0.9945061635300607,0.9947124136523398,0.9860865171998732,0.9929590498410068,0.9924804572505271,0.9860307704939048,0.992587182878365,0.9924777942354497,0.9852343158436926,0.9923411858362083,0.9920991280516801,0.984445381829642,0.9924923130764327,0.9904131598478715,0.984163139707782,0.9921690770520465,0.990168699214404,0.9836723615266619,0.9925310942626385,0.9889481786538347,0.9842157132758361,0.991449465239757,0.991543497698581,0.9840229047023249,0.9914708257519215,0.9915423908018122,0.983877021304639,0.9902267187278929,0.9907326229389636,0.9860238674083193,0.9922894993566723,0.9923653680133172,0.9860023918836683,0.9925872116667388,0.9925604202482498,0.9838771733275822,0.9899596530423699,0.9906117102190071,0.9838768553010135,0.9897437037573136,0.9905554180913616,0.983793882100245,0.9885603195422326,0.9904001333376531,0.9837840956216626,0.9887885809532755,0.9902279434169411,0.9837844702720022,0.9883068852131727,0.9903841090254093,0.9832003086456179,0.9924107827543734,0.9878439883266725,0.9829510052950645,0.9922774095464955,0.9873968242564906,0.9832255810963507,0.9924108339239133,0.9874874864825239,0.9834884658811741,0.9925439509643234,0.988521353697083,0.9834770321265078,0.9928318710644437,0.988510557154671,0.9822706405856745,0.9922675016798086,0.9861200448653883,0.9822668503557633,0.9922675216649954,0.985971170395347,0.9822573047790975,0.9926214741151,0.9858888413392367,0.9817182690125051,0.9916827920003071,0.9854465821969606,0.9816470157724201,0.9916828817660668,0.9854198468987485,0.9817469826391262,0.9916828119734558,0.9852150289767412,0.9828597964941701,0.9917053892140189,0.9915227071036417,0.9839965718750544,0.9919252759339922,0.9899690709647306,0.9822854829418717,0.9921231996701547,0.9866005021493425,0.9816460263883704,0.9918233211699664,0.9860844454009214,0.9818275989763091,0.991682450439774,0.9857757832477466,0.9838136251363363,0.9917548468854354,0.9897784061277647,0.9840153773200259,0.9918323485476095,0.9899733738234592,0.9925161923384288,0.9975104408881306,0.9986637433704598,163.0
0.9999961069204796,0.9999968211696061,0.9999969891876541,0.9743412886962766,0.9790750422199116,0.9802507026955439,0.9884827202453843,0.994406098866738,0.994673862676939,0.9861723975311879,0.9928556575400215,0.9924204769287218,0.9861164746161833,0.9924807835952192,0.9924099996219508,0.985318154366464,0.9922377296325726,0.9920359369409164,0.984526786173526,0.9923867642587115,0.9903386778665517,0.9842443567625695,0.9920641777007883,0.9900936928104042,0.9837538319986173,0.9924237447210992,0.988863914653649,0.9842977187379812,0.9913459234304612,0.9914791804882748,0.98410432522526,0.9913672239540302,0.9914781464193513,0.9839596757602435,0.9901241052162034,0.9906661949225612,0.9861093647543033,0.9921806943017262,0.9922942475352904,0.9860881445541799,0.9924808123805006,0.9924904319393197,0.9839598117589311,0.9898567038732543,0.9905449730838943,0.9839594857393769,0.9896404450807939,0.9904884641884649,0.9838769908615927,0.9884613142235751,0.9903371113170673,0.9838671678687316,0.9886896479059599,0.9901640768914709,0.9838676441228499,0.9882083396970567,0.9903216647689939,0.9832822886743,0.9923018134062401,0.9877533041724628,0.983032946915879,0.9921674208413658,0.9873025109442412,0.983308435204504,0.992301864570166,0.9873961957862268,0.9835701474361386,0.9924360009646392,0.9884348182797296,0.983558794353306,0.9927240305827285,0.9884249862510746,0.9823563872103744,0.992155405186548,0.9860160189882171,0.9823540250252052,0.9921554251694775,0.9858666295955021,0.9823428569115359,0.9925071912225676,0.9857799426059949,0.9817996777630014,0.9915701082066842,0.985339228170061,0.9817292795148185,0.9915701979622565,0.9853122980158785,0.9818283165537389,0.9915701281775656,0.9851063556548945,0.9829381713187718,0.9916015649565506,0.9914584364360027,0.9840774514092876,0.9918206690754622,0.9898942387555801,0.9823675978336021,0.9920119926877832,0.9864997951110928,0.981726525679588,0.9917110960782825,0.985980766490119,0.9819086129953927,0.9915697666849134,0.9856702899143112,0.9838947576156689,0.9916504614250894,0.9897038522818318,0.9840960030897593,0.991727988845381,0.9898985291163914,0.9925938773686717,0.9974199430281236,0.9986164110318189,164.0
0.9999961024728494,0.9999968051244782,0.9999969502019668,0.9743087904420089,0.9789687735991042,0.9799907116521522,0.9884698136241982,0.9942874241518964,0.9943912784276027,0.9861506539550342,0.992735081784065,0.9921162562373901,0.9860948859493583,0.99236091358768,0.9921032545219532,0.985294395387517,0.9921165809838485,0.9917270067324295,0.9845008549879652,0.9922654093283986,0.9900179496548652,0.9842168641307323,0.9919423223179386,0.9897711984694335,0.9837312565945182,0.9923038624342426,0.988533653135352,0.9842715942672613,0.9912239520153263,0.9911669106351254,0.9840776251673726,0.9912453028435717,0.9911659668426434,0.9839335192471397,0.9900014255079018,0.9903483296876098,0.9860876745888353,0.992061389006297,0.9919884990062016,0.9860667241525645,0.9923609423694826,0.9921814250099821,0.9839336519820583,0.9897336870807509,0.9902269084633147,0.9839333241012724,0.9895171370184577,0.9901702844343422,0.9838517459605723,0.9883379463432727,0.9900170326347694,0.9838418362466066,0.9885654071382345,0.9898418862470011,0.9838425319107169,0.9880850199549823,0.9900016316333524,0.9832634092826497,0.9921830634075681,0.9874170882571923,0.9830160422665564,0.992049312560283,0.9869630748656164,0.9832903977974506,0.9921831145653889,0.9870590805441124,0.9835490098461962,0.992316609187612,0.9881025120991974,0.9835377468295081,0.992604906416805,0.9880938769782943,0.9823473983317418,0.9920378112412059,0.9856689339752062,0.9823468846150992,0.9920378312217765,0.9855190495914649,0.9823337838779305,0.9923895486455911,0.9854309945078926,0.9817903479213387,0.9914521188958906,0.9849884390744956,0.9817208481316929,0.9914522086408364,0.9849612454205856,0.9818201468403284,0.9914521388644075,0.9847547831580129,0.982908246647245,0.9914796140510154,0.9911462173495825,0.984048785261688,0.9916983868739944,0.9895712582268612,0.9823538397047172,0.99189441915007,0.9861547548309267,0.9817137390713386,0.9915940436186717,0.985633075145557,0.9818974608531351,0.9914517774145557,0.9853210886865725,0.9838654180502464,0.9915274322580326,0.989380222923269,0.9840669210092354,0.991605909449693,0.9895755369485255,0.9925608318422711,0.9973116409837134,0.9983514788927754,165.0
0.9999960561685914,0.999996788097339,0.9999968882993393,0.9740002047427162,0.9788562698380434,0.9795828418654203,0.9881381293444061,0.9941605862804344,0.9939169025225429,0.9858066574657783,0.9926039436077958,0.9916183804453742,0.9857512534241577,0.992231188602661,0.9916042170580242,0.9849482972518142,0.9919838000493052,0.9912225424879388,0.9841477387518124,0.9921309652571876,0.9895031092525529,0.98386472366753,0.9918099948569018,0.9892565602616497,0.9833731797441501,0.9921652907209693,0.9880057766727902,0.9839224411723958,0.9910887990732864,0.9906560980886873,0.9837278582259673,0.9911101229817016,0.9906552026999632,0.9835834605946548,0.9898635866009323,0.9898275140755548,0.985743892884691,0.9919327947632869,0.9914913591858053,0.9857234211819788,0.9922312173807055,0.9916802675361631,0.9835836101591725,0.9895956560335577,0.9897061297284437,0.9835832902223943,0.9893789754147717,0.9896495802728562,0.9835018293378112,0.9881936432827773,0.9894850013680536,0.9834918757710922,0.9884209994322483,0.9893089698142402,0.9834926408810244,0.9879398894566399,0.9894682784853405,0.9829007704891044,0.9920409791401452,0.9868800908846528,0.9826504141598081,0.9919050918740961,0.9864212254835556,0.9829284575466221,0.9920410302906552,0.9865208483160907,0.9831891846378382,0.992176661264129,0.9875712306467199,0.9831779598153799,0.9924648350789987,0.9875630980951722,0.9819777906326257,0.9918910451774949,0.9851139077614253,0.9819775691915459,0.9918910651551154,0.9849623738152408,0.9819641243480336,0.992243393197056,0.9848751455556626,0.9814130488752366,0.9912991162889768,0.9844277688132465,0.9813435117260642,0.9912992060201009,0.9843998533224227,0.9814427893365663,0.991299136254417,0.984192326596358,0.9825550190311101,0.9913440616796321,0.9906354409180879,0.9836969141529133,0.9915672108945007,0.989057222171108,0.9819834967024706,0.9917474055139469,0.9856043526380563,0.981338568648974,0.9914436015815188,0.9850781171111016,0.9815207544891368,0.9912987748602323,0.9847633641661715,0.9835146959314687,0.9913972606551313,0.9888671422625381,0.9837146615271456,0.9914750842925508,0.9890614823945267,0.9922463819433103,0.997196978695052,0.9979357478704304,166.0
0.9999960030960137,0.9999967828333007,0.9999968234055938,0.9736462324651677,0.9788208367446684,0.9791557100328937,0.9877608410385451,0.9941247347008354,0.9934172436780169,0.9854193403273435,0.9925689472978606,0.9910951384136705,0.985365188868427,0.992196840315994,0.9910793383874116,0.9845578120307573,0.991947602740939,0.990693344026313,0.9837552999413272,0.9920995383252232,0.988961765216978,0.9834733596541595,0.99178067435923,0.9887153256962516,0.9829812644028662,0.9921362832391384,0.9874505323771555,0.9835281436854053,0.9910508695518833,0.9901215795267277,0.983332917050039,0.9910720892639925,0.9901206631766015,0.9831872608195136,0.989824346052741,0.9892849561262527,0.9853577026088443,0.9918989649894346,0.9909672844683516,0.9853382018593247,0.9921968690930413,0.9911538042547627,0.983187425015879,0.9895562635661088,0.9891635628938633,0.9831871120200195,0.9893394773566757,0.9891070379560839,0.9831053717212351,0.9881513479580978,0.9889353367643959,0.9830953997630434,0.9883790962237863,0.9887591497290518,0.9830961526828076,0.9878971333282863,0.9889177122537097,0.9825100209770218,0.9920144070168587,0.986315697345393,0.9822602841815088,0.9918801486714388,0.9858521587339864,0.9825382735202977,0.9920144581660109,0.9859551693302455,0.9827977097129901,0.9921484601834202,0.9870123767374891,0.9827864591164854,0.9924359988456233,0.9870038024492089,0.9815902165908436,0.9918669823057578,0.9845314347248744,0.9815907736705213,0.9918670022829003,0.9843786963553361,0.9815763233906551,0.99221684344718,0.9842873609778856,0.981026338946822,0.9912792835017314,0.9838428067639261,0.9809572978172793,0.9912793732311103,0.9838144851033152,0.98105680090856,0.9912793034667843,0.9836061701961254,0.9821566518096915,0.9913057471166199,0.9901008903587419,0.9833057377324165,0.9915390506905403,0.988516406803657,0.9815939939095258,0.9917243543442293,0.9850271697386287,0.9809494690901753,0.9914231402545007,0.9844973590220798,0.981133153426817,0.9912789420796286,0.9841804889847943,0.9831244612745071,0.9913698813688323,0.9883270367974327,0.9833234887154874,0.9914478650312584,0.9885206256008042,0.991885698933599,0.997160885574911,0.9975003730654208,167.0
0.9999959721026295,0.9999967712284329,0.999996786927107,0.9734402927661504,0.97874419581076,0.978915801134511,0.9875354145607814,0.9940377741627867,0.9931356604873329,0.98518154733963,0.9924786230289823,0.9907947803989003,0.9851288803796426,0.9921067080946041,0.9907769183417456,0.9843165584320228,0.99185585941151,0.9903890953124617,0.9835082923105798,0.9920076753454955,0.9886462419217174,0.9832247499068326,0.9916885026284197,0.9883985270656835,0.9827318427161095,0.9920445179714824,0.9871241652116284,0.9832823175845126,0.9909570812344118,0.9898144140811066,0.9830861803700456,0.9909778067909555,0.989813534796364,0.9829393553190952,0.9897309596936682,0.9889730396893072,0.9851213467081663,0.9918089864362638,0.990664801365091,0.9851028191146713,0.9921067368690358,0.9908501945877395,0.9829395076047298,0.9894626630468931,0.9888513579747507,0.9829391887549297,0.9892456703900812,0.9887946116178782,0.9828575024151244,0.9880594457003514,0.9886225217353577,0.9828474021876451,0.9882854956096063,0.9884431911272177,0.9828483084539984,0.987805693069423,0.9886052764301583,0.9822588483533587,0.9919228848409571,0.9859819644348525,0.9820077752221439,0.9917888371409579,0.98551443376383,0.9822878313675061,0.9919229359853995,0.9856206900860278,0.9825476160133179,0.9920567273320234,0.9866832011360824,0.9825363809487474,0.992343968033103,0.9866747465985463,0.9813369115196129,0.9917753380263542,0.9841829498021016,0.981338125599262,0.9917753580016552,0.9840293414060969,0.9813228552711836,0.9921239885702027,0.9839351240423069,0.9807665782572837,0.9911878976862719,0.9834897478819732,0.9806976357836447,0.9911879874074101,0.983460968014239,0.9807965227571824,0.9911879176494911,0.9832515180106366,0.9819042655768696,0.9912077884310111,0.9897938798758815,0.9830561728031952,0.9914465321583379,0.9881994020872701,0.9813390492970683,0.9916332030148187,0.9846824718677488,0.980691337165021,0.9913323088868723,0.9841488793997443,0.9808742528877956,0.9911875562955252,0.9838297438750496,0.9828746974252301,0.9912771191216516,0.9880097698398859,0.9830735741004801,0.991355659963219,0.9882036041866785,0.9916758316636477,0.9970827714997053,0.9972558314864785,168.0
0.9999959831482903,0.9999967673735778,0.9999967917483582,0.9735127861810721,0.9787184737347332,0.9789460648227576,0.9876218611513465,0.9940107714466605,0.9931801773171334,0.9852610785397539,0.9924489931781987,0.9908280600116619,0.9852085599359366,0.992077396748284,0.9908081744227198,0.9843947015503823,0.991827097228694,0.9904202285584867,0.9835835884801468,0.9919738120781942,0.9886708870285618,0.9832987442980125,0.9916538315042772,0.9884219738011499,0.9828064252260585,0.9920081018851843,0.9871439722391074,0.9833604121117882,0.9909295769178116,0.9898453172479209,0.9831639079946353,0.990950507674045,0.9898444085795105,0.9830199122365167,0.9897048214949564,0.9890038132252414,0.9852009785687169,0.9917799299097975,0.9906961190098101,0.9851826230182874,0.9920774255218647,0.9908801904521909,0.9830200307651079,0.989436300002277,0.9888816498599683,0.9830196955364691,0.9892190500435305,0.988824504755462,0.9829379287196086,0.988037210458797,0.9886557871704099,0.9829278117361255,0.9882636298403831,0.9884761336432403,0.9829287204059338,0.9877839088864893,0.9886389174358015,0.9823340259941239,0.9918841640609982,0.985999122339186,0.9820833590947897,0.9917486627654961,0.9855301665908911,0.9823630747135147,0.9918842152034458,0.9856372914396082,0.9826224398834335,0.9920194601278233,0.9867021539929467,0.9826112683207628,0.9923068726104282,0.9866945025045349,0.9814166778396437,0.9917327278995535,0.9841947897796334,0.9814191579048054,0.9917327478739949,0.9840412909371147,0.981402453545016,0.9920801884662309,0.9839429236248274,0.9808422736767493,0.9911424014331465,0.9835002405745783,0.9807733728019895,0.9911424911501665,0.9834711600554273,0.9808728128695464,0.9911424213954483,0.9832617580393994,0.981979551766015,0.991181152080559,0.9898246995174194,0.9831290308265493,0.9914112751164023,0.9882223298596503,0.9814155932510769,0.9915910775117667,0.9846956689670902,0.9807661824301135,0.991288071282488,0.9841608799298361,0.9809493967875262,0.9911420600580689,0.983841038342315,0.9829467447181707,0.9912410836542154,0.9880319713453926,0.983145967011491,0.9913202948319426,0.9882265330712067,0.991749729314016,0.9970565655705041,0.9972867130907889,169.0
0.9999959969577417,0.9999967727287736,0.9999968286327434,0.9736054852985959,0.978753241569744,0.979189283757012,0.987715518687944,0.9940545798625904,0.9934612261404758,0.9853411924936748,0.9924929195482655,0.9911019092281392,0.9852873900838038,0.9921228884989652,0.9910817348510813,0.9844711622026561,0.991871186144923,0.9906920242973337,0.9836542432128813,0.9920179338109838,0.9889380739279188,0.9833689384988871,0.9916986199717557,0.988688610492966,0.9828704049223238,0.9920516963093124,0.9874047317535771,0.9834343455408787,0.9909739045041625,0.9901168048300694,0.9832373088591262,0.9909946737133825,0.9901158907749169,0.9830929257840986,0.9897508906542349,0.9892748328182628,0.9852797736521833,0.9918266740752537,0.9909712242501776,0.9852607088747917,0.9921229172738675,0.991152418753386,0.98309298208863,0.9894820593521961,0.9891518186807997,0.9830926167708085,0.9892644299158417,0.9890939525034942,0.9830121545707634,0.9880884172321311,0.9889318273672586,0.9830020207284595,0.9883151684022702,0.988751839011358,0.9830031070530415,0.9878357338438409,0.9889156648807836,0.9823952355366126,0.9919276135328489,0.9862569205593487,0.9821434324193293,0.9917921429817387,0.9857866594628317,0.9824233854263437,0.9919276646775337,0.9858943179481403,0.9826853465147078,0.9920628788484778,0.9869616273598443,0.9826741392781055,0.9923497066994841,0.9869532580328128,0.9814722936250077,0.9917745816717012,0.9844465478584344,0.9814742057825634,0.9917746016469828,0.9842924363991743,0.9814579631024303,0.9921220770334177,0.9841922998040091,0.9808968974374193,0.9911814997800674,0.9837530200176696,0.9808284395104065,0.9911815895006135,0.9837240079566183,0.9809268950372411,0.9911815197431533,0.9835139966732146,0.9820498072327737,0.9912242550784544,0.9900962103588565,0.9831991008875889,0.9914564365830395,0.988489003921009,0.9814727293528601,0.9916329179836412,0.9849499876296447,0.98082119824986,0.9913278764677699,0.9844145529058452,0.9810042756815363,0.9911811583915738,0.9840942924697265,0.9830168448694415,0.9912863534404568,0.9882987219603324,0.9832157353527969,0.9913652994736531,0.9884932111340665,0.9918441702527475,0.9970920227704773,0.9975346179324566,170.0
0.9999960251604395,0.999996781564133,0.999996866773016,0.9737927006425502,0.9788111355350028,0.9794397558381305,0.9879215342756525,0.9941236789588596,0.9937575482577379,0.9855451551748908,0.9925613819729997,0.9913985908218336,0.9854902853993578,0.9921920634776662,0.9913774717044966,0.9846732877076128,0.9919402431948973,0.9909887991734925,0.9838604120667592,0.9920851068439116,0.9892354423874314,0.9835749998683407,0.991765450768632,0.9889860622813924,0.9830783140824476,0.9921180619570634,0.9877032966279616,0.9836342123200806,0.991043824936099,0.9904148086126323,0.9834367081300783,0.9910644223445344,0.9904139062202582,0.9832918669022346,0.9898234948502841,0.9895746228806157,0.985482664445213,0.9918964191059312,0.9912673552477826,0.9854629669614979,0.9921920922545743,0.991447292942337,0.9832919043327394,0.9895547773386876,0.9894514805560922,0.9832915300485957,0.9893372051626402,0.989393471928315,0.9832120639333097,0.9881670003297709,0.9892376815589958,0.9832018938143755,0.9883936483406961,0.9890568042566626,0.9832031484124316,0.987915113589198,0.9892224496058047,0.9826048302795656,0.9919933616089969,0.986557022014035,0.9823542696951159,0.9918575425995793,0.9860877310785833,0.98263260085424,0.991993412757067,0.986194331901678,0.982893905727062,0.992128975379418,0.9872607736939059,0.9828827055437829,0.9924156492177363,0.9872523577260838,0.9816853479964295,0.9918389639090512,0.9847496800250539,0.9816874821815429,0.9918389838856263,0.9845958619837129,0.9816709615804913,0.9921874761296778,0.9844943228221997,0.9811134628440487,0.9912429713189614,0.9840591070201696,0.9810455282741207,0.9912430610450533,0.9840303332796305,0.9811441856344254,0.9912429912832807,0.9838207536984912,0.9822462640704429,0.9912925934208647,0.9903942642876701,0.9834048196675171,0.9915230195740229,0.9887864566111254,0.9816852286627318,0.9916968876521906,0.98525280775282,0.9810347262166617,0.991389834460972,0.9847188727321776,0.9812194191837468,0.9912426299093657,0.9843995178384202,0.9832224443104834,0.991352882290967,0.9885961381188312,0.9834214501607922,0.9914319624932894,0.9887906601594332,0.9920349595306506,0.9971510460254652,0.9977899377472144,171.0
0.9999960500990309,0.9999967922123779,0.999996906259423,0.9739586884960383,0.9788810350540783,0.9796996595935188,0.9881009223943333,0.9942060739680924,0.9940611620004446,0.9857280152068748,0.9926443911848649,0.9917035804288894,0.9856743282382779,0.9922753535258257,0.9916832871421656,0.9848554625471457,0.9920235008397721,0.9912931668995162,0.9840485493346832,0.9921686173048913,0.9895430759064081,0.9837634010067801,0.9918493434780298,0.9892939937545028,0.983270706550547,0.9922015253022868,0.9880137531658317,0.98381443495626,0.9911274421937535,0.9907185231122342,0.9836166147575575,0.991147977129539,0.9907175825975463,0.9834708946394994,0.9899082785184856,0.989877527376181,0.9856665348235296,0.9919799338210655,0.9915734132280757,0.9856478487890229,0.9922753823051493,0.9917534219049158,0.9834708609865193,0.9896392608727019,0.9897534410830287,0.9834704523676485,0.9894212948367951,0.9896946227105027,0.9833898200028826,0.9882552044171043,0.9895417571774761,0.9833796122129069,0.9884816216052634,0.9893599416924511,0.9833807445493713,0.9880038004073539,0.9895268250323285,0.9827996025779661,0.9920769218450725,0.9868696334096325,0.9825505547178776,0.9919412153654037,0.9864015990400653,0.9828272378477098,0.9920769729974471,0.9865071218302981,0.9830872125004714,0.9922124230954157,0.987572008095427,0.9830760056552775,0.9924988391506954,0.9875633436754615,0.9818873219691622,0.9919235954016774,0.9850679699194894,0.9818905891675577,0.9919236153799549,0.9849151988202423,0.9818728765878675,0.9922731024368143,0.9848114439001173,0.9813159176535264,0.9913279904806404,0.9843776974835423,0.9812488568484816,0.9913280802144179,0.9843493802226502,0.9813464135025182,0.9913280104466702,0.9841395122491327,0.9824244354927287,0.9913760217840027,0.9906979344432584,0.9835933274504975,0.9916071326319152,0.9890946120879416,0.981884279682465,0.9917811155440158,0.9855688508253845,0.9812350904325715,0.9914743209086163,0.985036049795984,0.9814211862381904,0.9913276490417997,0.9847173902247801,0.9834112006526087,0.991437299768324,0.9889045923441264,0.983609916679429,0.9915160114967646,0.9890988179337808,0.9922041059186111,0.9972223040184625,0.998054857888447,172.0
0.9999960675983622,0.9999968072803822,0.9999969384016314,0.9740752137315843,0.9789801269282176,0.979911686618399,0.9882264992398029,0.9943215929988627,0.9943056235769104,0.9858550112060503,0.992761836131391,0.9919444230552149,0.9858009665816729,0.9923931191010541,0.9919233670211375,0.9849840605730624,0.9921402489458062,0.9915322023819764,0.9841757204960079,0.9922887417976318,0.9897834260455394,0.9838911261416371,0.991970458797861,0.9895344991764318,0.9833980679241356,0.9923227949569905,0.9882531560404273,0.9839425589116495,0.9912431797220973,0.9909543794342952,0.9837445086314924,0.9912637444286585,0.9909533931457417,0.983599722624187,0.9900225284246019,0.9901087497078096,0.9857931756094782,0.9920979558654951,0.9918134401191316,0.9857742705868137,0.9923931478837964,0.9919930837483051,0.9835997065937595,0.989753923832797,0.9899850748610161,0.9835993067682337,0.9895363358504994,0.989926550670407,0.983518718090408,0.9883634342981331,0.9897623103726403,0.9835084244875631,0.9885886304830157,0.9895783035471949,0.9835096653244491,0.9881114368144116,0.9897463327982999,0.982926995374029,0.9921992739177804,0.9871083915365327,0.9826780851293809,0.9920642680178107,0.986639936912456,0.9829543949460101,0.9921993250764624,0.9867458768939906,0.983214587136467,0.9923340746375153,0.987811158895715,0.9832033860917521,0.9926203230030828,0.9878024742537118,0.9820152335482583,0.9920474244441115,0.985304078167026,0.9820185389334404,0.9920474444248801,0.9851515440478438,0.9820005753313711,0.9923950745949641,0.9850424042130334,0.9814445025473353,0.9914549586362225,0.984615574696746,0.9813775005273091,0.9914550483814875,0.9845873040901628,0.9814746744897922,0.9914549786048091,0.9843773789281692,0.9825511983561689,0.9914923710782592,0.990933714274228,0.9837213919373801,0.991728871512549,0.9893353188570961,0.9820121779398064,0.9919057003609935,0.9858064343378348,0.9813636274104354,0.9916009020878072,0.9852737009853147,0.9815500388428401,0.991454617153672,0.9849551466044959,0.9835395602731092,0.9915593654205244,0.9891456034855054,0.983738401550255,0.991638353432781,0.9893395013295765,0.992322849924469,0.9973233154875714,0.9982709650775208,173.0
0.9999960806150223,0.9999968131289195,0.9999969663481659,0.9741622041824282,0.9790184136226471,0.9800958851665491,0.9883174172849698,0.9943679149987191,0.9945190961838178,0.9859399179694024,0.992806155415535,0.9921565473723689,0.9858870925331064,0.9924387376926002,0.9921374781123089,0.9850681288910711,0.9921843345071988,0.9917441589194028,0.984253133472438,0.9923309682517507,0.9899931237154295,0.9839682776571894,0.9920131263091085,0.9897437012685849,0.9834687736178791,0.9923623727184654,0.9884601840122534,0.984025381822601,0.991286930837206,0.9911670751747542,0.9838268209098675,0.991307176715824,0.9911661014170277,0.9836832607134447,0.990067892600366,0.9903224552317076,0.9858791847144588,0.9921446140099014,0.9920290367718191,0.9858612155908917,0.992438766476669,0.9922072726433596,0.9836833019077054,0.9897999891411882,0.9901998048986754,0.9836829301008339,0.9895831028805173,0.9901420813470041,0.9836031799032583,0.9884101576223616,0.9899764691580314,0.9835928324791434,0.9886346111305441,0.9897910737344705,0.9835942561195544,0.9881584547254154,0.9899607697688383,0.9829948042308021,0.9922364559657387,0.9873145673705449,0.9827439327797256,0.9920999373075228,0.9868453749956398,0.9830224937795172,0.9922365071263348,0.9869522385080595,0.9832841901349785,0.9923727694536013,0.9880180033400694,0.9832730429166294,0.992659205257483,0.9880100214935116,0.982076552024652,0.9920805709874535,0.9855067156279855,0.9820794477548382,0.992080590968885,0.9853539125978992,0.9820618021261945,0.9924285172432783,0.9852430423653269,0.9815014766047793,0.9914829591599091,0.9848182318024747,0.9814345237772486,0.9914830489076815,0.9847899066020983,0.9815308595919706,0.9914829791290525,0.9845795094537725,0.9826308277350697,0.9915343134330424,0.9911464706809827,0.9837984971507641,0.9917718157433928,0.989544468161585,0.9820745988507018,0.9919387273758834,0.9860105833644244,0.9814228841708397,0.991630693076519,0.9854772471474409,0.9816079012883726,0.9914826176678181,0.9851583108349619,0.9836165533276959,0.9916022578915383,0.989354690361561,0.9838155596556751,0.9916814310743856,0.989548644916031,0.9924114853806508,0.9973623520350341,0.9984587138657761,174.0
0.9999960889805748,0.9999968099868299,0.9999969836152339,0.9742185000613199,0.9789977462347879,0.9802096130422563,0.9883732307780874,0.9943446417590747,0.9946513695686866,0.9859882617980207,0.992778000651807,0.9922818682476361,0.9859349743690087,0.9924099099513752,0.9922605798718652,0.9851145339111284,0.9921568603600788,0.9918677158027462,0.9842967139411619,0.992295858983297,0.9901140995681248,0.9840099948529125,0.9919760012596757,0.9898636620435592,0.9835092923169262,0.992322835851496,0.9885787057395843,0.9840709607055558,0.9912604427395056,0.9912903209933331,0.9838721903666239,0.991280828105475,0.99128930939962,0.9837290206926618,0.9900424525490338,0.9904454677878192,0.9859269000466379,0.9921152478449213,0.9921514213920382,0.9859089448926167,0.9924099387346087,0.9923295808323809,0.9837290735277445,0.9897747680495743,0.9903230838297549,0.9837287074823238,0.9895580902346481,0.9902655606957346,0.9836483971583916,0.988386457131927,0.9900999236989719,0.9836380717685858,0.988611492523217,0.989915107249043,0.9836393991298407,0.988134889333219,0.9900841902091818,0.9830324169236254,0.9921930566790809,0.9874313329328803,0.9827794742219663,0.9920541515429382,0.9869609594780872,0.9830606296218412,0.9921931078374349,0.9870691411864307,0.9833235998713933,0.9923317566521932,0.9881359469779264,0.9833124936249195,0.992618239170004,0.988128439587988,0.9821092091751543,0.9920306755247144,0.9856191705143762,0.9821123875467282,0.9920306955051351,0.9854662832302788,0.9820943670852237,0.9923787204256398,0.9853534213054023,0.9815245492821701,0.9914270638460961,0.98492752747204,0.9814575550571264,0.9914271535887779,0.9848989882752688,0.9815526528916286,0.9914270838141055,0.9846876867092902,0.982674098843159,0.9915075701794667,0.9912696801448542,0.9838390206350622,0.9917333731573841,0.9896639849983413,0.9821065589941249,0.9918887926375745,0.9861241010098105,0.9814493674652635,0.9915758585575218,0.9855890229471528,0.9816326094856296,0.9914267223733747,0.9852688863989877,0.9836562567448143,0.9915630674650872,0.9894734906826447,0.9838554891355723,0.9916422709522493,0.989668188378291,0.9924688330248904,0.997341288257571,0.9985746358649533,175.0
0.9999960780595174,0.9999968047884743,0.9999969832085943,0.9741464527844301,0.9789628809220166,0.9802071091704143,0.9882905525180664,0.9943085387156585,0.9946471357586288,0.985901412205004,0.9927421523730438,0.9922720968429394,0.9858487553834435,0.9923758597360686,0.9922524636191788,0.985027495503446,0.9921207918431054,0.9918574672579834,0.9842052861817019,0.992261309089152,0.9900977874445377,0.983917381621303,0.9919403503930547,0.9898469025324776,0.9834172160379038,0.9922918497343393,0.9885573614336395,0.9839830475127719,0.9912240611181332,0.9912806882998401,0.9837837742205853,0.9912442667568412,0.9912797827786182,0.9836424796598946,0.990007106964326,0.9904361516040568,0.9858406474905067,0.9920826362695044,0.9921454468919955,0.9858231292253417,0.9923758885183135,0.9923208513284241,0.9836425334901429,0.9897394446736762,0.9903137855247846,0.9836421679527737,0.989522789722861,0.9902562747258542,0.9835630044344933,0.9883537382119314,0.9900937884440084,0.9835526292057205,0.9885779424187858,0.9899076957330445,0.983554164094865,0.9881026446961184,0.9900786714795431,0.982940682895851,0.992165171129977,0.9874068521502507,0.9826886522747792,0.9920281787288738,0.9869350901314411,0.9829678239128394,0.992165222286902,0.9870434462282196,0.9832316600873044,0.9923019583481885,0.9881134705330457,0.9832205836050993,0.9925884177113896,0.9881063248146368,0.9820208144498365,0.9920082005395003,0.9855902307352193,0.9820243914757942,0.9920082205194756,0.9854370340052622,0.9820059687658493,0.9923578415706469,0.9853248003926803,0.9814340868789544,0.9914063170008431,0.9848946870801736,0.9813672695037299,0.9914064067416806,0.9848659318598625,0.9814617216651068,0.9914063369684428,0.9846539426959714,0.9825827018097466,0.9914694766246155,0.9912602016551544,0.9837457467213697,0.991696943726242,0.9896472424834045,0.9820171302396428,0.9918656694426469,0.9860958368333829,0.9813598548693208,0.9915555227265538,0.9855585994970736,0.981542692101233,0.9914059755351392,0.9852372721848076,0.9835629358256744,0.9915266075879522,0.9894567004081347,0.9837614473394451,0.99160493123497,0.9896514794642257,0.9923953986966505,0.9973057694949853,0.9985720827200749,176.0
0.9999960447225195,0.9999967972227253,0.9999969471354012,0.9739249265602136,0.9789129180082347,0.9799702031208961,0.9880473595607178,0.9942522628875317,0.994366547520411,0.9856437147196023,0.9926834151319064,0.9919774899517002,0.9855819245778621,0.9923166031217509,0.9919497666650673,0.9847678307453102,0.992061914599731,0.991560089985148,0.9839421151891548,0.9922003434735326,0.9897938406154142,0.9836550459294882,0.9918802791338569,0.9895428504687059,0.9831498779723777,0.9922277828861431,0.9882459260617349,0.9837198617009182,0.9911649847999449,0.9909807541308469,0.9835202811721837,0.9911852237138513,0.9909798748795944,0.9833758309957402,0.9899479796848881,0.9901321470406033,0.9855736708041303,0.9920229641586956,0.9918423594321436,0.9855509273269375,0.9923166319022781,0.9920135928325048,0.9833758661253886,0.9896800417991714,0.9900093730824093,0.9833754914310503,0.989463115631473,0.9899515435905044,0.9832955802804474,0.9882954918439987,0.9897893498855154,0.9832851224852996,0.988518174614182,0.9896011817294575,0.9832866519149439,0.988044753742948,0.9897745040159144,0.982670246881262,0.9920984612602405,0.9870902257501487,0.9824166856272111,0.9919598596420862,0.9866158516982514,0.9826969341006926,0.9920985124137254,0.9867256952816419,0.9829631333679292,0.9922368577002096,0.9878000893842966,0.9829520740690542,0.9925232328663537,0.9877931912916396,0.9817471209657741,0.9919361227770294,0.9852639887495722,0.9817511642913328,0.9919361427555492,0.9851102543675715,0.9817321565012453,0.9922849969623482,0.9849959031476583,0.981153009976941,0.9913294393039126,0.9845647149515125,0.981086104183163,0.9913295290377726,0.9845355373235414,0.9811801702285327,0.9913294592699587,0.9843227510570026,0.9823175180494522,0.9914106049083636,0.9909602769773244,0.9834834614303171,0.9916374013573522,0.9893431762610724,0.9817422742713746,0.9917939040936465,0.985772072059007,0.9810809034871054,0.9914798857516104,0.9852321656241405,0.9812625114701565,0.991329097864757,0.9849091137394574,0.9833007788388322,0.991467131798684,0.9891526718850304,0.9834993357463429,0.991545894668509,0.9893473923070062,0.9921696469625085,0.9972548482358438,0.998330592685533,177.0
0.9999960067810725,0.9999967846343446,0.999996887177758,0.9736715463382393,0.9788300310002205,0.97957498113376,0.9877791620829788,0.9941572052990008,0.9939080830546438,0.9853724588683178,0.9925815921777298,0.9915072943244149,0.9853134941084485,0.9922142022911218,0.9914796269002897,0.9844941073461406,0.9919575220914133,0.9910877199333851,0.9836694013391352,0.9920944390688224,0.9893136355168349,0.983382048892308,0.9917743740521069,0.9890620767142279,0.9828779926238496,0.9921179134156263,0.9877592062698726,0.9834441641723256,0.9910568846555956,0.9905078259357954,0.9832436218317223,0.99107612298989,0.990506941042353,0.9831018116981055,0.9898402579158864,0.9896582716444361,0.9853049833870275,0.9919201010530986,0.9913720263461128,0.9852843846327867,0.9922142310686819,0.9915436320057985,0.9831018958674493,0.9895725481517902,0.9895361158404379,0.983101544910685,0.9893559024435027,0.9894788101116487,0.9830215725461248,0.9881879851044791,0.9893146907644774,0.9830111104760345,0.9884105153727647,0.9891264882843258,0.9830126464525164,0.987937299183753,0.9892997484286764,0.9823981928174066,0.9919855070741639,0.9865991574670138,0.9821443069463772,0.9918451424198228,0.9861226995913865,0.9824254930767394,0.9919855582218235,0.9862340728055329,0.9826911717260138,0.9921256665419665,0.9873115260649815,0.9826800606223696,0.992411382435703,0.987303794541052,0.9814758586726732,0.9918180312401117,0.9847652671324232,0.9814805536164233,0.9918180512162501,0.984610989759717,0.9814608276099192,0.9921669506132619,0.9844958700431058,0.9808811392106349,0.9912062926079256,0.9840644738529419,0.9808146351373005,0.9912063823306227,0.9840350617533116,0.9809091837768441,0.9912063125714868,0.9838220487111564,0.9820353797368778,0.9912959444240852,0.9904875402152948,0.9832101765379059,0.9915314378172488,0.9888623321713468,0.9814693466519467,0.9916757947548936,0.9852752958063006,0.9808070434390912,0.9913578068651124,0.9847339428493036,0.9809894828787218,0.9912059512112459,0.9844099217311322,0.9830275213802069,0.9913610832146755,0.9886717504559869,0.9832256993563739,0.9914396965991433,0.9888665559986547,0.9919114660512747,0.9971703631540086,0.9979277552191756,178.0
0.9999959603286477,0.9999967807037577,0.9999968273357669,0.9733619463313141,0.9788038762078699,0.9791814738534512,0.9874477437440694,0.994128710805087,0.9934457205970465,0.9850351798363337,0.9925527775759285,0.9910325407843237,0.9849749077660541,0.9921845851417292,0.9910018916534502,0.9841554362252248,0.9919277438478659,0.9906109200588643,0.9833295100090305,0.9920678401027414,0.988828959013981,0.9830427110934834,0.9917482316290763,0.9885775368514051,0.9825383352036389,0.9920935159319365,0.9872665191119699,0.9831030575205342,0.9910257179114627,0.9900295409182664,0.9829020208732708,0.9910444999206762,0.990028533899816,0.982759639167711,0.989809784739748,0.9891783613433498,0.984966176075159,0.9918898418510526,0.9908937593707102,0.9849451793834598,0.9921846139184278,0.9910645067112345,0.9827598630432492,0.9895430894654492,0.989058228050054,0.9827595799604641,0.9893275621785794,0.9890025805696903,0.9826804952356957,0.9881558334030536,0.9888321198488079,0.9826701203611311,0.9883798579379325,0.9886463231252841,0.9826716983188828,0.9879046922586818,0.9888164514440253,0.9820583959675548,0.9919631813971205,0.9861005909261168,0.9818043747671025,0.9918241547276228,0.9856210477999906,0.9820860072983845,0.9919632325436333,0.9857347198576044,0.9823514576703651,0.992102002887449,0.986816560395178,0.9823403400653502,0.9923874115607987,0.986808745197077,0.9811373237450337,0.9917984096639036,0.9842559421158523,0.9811427003697041,0.9917984296396491,0.9841011692303695,0.9811221771252046,0.9921463704552043,0.9839840134115148,0.9805390551139421,0.9911900015372243,0.9835503246271773,0.9804730154812634,0.9911900912584657,0.9835207453771958,0.980566266643709,0.9911900215004622,0.9833062928152424,0.9816906114494766,0.9912616964131554,0.9900092264111177,0.9828709443753096,0.991505515146999,0.9883780191868584,0.9811290881057255,0.9916565633750235,0.9847682883261011,0.980465990537994,0.9913407154568328,0.9842236963389243,0.9806481976422045,0.9911896601460836,0.9838977012748128,0.9826888123609787,0.9913355484182416,0.9881877778906727,0.9828863154540399,0.9914137518845728,0.9883822428338958,0.9915959916455741,0.997143711342679,0.9975266447733722,179.0
0.9999959361886772,0.9999967789406635,0.9999967925465941,0.9732008703544517,0.9787922045928058,0.9789525799261998,0.9872770684231676,0.9941155094823229,0.9931777418808417,0.9848576999998525,0.992538847910425,0.9907544356341792,0.9847954070609685,0.9921697450468833,0.9907200659176485,0.9839769004871345,0.9919124227831383,0.9903303876664344,0.9831477461292664,0.9920554432759466,0.9885447320162296,0.98286151234496,0.9917363140508206,0.988293456392995,0.9823540903560756,0.992082745663881,0.9869769437204213,0.9829231181985651,0.9910083872605059,0.989746856496436,0.9827216598929384,0.9910268199753112,0.9897458694725788,0.9825797209639553,0.9897916119031341,0.988892205550532,0.9847865964023287,0.9918742733473475,0.9906109393138269,0.9847645251482051,0.9921697738231484,0.9907811944437089,0.9825799897846684,0.9895252301841958,0.9887726924542625,0.9825797285417097,0.9893100477445538,0.9887175530404739,0.9825010705736784,0.9881343146046835,0.9885407521078701,0.9824907888515483,0.9883599181660747,0.9883574472556929,0.9824923233845149,0.9878824870830233,0.9885240111388969,0.9818713639652287,0.9919537703924143,0.9858066051933084,0.9816158833624994,0.9918155609243161,0.985324680012933,0.9818986718609084,0.9919538215384504,0.9854398889798073,0.9821661498640895,0.9920917746645388,0.9865254332004595,0.9821550812734576,0.9923772769227152,0.9865183223098156,0.9809471578548168,0.991792518044781,0.9839541321165238,0.9809526488143384,0.991792538020414,0.9837987968583831,0.9809320186771263,0.9921416690901811,0.983682782907353,0.9803417914657483,0.9911856920801012,0.9832420338745147,0.9802753620842721,0.9911857818009798,0.983211999688654,0.9803676784200613,0.9911857120432592,0.9829963851344866,0.9815078993426292,0.9912420695124691,0.9897266291727228,0.9826899473553292,0.9914938656960405,0.9880941512663552,0.9809386232258978,0.9916501882458305,0.9844677056502281,0.9802729577832549,0.991336547242324,0.9839195991309584,0.9804530853957549,0.9911853506903409,0.9835915148333942,0.9825082415887177,0.9913242411200969,0.9879042226923245,0.9827052724339234,0.9914020635156818,0.9880983763593899,0.9914318653809345,0.9971318155836816,0.9972933310149696,180.0
0.9999959433759231,0.9999967774551368,0.9999968005996278,0.9732487829814636,0.978782585219375,0.9790054918755549,0.9873277454751811,0.9941036445214367,0.9932402423667024,0.9849050269806866,0.9925233926984891,0.9908137075381775,0.9848411330686988,0.9921541204716889,0.9907775499215613,0.9840219701870734,0.9918963065921982,0.9903889761059792,0.9831962720098321,0.9920367172715808,0.988601771198786,0.9829096038753784,0.9917169214950762,0.9883503321758759,0.9824037803117633,0.9920612218129811,0.9870328702961454,0.9829658330477301,0.9909913191820379,0.989805685256019,0.9827639507162785,0.9910093281791729,0.9898047627732967,0.982620772258226,0.9897756622098023,0.9889509614101073,0.9848322728185556,0.9918585132743,0.9906682710130599,0.9848093276243389,0.992154149247502,0.9908377198572883,0.9826210217064854,0.9895092043345664,0.9888312001591462,0.9826207511118171,0.9892939190943537,0.9887758471147339,0.9825412416932615,0.9881215145047729,0.9886025463297464,0.982530956954996,0.9883469207981767,0.9884191063128455,0.9825323801939723,0.9878701293443785,0.9885862225011942,0.9819230341294912,0.9919302628972009,0.9858630345355072,0.981668556312337,0.9917910023316872,0.9853815861065117,0.9819507554613534,0.9919303140420185,0.9854964918274758,0.9822165906735697,0.9920693182627777,0.9865813409416133,0.9822054689216403,0.9923539938463044,0.9865731955325518,0.9810015684600897,0.9917669767256388,0.9840118445126109,0.9810069709756282,0.9917669967007539,0.9838562876451343,0.980986476142873,0.9921178049853171,0.9837418660970506,0.9803985756224638,0.9911567337001291,0.9833000306593587,0.9803325667710192,0.9911568234183631,0.9832700800588192,0.980424888674563,0.9911567536626978,0.9830544357432787,0.9815478171540486,0.9912220816297277,0.9897856120850402,0.9827378581363556,0.9914740486047775,0.9881510745095794,0.9809932450565267,0.9916239653873852,0.9845254375727147,0.980328050451422,0.9913079971449059,0.9839775216429454,0.9805090171622082,0.9911563923204316,0.9836494909080163,0.9825561312043464,0.9913044232221825,0.9879611543918456,0.9827528819950968,0.9913816065854393,0.9881553253742057,0.9914806842460435,0.9971220067235722,0.9973472663820038,181.0
0.9999959681937329,0.9999967793299521,0.9999968346239245,0.9734141520583551,0.9787950747524147,0.9792291732320266,0.9875043586810377,0.9941179112081742,0.9935030584821337,0.9850831804975111,0.9925334905679672,0.9910787935156019,0.9850176266389725,0.9921650252178309,0.9910427973816412,0.9842018728220576,0.9919049286287948,0.9906544271805195,0.9833742471457505,0.9920428095652145,0.9888694096962082,0.9830867399819887,0.9917232111807305,0.9886173871716061,0.9825808856155319,0.9920625002598332,0.9873030599686552,0.9831461658582433,0.9909978077310029,0.9900709656440835,0.9829439115091958,0.9910153047542621,0.9900700421394277,0.9828033108844818,0.9897817567528469,0.9892159055935309,0.9850087770778546,0.9918700635877414,0.9909344537598548,0.9849848171649699,0.9921650539939667,0.9911023624853279,0.982803501488335,0.9895149843564737,0.9890953579775001,0.9828032024007385,0.9892993212530492,0.9890393433540605,0.9827237975591404,0.988127507864819,0.9888668134270411,0.9827134941574229,0.9883524565085018,0.9886827759637291,0.9827149412323788,0.9878761816936777,0.9888504954370706,0.9820986563274877,0.9919273120361932,0.9861347885943824,0.981842340430387,0.9917854268166311,0.9856535655592432,0.982127856827071,0.9919273631808537,0.9857695477721864,0.9823931387637249,0.9920689920953346,0.9868522715092285,0.9823820758143189,0.9923537750281585,0.9868448044322288,0.9811725336495812,0.9917583926762479,0.9842843450782706,0.9811777869550063,0.9917584126511835,0.9841289559798467,0.9811574209505989,0.9921094562593017,0.9840138375903065,0.9805639389101005,0.9911436912065572,0.9835713215445643,0.9804973290588376,0.9911437809235716,0.9835411437909491,0.9805895693435944,0.9911437111688532,0.9833254845550718,0.9817260156688427,0.9912258012914511,0.9900509749701484,0.9829153517318197,0.9914805134068096,0.9884183323161196,0.9811646059024167,0.9916152859726625,0.9847977167585139,0.980496265800884,0.9912956671189035,0.9842494840303948,0.9806757393623519,0.9911433498315014,0.983921143619375,0.982733794125917,0.9913111192647082,0.9882286571412213,0.982930455451256,0.991387758366716,0.9884225975715418,0.991649189673733,0.9971347367948508,0.997575270200437,182.0
0.9999959937067461,0.9999967860516406,0.9999968681875452,0.9735842683476015,0.9788397996697823,0.9794503727709576,0.9876852622058717,0.9941668751646445,0.9937598221628217,0.9852652608430478,0.9925798139099182,0.991339136983349,0.9851977628416911,0.9922114727507478,0.9913023536382732,0.9843836176557493,0.9919499077924593,0.9909143887834333,0.9835592980632492,0.9920868682820688,0.9891348943837704,0.9832732604467889,0.9917677038722438,0.9888834657281707,0.9827644633624508,0.9921028419680336,0.987572185037625,0.9833289591799499,0.9910408423551699,0.9903309502896931,0.9831264573474942,0.9910579237615877,0.9903300770098232,0.9829885757730616,0.989824092220913,0.9894755588826734,0.9851889917021197,0.9919166104487195,0.9911939618213071,0.9851637280859598,0.9922115015282363,0.9913614823256198,0.9829887614910124,0.9895574853064464,0.9893550747181313,0.9829884601821339,0.9893419517384577,0.989299083806275,0.9829084549648234,0.9881671770319583,0.9891218959063367,0.9828981341571662,0.9883916909784106,0.9889373081031293,0.9828995221201322,0.9879155712473897,0.9891050684724105,0.9822802185212558,0.9919643776690122,0.986406092696837,0.9820226122312974,0.99182045538331,0.9859257710683024,0.9823093629879781,0.9919644288155779,0.986041330955416,0.9825759546062812,0.9921080948452968,0.9871223753461649,0.9825649501711644,0.9923929804274337,0.9871155936705849,0.981352109242641,0.9917909298270783,0.9845599795161195,0.9813577672568536,0.991790949802662,0.984405381121828,0.9813369832192846,0.9921422369109497,0.9842891209518717,0.9807359694409861,0.9911724104624545,0.9838449081874237,0.9806693587216897,0.9911725001820266,0.983814905629496,0.9807600815438973,0.9911724304253188,0.9835985139453038,0.9819069415229363,0.9912656881509988,0.9903111161224739,0.9831023368818339,0.9915253861293909,0.9886844109157104,0.9813431334037479,0.9916477243488979,0.9850714379239071,0.9806717853985056,0.9913250496426406,0.9845232546070979,0.9808494434791345,0.9911720690776664,0.9841948461790506,0.9829206769155012,0.991355948085897,0.98849471715171,0.9831180751038425,0.991432991487302,0.9886886654358102,0.9918225311163379,0.997180312772771,0.9978007310952222,183.0
0.9999960262493114,0.9999967926757197,0.9999969010559475,0.9738002205982375,0.9788836369014231,0.9796659274603892,0.987923886375773,0.9942162913988575,0.9940167477081949,0.9855100862715259,0.9926293992112694,0.9916032406554649,0.985441019235797,0.9922623655138566,0.9915678150690123,0.9846297844446185,0.9919993428325136,0.9911792773745275,0.9838108259365193,0.9921359908980747,0.9894055328088559,0.9835263884249432,0.9918174397268096,0.9891549700363647,0.9830181284908663,0.9921499187424235,0.9878479104158149,0.9835763588201832,0.9910900580568162,0.9905962957031154,0.9833738782295652,0.9911070372092412,0.9905953990300315,0.9832375766549674,0.989873391828303,0.9897417138178484,0.9854323445478901,0.9919685492637699,0.9914607800307806,0.9854059707760339,0.9922623942928267,0.9916267404936571,0.9832377774137252,0.9896071322157529,0.9896216208119318,0.9832374835803112,0.9893919181780431,0.9895659180907274,0.9831572062503581,0.9882151942526586,0.9893856614827022,0.9831468418904505,0.9884387887065089,0.9891998216303406,0.9831482476814376,0.9879635661184407,0.9893687198215968,0.9825345021639817,0.9920097760112632,0.9866851910703528,0.9822773753236442,0.9918648572113141,0.9862066294015598,0.9825633314611729,0.9920098271601645,0.9863208205980506,0.98282986456678,0.9921544897426299,0.9873994358512248,0.9828188886200276,0.9924391982462596,0.9873928382099783,0.9816088079249808,0.9918318127939315,0.9848471628487795,0.9816152721708921,0.9918318327703332,0.9846937022178363,0.9815936984201835,0.9921838069812788,0.9845766824780373,0.9809860896300207,0.9912066254868814,0.9841311614992523,0.9809191539737376,0.9912067152095061,0.9841012290801511,0.9810097628523711,0.9912066454504239,0.9838850094171566,0.982154319911793,0.9913141251145293,0.9905764623943585,0.9833560900565625,0.9915756072229301,0.9889560987142013,0.9815977275738518,0.9916883281236527,0.9853555094264744,0.9809241235369693,0.9913611298747885,0.9848084205177087,0.9811002657479374,0.9912062840904772,0.9844806187135559,0.9831745832814551,0.9914063611960189,0.988766636786505,0.9833722731359629,0.9914833094706448,0.9889603527437052,0.9920426075965758,0.9972249910548932,0.9980204623072166,184.0
0.9999960429707692,0.9999968012819346,0.9999969325537914,0.9739121174134918,0.9789403413794342,0.9798738743330446,0.9880401914665711,0.994281590433559,0.994255719317264,0.98562418748237,0.9926958314881766,0.991845996611191,0.9855539822493481,0.9923310349964748,0.991813447686133,0.984743555534261,0.9920656860968419,0.9914213882299537,0.9839229217473486,0.9922028389636212,0.9896509108738163,0.9836379794969711,0.9918837631669791,0.9893999148217035,0.9831278795229784,0.9922172677040805,0.9880947536741982,0.9836895980222274,0.9911562696913674,0.9908371218522662,0.9834872083302074,0.9911733317335922,0.9908362959992912,0.9833494040785792,0.9899388718977553,0.9899801383320648,0.9855454133510385,0.9920390086904685,0.9917088831289328,0.9855181715934112,0.9923310637774414,0.9918722458782496,0.9833495889203044,0.9896726985180351,0.9898599213839678,0.9833492875247423,0.9894575254614802,0.9898040862913171,0.9832692179181147,0.9882782104165042,0.989620170892763,0.9832588108754521,0.9885009144089014,0.9894331521186193,0.9832602900960613,0.9880264011041868,0.9896029047159348,0.9826420299012867,0.992077636590657,0.9869327816284259,0.9823834740722481,0.991933062434711,0.9864543473526854,0.9826708506032132,0.9920776877430567,0.986568827752012,0.9829387688033557,0.9922220057091239,0.9876466407078058,0.9829278309293379,0.9925065690319872,0.9876404041935914,0.9817122618767307,0.9919011249657339,0.9850961133513052,0.9817185815273874,0.9919011449435303,0.9849430056640492,0.9816971616093361,0.9922536089902353,0.9848258966759443,0.9810851668276784,0.991276244660776,0.9843783844876707,0.9810180297229545,0.9912763343896934,0.9843485597236172,0.9811074945769356,0.9912762646257189,0.9841316979128345,0.9822683369462429,0.9913808856236495,0.9908173484124396,0.9834676639953732,0.9916416777031666,0.9892008931506576,0.9817015528358656,0.9917574412646621,0.9856034349961389,0.9810266724822622,0.9914311445366728,0.9850560078438302,0.9812010343216837,0.9912759032404288,0.9847280368669048,0.9832858085083969,0.9914721501462872,0.9890111565542219,0.9834837525803294,0.9915487966069138,0.9892051718729995,0.9921566182925261,0.997282790108288,0.998232408201984,185.0
0.9999960522769197,0.9999967997013459,0.9999969590806317,0.9739757540816847,0.9789302243277107,0.9800495891059656,0.9880958580115746,0.9942681691929993,0.9944540215249978,0.9856735450004862,0.9926801534464099,0.9920444918070138,0.9856020432949179,0.9923150089919975,0.9920107768416611,0.9847907835373044,0.9920502539024707,0.9916189090047571,0.9839684470551416,0.9921835897269595,0.9898509173464135,0.9836838546411878,0.9918643341436237,0.9896004851088335,0.9831675845241354,0.992194495334342,0.9882945115215201,0.9837363061801304,0.9911411919475444,0.991034296494791,0.9835339457932083,0.9911583243536535,0.9910335487665101,0.9833950629410313,0.9899239468005417,0.9901763159715914,0.9855934745554686,0.9920227042766869,0.9919057439795986,0.9855654546406385,0.9923150377725015,0.9920692265276598,0.9833952501503433,0.9896579842389039,0.9900562568888315,0.9833949500672854,0.9894429955168017,0.9900005239072952,0.9833134166883085,0.9882627572337254,0.9898138981083086,0.9833030504794718,0.9884860984798072,0.9896278810170556,0.9833042919757929,0.988010778187009,0.9897961537247997,0.9826785809896089,0.992051723599212,0.9871327102004145,0.9824178519610602,0.99190518328663,0.9866539476271072,0.9827077144299221,0.9920517747502722,0.986769203100913,0.9829772780801197,0.9921980589149275,0.987846668960477,0.9829664206864143,0.992482785389198,0.9878414301816983,0.9817452933958023,0.9918715009609994,0.9852957844258512,0.9817521269125685,0.9918715209381943,0.9851432253308195,0.981730133234172,0.992223063145154,0.9850239617880406,0.9811102044460546,0.9912450475480566,0.9845753875818306,0.9810425401991404,0.9912451372741258,0.9845454466431233,0.981131451624046,0.991245067512365,0.9843281133493189,0.9823154126966297,0.991366220275626,0.9910145934201303,0.9835137234360177,0.9916221485439338,0.9894017393864403,0.981733272060486,0.9917281922011731,0.9858023320840442,0.9810554421188015,0.9914005092010182,0.9852541083696434,0.9812278445698744,0.9912447061385465,0.9849256066161041,0.9833321426287825,0.9914529569065539,0.989212320504406,0.9835294428088869,0.9915284412353779,0.9894060512051317,0.9922214190544206,0.9972724692086703,0.9984114899595878,186.0
0.9999960559412612,0.9999967993616163,0.9999969732008648,0.9740013763334688,0.9789282582009867,0.9801435664954825,0.9881140782734239,0.9942637900908647,0.9945577285187892,0.9856869297046316,0.9926746528258087,0.992145385710916,0.9856170199999952,0.9923080063811283,0.9921102472633077,0.9848022194359144,0.9920444638935861,0.9917189129419268,0.9839772601783959,0.9921774625782832,0.9899508190320826,0.9836926057993501,0.9918581170578704,0.9897005313204891,0.9831722303967761,0.992188265711455,0.9883927437174275,0.9837465474622059,0.991134984460352,0.991133859642828,0.9835440140341166,0.9911519760020069,0.9911331853921794,0.9834042249677682,0.9899179953865845,0.9902747428018376,0.9856084603884869,0.9920144999236467,0.9920033436882079,0.9855813797051294,0.9923080351614239,0.9921692461215639,0.9834043734988768,0.9896518266752861,0.9901541440522581,0.9834040547071153,0.9894365893759444,0.9900979555696734,0.9833244316995886,0.9882581045903066,0.9899146164610109,0.9833141328879536,0.9884825903570371,0.989730327083648,0.9833155380348656,0.9880061142470363,0.9898968984349763,0.9826794068155174,0.9920456712904536,0.9872298123523114,0.9824164016259196,0.9918993425510287,0.9867504359260381,0.9827084177928028,0.9920457224412056,0.9868662195877461,0.9829804553000008,0.9921917949689907,0.9879444257038719,0.9829696010605646,0.9924760214583465,0.9879389875645566,0.9817421857920696,0.9918689352881563,0.9853936430616795,0.9817495545933831,0.9918689552653053,0.9852413378154979,0.981727200202681,0.9922239376546096,0.9851264425110096,0.9810938843888329,0.9912426526353273,0.9846641772549473,0.9810256546967746,0.991242742361203,0.9846340178314688,0.9811127165113954,0.9912426725995925,0.9844151268401204,0.9823250656436495,0.9913596133475978,0.9911142413812358,0.9835225252308042,0.9916158741489951,0.9895019707347606,0.9817287018068273,0.9917242279384906,0.9858976533428979,0.9810459741204153,0.9913979241780755,0.9853464845518439,0.9812149914968149,0.9912423112265532,0.9850161820651944,0.9833411303614282,0.9914468964256162,0.9893127565676529,0.9835378969427235,0.9915215574885253,0.9895063063682105,0.992247495702898,0.9972704549015662,0.9985072591911506,187.0
0.9999960630843661,0.9999967950239883,0.9999969704728736,0.9740477873814001,0.9788993460434865,0.9801241676181564,0.9881733331686552,0.9942326079213039,0.9945443147919987,0.9857468273701367,0.9926438208352122,0.9921290682471473,0.9856764554343911,0.9922753477376123,0.992090757137871,0.9848639505363357,0.9920140876864396,0.991702977963372,0.9840360620675749,0.9921471974906921,0.9899336388119887,0.9837509820234362,0.991827827945866,0.9896830186462232,0.9832316858323512,0.9921597517389763,0.9883759349397986,0.9838095186741389,0.9911052677118098,0.9911181340165449,0.9836069852570378,0.9911225325442983,0.9911176568378045,0.9834692616259672,0.9898880498963119,0.9902582352087752,0.9856677711797537,0.9919803798161149,0.9919819159184117,0.9856406311744357,0.9922753765169521,0.9921493058047315,0.9834694056541144,0.9896218830945257,0.9901375987774024,0.9834690846994172,0.9894066353915539,0.9900813744356608,0.9833927610608495,0.9882274561617089,0.9898986778047016,0.9833824847515253,0.9884522418592393,0.9897149242416549,0.9833842933164607,0.9879753265928041,0.9898809502247753,0.9827375397180078,0.9920185518520412,0.9872124401143492,0.9824740737981693,0.9918730342523963,0.9867327602762992,0.9827659727697696,0.9920186030014094,0.9868482741735723,0.9830394203291917,0.9921638642934179,0.9879276416903914,0.9830286577301687,0.9924483189663822,0.98792338055995,0.9818020827567931,0.9918468631464475,0.9853782130692212,0.981810336595537,0.991846883123164,0.9852261161152533,0.981787312450445,0.9922060664495109,0.9851166909670097,0.9811462635585931,0.991222073353279,0.9846409684427593,0.9810780346054256,0.9912221630773485,0.9846107728294098,0.9811637976036313,0.9912220933171428,0.984390628865089,0.9823884966504024,0.9913315848291342,0.9910986481369022,0.9835808098824371,0.9915855708621298,0.9894844988232478,0.9817862105968757,0.9917004478997055,0.985879375495327,0.9811011939356634,0.9913761074296644,0.9853259689789944,0.9812690267481314,0.9912217319513782,0.9849942786772379,0.9833994101517471,0.9914165739841624,0.9892953069170226,0.9835963709140289,0.9914915733542663,0.9894888221731948,0.9922948184502643,0.9972409948568259,0.9984875196324832,188.0
0.9999960491310107,0.9999967899181296,0.9999969437667963,0.9739536872177071,0.9788651490364879,0.9799472458693732,0.9880811506790977,0.9941966722918926,0.9943448237607488,0.9856530591072209,0.9926099589931303,0.9919251893663474,0.985580218376539,0.9922409895992399,0.9918838938105403,0.9847712543308371,0.9919818444675946,0.9915003536760726,0.9839419353327346,0.9921148921705661,0.9897243534806949,0.983656234010724,0.991795106107374,0.9894733077797592,0.9831402217942465,0.9921302418626404,0.9881633738318142,0.9837173473815706,0.9910753677463455,0.9909173056345808,0.9835148865892769,0.9910929057763876,0.9909168520789619,0.9833778344088739,0.9898603821556591,0.9900600770448994,0.9855714784524905,0.9919456246176058,0.9917745795016139,0.985542954405102,0.9922410183775761,0.9919410066139619,0.9833780218136075,0.9895945553146783,0.9899400805894559,0.9833777219550522,0.9893796725992688,0.9898843766532132,0.9833014245034885,0.9882044641692711,0.9897062023000419,0.9832911420838637,0.9884289649382526,0.9895222910297196,0.9832929695905367,0.9879529900961205,0.9896892405388434,0.9826460621804878,0.9919915940892927,0.9869966198683683,0.9823826132779793,0.9918476969215444,0.9865151461549172,0.9826745555736273,0.9919916452372757,0.9866320193603457,0.9829479564467226,0.9921352860607988,0.987713891116596,0.9829372260037004,0.9924194970218382,0.9877099421744008,0.9817111940668655,0.9918252618982688,0.9851558273378093,0.9817194673248217,0.9918252818745565,0.9850030911304185,0.981696426778123,0.9921847253675005,0.9848945037837018,0.981055416687056,0.9912073283027306,0.9844153536254725,0.980987356982462,0.9912074180255092,0.9843851435418478,0.9810724290735596,0.9912073482663084,0.984163950545051,0.9822972341772901,0.9913039145722603,0.9908977612452923,0.9834857567285605,0.9915525624796991,0.9892747572647216,0.9816952714924586,0.9916787409434342,0.9856585714533257,0.9810104217023697,0.9913584841480877,0.985102949688993,0.9811788251734825,0.9912069869057415,0.9847698660207357,0.9833043061790573,0.9913834565365188,0.9890854794004442,0.9835009268908567,0.9914581562298944,0.9892790956332479,0.9921989608422225,0.9972061543864403,0.9983072105495969,189.0
0.999996005510474,0.9999967863821396,0.9999969054021254,0.9736636896908654,0.9788411167187342,0.9796955016645547,0.9877641027630761,0.9941743887306782,0.9940451972772828,0.9853259707865752,0.9925877996186938,0.9916196462469562,0.9852493088516628,0.9922193632948794,0.9915756456952294,0.9844413546562276,0.9919601306340669,0.991193708959318,0.9836108768830926,0.9920929185362694,0.9894134986771986,0.9833265442928872,0.9917747073577456,0.9891631285111057,0.9828058506648734,0.992107603010977,0.9878476916918405,0.9833853315616549,0.9910543015842271,0.9906104829320811,0.9831827263153446,0.9910717655286101,0.990610054663857,0.9830433748568191,0.9898408877093046,0.9897528147793724,0.9852405865622916,0.991924424831144,0.9914669217269697,0.9852097387218669,0.9922193920725852,0.9916306925953878,0.9830435879902559,0.9895752393419277,0.9896331237855928,0.9830433006712467,0.9893605522554205,0.9895776662880471,0.9829676106326404,0.9881885258538718,0.9894031476391347,0.9829573382159364,0.9884129790134595,0.9892195713087296,0.9829592384349267,0.9879375236197143,0.9893866818286059,0.9823094034506595,0.9919682277492391,0.9866773057828293,0.9820443122666923,0.9918238250770973,0.9861936112834577,0.9823384192648646,0.9919682788960251,0.9863123499007883,0.9826127226489936,0.9921124251709823,0.9873970765989298,0.9826020800817238,0.9923969172267801,0.9873944172409455,0.9813711737021084,0.9918010546986809,0.984829150473092,0.9813797865988158,0.991801074674485,0.9846758046954499,0.9813564287231497,0.9921611666780777,0.9845686695504215,0.9807074866009318,0.9911823554958309,0.9840831829134152,0.9806390517693636,0.9911824452163723,0.9840526829873998,0.9807236947989003,0.9911823754589104,0.9838303280543799,0.9819645749059952,0.9912826145902877,0.9905909772051459,0.9831567002937369,0.991533114392272,0.9889650635904881,0.9813543607125879,0.9916542701620867,0.985333137669993,0.9806657118506045,0.9913331767852792,0.9847745554450169,0.9808324666257369,0.9911820141073544,0.9844395675452619,0.9829761317802347,0.9913648046186974,0.9887765009762061,0.9831719660632513,0.9914390941702823,0.9889693854541889,0.9919034388142123,0.997181684234809,0.9980505922204924,190.0
0.9999959626562674,0.9999967823849868,0.9999968673134562,0.9733786169759605,0.9788138001327729,0.9794452286378407,0.9874546134573389,0.994149742403228,0.993749449178274,0.9850110393559064,0.9925650332284127,0.9913208451058845,0.9849313613055534,0.992199360856878,0.9912782615208887,0.9841227717181119,0.9919375709281217,0.9908937109637521,0.9832986271167307,0.9920726601136015,0.9891097978920245,0.9830164240289215,0.9917550532183366,0.9888609047811974,0.9824957875945003,0.9920901679150191,0.9875398354903576,0.9830646875730557,0.9910320447881413,0.990310670691005,0.9828618599773872,0.991049308666007,0.9903102677986165,0.9827206841862649,0.9898203766558484,0.9894531027642578,0.9849226183822305,0.9919066338449861,0.9911729195464739,0.9848899968287745,0.9921993896340033,0.9913316217865104,0.9827209121346231,0.9895548299680735,0.9893335551514932,0.9827206320585725,0.9893402520794763,0.9892782102795086,0.98264532285813,0.9881723043077093,0.9891085386100973,0.9826350896296652,0.9883972023583862,0.9889260482783292,0.9826369970986277,0.9879217918633812,0.9890925668320456,0.9820003402172179,0.9919531943693077,0.9863658627827321,0.9817355091959662,0.9918102524673229,0.9858799764891728,0.9820300882607379,0.9919532455153282,0.9860007194455601,0.9823030558640977,0.9920959309937664,0.9870880283291653,0.9822924776448867,0.9923805064661648,0.9870862829749327,0.9810651774728044,0.9917901297152065,0.9845102262032244,0.9810745638646359,0.9917901496907975,0.9843565813243125,0.9810503620338101,0.9921492247610864,0.9842481497958905,0.9803992435241609,0.9911765334223546,0.9837609218597662,0.9803307017783894,0.9911766231424133,0.9837302911848402,0.9804154372316103,0.9911765533853278,0.9835071755719892,0.9816424870856664,0.9912588727253129,0.990291246885749,0.9828467684805328,0.9915137798727474,0.9886631888576666,0.9810463835299332,0.9916437587346281,0.9850156397258963,0.9803580188424755,0.9913263698026122,0.9844548269950526,0.9805245849201051,0.9911761920357145,0.9841185348589937,0.982666824480633,0.9913460186615017,0.9884751055508758,0.9828620198802756,0.9914200347655454,0.9886674982406823,0.9916129427787227,0.9971538732727425,0.9977954818786627,191.0
0.9999959194598357,0.9999967817808602,0.9999968472834702,0.9730930142173717,0.9788090903423758,0.9793156632224144,0.987130451232898,0.9941490566330176,0.9935836215981921,0.9846804988538396,0.9925667168187573,0.9911536304036787,0.984601041193045,0.9922013662825281,0.9911114472290967,0.9837894565163924,0.9919392262525165,0.9907270170563626,0.9829641223591016,0.992078882508692,0.9889391952936083,0.9826812836511721,0.9917629264675539,0.9886902225407829,0.9821614911526171,0.9921003429321932,0.9873661321387034,0.9827303238757201,0.991033665278943,0.9901462715511302,0.982527118318022,0.9910503942097801,0.9901458344715011,0.9823863637089553,0.9898249892156055,0.9892923441116847,0.9845922005645021,0.9919088967998886,0.991006655870242,0.9845598822106288,0.9922013950597043,0.991164634818114,0.9823866142051413,0.989559675091382,0.989173099911439,0.9823863451905868,0.989345336010874,0.9891179889020206,0.9823122393108725,0.988184108909795,0.9889576037577819,0.9823020527072428,0.988409558583758,0.9887763829714014,0.9823040675886342,0.9879344484252423,0.9889427126493814,0.9816662359507508,0.9919666266076128,0.986189507203105,0.9814015020862253,0.9918256245932546,0.9857019915173111,0.9816961036298236,0.9919666777543363,0.9858239261075297,0.9819688505684011,0.9921074233030953,0.986913577874759,0.9819583627362962,0.992392312825988,0.9869131632864827,0.9807313126703824,0.9918084315723338,0.984328335837891,0.9807408139169975,0.9918084515483014,0.9841741331787267,0.9807165184921965,0.9921682781371569,0.9840670967682512,0.9800618843467336,0.9911973433661446,0.9835754843769986,0.9799922603393331,0.9911974330881296,0.9835443528331466,0.980078302855546,0.9911973633295478,0.9833211883155705,0.9813056261041637,0.9912570250228473,0.9901269429251962,0.9825125039368245,0.9915226148260948,0.9884933891117827,0.9807122128697022,0.9916617551773854,0.9848348598138299,0.9800229557585985,0.9913471777397578,0.9842718761962143,0.980188228782935,0.9911970019721754,0.9839343330028059,0.9823339909590427,0.9913562316462552,0.9883065470219473,0.9825277200469309,0.991429052745315,0.9884976895174312,0.9913218596216727,0.9971490954638395,0.9976633692267185,192.0
0.9999959155176419,0.9999967782668059,0.9999968493364875,0.9730674232465837,0.9787859191040174,0.9793295595906332,0.987097480876744,0.9941226909858151,0.9935973890891526,0.9846417921839791,0.9925386176444224,0.9911654103127374,0.9845613537092948,0.9921737084439589,0.9911230128114922,0.9837494321476735,0.991910865440805,0.9907381315089765,0.9829208033473108,0.9920486751750596,0.9889488840252265,0.9826377145807274,0.9917325279106513,0.9887000867413823,0.9821140753759742,0.9920686064613463,0.9873733233709873,0.9826904736455453,0.9910049266567117,0.9901572393017636,0.9824871843720586,0.9910214951557563,0.9901568194776753,0.9823470473205904,0.9897965425247506,0.9893029542554318,0.9845525412682907,0.9918815920718476,0.991018665584959,0.9845195850606246,0.992173737220334,0.9911757386093953,0.9823473079809714,0.989531403018712,0.9891839130231671,0.9823470439967561,0.989317229893603,0.9891289533699551,0.9822726828086724,0.9881558034536435,0.988967750097912,0.9822625044525986,0.9883810935429602,0.9887866740214594,0.9822644784880037,0.9879061865838731,0.9889527755994842,0.9816158020184534,0.9919333503610795,0.98619452762033,0.9813493166393416,0.9917913184247372,0.9857055121877502,0.9816454804853353,0.9919334015060894,0.9858287249347719,0.9819202940780853,0.9920751770016599,0.9869202123909239,0.9819099044324817,0.9923604678718841,0.9869211538709738,0.9806778462817095,0.9917735027871489,0.9843275812653666,0.9806876665552583,0.9917735227624119,0.9841732999931828,0.9806629264285548,0.9921313049684809,0.984063101286821,0.9800010647408789,0.9911632438521829,0.9835726777489817,0.9799302968295829,0.9911633335710854,0.9835411300514806,0.9800171339378996,0.9911632638148998,0.983317853743029,0.9812649135025943,0.9912266330173735,0.9901379898932271,0.9824689120326351,0.9914920734232073,0.9885034794314288,0.9806579685754445,0.9916276577420463,0.9848356262920996,0.9799660668653734,0.9913137405808332,0.984271011706596,0.9801290507445938,0.9911629024699427,0.9839325133992829,0.9822906611540986,0.9913259635228623,0.988316893727079,0.9824840181557012,0.9913984399051805,0.9885077819507917,0.9912957630198929,0.9971254784849842,0.9976775261683298,193.0
0.999995928506427,0.9999967803691353,0.999996876933159,0.9731543245781168,0.9787994662837042,0.9795112285076066,0.987187724003593,0.9941408743813274,0.9938091582783901,0.9847238140389832,0.992556192235465,0.9913801544273652,0.9846425116350445,0.9921925646847882,0.9913393557857985,0.983827031706252,0.9919278297710206,0.99095236574389,0.9829991907245025,0.9920663320182349,0.9891651890899261,0.982717987214649,0.991751873238155,0.9889184114643852,0.9821859973302789,0.9920844432759075,0.9875875470615729,0.982768224833291,0.991021011154736,0.9903733375972986,0.982564687701122,0.9910370717479745,0.990372968747372,0.9824257713969956,0.9898140235191153,0.989521537330977,0.9846337570033813,0.9919014737506833,0.9912364895792038,0.9846001813032432,0.9921925934617135,0.9913919299092153,0.9824260330560941,0.9895490479429475,0.9894026154670909,0.9824257696812458,0.9893350177026812,0.9893477321037211,0.9823503447927643,0.9881764450030662,0.9891898932485962,0.9823402082638802,0.9884021997450156,0.9890098034658527,0.9823419953345252,0.9879271674053026,0.9891752267947399,0.9816840326746246,0.9919474901311057,0.9864075336402066,0.9814153925035259,0.9918043678674796,0.9859175263904257,0.9817134401722893,0.9919475412768421,0.9860417768841241,0.9819908109592502,0.9920904071418156,0.9871341512441839,0.9819804905508461,0.9923759223083317,0.9871359869097909,0.9807394131448901,0.9917839320208984,0.9845362869581812,0.9807489955261233,0.9917839519963667,0.9843818686251361,0.9807243803613505,0.9921398626924449,0.9842688216748522,0.9800556613573009,0.9911711812665741,0.9837813721634571,0.9799847056712323,0.9911712709861722,0.9837499670630495,0.9800704854185086,0.9911712012294451,0.9835257734670351,0.9813405238512376,0.9912384627056031,0.9903542928949365,0.9825504811140591,0.9915124506489856,0.9887230281088861,0.980720199854802,0.9916388480121273,0.9850459008537241,0.9800250088513889,0.9913231900672543,0.9844806133947765,0.9801852963430016,0.9911708398816859,0.9841417045538292,0.9823739612439943,0.9913480770190783,0.9885381148139836,0.9825655767964308,0.9914186926314251,0.9887273357683429,0.9913843044267864,0.9971392996573547,0.9978627016158124,194.0
0.9999959408457232,0.9999967891387258,0.9999969122670546,0.9732373073791656,0.9788567195028074,0.9797445317379229,0.9872711266099241,0.9942100671563247,0.994077038381642,0.9848006308352437,0.992630724088917,0.9916528199388266,0.9847171683667921,0.9922682262936477,0.9916127428699751,0.9839003929913817,0.9920025226054878,0.9912240281947982,0.9830743625189015,0.9921473727724329,0.989442885564968,0.9827938526696559,0.9918337235675047,0.9891966516588245,0.982259314960655,0.9921716772049853,0.9878677280761466,0.9828422271302395,0.9910959353995482,0.9906454925179473,0.9826388469768614,0.9911120018266165,0.9906452371910343,0.9824996071058538,0.9898890874166345,0.9897937670324545,0.9847085368783441,0.9919780392452393,0.9915110738441124,0.9846734496921428,0.992268255072765,0.9916648517491276,0.9824998966999854,0.9896245298295613,0.9896753904092853,0.9824996470622762,0.9894109093419973,0.98962092437416,0.9824237002719002,0.9882504933251308,0.9894605539159075,0.9824136159163035,0.9884768726683597,0.9892817308837037,0.982415279928585,0.9880009844459325,0.9894454827258308,0.9817574106598697,0.9920393238152074,0.9866890189644915,0.9814889742112696,0.9918987371570709,0.9861990876461273,0.981786383185423,0.9920393749656934,0.9863233462345526,0.9820641923350667,0.9921797052424904,0.9874154508430923,0.9820540706880058,0.9924666580810305,0.9874202936866154,0.9808095796300673,0.991880037665909,0.9848178761930286,0.9808183672068631,0.99188005764332,0.9846631455726168,0.980794594098811,0.9922369784484852,0.984551656503441,0.9801256581974108,0.9912680833308773,0.9840637477020376,0.9800542681318256,0.991268173059273,0.9840324510234874,0.9801400138571956,0.9912681032957074,0.9838080832930305,0.981415462128666,0.9913128349870908,0.9906266006301189,0.9826270665692284,0.9915948662939771,0.9890016868728012,0.9807924134356623,0.9917345430038691,0.9853277957309959,0.9800971493668209,0.9914201635657891,0.9847626950093108,0.9802562139574357,0.9912677419125151,0.9844239287782685,0.9824510830010738,0.9914310829009799,0.9888173202320512,0.9826420284696834,0.9915006499091439,0.9890060131963281,0.9914688463550234,0.9971976738028405,0.9981004930199974,195.0
0.9999959653044909,0.999996798825778,0.9999969369707845,0.9733995032900232,0.9789206953775468,0.9799067535668537,0.9874513958985546,0.9942825678123848,0.9942690613319787,0.984981797992519,0.992705332559821,0.9918481204102833,0.9848959961349675,0.9923435036694791,0.9918083277774631,0.9840824543463916,0.9920780940857005,0.9914197095761672,0.9832568878091639,0.9922226360333852,0.9896403160897911,0.9829754356681498,0.9919082513919455,0.9893930804898383,0.9824433523322702,0.9922474486578661,0.9880673849419475,0.9830255928681647,0.991172895249907,0.9908409837669081,0.9828226877360058,0.9911892294241974,0.9908406365587107,0.9826824822563036,0.9899662499216973,0.9899895235549757,0.9848874277314906,0.9920538517859114,0.9917074493070971,0.984850826579433,0.9923435324507824,0.991860014130347,0.9826828134531564,0.9897021939312524,0.9898718984853002,0.9826825841599738,0.989489074681025,0.9898180219441364,0.9826059670844967,0.9883264590338775,0.9896545917318214,0.9825959474055576,0.9885536673595139,0.9894773385976479,0.9825974571571215,0.9880766628850589,0.9896390483997441,0.9819410575479511,0.9921155287898715,0.986889515758005,0.9816725652927638,0.9919752061845357,0.9863998837502502,0.9819696034393549,0.9921155799442791,0.9865240102128957,0.9822480854494846,0.9922556462254182,0.9876154890568078,0.9822379904320241,0.9925426127533792,0.9876206158420581,0.9809935976472353,0.9919566108038912,0.9850197086974117,0.981002639249318,0.9919566307828397,0.9848654289801128,0.9809785544499577,0.9923124605445696,0.9847518909933353,0.9803030025402492,0.9913457889341338,0.984264237220758,0.9802306651574686,0.9913458786695406,0.9842328261262443,0.9803164374919483,0.9913458089005239,0.9840082901257265,0.9816021382403659,0.9913920551708859,0.9908219324496009,0.9828084410643968,0.9916690473835935,0.9891976687192724,0.9809757936606595,0.991811559690238,0.9855291048740966,0.980278785157521,0.9914980412421408,0.9849636232630371,0.9804355033424363,0.9913454474890945,0.9846246386814593,0.9826316645159654,0.9915045211916867,0.9890126165356318,0.9828235156302839,0.9915746962077916,0.9892020019618961,0.9916341450244518,0.9972628789485533,0.9982658524366235,196.0
0.9999959847955703,0.9999968078813837,0.9999969574555498,0.9735288423710847,0.9789804894385453,0.9800414657932394,0.9875945873568766,0.994350155878521,0.9944274366044191,0.9851256326309997,0.9927761203259959,0.9920089036636918,0.9850405493607494,0.9924135817399624,0.9919694352336724,0.9842254219728764,0.9921503179566908,0.9915806042353711,0.983402252237979,0.9922956577338446,0.9898030527699747,0.9831199872470349,0.9919808951549322,0.9895553237078174,0.982590864629271,0.9923225382136004,0.9882316640917396,0.9831703695538141,0.9912471928878135,0.9910029284810233,0.9829679720354437,0.9912638969757905,0.9910026044042767,0.9828273636051502,0.9900413226102469,0.9901529858836549,0.9850319827262005,0.9921233620121881,0.9918678350672285,0.9849958097607283,0.9924136105232966,0.9920218574049758,0.9828276701170946,0.9897771818586397,0.9900350483720527,0.9828274289062147,0.9895639410946104,0.989980900446257,0.9827515562554834,0.988404005506522,0.9898223877967604,0.9827415150115074,0.9886304207389721,0.9896444494157948,0.9827431420323451,0.98815465767675,0.9898075177979482,0.9820888387697465,0.9921922694904727,0.9870539343680317,0.9818205009659591,0.9920529087057764,0.9865640327420212,0.9821173039035821,0.9921923206488321,0.9866887176757035,0.9823957135763276,0.9923314251845556,0.9877799877642569,0.9823856785173434,0.9926186566670443,0.9877859231634147,0.9811408619397195,0.992032964637065,0.9851832413101813,0.9811500620761956,0.9920329846175462,0.9850292370491678,0.9811257281443919,0.9923869813691177,0.9849129520675454,0.9804445982404841,0.9914215409641294,0.9844275294377162,0.9803716194616907,0.9914216307063656,0.984396088433124,0.9804572817275315,0.9914215609320396,0.9841713031259428,0.9817502891205555,0.9914686465286048,0.9909838373435514,0.9829531555485481,0.9917415230214084,0.9893599521715997,0.9811226820943885,0.991888658678393,0.9856929251044669,0.9804241726997042,0.991574857071226,0.985127209198122,0.9805785679396841,0.9914211994931034,0.9847881075074993,0.9827763212863402,0.9915769585049599,0.9891748857055763,0.9829680987718742,0.9916467046718741,0.9893643049550936,0.9917659568463628,0.9973238210864716,0.9984031661012774,197.0
0.9999960014546344,0.9999968117804143,0.9999969723865823,0.9736388525891431,0.9790059119332701,0.9801387793032347,0.9877207483845452,0.9943811934381692,0.9945471930392389,0.9852526375024412,0.9928098768799382,0.9921310905414349,0.9851664585434601,0.9924475622123614,0.9920918560427726,0.9843530148268271,0.9921868339170955,0.991704516248407,0.9835308150748854,0.9923294700424365,0.9899246245284897,0.9832465214600337,0.9920132137438007,0.9896750121245742,0.9827232735012681,0.9923573972707048,0.9883547236753683,0.983301098975683,0.9912876979284534,0.9911301838515078,0.9830993433448553,0.9913049965457249,0.9911298620284774,0.9829597384588223,0.9900842983815699,0.9902854516011584,0.9851579067187273,0.9921575216455047,0.9919907010925408,0.9851210504560957,0.9924475909966789,0.9921440845455797,0.9829600663935822,0.9898204116512193,0.9901679078635067,0.9829598356482189,0.9896074260844732,0.9901140704627349,0.9828844499206444,0.9884528605887136,0.9899639578186424,0.9828744331536025,0.9886793267123002,0.9897865362828528,0.9828760994885226,0.9882042724919757,0.989950193356224,0.9822241716776656,0.9922281315219066,0.9871782758459208,0.9819578657198693,0.9920894247594869,0.9866891674515886,0.982252199278274,0.9922281826821056,0.9868129575372048,0.9825292493871426,0.9923666332260447,0.9879035446655342,0.9825192256431936,0.992653685477536,0.9879095008206766,0.9812844030328153,0.9920714589416204,0.9853116555651875,0.9812945296251648,0.992071478922874,0.9851582408517882,0.9812693129538026,0.9924259167448006,0.9850423663411841,0.9805893226260305,0.9914630791016988,0.9845552444781644,0.9805165564986853,0.9914631688476826,0.9845240679233861,0.9806021791030227,0.9914630990704434,0.9842991707425116,0.9818854396590155,0.9915132147032556,0.9911109699317306,0.9830789838151158,0.9917730103522642,0.9894788612104509,0.9812637962877999,0.9919269734751687,0.9858194003688056,0.9805677561032847,0.9916151569102729,0.9852542157599613,0.9807228697282259,0.9914627376164128,0.9849154236689892,0.982900864036523,0.9916072161443358,0.9892926368910026,0.9830940665175314,0.9916782023145597,0.9894832147711219,0.991878084096477,0.9973497428288971,0.9985023793688612,198.0
0.999995993775605,0.9999968112271638,0.999996968645824,0.973588221972321,0.9790021955872354,0.9801146383816522,0.9876624348658207,0.9943771693423578,0.9945158800727866,0.9851938345237767,0.9928072654321978,0.9920979208571797,0.985105778022874,0.9924455962270359,0.9920585651938569,0.9842956633879736,0.9921844793082157,0.9916721158158707,0.9834705680390216,0.992328408585518,0.9898875718295135,0.9831859863400609,0.9920114033658624,0.9896375321631105,0.9826627872143546,0.9923581958736498,0.9883142757968353,0.9832444597781328,0.9912857149877745,0.9910983306953661,0.9830428848927019,0.9913029435657169,0.9910979878999533,0.9829030271918602,0.99008300795909,0.990254549506163,0.9850972995906213,0.9921560721082181,0.991958274406528,0.985059188342385,0.9924456250112963,0.9921100727540519,0.9829033474126796,0.9898190336245194,0.9901368626544689,0.9829031129035135,0.9896059600081573,0.9900829115946905,0.9828268571163465,0.9884540496297526,0.9899365341739237,0.9828168401973417,0.988680099670507,0.9897590359159048,0.982818391756163,0.9882058511667042,0.989923235320066,0.982165223551744,0.9922309204131488,0.9871365764508454,0.9818997755107189,0.9920935838017473,0.9866468833748384,0.9821934406115082,0.9922309715734864,0.9867712945659218,0.9824693437403114,0.9923680519966414,0.9878624301838711,0.9824592694067568,0.9926543960268334,0.9878674831815843,0.9812279864237138,0.9920780778036546,0.9852682921116058,0.9812382325692164,0.9920780977850407,0.985114672210715,0.9812129455658053,0.9924327782182257,0.9850001810471818,0.9805325649086548,0.9914734705755707,0.9845098561424263,0.9804593690603126,0.9914735603224966,0.9844785380122525,0.9805453126687564,0.9914734905445256,0.9842534625488284,0.9818301566682978,0.9915110424791528,0.9910791132501802,0.9830181764301665,0.9917707781998771,0.9894410954529821,0.9812070493954701,0.9919334933963213,0.9857760917831394,0.9805119643422974,0.9916243718688869,0.985209935318813,0.980666738121765,0.9914731290867009,0.9848705460423641,0.9828395843567446,0.9916045213032308,0.9892544194961207,0.983033191700737,0.9916758289377188,0.989445454594085,0.9918264788357777,0.9973459559774861,0.9984777620671805,199.0
0.9999959701419886,0.9999968078398375,0.999996938853379,0.9734307614584442,0.9789798142286126,0.979918700000012,0.987492982532603,0.994352224173388,0.994285625520503,0.9850245276767454,0.9927807292324576,0.9918634253412875,0.9849334225659175,0.9924186184244567,0.991821473682311,0.9841270839438907,0.9921573056747006,0.99143714894797,0.9833033614220189,0.9923008573552209,0.9896500457250997,0.9830198677790327,0.9919849544147804,0.9894008374047417,0.9824967077858441,0.9923280350393738,0.988073886597085,0.9830769361689976,0.991257620396012,0.9908630706694601,0.9828753955828273,0.9912745937132428,0.9908626717409984,0.9827367106932919,0.9900547100327399,0.9900191371182296,0.9849249651816071,0.9921287410078025,0.9917208583179399,0.9848849878483038,0.992418647207936,0.9918716670575007,0.9827370225824632,0.9897905276828866,0.9899012118653762,0.9827367839261789,0.9895772608552473,0.9898470842628384,0.9826605369079993,0.9884263616546581,0.9897027211169935,0.9826504952166276,0.9886515262585329,0.9895245420266067,0.9826520750241161,0.988178382902939,0.9896897386562943,0.9819993023854899,0.9921989876685957,0.9868945631975347,0.9817336848512,0.9920607489167456,0.9864041747324759,0.9820280676643215,0.9921990388272804,0.9865293181202252,0.9823033092395871,0.9923370213906082,0.987621155180788,0.9822931581735801,0.992622447856475,0.9876249350686874,0.9810596721275977,0.9920461458528727,0.9850220112074389,0.9810688125664749,0.9920461658336143,0.9848671535308365,0.9810447299375735,0.9924017072353282,0.9847563778391997,0.980371909763882,0.9914425078439466,0.9842655988610463,0.9802988041494262,0.9914425975880632,0.9842342860963671,0.9803856817069162,0.9914425278122763,0.9840093964885253,0.9816629732487215,0.9914816005133221,0.9908438489636384,0.9828528265511304,0.9917450078762052,0.989205018944399,0.9810415713150559,0.9919012109664448,0.9855320224095645,0.980348891115049,0.9915926101559306,0.9849657959453794,0.9805049157217306,0.991442166365766,0.9846263173092784,0.9826752254185089,0.9915796521033968,0.9890192069778831,0.9828677289263505,0.9916500024827085,0.9892093796928452,0.991666027118673,0.9973231465969988,0.9982780380009231,200.0
0.9999959322844887,0.9999967995853221,0.9999968966196542,0.973179052961764,0.9789251714047985,0.9796411030371486,0.9872186406103067,0.9942914613534761,0.9939583231070798,0.9847500504872623,0.9927198108956135,0.9915319164942107,0.9846571182123284,0.9923578007829151,0.9914888592144022,0.9838532811665371,0.9920965217773942,0.9911054360748672,0.9830299844380144,0.9922399748413918,0.989314305644706,0.9827488886403003,0.9919266805139374,0.9890666619857976,0.9822226404179162,0.992263887604834,0.9877333832624671,0.9828028692089441,0.9911970325163176,0.99053108713638,0.9826014683905034,0.9912140039089612,0.9905307154626358,0.9824614271368027,0.9899943243122054,0.9896865849321851,0.9846486829020396,0.9920680039779206,0.9913885847686459,0.9846075705796884,0.9923578295646326,0.9915381335541495,0.9824617633504242,0.9897301502778384,0.9895688894705947,0.9824615363953951,0.9895169370710282,0.9895149733181856,0.9823841502869354,0.9883669989364487,0.9893717584127796,0.9823741101494312,0.9885917109865989,0.989193607085788,0.9823755443559624,0.9881192255008272,0.9893589790141757,0.981724881327351,0.992132421723303,0.9865512716117302,0.9814586790437213,0.9919928526774012,0.9860594609277907,0.9817543951022972,0.9921324728785476,0.9861860355511459,0.9820290925062605,0.9922717857584057,0.9872793699585876,0.9820188780862945,0.9925564422111044,0.9872821287748285,0.9807868888908736,0.9919775598694992,0.9846748791708421,0.9807969714517794,0.9919775798488557,0.9845199992122655,0.9807719766737873,0.9923323949220534,0.9844098857034834,0.9800895668879925,0.9913745228163844,0.9839119465863815,0.9800152383117916,0.9913746125543318,0.9838799482947227,0.9801028500661145,0.9913745427833411,0.9836547764316564,0.9813900951614397,0.9914212138748565,0.9905118961741552,0.9825832883071985,0.9916883424400552,0.9888718569354931,0.9807663275132505,0.9918329197438843,0.9851846886300684,0.9800705196363275,0.9915241259330864,0.9846156831772512,0.980224544448788,0.9913741813616765,0.9842744144261153,0.9824073735240041,0.9915245498068135,0.9886875285983314,0.9825984885581227,0.9915939821945575,0.9888761916678449,0.9914095243358167,0.9972674594480387,0.9979950751328522,201.0
0.9999958916184336,0.9999967950112078,0.9999968498723106,0.9729089281076878,0.978895100184424,0.9793345476813275,0.9869223664882703,0.9942560840471096,0.9935930702722138,0.9844489441071803,0.992684565808419,0.9911579390594542,0.9843534193633133,0.9923206151366549,0.9911103776796539,0.983551845462905,0.9920607762261847,0.9907300345709743,0.9827260674427915,0.9922063477117921,0.9889344611617727,0.982444336152669,0.9918930023217004,0.9886861701273956,0.9819189187569453,0.9922320830244156,0.9873490540701589,0.9825009988452481,0.991160564070801,0.9901542786793271,0.9822996969020606,0.9911774365366972,0.9901538931380405,0.982158263507407,0.9899571560193392,0.989307686622776,0.9843449597202228,0.9920292657258405,0.9910080528861992,0.9843023344222965,0.99232064391729,0.9911584874977384,0.9821586625903609,0.9896932894052064,0.9891907993854523,0.9821584660689169,0.9894804556718197,0.9891375670812214,0.9820799125348156,0.9883274450067376,0.9889899072769481,0.9820698576336968,0.9885513773100147,0.9888113715739701,0.9820711689127952,0.9880794834968953,0.9889768038965134,0.9814217805101959,0.9921022089689843,0.9861637309625423,0.9811552823305877,0.9919636242580498,0.985669831655256,0.9814525476932395,0.9921022601226739,0.985798804956189,0.9817256129621483,0.9922405886946795,0.986893877892345,0.9817154199325777,0.9925252220757026,0.9868969893429057,0.980483164937301,0.991949553226697,0.9842801613192214,0.9804933847091514,0.9919495732054913,0.9841247382913902,0.9804682576454392,0.9923029682612562,0.984015142194972,0.9797806544453431,0.9913511194762851,0.9835122343004931,0.9797060528622997,0.9913512092121314,0.9834799783863452,0.9797927575040845,0.9913511394427748,0.9832536283090424,0.9810893270218409,0.9913847246903328,0.9901350832917928,0.9822786697318712,0.9916546272449712,0.9884912838201946,0.9804622462061656,0.9918054897621691,0.9847913932215463,0.9797648024242896,0.9914991789040485,0.9842194984030412,0.9799174678910068,0.9913507780295728,0.9838764112636865,0.9821027528845443,0.9914907496402547,0.9883068388977002,0.9822938987806062,0.9915605494845372,0.9884956063065194,0.9911342492656039,0.9972368041385523,0.9976825782433711,202.0
0.9999958740959785,0.9999967874758038,0.9999968227839512,0.9727923650546496,0.978845602584419,0.979156265188348,0.9867961698451728,0.9941979037006302,0.9933847155119898,0.9843217501265557,0.9926262080325828,0.9909460119365586,0.9842263975486254,0.9922626681792911,0.9908992536375244,0.9834245544860029,0.9920018115726934,0.9905165140879045,0.9825979226838928,0.9921483304353563,0.9887200825443231,0.9823179700136571,0.9918369696324368,0.9884728881971733,0.9817885180559598,0.9921720115550654,0.9871314132483213,0.9823730861683228,0.991100721191304,0.9899387421054237,0.9821719409813163,0.9911175836010391,0.9899383884981175,0.9820284476143787,0.9898958694480909,0.9890888680686188,0.9842180104347379,0.9919716474940705,0.9907975436050301,0.9841753615245871,0.9922626969582479,0.9909473842904868,0.982028824162052,0.989631638719306,0.9889715190290346,0.9820286165436438,0.9894184546099976,0.9889179359152357,0.9819483851361492,0.9882641323054456,0.9887684726631389,0.9819384094362383,0.9884890208827759,0.9885919413831505,0.981939405822248,0.9880157553898534,0.988754711827072,0.9812903419799582,0.9920406496102946,0.9859444880412653,0.9810228346880947,0.9919012617238123,0.9854496957246189,0.9813218051279662,0.9920407007608087,0.985579767135568,0.9815948055700194,0.9921798325053104,0.9866754892943389,0.9815845765880837,0.9924639177515322,0.9866779593103993,0.9803498230069455,0.9918883368614987,0.984058435707517,0.9803600056736563,0.9918883568390612,0.9839025949089469,0.9803350421517736,0.992242374487539,0.983796411821902,0.9796453344190178,0.9912911749448077,0.9832871369088705,0.9795714465663992,0.9912912646752339,0.9832551248808622,0.9796562918395475,0.9912911949100917,0.9830273836659436,0.98096251499757,0.9913247315437836,0.9899195908184862,0.9821533794655785,0.9915998364784301,0.9882786944186298,0.9803289502615072,0.9917440195412631,0.9845695369448408,0.9796310077653344,0.9914387242895825,0.9839961862224055,0.9797828912246439,0.9912908335187189,0.9836521861871103,0.9819786042654175,0.9914370176509234,0.9880952722086912,0.9821688945080187,0.9915063393999439,0.988282993785254,0.9910154673971827,0.9971863453721057,0.9975008545478611,203.0
0.9999958756078515,0.9999967858207499,0.999996829940932,0.972803023710385,0.9788347594649108,0.9792037383768948,0.9868029386419989,0.9941849580022178,0.9934378806921499,0.9843286899900299,0.9926140542670838,0.9909985648988866,0.9842326932912666,0.9922502950442694,0.9909518958132562,0.9834329066019293,0.9919902520978319,0.9905687623694288,0.9826034073035959,0.9921362988213009,0.9887724356886454,0.9823242648931949,0.9918255144845779,0.9885252769133045,0.9817915437413063,0.9921591204644258,0.9871832070585473,0.9823836069510569,0.9910900188414055,0.9899908772353383,0.9821828920472414,0.9911072412854108,0.9899905772697084,0.9820400699666345,0.9898842383503293,0.9891405741777052,0.9842242712021995,0.9919590988804171,0.9908502796378938,0.9841812970803577,0.9922503238228677,0.9910000095925707,0.982040469337643,0.9896201333831374,0.9890235661003708,0.9820402727546859,0.9894071047659418,0.9889702719585329,0.9819594524763422,0.9882501125154285,0.9888180746358127,0.9819494912791863,0.9884747832918525,0.9886417998558333,0.9819503984922205,0.9880014583351463,0.9888039992232327,0.9812922986436572,0.9920269897482258,0.9859962428321126,0.9810239070925549,0.9918871196338006,0.9855011951980043,0.9813241162449153,0.9920270408980351,0.9856318355329098,0.9815974273050642,0.9921666548791138,0.9867273540004048,0.9815872325293574,0.9924507846042873,0.9867302426512066,0.9803487961695623,0.9918740771167565,0.9841101451913833,0.980358771150832,0.9918740970940324,0.9839541094218099,0.9803341457030019,0.9922286166791854,0.9838510910630915,0.9796420797718417,0.9912754503795737,0.9833369201263957,0.9795684022841871,0.9912755401085704,0.9833050005532336,0.9796522991520181,0.9912754703445391,0.983076642225377,0.9809761333698487,0.9913165070758747,0.9899717090005916,0.9821599075981877,0.9915888117001252,0.9883309330835891,0.9803284106310679,0.9917295549242122,0.9846205465300182,0.9796297902208744,0.9914239207791068,0.9840466501306188,0.9797803094135332,0.9912751089589239,0.9837023355963954,0.9819849127942449,0.9914258022034054,0.9881473235217187,0.9821761529872957,0.9914963830487801,0.9883351912341112,0.9910263118362878,0.9971752907270353,0.9975492362055062,204.0
0.9999958923765834,0.9999967895436046,0.9999968579228122,0.9729151001399037,0.9788591924413738,0.9793880876667007,0.9869206763621007,0.9942134567202978,0.993652166739886,0.9844492317559567,0.9926464485173923,0.9912160797327104,0.9843521090486471,0.9922820350242398,0.9911685096527653,0.983554667892572,0.992024344260321,0.9907870480642369,0.9827267808533375,0.9921715810289665,0.9889932597293034,0.9824486350587828,0.991862008864588,0.9887468908331907,0.9819160326416617,0.9921953948885823,0.9874056146513526,0.9825066611711003,0.9911265635619467,0.9902100316164114,0.9823065589862507,0.9911443337337513,0.9902097581478069,0.9821619952090647,0.9899211468171335,0.9893609852811521,0.9843437649449479,0.9919903153718466,0.9910661818324173,0.9842999788206013,0.9922820638037564,0.9912166165300512,0.982162419386128,0.9896572670584679,0.989244410236556,0.9821622348581583,0.9894444829298575,0.9891914693139365,0.9820804605613928,0.988287616911052,0.9890402467201768,0.9820705324796215,0.9885124840606373,0.9888647006714268,0.9820712817045564,0.988039009713292,0.9890262858018984,0.9814177177866117,0.9920643132537779,0.9862200531953476,0.9811497154220862,0.9919251613992826,0.9857256474667883,0.9814497631076192,0.9920643644055054,0.9858561960386646,0.9817222705577663,0.9922032601521323,0.9869502156240962,0.9817120577695684,0.9924870358893847,0.9869526872645886,0.9804738964492242,0.991913356151518,0.9843369803413283,0.9804835048261569,0.9919133761295835,0.984180974573213,0.9804593786009757,0.9922681913667717,0.9840808395031699,0.9797689077941595,0.9913164752363666,0.9835634855886244,0.9796954375168396,0.991316564969067,0.9835317496958753,0.9797786715026915,0.9913164952021568,0.983303209669235,0.9811027740590229,0.9913558252795642,0.9901908173430352,0.9822851936754127,0.9916261138463994,0.9885530913777341,0.9804544097224144,0.9917687128381275,0.9848461195275846,0.9797570415271245,0.9914644436402643,0.9842726490763168,0.9799073875833771,0.9913161338016251,0.9839285979641734,0.9821109493581343,0.9914638828770976,0.9883702387704175,0.9823015228700687,0.9915336642491103,0.9885573509889816,0.9911405081108786,0.997200197084878,0.9977371399057106,205.0
0.9999959208051507,0.9999967930995531,0.9999968852474044,0.9731038257770873,0.9788827533036245,0.9795671622465882,0.9871289452335039,0.9942393400281767,0.9938664485859778,0.9846619239604234,0.992674799983394,0.9914370624894504,0.9845640137620056,0.9923101590356619,0.9913898621769668,0.9837691548097912,0.9920547456711235,0.9910110076963163,0.9829425077602546,0.9922007810202499,0.9892174829897351,0.9826643817677865,0.9918910311536462,0.9889711871686208,0.9821331897353716,0.9922244659342859,0.9876318556502077,0.9827229853011314,0.9911599290199635,0.9904377300010191,0.9825233830318293,0.9911780728307006,0.9904375426545851,0.982378440067512,0.9899566739580071,0.9895939795533333,0.9845557020020769,0.9920182573919044,0.9912874027404293,0.9845113869151189,0.9923101878159932,0.9914382895303753,0.9823789529452565,0.9896935848898524,0.9894788702992964,0.9823788115629748,0.989481643435463,0.9894271184241078,0.9822967921693014,0.9883263387560682,0.9892789417745962,0.982286936653403,0.9885521694348314,0.9891051408780446,0.9822875870383122,0.9880779965990099,0.9892654485653565,0.9816367014223609,0.9920938150555813,0.9864488081476286,0.9813699743866839,0.9919551367104117,0.9859560394444007,0.9816683903702925,0.9920938662088141,0.9860853074740877,0.9819401102320775,0.992232288484769,0.987177069950011,0.9819297972532612,0.9925150488071103,0.9871778176959876,0.9806945702684906,0.9919438160273261,0.9845721843518856,0.9807037489427991,0.9919438360059996,0.984416379880893,0.9806802097822405,0.9922991418542882,0.9843194992830965,0.9799950294001822,0.9913473282408113,0.9838007743891191,0.9799217601603231,0.9913474179762704,0.9837692768105547,0.9800052179216646,0.9913473482072154,0.9835413022803565,0.981322382788145,0.9913912729266248,0.9904185441656383,0.9825011690051351,0.9916551072145535,0.9887773925800853,0.9806761358958046,0.9917989722243878,0.9850793955341451,0.9799815459606122,0.9914950950044809,0.9845077208830876,0.9801326671124215,0.9913469867955724,0.9841647697212687,0.9823267949855257,0.9914927891406236,0.9885944984051714,0.9825176158592788,0.991562592822578,0.9887816561367767,0.9913328362770722,0.9972242067074611,0.9979196871086711,206.0
0.9999959579913102,0.9999967944831049,0.9999969070010579,0.973349997495014,0.9788924422127918,0.9797087313245901,0.987405781455583,0.9942465513338176,0.994042336030123,0.9849485982072815,0.9926801579095318,0.9916205749555225,0.9848490827766134,0.9923152211041397,0.9915728877050913,0.9840591158874866,0.992059572783901,0.9911965843486887,0.9832370509342917,0.9922040198068403,0.9894082637099485,0.9829596243624986,0.9918945752916415,0.9891626859040711,0.9824315726095935,0.9922243611564514,0.9878287088863371,0.983016201420846,0.9911639874231845,0.9906253892944648,0.9828167110217317,0.9911818842702709,0.9906252302312418,0.9826756156105116,0.9899606138879974,0.9897846426171313,0.984840850881442,0.9920230827229674,0.9914700662276184,0.9847954329887514,0.9923152498846208,0.9916212943022179,0.9826761507296107,0.9896977393050405,0.9896699614474006,0.982676020140607,0.98948602268542,0.9896185587162516,0.9825951001988852,0.9883293441598296,0.9894703449548612,0.9825852898894833,0.9885556164265017,0.989297537775386,0.9825860355801923,0.9880808102434384,0.989456791658133,0.9819367257776624,0.992090794542749,0.9866496119846411,0.9816707734112455,0.9919503149401059,0.986158780959364,0.9819686587210881,0.9920908456958166,0.9862869215099213,0.9822391298320423,0.9922310692895806,0.9873754747934371,0.982228836691657,0.9925138639179117,0.9873763791126785,0.9809971475459561,0.9919369611832729,0.9847805663763181,0.9810064022449348,0.991936981161802,0.9846253503976344,0.9809828942532536,0.9922916475348995,0.9845299184484513,0.9802983941340141,0.9913380221679131,0.9840104309533482,0.9802252214211518,0.9913381119024911,0.9839791140796016,0.980308668048789,0.9913380421341205,0.9837516061531696,0.9816160825260215,0.9913932580901342,0.9906063021928028,0.9827969934223456,0.9916589145456525,0.9889692198845812,0.9809784707005396,0.99179237628474,0.9852854191718841,0.9802848776615614,0.9914868003955931,0.9847154090006414,0.9804356784171694,0.9913376807260278,0.9843734746761394,0.9826229627789234,0.9914969446571962,0.9887867436260473,0.9828134577254394,0.9915661656478362,0.9889734943791305,0.9915837233215876,0.9972340635722702,0.9980640219581269,207.0
0.9999959800615242,0.9999968014027497,0.9999969262355339,0.973496440079665,0.9789384148711199,0.9798350363921422,0.9875677932237201,0.9942968307352222,0.9941918960706175,0.9851173053673644,0.9927307429104041,0.9917723509487384,0.9850161118162286,0.9923647340666842,0.9917226659048335,0.9842298236234264,0.9921096941578099,0.9913484302170263,0.9834123428423885,0.9922551559828804,0.9895642675737653,0.9831350202616524,0.9919459671645784,0.9893187074091547,0.9826117136643472,0.9922748054003117,0.987988645874201,0.9831877516034734,0.9912134350747963,0.9907763211194185,0.9829885163586098,0.9912313122727191,0.9907761564425757,0.9828468657925669,0.990008798195152,0.989934190234695,0.985007962597914,0.9920717379174853,0.9916184987886346,0.9849613932129127,0.9923647628486032,0.9917708830203907,0.9828473878065954,0.9897458290076909,0.9898193404478124,0.9828472508286434,0.9895340083855445,0.9897678009420424,0.9827673423475224,0.9883747126879682,0.9896177788747744,0.9827575254359109,0.9886004774123379,0.9894446642793417,0.9827584081172525,0.9881258913323852,0.989603998881413,0.982120314965587,0.9921407249109969,0.9868123935371318,0.9818557396841746,0.9919999619619803,0.9863227446313736,0.9821534037655295,0.9921407760666316,0.9864509397103327,0.9824205961552431,0.9922812830698033,0.9875364634566445,0.9824102954868914,0.9925639179139683,0.9875371610780849,0.9811840225934124,0.9919860645234615,0.9849475108075674,0.9811931354120754,0.9919860845029751,0.9847925887769658,0.981169815715951,0.9923389177497479,0.9846973770418539,0.9804886045361642,0.9913888023305004,0.9841790787175984,0.9804151807952977,0.9913888920696514,0.9841477164233335,0.9804993531072401,0.9913888222977253,0.9839209994843707,0.9817893954833488,0.9914426836710223,0.9907572362224508,0.98297277676205,0.9917105429130323,0.989125316522283,0.9811656949629962,0.9918422237606387,0.9854513896632053,0.9804743172277288,0.9915374705683335,0.9848825614129803,0.9806254624632103,0.9913884608712142,0.9845413698756275,0.982798782209473,0.9915486207804554,0.9889429228560271,0.9829893453985372,0.9916177586314174,0.9891295935760851,0.9917329639598749,0.9972809107856486,0.9981927690459363,208.0
0.9999960038292238,0.9999968013529038,0.9999969431279071,0.9736537156252447,0.9789381318543838,0.979944944421004,0.9877454009106906,0.9942962093510458,0.9943285517990561,0.9853022017037097,0.992729165171755,0.991913574454433,0.9851995738989168,0.9923626690077391,0.9918626169245229,0.9844177511319913,0.9921063786444003,0.9914911158821155,0.9836020936843652,0.9922547481091476,0.9897109652224397,0.9833252215285441,0.9919461574540386,0.989465333142042,0.9828049487117427,0.9922751532819468,0.9881410172348843,0.9833762820337694,0.9912076078431887,0.9909195552667286,0.9831767951523009,0.9912248412531763,0.9909194077465436,0.9830369979042387,0.9900025326368709,0.9900780760142385,0.9851914605644542,0.9920692829444585,0.9917578748355869,0.9851439678362808,0.9923626977895963,0.991910501716797,0.9830374999165059,0.9897393971824581,0.9899629600681298,0.9830373531777634,0.9895273998582584,0.9899112081948314,0.9829565770573552,0.9883680585328289,0.9897615050282609,0.9829467901602424,0.9885940100378873,0.9895890234779714,0.9829475210129848,0.9881191569924918,0.9897476041247579,0.98231574938001,0.9921409381679764,0.9869677301617543,0.9820523140935163,0.9919997889510476,0.9864790557541929,0.9823490615627238,0.9921409893236307,0.9866067640412708,0.9826147161594379,0.9922818826209567,0.9876905605974234,0.9826046038019934,0.9925659961649993,0.9876941114650973,0.9813821852360778,0.9919859156378699,0.9851064312568911,0.9813911102162635,0.9919859356173841,0.9849515869934327,0.981368079482524,0.992337980096893,0.9848582267929421,0.9806903718590089,0.9913896589569002,0.9843390413727647,0.9806171989044589,0.9913897486961413,0.9843077739483314,0.980701400761316,0.9913896789241456,0.9840814158968971,0.9819761367475138,0.991432398924642,0.9909006354116675,0.9831632440154497,0.9917111827581734,0.9892718438112718,0.9813643044627061,0.99184239446285,0.9856093234464516,0.9806749571281173,0.9915383987560968,0.9850413760152791,0.9808265806809695,0.9913893174972721,0.9847007599787259,0.9829890499945743,0.991549087346642,0.9890893315247975,0.9831806499468961,0.9916196041742583,0.9892760748190376,0.9918932544787038,0.9972806208779703,0.9983048266863457,209.0
0.9999960187184782,0.9999968037838995,0.9999969540527368,0.9737517801543105,0.9789539745026464,0.9800157752348175,0.9878593369798842,0.9943161485663591,0.9944181185712396,0.9854220792434812,0.9927483146182932,0.9920051322502124,0.9853179665468274,0.9923812310121135,0.9919525914673459,0.984540934834512,0.9921250417864039,0.9915828064286278,0.983725768232634,0.992273290067108,0.9898072337510438,0.9834500949391477,0.9919669242114193,0.9895620980326222,0.9829305051419116,0.9922911552327209,0.9882420472804291,0.98350078956192,0.9912255660028781,0.9910102477152664,0.9833014081504906,0.9912428323007519,0.9910101051984109,0.9831629303732032,0.9900191171699644,0.9901672149008133,0.9853097965905375,0.9920873749468102,0.9918473167470547,0.9852615119703731,0.9923812597945072,0.991999925751385,0.9831634101409444,0.9897557642484786,0.9900517607358885,0.9831632525331875,0.9895435422335193,0.989999741022411,0.9830835100680261,0.9883819858519964,0.9898484089333935,0.9830737495145948,0.9886081102304257,0.9896765083846332,0.983074580352636,0.9881327101083778,0.9898341253500061,0.9824427018543933,0.9921543737420261,0.9870721939563377,0.9821798663565732,0.9920115050831257,0.9865851716297878,0.9824763952159367,0.9921544248983827,0.9867116009950894,0.982740829444538,0.9922970375425703,0.9877931976003346,0.9827308111987413,0.9925818331923155,0.9877981441421345,0.9815115388040088,0.9919967983971592,0.9852189360823116,0.9815207329520849,0.9919968183768992,0.9850642366405566,0.9814977561857724,0.9923522992651279,0.984978576718295,0.9808186110074902,0.991394917134,0.9844489129649537,0.9807454099482857,0.9913950068737326,0.9844175177344522,0.9808301405654664,0.9913949371013537,0.9841916555837864,0.9821014748014567,0.9914506772514581,0.9909913215065027,0.9832891034932107,0.9917333741677858,0.9893690891936509,0.9814928268098969,0.991851879065984,0.9857182644609526,0.9808027670680641,0.9915447735488719,0.985150809349497,0.9809542529877285,0.9913945756725004,0.9848104471236526,0.9831156707437061,0.9915720216456362,0.989187324921486,0.9833071124314333,0.9916428650668846,0.9893732781396122,0.9919932108273224,0.9972967775394156,0.9983770488292816,210.0
0.9999960213387903,0.9999968064502406,0.9999969479427191,0.9737682827196349,0.9789714593267109,0.979974910663499,0.9878847084964558,0.9943366022178957,0.9943746171767684,0.9854510816551314,0.9927703848176734,0.9919573914029365,0.9853467218037694,0.9924028122348054,0.9919036454559081,0.9845709150773964,0.9921461724523737,0.9915328990347961,0.983758965190258,0.9922984074546634,0.9897591744302,0.9834825090743278,0.9919929741986704,0.9895137821276357,0.982970514211122,0.992319008849521,0.9881952181492617,0.983531199367234,0.9912453355547975,0.990957354381117,0.9833318745740967,0.9912626655854364,0.9909571874232828,0.9831937972560675,0.9900364199671268,0.9901098899159531,0.9853385462853318,0.9921085649390539,0.9917977956765165,0.9852901230354861,0.9924028410178218,0.9919506879981612,0.9831942816600188,0.9897730157484425,0.989994460963012,0.9831941262229755,0.9895607587323809,0.9899424748749037,0.9831154308267323,0.9883931235055065,0.9897837463241415,0.9831057409839188,0.9886202933364181,0.9896136470976669,0.9831066274149776,0.9881428776396669,0.9897682222706471,0.9824874037187789,0.9921847933785981,0.9870264604278197,0.9822271401070543,0.9920435787142192,0.9865401330235652,0.9825216754315941,0.9921848445365354,0.9866661298340849,0.9827826364961924,0.9923258031004575,0.9877466836080192,0.9827725883024246,0.9926102330547891,0.9877511123918488,0.9815641994547557,0.9920312304692352,0.9851777759334029,0.9815741050397145,0.9920312504496797,0.9850232701607092,0.9815506355811652,0.9923882212495971,0.9849425885330731,0.9808742199441801,0.9914313261158683,0.9844055372235806,0.9808010110580361,0.9914314158589466,0.9843739519584915,0.9808868621557294,0.9914313460839667,0.9841488064262184,0.9821322330145518,0.9914708124103965,0.9909383889799995,0.9833218980504606,0.9917599653873365,0.989321219531201,0.9815435491275004,0.9918857043233819,0.9856744995737342,0.9808557144098448,0.9915804691738377,0.9851071587000826,0.9810086164248076,0.9914309846416385,0.9847669090550233,0.9831491575072878,0.9915992498759422,0.9891400920351118,0.983339985841195,0.9916699467891487,0.9893253876798223,0.9920100536317846,0.9973146014126346,0.998335409746511,211.0
0.9999960051535629,0.9999968056927966,0.9999969233607752,0.9736600655442281,0.9789664527363737,0.9798130781810979,0.987771140389359,0.9943310926720642,0.9941857534431369,0.9853356059374879,0.9927634742299419,0.9917618174628027,0.9852313240630949,0.9923952402965437,0.991706995046013,0.9844546715483307,0.9921386235095919,0.9913344506528902,0.9836432089152058,0.9922903967379628,0.9895607701702391,0.9833659972771174,0.9919853551847599,0.9893149096517775,0.9828567732323895,0.9923102950760694,0.9879959068284851,0.9834151295749745,0.991236862009313,0.99075610575591,0.9832158336061334,0.9912542770611662,0.9907558640444281,0.9830780643097512,0.9900260753377511,0.9899047932252705,0.9852229971714875,0.9921004638914094,0.9916006286825954,0.9851748855408071,0.9923952690793384,0.9917537792589582,0.9830784821611152,0.989761972184821,0.9897882161217993,0.9830782942495023,0.9895489946176675,0.9897353149577296,0.983000833281739,0.9883804523011458,0.9895762853351209,0.9829912308864241,0.9886089994545231,0.9894084804226388,0.9829921641885169,0.9881296851087304,0.9895600913770077,0.9823738655679477,0.9921755047512144,0.9868260837020267,0.9821134626207586,0.992033949722255,0.9863391441465232,0.9824086605705136,0.9921755559086822,0.986465750231983,0.9826689746246338,0.9923168547498988,0.9875469854974478,0.9826589343530726,0.9926012187115244,0.9875515264933296,0.981452226160087,0.9920222398797358,0.9849771134552632,0.9814628332946305,0.9920222598600067,0.9848225739685018,0.9814388283525813,0.9923797299354427,0.9847457839432329,0.9807549604627842,0.9914223282950896,0.9841987663921896,0.9806804451454925,0.9914224180373916,0.9841663273509168,0.9807678207807249,0.9914223482630152,0.9839417436910889,0.9820163564086968,0.9914630321861028,0.9907370397306291,0.9832052718843387,0.991752540131005,0.989122403859499,0.9814296851535501,0.9918765096911489,0.9854723574844121,0.9807391660538491,0.9915718579933426,0.9849029106871113,0.9808905236436223,0.9914219868238138,0.9845614100465824,0.9830326954804072,0.991591929079315,0.9889413749781744,0.9832234219598438,0.9916631394126962,0.9891265453666811,0.9918997910582968,0.9973094994178875,0.9981704544034503,212.0
0.9999959721694058,0.9999967967987595,0.9999968929378404,0.9734413588273303,0.9789077152244307,0.9796136615163676,0.987527415827821,0.9942649522915759,0.9939473004099605,0.9850904334286652,0.9926938173933451,0.9915201116191488,0.9849866163091459,0.9923271149136638,0.9914667725989688,0.9842096195594414,0.9920688484821893,0.9910914974578439,0.983396548472565,0.992215813447041,0.9893163969570132,0.9831189921398584,0.9919111025977299,0.9890705506645536,0.9826095430568909,0.9922315657530986,0.9877505395466508,0.9831705984769911,0.9911669171368042,0.9905123270291002,0.9829712456862391,0.9911843772629544,0.9905120433505148,0.9828348231340645,0.9899557256150143,0.9896600074920134,0.9849783703411034,0.9920335638266323,0.9913620092175482,0.9849303958551048,0.992327143694484,0.9915132445964646,0.9828352487220158,0.9896915476549025,0.9895434429722701,0.9828350644866565,0.9894785230910161,0.9894905698661093,0.9827564226440814,0.9883094597090503,0.9893296996024581,0.9827467914027146,0.988537229523924,0.9891611532492943,0.9827476056323388,0.988058731450703,0.9893133879575512,0.9821277400203806,0.9920930138551152,0.9865807853291585,0.9818678804928744,0.9919490795008344,0.9860939148016918,0.9821628510795367,0.9920930650083376,0.986220193605875,0.9824221800754115,0.9922367430914467,0.9873018161112042,0.9824121928536348,0.9925214206684466,0.9873071930154911,0.9812098801893211,0.99193445467945,0.9847332068196074,0.9812213047873973,0.9919344746579575,0.984578592502773,0.981196639667154,0.9922922952977317,0.9845055235479987,0.9805117430061167,0.9913297090491122,0.9839530894883342,0.9804375840012757,0.9913297987830494,0.9839205412458741,0.9805256307264503,0.9913297290151756,0.9836962100329426,0.981771247320071,0.9913930900631328,0.9904932218735242,0.9829580951496596,0.9916784022210356,0.9888782171190389,0.9811851509830557,0.9917885809839085,0.9852271642215777,0.98049388616567,0.9914805507001057,0.984657567552362,0.9806458846372234,0.991329367609665,0.9843159400741255,0.982785863076951,0.9915180915874172,0.9886974443447596,0.9829760874046007,0.991589406245986,0.9888823393263174,0.9916768997953295,0.997249635342638,0.9979671720889212,213.0
0.9999959411590518,0.999996790297766,0.9999968615890324,0.9732354010826099,0.9788646244670426,0.9794078698406891,0.9873011164953972,0.9942172922003883,0.9937032053447148,0.9848606212843259,0.9926457666137773,0.9912708756147154,0.9847561346853988,0.99227965119367,0.9912173616053904,0.9839793061730099,0.9920206853834929,0.9908407908314537,0.9831645273233213,0.9921674926580896,0.9890631723089247,0.9828882215977028,0.991864654136822,0.9888180489410736,0.9823757225233067,0.9921817292838361,0.9874938994699974,0.9829394740939179,0.9911185926265988,0.9902601567228233,0.982740061329609,0.9911361248471754,0.9902598445098306,0.9826029903836084,0.9899068934048035,0.9894057728211796,0.9847478398860571,0.9919865698418363,0.9911133503581361,0.9846995490651121,0.9922796799731124,0.9912631645188165,0.9826034568346682,0.9896429199442054,0.9892897365153625,0.982603292388947,0.9894301469407146,0.9892373097027616,0.9825239799369815,0.9882587116649761,0.9890722997871134,0.9825143814690046,0.988486918454824,0.9889046520754393,0.9825150782496437,0.988007664279427,0.9890554337117755,0.9818920571644593,0.9920419871390403,0.9863217379468103,0.9816317734676214,0.9918973678857103,0.9858340297923783,0.9819260550423008,0.9920420382896397,0.9859599351738682,0.9821876392491125,0.9921864011842397,0.9870442017382485,0.9821776353081854,0.9924708462572728,0.9870493428204218,0.9809729397606205,0.9918815350225061,0.984471807549277,0.9809844935061617,0.9918815549999538,0.9843166797109743,0.9809598374009669,0.9922394866028414,0.9842473150522045,0.9802732942039127,0.9912752194238919,0.9836894734058056,0.9801993908368527,0.9912753091529283,0.9836567943435214,0.9802873885798707,0.9912752393888637,0.9834322237979664,0.9815398992730079,0.9913454406447969,0.9902409996772725,0.9827278006079874,0.9916330550922212,0.9886261260945846,0.9809478199388783,0.9917356152543583,0.9849658037879344,0.9802549818872801,0.9914263133329182,0.9843952214339663,0.9804070719184812,0.9912748780030913,0.9840529644754403,0.9825563570506367,0.9914734620410083,0.9884460148617124,0.9827460359052185,0.9915450763857836,0.9886302053331497,0.9914670130857587,0.9972057222813794,0.9977573978077633,214.0
0.9999959235968521,0.9999967859177269,0.9999968409228323,0.9731188555626824,0.9788359128915357,0.9792723799227442,0.9871719628355298,0.9941832773565297,0.993541748799426,0.9847305870784225,0.9926092886571899,0.9911038316865078,0.9846260466055503,0.9922406231366664,0.9910466420118178,0.9838494853602179,0.9919844770377894,0.9906732188408691,0.9830338253203789,0.992128307636778,0.9888932772384946,0.9827575275761818,0.9918254209380892,0.9886483741906169,0.9822449403499477,0.99214070444272,0.9873223435095346,0.9828103927795854,0.9910827749411305,0.9900924773370132,0.9826109831410009,0.9911004904253646,0.9900922105472174,0.9824752542529565,0.9898708246973287,0.9892377017491354,0.9846175212125445,0.9919455015061416,0.9909399622017288,0.9845696015505019,0.9922406519149707,0.9910922412112202,0.9824757192666153,0.9896067406446647,0.9891215691101144,0.9824755540549557,0.9893938710613006,0.9890690766423357,0.9823943623164982,0.9882224531239159,0.9889026433254983,0.9823847598509382,0.9884504891024476,0.9887349118719239,0.9823852158946678,0.987971407974961,0.9888855834292614,0.9817611866936958,0.9919996376742322,0.9861495309570723,0.9815009337817013,0.9918543071533832,0.9856617864696484,0.9817951287638211,0.9919996888226523,0.9857873710534136,0.9820568132584829,0.9921447628903459,0.9868722422057237,0.9820467629118657,0.992428700931773,0.9868766367530596,0.9808427862783479,0.9918378082065381,0.9843005970691416,0.9808546927532472,0.9918378281831105,0.9841452725349273,0.9808298542842672,0.9921966636374261,0.9840801309434525,0.9801434796503099,0.9912300835551554,0.9835169185323897,0.980069814922224,0.9912301732801344,0.9834841746230778,0.9801582635352627,0.9912301035192236,0.9832598152532257,0.9814112208241385,0.9913110734376265,0.9900733142869341,0.9825967300671755,0.9915937159361908,0.988456443960582,0.9808166809680133,0.9916915201059748,0.9847934689896702,0.980123323573473,0.9913810098270658,0.9842228150135774,0.9802762889950345,0.9912297421497936,0.9838804757596249,0.982425324477525,0.9914341281741156,0.9882763261379602,0.9826145901029735,0.9915057630262363,0.9884605189839021,0.9913482400891558,0.9971764518842133,0.9976192817607713,215.0
0.999995928581238,0.9999967779351113,0.9999968515826259,0.9731522932082395,0.9787829099073031,0.9793419817880461,0.9872062151245121,0.994125052023327,0.9936266533526689,0.9847639587633935,0.9925514334210515,0.9911940283586023,0.9846595038759759,0.9921881880181699,0.9911440291743586,0.9838846136526157,0.9919272012434506,0.990764227783141,0.9830630181758586,0.9920686897217068,0.9889836363657439,0.9827856238218932,0.9917655209465961,0.9887381398635717,0.9822717643070636,0.9920807568455595,0.9874135399413678,0.9828479040287074,0.991026337195608,0.9901847480277536,0.9826485482055448,0.9910442124183739,0.9901844557476592,0.9825162991495027,0.9898148076384183,0.9893320973021256,0.9846512257213302,0.9918974030041874,0.9910433712852416,0.9846029247062645,0.9921882167949587,0.9911894257786493,0.9825167502670847,0.9895506262385027,0.9892157882855163,0.9825165783016505,0.9893376519518491,0.9891631528958473,0.9824342337292051,0.9881678894229873,0.988998197866177,0.9824246102921593,0.9883955119645209,0.9888298655253208,0.9824249375607116,0.987917099371896,0.9889813835873064,0.9817857006549904,0.9919389579115737,0.9862406462687827,0.981524009416665,0.9917930053957567,0.9857525128148845,0.9818196399287883,0.9919390090568762,0.9858784844201681,0.9820827721036453,0.9920847050675532,0.9869637560480005,0.9820728355165631,0.992369478013959,0.9869698499507615,0.9808625827154569,0.9917769196692414,0.9843903752120164,0.9808740736563478,0.9917769396445949,0.9842346268204163,0.9808497600931995,0.9921357129110396,0.9841722417234,0.9801599659416221,0.9911701913188335,0.9836048344925936,0.9800863157753116,0.9911702810384323,0.9835720212011484,0.9801738970999817,0.9911702112817048,0.9833471839557667,0.9814492781779435,0.9912559435922066,0.9901655124424145,0.982624367609005,0.9915336020088719,0.9885460533175732,0.9808375138087506,0.991630656092349,0.9848834010576999,0.9801417846085618,0.9913208106995662,0.984311819097798,0.980293767841526,0.9911698499339435,0.983968923064372,0.9824526697532493,0.9913737749002152,0.9883657076146792,0.9826420281781683,0.9914457456920613,0.9885501223611458,0.9913823043117825,0.9971224393609358,0.9976902425954776,216.0
0.9999959401862666,0.9999967833810139,0.9999968701207118,0.9732294824794179,0.978818595476332,0.9794639974128957,0.987290059138862,0.9941673161980914,0.9937693573209142,0.9848484341146662,0.9925964073049349,0.9913377215266637,0.9847440415408224,0.9922335451422035,0.9912878044010559,0.9839705992960758,0.991972533925527,0.9909070437163815,0.9831460310574376,0.9921157656387942,0.9891302431302382,0.9828689424193571,0.9918134662607229,0.988885201226532,0.982353438853183,0.992129867697924,0.9875619449802538,0.9829346604270013,0.9910721842818794,0.9903254428676759,0.9827355911515258,0.9910904869463569,0.9903251378021675,0.9826030234326427,0.9898589992873815,0.9894696642647551,0.9847359540128506,0.9919430667027507,0.9911871244049701,0.9846873567845384,0.9922335739203042,0.9913332667758941,0.9826034739948636,0.9895948841489087,0.9893533959012415,0.9826033018080629,0.9893819655203465,0.9893007842173065,0.9825198240997659,0.9882073613377551,0.9891283139169175,0.9825102400994487,0.9884358189839663,0.9889610157254459,0.982510373795891,0.9879558230201674,0.989110364614945,0.9818637992830938,0.9919896963338958,0.9863891036376098,0.9816000664368163,0.9918446932391703,0.9859008714900691,0.9818974184342568,0.9919897474818279,0.9860269006040556,0.9821630792574517,0.9921344939805158,0.9871122966224796,0.9821531816911302,0.9924195204136618,0.9871189528200263,0.9809307328664264,0.9918306485368774,0.98453859366095,0.9809408323777108,0.9918306685133241,0.9843819971665044,0.9809181343870681,0.9921917735047443,0.9843259123758714,0.9802256782359486,0.9912237012662681,0.9837515758293383,0.9801515442693303,0.9912237909907585,0.9837185776160292,0.9802387101225047,0.9912237212302281,0.9834935683061811,0.9815380976908308,0.9913047759632251,0.9903060972495116,0.9827080455521989,0.9915820694187384,0.9886934788356997,0.9809091909011854,0.991683436289599,0.9850316089946379,0.980210718951529,0.991374464994032,0.9844593297241523,0.9803609589051021,0.9912233598627653,0.9841160499640481,0.9825368703706678,0.9914227765563154,0.9885136500858104,0.9827256180164184,0.9914943011676652,0.9886975431573609,0.9914609640378893,0.9971588194249332,0.9978146139193049,217.0
0.9999959557846955,0.9999967882322964,0.9999968931575363,0.9733332357223117,0.9788504120584135,0.9796154765716896,0.9874026285734628,0.9942050987603186,0.9939473057187759,0.9849614604648126,0.9926353218064168,0.9915188477824837,0.984856463660384,0.9922719550500664,0.9914682455146215,0.9840842679046904,0.9920117457430505,0.9910882449921835,0.9832587648471479,0.9921554499946178,0.989315688593709,0.9829821127729959,0.9918539826551938,0.9890706127538497,0.9824649411674908,0.9921697662999418,0.9877510293303037,0.9830490816972094,0.9911118233983431,0.9905062818336503,0.9828501579863423,0.9911303185631483,0.9905060146185138,0.9827178758170854,0.9898981721583492,0.989649744176527,0.9848483411185666,0.9919810728671126,0.9913669298794282,0.9847994426746299,0.9922719838292785,0.9915137734816819,0.9827183205438483,0.9896341326305521,0.9895334682062938,0.9827181456110461,0.9894212668115548,0.9894808335691351,0.9826334717250732,0.9882448010606634,0.9893047278861316,0.9826239045319193,0.9884737373204088,0.9891378692484757,0.9826238616057659,0.9879929607115415,0.9892862307059401,0.981972367767206,0.9920292481676998,0.9865792300740338,0.9817071817404256,0.9918838270968485,0.9860912560473427,0.9820052745097816,0.9920292993176789,0.9862168703957006,0.982273478998531,0.9921744637635164,0.9873021699131583,0.9822637049409496,0.9924604869076521,0.9873107180049483,0.9810321703149806,0.9918689981453012,0.9847287038011083,0.9810412239920887,0.9918690181225241,0.9845716437966247,0.9810196358325988,0.992229628066091,0.9845172598663744,0.9803281788668907,0.9912618178144116,0.9839441043332667,0.980254237141019,0.9912619075423719,0.983911309319374,0.9803407730739067,0.9912618377791432,0.9836862204697413,0.9816533324410419,0.9913452508831246,0.9904869516991578,0.9828214270269324,0.9916231526876363,0.9888788097088639,0.9810133213685034,0.9917219865029319,0.9852224208505584,0.980313809795088,0.9914125757382365,0.9846509155117471,0.9804636703185421,0.9912614763977059,0.9843081034759857,0.9826501173138911,0.9914637705308211,0.9886989007617827,0.9828398108803079,0.991536652585356,0.988882824670053,0.9915666924362914,0.9971912556956157,0.9979690204097698,218.0
0.9999959725434675,0.9999967898373489,0.9999969164950551,0.9734450259533485,0.9788610876414028,0.9797690416840154,0.9875213756415381,0.9942169376618535,0.9941270410290732,0.9850830875682669,0.9926465652211894,0.9917017955343538,0.9849772253268362,0.9922823866661007,0.9916501633310203,0.9842076566811397,0.9920241870000484,0.99127287811045,0.9833816631896962,0.9921642695038759,0.9895007061961976,0.9831041893676876,0.9918622478816328,0.9892547871134811,0.9825887690157654,0.9921762837350505,0.987938810706607,0.9831748341691208,0.9911259950916259,0.9906928518534389,0.9829761275511294,0.9911447480917647,0.9906925919695422,0.982846208503229,0.9899134633793806,0.9898392796442294,0.9849689843999129,0.9919908549611037,0.9915479907365132,0.9849197739273337,0.9922824154456144,0.9916957159986614,0.9828466667812125,0.9896496916737548,0.9897233235982354,0.9828464985558516,0.9894370780792044,0.9896709284284393,0.9827606928458299,0.988261789935887,0.9894951297123626,0.9827511339345016,0.9884910667524097,0.989328477589242,0.9827509364069914,0.988010117302296,0.9894767122422495,0.9820965097199985,0.9920339366264643,0.9867692184973292,0.9818314484018832,0.9918874538967187,0.9862825033426792,0.9821294664027934,0.9920339877766783,0.9864072401504732,0.9823974211912121,0.9921802138676492,0.9874906754310665,0.9823876121346737,0.9924659256992736,0.9874986154216275,0.9811553229135631,0.991870946434433,0.9849226275668832,0.9811639862608275,0.9918709664116923,0.9847655666989992,0.981142853344487,0.9922312187404911,0.9847124422059159,0.9804557878308117,0.9912605799205672,0.9841426650093442,0.980381974085379,0.9912606696483991,0.9841100550258204,0.9804694879988212,0.9912605998852695,0.9838859801875071,0.981780574504572,0.9913610839604688,0.9906734767939067,0.9829430315437241,0.9916311232364283,0.9890624700419137,0.981137462011258,0.9917240795990001,0.9854158350231738,0.9804393527594389,0.9914131044557651,0.9848466188304154,0.9805897210570031,0.9912602385043507,0.9845052898729252,0.9827708728276044,0.9914709654706835,0.9888818278166659,0.982961395050309,0.9915446348966968,0.9890664842665453,0.991680600735968,0.997202135156515,0.998125550349147,219.0
0.9999959915960638,0.9999967938187481,0.9999969311250648,0.9735713419291776,0.9788876145109087,0.9798649117485013,0.9876618958843103,0.9942452688781439,0.9942420781002647,0.9852259904755787,0.9926752432479977,0.9918171180255513,0.985119049162889,0.9923099768156728,0.9917632720112657,0.9843521146977624,0.992053872381226,0.9913885321110215,0.983526254001435,0.9921915735586134,0.9896173111847255,0.9832474909175746,0.9918886505923138,0.9893706665340753,0.982735755334199,0.9922029611007167,0.9880574106305718,0.9833198479006667,0.9911571333837869,0.9908078662782623,0.9831214583984965,0.9911763073382562,0.990807630877425,0.9829906358417536,0.989944403789231,0.9899532174776544,0.9851108265298666,0.992017574662729,0.9916596058404906,0.9850609366047096,0.9923100055959848,0.9918086165669582,0.982991073841852,0.9896805913815282,0.989837027149816,0.9829908958493464,0.9894679003677148,0.9897844232861008,0.9829037517417987,0.9882920030478745,0.9896063657462402,0.9828941542172231,0.9885207688654822,0.9894387044768914,0.9828938228875966,0.9880403160007368,0.9895877547014,0.9822446266335966,0.992060382002005,0.9868895152082687,0.9819803696070659,0.9919138760949314,0.9864039827713155,0.9822773666006319,0.9920604331535777,0.9865276497222882,0.9825448283357214,0.9922066823959901,0.9876096944295369,0.9825349493887516,0.9924918113096226,0.9876164959072582,0.9813067825130342,0.9918980598171734,0.9850481001191079,0.9813159209180843,0.9918980797949789,0.9848915194988066,0.9812943967199721,0.9922584741293007,0.9848397219961126,0.9806087542934299,0.9912886006206852,0.9842693253102586,0.9805346958286401,0.9912886903510584,0.9842366982076471,0.9806232521833605,0.9912886205859526,0.9840135543880021,0.9819277922533037,0.9913949494799412,0.9907884247881866,0.9830858642209438,0.9916569742062359,0.9891780887303926,0.9812876518441229,0.991751134701417,0.9855393245294553,0.9805908331973453,0.9914409548120989,0.9849714874550808,0.9807418861342225,0.9912882591947991,0.9846310464385796,0.9829132137041773,0.9914963514929366,0.9889970312953821,0.9831042830429654,0.9915706267547674,0.9891820973468305,0.9918093321600843,0.997229163365484,0.9982232792537844,220.0
0.9999959998297681,0.999996796461946,0.9999969424185565,0.9736265873072362,0.9789054495604461,0.979939799543065,0.9877177443610927,0.9942629692496888,0.9943263364140286,0.9852804892875694,0.9926912524680378,0.9918990186676641,0.9851735630287681,0.9923242513360484,0.9918427941216729,0.9844053662879132,0.9920699479070699,0.9914678709944019,0.9835814720908402,0.9922045947835018,0.9897017023193003,0.9833024971628337,0.9919018296314555,0.9894551957405238,0.9827908809856984,0.9922131607105391,0.9881442147998429,0.9833721212330734,0.9911732996967536,0.9908837712621361,0.9831739764934547,0.9911927389082027,0.9908834448266428,0.9830403223916422,0.9899590695081857,0.990024397701175,0.985165260730228,0.9920304612441956,0.9917370721291814,0.985115519264391,0.9923242801167728,0.9918882535259,0.983040754165974,0.9896953273245294,0.9899081760916482,0.9830405732490843,0.9894826807243052,0.9898555285512225,0.9829513864222551,0.9883021430116429,0.9896690262305322,0.982941697508628,0.9885294319857939,0.9894989973527306,0.9829412043696656,0.9880500981807766,0.9896496775017762,0.9823000788795139,0.9920680369531635,0.9869784064396019,0.982036178229384,0.9919199270255138,0.9864941067304912,0.9823325236357866,0.9920680881051342,0.9866164424280537,0.9826000855064217,0.9922159413235629,0.9876973779317879,0.9825902324871446,0.9925012554379467,0.9877045529509878,0.9813644903552539,0.9919038153422557,0.9851417215603635,0.9813738497579075,0.9919038353201792,0.9849852840845006,0.9813522217884885,0.9922651429774257,0.9849360988574571,0.9806685620102958,0.9912927930232436,0.9843643992809011,0.9805938312456499,0.9912928827540082,0.9843314917910395,0.9806845264515788,0.9912928129885972,0.9841098180980257,0.9819817624950691,0.9914132008665901,0.9908641702559366,0.9831409877421846,0.9916702308624143,0.9892628621959229,0.9813447373679893,0.9917565184557877,0.9856314542649822,0.9806487588447017,0.9914454689108395,0.9850649414863993,0.9808005772706757,0.9912924515958678,0.984725317680644,0.9829686532755012,0.9915099317101131,0.9890821242299859,0.9831592881874587,0.9915838310944433,0.9892668721117226,0.9918656149957132,0.9972473289735813,0.9982995992215796,221.0
0.9999959994162403,0.9999967984196957,0.9999969587524392,0.9736238596654618,0.9789173654533376,0.9800470326292618,0.9877144223225788,0.9942841817868735,0.9944529119989591,0.9852747503071632,0.9927138628892215,0.9920301409338085,0.98516697153437,0.9923483239473003,0.9919750488109215,0.9843996004365,0.9920944834756239,0.9916014501552267,0.983573565161065,0.992226923295751,0.9898334528632384,0.9832950319901271,0.9919246698369899,0.989587419596984,0.9827805763934571,0.9922354213886431,0.9882760444884915,0.9833668849293611,0.9912006223133976,0.9910212884281662,0.9831687779945342,0.9912201368348051,0.9910209370946153,0.9830357427920063,0.9899902384321361,0.990168124012514,0.985158722577707,0.9920557037326857,0.9918708968659739,0.9851083761989663,0.9923483527287189,0.9920200099508683,0.9830361590331532,0.9897265104080007,0.990051731543206,0.9830359706899902,0.9895138466937512,0.9899989237943095,0.9829459679711043,0.9883432746919422,0.9898249866653646,0.9829362662463826,0.9885705897770215,0.9896546772818074,0.982935678531641,0.9880925265590793,0.9898072767050046,0.9822900156397709,0.9920899022226892,0.9871109411084025,0.9820265624794844,0.991941419675999,0.9866269959897571,0.982321939872174,0.9920899533757889,0.9867485833709034,0.982589890467909,0.992238179166421,0.9878297364655638,0.9825801191401611,0.9925241229536516,0.9878381677603806,0.9813547689701752,0.9919245085811259,0.9852751883079321,0.9813639779104288,0.9919245285594687,0.9851184719175152,0.9813425743192675,0.9922860431835646,0.9850712312642489,0.9806608815856015,0.991311748132347,0.9844996528979199,0.9805859259730252,0.991311837864838,0.9844665974589955,0.9806778475204253,0.991311768098085,0.9842457815801418,0.9819767209984955,0.9914409643413488,0.9910016546207703,0.9831337261925317,0.9916933591176288,0.9893953911217384,0.9813353775797005,0.9917771271227148,0.9857649692688241,0.9806396658499005,0.9914651045275771,0.9851992367130551,0.9807919294962809,0.9913114066984013,0.9848601095452536,0.9829618223825285,0.9915335214454818,0.9892150723041778,0.983151796995226,0.9916068116342138,0.9893994053323943,0.991862835692119,0.9972595110890501,0.998408911361656,222.0
0.9999959818081938,0.9999968009387764,0.9999969540377271,0.9735074081275832,0.9789334990537245,0.9800170501825186,0.9875823221014268,0.9943057739005308,0.9944112774394251,0.9851412638330617,0.992737826766055,0.9919875734667268,0.9850334941406923,0.9923714819130838,0.9919306722446344,0.9842660545904547,0.9921203554001502,0.9915601239493703,0.9834392596468448,0.9922522891717667,0.9897891488384626,0.9831602309902694,0.9919501256215653,0.9895431539930435,0.9826474867138772,0.9922630185142124,0.988230579294907,0.9832325302880219,0.9912292550468282,0.9909817018463307,0.983034563488238,0.9912490182718777,0.990981304329082,0.9828996498865661,0.990021726054757,0.9901315126166147,0.9850252310529249,0.9920782168795118,0.991825450274113,0.9849749147829601,0.9923715106951654,0.9919753505311669,0.9829000512815266,0.9897579502833354,0.9900148880108298,0.9828998558106198,0.9895452154587565,0.9899618767504219,0.9828095111316454,0.9883823221273788,0.9897974135707949,0.9827999213538003,0.9886119773862194,0.9896301576603769,0.9827991565754792,0.9881321913594874,0.9897803996158772,0.9821578254859358,0.9921194618432461,0.9870646939835451,0.9818947263210425,0.9919721981309528,0.9865803116037313,0.9821901506520471,0.9921195129978728,0.9867023267148264,0.9824571465427807,0.992266519887788,0.987783981768163,0.9824473778564695,0.9925524088390313,0.9877924679382672,0.9812226290679182,0.9919580977069138,0.9852271915814683,0.981231528347351,0.991958117685939,0.9850698929235688,0.9812105347104355,0.9923203566522,0.9850256955436835,0.98053209910259,0.9913502906669178,0.9844513284580857,0.9804568016638214,0.9913503804029381,0.9844180122689641,0.9805496904346288,0.9913503106334417,0.9841976926186893,0.9818435007882904,0.9914716060296026,0.990961961122198,0.9829989570735501,0.9917188050522032,0.9893514519816556,0.9812040029887825,0.9918104213287227,0.9857174865513534,0.9805091735456667,0.991501201081644,0.9851513379048751,0.9806627957525768,0.9913499492195436,0.9848119134949552,0.9828275563239796,0.9915594544242616,0.9891715631504733,0.9830167061609566,0.9916320512581176,0.9893554723262554,0.9917441509077491,0.9972759706767538,0.9983783291499726,223.0
0.9999959690181209,0.9999967971436118,0.999996925261848,0.9734211188150167,0.9789083921019901,0.979826761704322,0.9874979310586197,0.994277776985711,0.9941945829121097,0.985054588477782,0.9927087395740946,0.9917669864202728,0.9849478379024889,0.9923424122372284,0.9917101117625545,0.9841790391858747,0.9920919656743439,0.9913389214674485,0.9833501577008568,0.9922208441031878,0.9895648517486714,0.9830717381348547,0.99191881933375,0.9893194082711775,0.9825559124749753,0.9922296342438082,0.9880030150970369,0.9831452322537871,0.9912018739669495,0.9907601739443129,0.9829473228659169,0.9912217907921017,0.9907597431676373,0.9828118611583224,0.9899951020455963,0.9899097047292355,0.9849395192324787,0.9920491612257344,0.9916049251955514,0.9848899116259144,0.9923424410184649,0.9917547795212931,0.9828122764828764,0.9897314332519664,0.989793261100766,0.9828120877998575,0.9895188079024163,0.9897403945816385,0.9827230724574696,0.988357101414119,0.9895773823539215,0.9827134708297687,0.9885867058332571,0.9894098956078097,0.9827128958842366,0.9881071618092151,0.9895606367625328,0.9820649652957026,0.9920846162911137,0.9868354662298559,0.9818009562400242,0.99193653776561,0.9863503345709287,0.9820975915936554,0.9920846674439459,0.9864729136713429,0.9823650696823621,0.9922324890830874,0.9875556552311778,0.9823552635494665,0.9925179659992814,0.9875635443218884,0.9811254403810353,0.9919212277450984,0.9849943696823494,0.9811337426438836,0.991921247723384,0.984836162619391,0.9811134319231392,0.9922839708660692,0.9847949443418323,0.9804368019728081,0.9913120911078848,0.9842194932344895,0.9803611541651825,0.9913121808404671,0.9841858568796321,0.9804553829465686,0.9913121110736428,0.9839662014643885,0.9817565379681192,0.9914452003181002,0.9907403621533939,0.982910438382517,0.9916875313115702,0.9891279102596358,0.981108332935148,0.9917733541137765,0.9854861852178067,0.9804124855170616,0.9914625091254821,0.984919851099676,0.9805667644323919,0.9913117496735923,0.9845802328425618,0.982739386610667,0.9915284556432767,0.9889483021883767,0.9829277501075288,0.9916004459416489,0.9891319418814721,0.9916562505878904,0.9972503835080301,0.9981843879887436,224.0
0.9999959455611802,0.9999967940394253,0.9999968803569547,0.9732639891459767,0.9788881810073898,0.9795308647850424,0.987335810272912,0.9942528391564384,0.9938511091009442,0.9848936960285722,0.9926820854587637,0.9914174127519139,0.9847882147062552,0.9923160220160536,0.9913605983913469,0.9840208374423467,0.9920654212368683,0.9909890928835692,0.9831862251225162,0.9921913490555451,0.9892091248889646,0.9829075325018186,0.9918893399934271,0.9889633502012928,0.9823904885575849,0.9921974229487242,0.9876427694346499,0.9829883981725052,0.9911754871930482,0.9904093729002398,0.982790551050076,0.9911955398221138,0.9904089050704252,0.9826570646579565,0.9899682614784443,0.9895576543457522,0.9847799492067156,0.992022982132977,0.9912555331702667,0.9847310100053618,0.9923160507965255,0.9914052114401674,0.9826574955137791,0.9897046511158792,0.9894413631529178,0.9826573143559755,0.9894920949401865,0.9893886252056672,0.9825683208701483,0.9883287064531205,0.9892223491229419,0.9825587571529775,0.9885590969627277,0.9890559539720295,0.9825581442130307,0.9880784396173533,0.9892050424095141,0.9818979165367299,0.992050427768114,0.9864722839841956,0.981633119125984,0.9919012774171458,0.9859859605973564,0.9819303255767646,0.9920504789191821,0.9861090603938892,0.9821990048163927,0.9921993723390392,0.9871940431081099,0.9821891228974136,0.9924841425873576,0.9872007770316281,0.9809560726654444,0.9918847687074956,0.984625980425531,0.9809642179066231,0.9918847886850477,0.984467041645275,0.9809440733245959,0.9922466469024424,0.9844266788559892,0.9802680036233221,0.991275786710534,0.9838514098603032,0.9801923171038468,0.9912758764398437,0.9838175606443836,0.9802871900886524,0.9912758066755633,0.9835980742225623,0.9815998356489989,0.9914193546200487,0.9903895024672157,0.9827460913215512,0.9916580257688764,0.9887718363203911,0.980939371187494,0.9917372462871616,0.9851196482222981,0.9802426905957551,0.9914257065107801,0.9845526457632031,0.9803974058181213,0.9912754452886932,0.9842125683777045,0.9825751203906327,0.9914989279977958,0.9885922167508564,0.9827633232826455,0.9915711091616157,0.9887758601592619,0.9914961595728512,0.9972297742378863,0.9978827863586264,225.0
0.9999959247867554,0.999996788738376,0.999996841475031,0.9731248255456997,0.9788532230709193,0.9792743492024772,0.9871928924319777,0.9942126432401096,0.9935553075745452,0.9847525587862775,0.992641293890933,0.9911188854929954,0.9846492906057637,0.992276320895752,0.9910642493988512,0.9838796030520615,0.9920240668546775,0.9906896247352404,0.9830463534516961,0.9921503487886097,0.9889078984839224,0.9827685719450258,0.9918492985733236,0.988662829635481,0.9822519725029107,0.9921558396164402,0.9873396592736077,0.9828460029275985,0.9911333199566258,0.9901086339895183,0.9826480115811764,0.9911531364802096,0.9901080739424938,0.9825136413728455,0.9899261728372709,0.9892554721294754,0.9846410263540899,0.9919841534871398,0.9909604812844461,0.9845934127930017,0.9922763496750724,0.9911091966526853,0.9825141292981844,0.9896629786868575,0.9891400024581474,0.9825139758733138,0.9894508764184887,0.9890879368322724,0.982423595617597,0.9882853120858481,0.9889169892200449,0.9824140513032883,0.9885160612867616,0.988751165856425,0.9824132461258437,0.9880348180620345,0.9888991777438475,0.9817589703882874,0.9920083197315196,0.9861671913099412,0.9814935999130263,0.9918588391430875,0.9856797218366233,0.9817920037658432,0.9920083708804234,0.9858039164814036,0.9820603245026707,0.9921575944957175,0.9868902057603213,0.9820504512311845,0.9924424001356992,0.9868971121112916,0.9808158131828566,0.9918432383893379,0.984315989220197,0.9808237928693512,0.9918432583660582,0.9841563729726734,0.9808038310090456,0.9922045072608344,0.9841170206938237,0.9801296641966308,0.9912369623043001,0.9835415306019187,0.9800538117270579,0.9912370520301319,0.9835074142954845,0.980149535751933,0.9912369822685554,0.9832882599445885,0.9814562471945923,0.9913756023249228,0.9900887185740577,0.9826076309781097,0.9916185317584767,0.9884718412482619,0.9807995364596235,0.9916959633208459,0.9848112831972637,0.9801032025876752,0.9913859526585492,0.9842435609010887,0.9802585258377837,0.9912366208956932,0.9839030516011433,0.9824375475519136,0.9914602118039717,0.9882929803409389,0.982624499817318,0.9915313055680077,0.9884758760309758,0.9913543747517075,0.9971941417934511,0.9976213334363965,226.0
0.9999959067706197,0.9999967852940903,0.9999968298742888,0.9730055255959819,0.9788301974908531,0.9791985685190348,0.9870590517462589,0.994188415644388,0.9934631016838562,0.9846156073755282,0.9926171992210568,0.9910254690638793,0.9845133935800158,0.9922523736707715,0.9909708591783755,0.9837422735126593,0.9920005724845254,0.9905973842984607,0.9829053240420647,0.9921263265774443,0.9888114112863474,0.9826270729830185,0.9918249800454098,0.98856598173521,0.9821087431481781,0.992132873199644,0.9872407577356169,0.9827082466917644,0.9911106973086075,0.9900185279351085,0.9825101534334632,0.9911303905956815,0.9900180014649652,0.9823756669864238,0.9899056389564964,0.989168438132994,0.9845051786691433,0.9919603242288288,0.9908671574743565,0.9844581113200811,0.9922524024493923,0.9910157724260984,0.9823761648635397,0.9896425440043107,0.9890531064615077,0.9823760163161727,0.9894305438906352,0.989001148408325,0.9822844681146866,0.9882700718508411,0.9888363979664405,0.9822748894689396,0.9885000985214542,0.9886696959341028,0.9822739736739339,0.9880203832571095,0.9888195649174514,0.9816144196370998,0.9919861645267064,0.9860665176683832,0.9813481602682438,0.9918371433351636,0.9855779757098637,0.9816476339127662,0.9919862156744708,0.9857030917501974,0.9819165922514571,0.9921349798557029,0.9867907192610569,0.9819067478387737,0.9924199791667938,0.9867980966476584,0.9806669836290969,0.9918224239419285,0.9842103145305725,0.9806742602707684,0.9918224439182335,0.984049880591498,0.9806550145689307,0.9921831679382365,0.984011582920508,0.9799830905646792,0.9912196153617423,0.9834365631172258,0.9799071580251083,0.9912197050860353,0.9834022822579785,0.980003127395076,0.9912196353256557,0.9831832172005408,0.9813176278749194,0.9913517789123474,0.989998692794441,0.9824659277213023,0.9915940042323228,0.9883749360472059,0.9806525305505911,0.9916753619733203,0.9847076380601869,0.9799559479854657,0.9913667742783733,0.9841393191367778,0.9801118845130131,0.9912192739589923,0.9837983807333833,0.9822957846250715,0.9914356218119262,0.9881959820348276,0.9824822915387076,0.9915061531494326,0.9883789940543606,0.991232789813732,0.9971706828025687,0.9975440794668554,227.0
0.9999959119974647,0.9999967803177929,0.9999968425039988,0.9730409082586372,0.9787972686114313,0.9792817684732897,0.9870924152612762,0.9941512252743363,0.9935601560368611,0.9846518259506325,0.9925798975268185,0.991125060105648,0.9845504685033187,0.9922145806549967,0.9910698667654264,0.9837789096506032,0.9919640644553329,0.9906985041066133,0.9829441088794925,0.9920883742663528,0.9889128882976157,0.9826655455492932,0.9917857419341818,0.9886672799548607,0.9821499615299417,0.9920965267889406,0.9873451298384922,0.982745623437945,0.991075338958141,0.9901220095271579,0.9825475479460739,0.9910949764276906,0.9901214017236706,0.9824140521235035,0.9898722521252238,0.9892760250494479,0.9845422540624443,0.9919221381100541,0.9909655809474517,0.984495699652425,0.992214609432515,0.9911148680912188,0.982414551881319,0.9896092562928639,0.9891607883620733,0.9824144043138132,0.9893973455648614,0.9891088973390095,0.982323351745789,0.9882416736202462,0.9889515542372712,0.9823137731484513,0.9884715562748512,0.9887847839612937,0.9823129223062101,0.9879926592387887,0.9889357189115855,0.9816566596709415,0.9919509621556712,0.9861724041714022,0.9813914619917052,0.9918025498957457,0.985684764822202,0.9816891042387876,0.9919510133016275,0.9858085572174008,0.981958216674207,0.9920991685020781,0.9868958682608121,0.9819484369473764,0.992384630771692,0.9869041935225153,0.9807131370992441,0.9917894724603105,0.9843202650790136,0.9807208194424065,0.9917894924359586,0.9841600840184245,0.9807012636119228,0.9921513376927623,0.9841238385774931,0.980032728486526,0.9911889500814309,0.9835473362627217,0.9799566830868816,0.9911890398029868,0.9835129715722906,0.9800538985713686,0.9911889700447356,0.983294898240978,0.9813551904552941,0.9913164709404558,0.9901020903805847,0.9825037359963746,0.9915539643595762,0.9884758572026087,0.9806975902402276,0.9916419544723732,0.9848159946915946,0.9800026702169297,0.991334523977522,0.9842487431603929,0.9801602593206656,0.9911886086890939,0.9839084210559714,0.9823329242069568,0.9913949770522915,0.9882963211257794,0.9825199060344617,0.9914658059161107,0.9884799270892662,0.9912688266794303,0.9971371218135032,0.9976288862058454,228.0
0.9999959362878021,0.9999967789817932,0.9999968634400863,0.9732017866350647,0.9787884001442626,0.9794182958314771,0.9872725410036732,0.9941417014921843,0.9937279491343083,0.9848391789303806,0.9925695832796991,0.991298709796757,0.984742345801247,0.992204362219519,0.9912464328184952,0.9839654599806901,0.9919544864436599,0.9908728522938923,0.9831384385804744,0.9920759860180386,0.98909179552853,0.9828604293105243,0.9917735185584713,0.9888465618738596,0.9823487016204628,0.9920820380351831,0.98752970935896,0.982932015175464,0.9910668257353697,0.9902976419081877,0.9827340560791947,0.991086530732268,0.9902969939675825,0.9825995843885466,0.9898648762543998,0.9894538783510536,0.9847341638901793,0.9919119963199933,0.9911422181902294,0.984690267217427,0.9922043909967395,0.991293130714939,0.9826001283203684,0.9896023653648521,0.9893394381491095,0.9826000023096183,0.9893909494922722,0.989288181128025,0.9825089324764246,0.9882356550085066,0.9891319224561441,0.9824993274972159,0.988464883065511,0.9889643460737216,0.9824985134872231,0.9879869212869623,0.9891165422283769,0.9818577373668277,0.991934424889629,0.9863605244185883,0.9815939307465181,0.9917846644199995,0.9858746873628976,0.9818901641727749,0.9919344760347328,0.9859970302781815,0.982157868358952,0.9920839794187751,0.9870819751710738,0.9821481463393508,0.9923698682699251,0.9870911076814206,0.9809177858291279,0.9917698083740578,0.984513297560057,0.9809252428435293,0.9917698283493095,0.9843532328267635,0.9809058974632492,0.9921307142961522,0.9843161871910832,0.9802469057386017,0.9911697997061056,0.9837469801693125,0.9801709829980546,0.9911698894259369,0.9837127362964536,0.9802702727288921,0.991169819669026,0.9834964240612935,0.9815420174025032,0.9913080964356856,0.9902776758838518,0.9826988068573198,0.9915418770171581,0.9886552390150929,0.9809028302975308,0.9916226801503816,0.9850090021364938,0.9802109421071776,0.9913139180523832,0.9844447786237371,0.9803716120162769,0.9911694583203307,0.9841062070187149,0.9825280434561512,0.9913829708843318,0.9884758266507804,0.9827151395770978,0.9914537987090788,0.98865930688814,0.9914327834801354,0.9971280854885608,0.9977680780048448,229.0
0.9999959568069638,0.999996782002722,0.9999968789437846,0.9733381536627945,0.97880894303503,0.9795202971352561,0.9874209224548681,0.9941607384645751,0.9938480651670297,0.9849868589382549,0.9925867647590522,0.991420097565802,0.984889408532375,0.9922207278760217,0.9913661339568078,0.9841138197664886,0.9919718315367992,0.9909956353093892,0.9832840747073474,0.992090552009157,0.989213675945728,0.9830057569319023,0.9917876081926232,0.988967568762569,0.9824914219674901,0.9920935506678157,0.9876522125839817,0.9830794629567433,0.9910844074947167,0.9904211848730587,0.9828815419569689,0.9911040474398438,0.9904205577549505,0.9827452719694959,0.9898830899821035,0.9895784522931074,0.9848812354945804,0.9919277092156392,0.9912608958938595,0.9848369528953299,0.9922207566537165,0.9914125874400492,0.9827458690774442,0.9896211404479025,0.9894649308022276,0.9827457690119735,0.9894102990302013,0.9894144050153026,0.9826551974821126,0.9882535856067164,0.9892570660042455,0.9826455346742017,0.988481524485559,0.9890878738050719,0.9826448629004343,0.9880050185661919,0.9892420152158715,0.9819984694233761,0.9919439372701729,0.9864845674820999,0.9817333354505274,0.99179319420987,0.9859998627694753,0.9820310278028532,0.9919439884157578,0.9861215589893778,0.9822997959400708,0.9920944743393517,0.987204604964881,0.9822899334142637,0.9923791526509895,0.9872114671148801,0.9810485891203211,0.9917761321676223,0.9846386956416237,0.9810538589784643,0.9917761521429979,0.9844775542123926,0.9810368009847681,0.9921382545028414,0.9844440009179413,0.9803871248069103,0.9911718657862588,0.9838799818006392,0.980311041128253,0.991171955506262,0.9838457822803737,0.980412115213613,0.9911718857492162,0.9836309880875226,0.9816892271173716,0.9913245143195016,0.9904012810018842,0.9828438122710847,0.991555771247545,0.9887756158369262,0.9810392793993559,0.9916285092063746,0.9851362175262625,0.980348141351782,0.9913164422780101,0.9845746660110088,0.9805099441439378,0.9911715243998311,0.9842376588338607,0.9826720486793059,0.991395912712238,0.9885953198269622,0.9828606546957138,0.9914681934383327,0.9887796659801641,0.9915717461898133,0.9971490025968021,0.9978720479160526,230.0
0.9999959828522097,0.9999967809930982,0.9999969021270372,0.9735106427303242,0.978802145851952,0.9796715392225871,0.9876142654764076,0.9941540625174138,0.9940337392196316,0.9851865105327041,0.9925791979064787,0.9916142124519848,0.9850904439734884,0.9922134072417526,0.991561384785113,0.9843146306424722,0.9919634690575266,0.9911937000225906,0.9834875420651614,0.9920837877035797,0.989412412163908,0.983210699443605,0.991781757313086,0.989167336893505,0.9826956818381574,0.9920864388690661,0.9878541535709693,0.9832806076045347,0.9910749005380972,0.9906240028026498,0.9830821890345685,0.9910936196855983,0.9906232701703565,0.9829488532844658,0.9898768306514663,0.9897890643436632,0.9850822649386346,0.9919205855626702,0.9914564065692961,0.985038823146981,0.9922134360192326,0.9916083249118005,0.9829494552086884,0.989615076736591,0.9896757451805663,0.9829493575905462,0.9894044092669031,0.9896253645730141,0.98285823501037,0.9882552958570341,0.9894789947942807,0.9828486326179733,0.9884840150701949,0.9893112295104425,0.9828478199179118,0.988007646201764,0.9894651938130657,0.9822039207668838,0.9919366905622135,0.9866894802345872,0.9819395429380176,0.9917859284308927,0.9862065087905385,0.9822363548853075,0.9919367417074222,0.9863268467557578,0.9825045061298258,0.9920872466631212,0.987407543827742,0.9824946025061059,0.9923716130593693,0.9874136985163915,0.981255555796875,0.9917670178354505,0.9848505860198189,0.9812610601155256,0.9917670378106428,0.984689991338608,0.9812438394410172,0.9921298736925065,0.9846575105284452,0.980595259090739,0.991159696071938,0.9840944063096047,0.9805192439651204,0.9911597857908392,0.9840603457260846,0.9806211040049202,0.99115971603465,0.9838464922166216,0.9818863352290428,0.9913083846067339,0.990604209758525,0.983049432528316,0.9915505322839356,0.9889758013178572,0.9812456063228199,0.9916190964831486,0.9853460283478556,0.9805544583047635,0.9913044572682482,0.9847866072648433,0.9807168665998288,0.9911593546897027,0.9844508404871799,0.9828782047603399,0.9913912299259934,0.9887960871416319,0.9830665918435598,0.9914631739994424,0.9889798445551248,0.9917475367794973,0.9971420797727831,0.998026241099914,231.0
0.9999959928135761,0.9999967857256483,0.9999969226032133,0.9735772608549296,0.9788331505240342,0.9798066461122767,0.987683602863532,0.994190782476459,0.9941897524571474,0.985253832584289,0.99261739256028,0.9917724771359102,0.9851608338837318,0.9922513439592079,0.9917206845583683,0.984382589475426,0.9920026328548811,0.9913535605859637,0.9835481134397488,0.9921228333966213,0.9895710778531079,0.9832705265115066,0.9918196359852852,0.9893251404371779,0.9827506437691179,0.9921279350464727,0.988012625637394,0.9833489145727506,0.9911154662499272,0.9907856842043951,0.9831506290692431,0.9911342667477281,0.9907848779968154,0.9830170172816529,0.9899189436936111,0.9899539780682939,0.9851526911890406,0.9919583158693827,0.9916152000014141,0.9851110265346473,0.9922513727377823,0.9917686256064625,0.983017627008048,0.9896574191977894,0.9898408733113196,0.9830175333206227,0.9894469596119846,0.9897906431871556,0.9829271782266713,0.9883008516690246,0.9896498083699,0.9829175468849909,0.9885285534328904,0.9894811523552481,0.9829168693158183,0.9880538123380428,0.9896369173360635,0.9822564459339208,0.9919800706597021,0.9868482424684272,0.981990574878194,0.991830375736766,0.9863651520167177,0.9822887895330817,0.9919801218071516,0.9864858311598076,0.9825585399625785,0.9921295595081654,0.9875662751369838,0.9825486809533274,0.9924143745465198,0.9875731493076434,0.9813019563493532,0.9918132786499044,0.9850086571288639,0.9813067243033601,0.9918132986260332,0.9848478214099926,0.9812902694332787,0.9921761827649846,0.9848162173752277,0.980643484057637,0.9912105791685061,0.9842535256988832,0.9805677080460865,0.9912106688920477,0.9842196402161391,0.9806687692458498,0.9912105991322511,0.9840055743040862,0.9819552940294315,0.9913494226121728,0.9907658076484157,0.9831086162433642,0.9915877398371057,0.9891329739127296,0.9812939091941634,0.9916653374851168,0.985504467489217,0.9806025015892683,0.9913527711853227,0.9849453433427635,0.9807654196074884,0.9912102377686135,0.9846096765639053,0.9829363641886697,0.9914274855628625,0.9889523349714328,0.9831256209440553,0.9914999926441309,0.9891370328356144,0.9918154136997286,0.9971736878394926,0.9981639496040094,232.0
0.9999960015621231,0.9999967916103228,0.9999969385332627,0.9736351994349148,0.9788715132388328,0.9799113547710426,0.9877484002133513,0.9942377277087188,0.9943132683685535,0.9853214540328189,0.9926675684949856,0.9918994599201468,0.9852306563944079,0.9923007063676882,0.9918473070982585,0.9844488600369729,0.992054341308759,0.9914804197889534,0.9836207709537993,0.9921755745167943,0.9897035353591198,0.9833453683023168,0.991874453156852,0.9894590967320411,0.982825625313854,0.9921819312458136,0.9881494592639349,0.9834164678848482,0.991169390021751,0.9909138601989155,0.9832184729638607,0.9911886012546783,0.9909129905874455,0.9830853306686528,0.9899738874498498,0.9900846036009651,0.9852224290351118,0.9920070273621564,0.9917408640397255,0.985182233131748,0.9923007351476862,0.9918957510090196,0.983085949904566,0.989712598079548,0.989971728453918,0.9830858609726022,0.9895023527807402,0.989921661596136,0.9829962950203908,0.9883578617235766,0.9897844516035984,0.9829867276774498,0.9885861955192587,0.9896173376648272,0.9829860807791124,0.9881109924040207,0.9897718411398655,0.9823315641277951,0.9920346580460003,0.9869869985378643,0.982065530038444,0.991885136206303,0.9865045608364325,0.9823642556990805,0.9920347091962749,0.9866249762317832,0.9826335953438856,0.9921839737349821,0.9877041851213679,0.9826238399583286,0.9924697176196118,0.9877127019486447,0.9813758801228636,0.991867888746014,0.9851499396308365,0.9813805223210836,0.9918679087232497,0.9849891167423082,0.9813642580755372,0.992231616469973,0.9849590929236526,0.980716156390183,0.9912652198604244,0.9843947713779998,0.9806402573583295,0.9912653095889514,0.9843608253112623,0.9807414986902677,0.9912652398252788,0.9841470423211744,0.9820249956291986,0.9914065537325266,0.9908938142292048,0.9831846058875693,0.9916438533665556,0.9892677369890942,0.9813681333793179,0.9917196126018746,0.9856450693146405,0.9806751289273664,0.9914063390008014,0.9850862744246492,0.9808380974261595,0.991264878441563,0.9847507219527598,0.9830135856826763,0.991484814434106,0.9890882697651082,0.9832017482613535,0.991556260473973,0.9892717901300114,0.9918744631700264,0.9972128044497481,0.9982706844119822,233.0
0.9999960061378839,0.9999967954113773,0.9999969483837522,0.9736654680741361,0.9788962585877659,0.9799761074699708,0.9877824333017383,0.9942683702590802,0.994389585955707,0.985357902592336,0.992699133714622,0.9919739022333877,0.9852697314928792,0.9923298479660062,0.9919188623235242,0.9844857528044679,0.9920863679134595,0.9915546466129667,0.9836582688011607,0.9922083463902922,0.9897797052748359,0.9833832823335007,0.9919079489143392,0.9895357688286543,0.9828643626132545,0.9922163092444802,0.9882274428127007,0.9834525631581811,0.9912020833749422,0.9909872795993396,0.9832546562566885,0.9912215117864113,0.9909863816762998,0.9831199506657927,0.990006421369331,0.9901569718274525,0.9852613842380129,0.9920342298251076,0.9918095172490783,0.9852229739663346,0.9923298767468404,0.9919677508257772,0.9831205946955787,0.9897454691484063,0.990044548706106,0.9831205179354415,0.9895355533845255,0.9899948293540849,0.9830315388263867,0.9883890115367445,0.9898559002441407,0.9830220314430677,0.9886178484219436,0.98969021760071,0.9830213964837248,0.9881418820584477,0.989842944211943,0.9823699837874537,0.9920699944282749,0.9870652041832889,0.9821037761404802,0.9919208958390401,0.9865826271756725,0.9824026121761924,0.9920700455803844,0.986703129869526,0.9826722291764307,0.9922188867962547,0.9877825558317203,0.9826625667716231,0.99250544162608,0.9877925436638049,0.9814129337181255,0.9919044215217104,0.9852266939359434,0.9814171872569085,0.9919044414996898,0.98506551291313,0.9814013041025207,0.9922676147438868,0.9850355474413405,0.98075575951893,0.9913045971197806,0.9844730774318217,0.980679577380806,0.9913046868519251,0.9844389191951934,0.980781896706258,0.99130461708544,0.9842258574616481,0.9820616743899286,0.991440734715905,0.9909671548197475,0.9832229256486005,0.9916777654275367,0.9893448868448594,0.9814062008799916,0.9917563625048332,0.9857228763361107,0.9807132563589195,0.9914443654503124,0.9851642760245175,0.980877052277474,0.9913042556871546,0.9848288237345035,0.9830526050354191,0.9915194174013061,0.9891660844116448,0.9832401622723836,0.9915903861799663,0.9893489312588472,0.9919053131102556,0.9972380378351247,0.9983366901389559,234.0
0.9999960099735498,0.9999967902368887,0.9999969464607952,0.9736902588698017,0.9788619166039901,0.9799624005752193,0.9878148986674753,0.994230985704188,0.9943805040362087,0.9853892142672946,0.9926595196161165,0.9919645567956039,0.9853041384854437,0.9922919555217605,0.9919123633191314,0.9845168886468273,0.9920474195433929,0.9915456841240654,0.9836864676255438,0.9921647017565953,0.9897683976041937,0.9834107506813896,0.9918633622898659,0.9895240459484009,0.982890440751749,0.9921706666963744,0.9882155756270433,0.9834817963560862,0.9911640999186327,0.9909784802399746,0.9832838590201094,0.9911836649724416,0.9909776102358572,0.9831465888332709,0.9899693069865909,0.99014827922897,0.9852958205943864,0.9919977148468784,0.9918048500071969,0.9852592159776804,0.9922919843014953,0.9919615858985088,0.9831473004657646,0.9897090015791584,0.9900369666295,0.9831472566553003,0.9894997595058667,0.989988138189834,0.9830585101781982,0.9883521721288951,0.9898484171531158,0.983049059190546,0.9885813980109073,0.9896840474770104,0.9830484024001146,0.9881050171830691,0.9898354117902229,0.9823936169968357,0.9920222567204425,0.9870521947356635,0.9821259903853969,0.9918717291790964,0.9865687883473582,0.9824261095997724,0.9920223078700976,0.9866898961286604,0.9826973831723822,0.9921725779869065,0.987770502813975,0.982687800284087,0.9924598127742975,0.9877817265175559,0.9814312150504045,0.9918524551766791,0.9852087460022337,0.9814348219717135,0.9918524751536146,0.9850468550696089,0.9814195176585029,0.9922138891324488,0.9850156654342757,0.9807755877848845,0.9912512447182057,0.9844580299711658,0.9806995858004738,0.9912513344455471,0.984423808213308,0.9808023832305239,0.9912512646827955,0.9842110584890802,0.9820904085896105,0.9914030776634982,0.990958367664055,0.9832497968316054,0.9916325550428017,0.9893329633391371,0.9814261917477255,0.9917051111952668,0.9857075595942111,0.9807318511846675,0.9913911520542811,0.9851491189281704,0.9808959812773775,0.9912509033038545,0.9848137189296806,0.9830791062815104,0.991473848910181,0.9891538375613765,0.9832667932895731,0.9915449904134,0.9893370140857721,0.9919305927799509,0.9972030433975743,0.9983227446674723,235.0
0.9999959971026744,0.9999967825768631,0.9999969197329928,0.973604376916926,0.9788119195618997,0.9797863565749642,0.9877230620850432,0.994170533675984,0.9941757349156697,0.9852961498930062,0.9925929195834144,0.991751616158673,0.9852140062173376,0.9922242872560357,0.9916982907359877,0.9844268656265416,0.9919799423143113,0.9913317841947765,0.983584864800269,0.992090803124872,0.9895498490307156,0.9833075416933831,0.9917878458834165,0.9893038745439606,0.9827825846286069,0.9920919150550042,0.9879940030495103,0.9833908929906652,0.9910953530611735,0.9907612350993454,0.9831929080035482,0.9911149639223029,0.9907602808894239,0.983054821643901,0.9898984304838195,0.9899263930951008,0.9852055469412719,0.9919291919144794,0.9915895850587565,0.985170948845497,0.9922243160338078,0.9917477287553229,0.9830555869198069,0.9896385554469539,0.9898158931186226,0.983055569203555,0.9894297744296728,0.9897677254823551,0.982967326135202,0.9882744268870812,0.9896180763048199,0.9829578964652558,0.9885033357184269,0.9894541314012026,0.982957291089272,0.9880264251984948,0.9896039021467143,0.9822828023769775,0.9919390797484067,0.9868291892479211,0.982012890225374,0.9917857447751678,0.9863447302956407,0.9823161475746952,0.9919391308937814,0.9864671029080725,0.9825883984393008,0.9920922083848359,0.9875485315853318,0.9825788603554038,0.9923798527333905,0.9875604988163152,0.9813141328678517,0.9917627315763754,0.9849806838573744,0.9813174112041272,0.9917627515515064,0.9848180955232723,0.9813024153975249,0.9921232397970265,0.9847869886322105,0.9806570584320862,0.9911573719433019,0.9842310456762928,0.9805812191112107,0.9911574616621682,0.9841967068814473,0.9806843705693923,0.991157391906004,0.983984013529432,0.9819995001877393,0.9913353370707082,0.9907409917163993,0.9831453932810822,0.9915560290353209,0.9891119038360985,0.9813099732107846,0.9916157637632715,0.9854815603957546,0.9806129617924173,0.9912982086446762,0.9849227567909504,0.9807767914179011,0.9911570305611987,0.9845870693549502,0.9829733812851678,0.9913959945572535,0.9889315138516896,0.9831620228703095,0.9914681657985198,0.9891159649597899,0.9918430789968262,0.9971520673587724,0.9981433048911962,236.0
0.9999959654395238,0.9999967832278053,0.9999968863806007,0.9733934627352451,0.978815672943654,0.9795672165715062,0.9874967285255265,0.9941783944336448,0.9939170014623623,0.9850656594912427,0.9926033049332209,0.9914868004509025,0.984985017960337,0.9922367243025728,0.991435412260472,0.984195314127895,0.9919894882558793,0.991065293779198,0.9833504427425884,0.9921055098011334,0.9892790427643323,0.9830726969339424,0.9918023313563198,0.989032552592645,0.9825482651907501,0.9921124535605268,0.9877188400796383,0.9831595436885067,0.99110368720821,0.9904937223844101,0.9829613477722663,0.9911230766313684,0.9904926235159432,0.982825001970469,0.9899062067792423,0.9896581296790906,0.9849766057340937,0.9919432704926515,0.9913289199475196,0.9849428263846293,0.9922367530807027,0.9914843526146541,0.9828257959429416,0.9896465306254177,0.9895479931275593,0.9828257921915025,0.9894379670524486,0.9895001208968712,0.9827371854010464,0.9882804663489043,0.9893479076640979,0.9827277557093551,0.9885086595527922,0.989183901551588,0.982727108544863,0.9880323510838838,0.9893334951195409,0.982050458373238,0.9919646265574956,0.9865515864060355,0.9817812507348446,0.9918143560867951,0.9860656513658819,0.9820847928249217,0.9919646777042068,0.9861896218512431,0.982354836286391,0.9921146906131487,0.987272449332502,0.9823452948125101,0.9924024197989996,0.9872845101725516,0.9810817457324239,0.9917919375941887,0.984698332803669,0.9810851604332469,0.991791957569921,0.9845352203249972,0.9810700596146343,0.9921525526623243,0.9845055208095452,0.9804264704490536,0.9911882794071118,0.9839482371019576,0.9803502265395021,0.9911883691288456,0.9839134939204764,0.980455124143312,0.991188299370453,0.9837015246360041,0.9817662884602881,0.9913420399563256,0.9904733885647872,0.982910243138997,0.9915703342868029,0.9888404593204931,0.9810772201265623,0.9916449261210086,0.9852002135586604,0.9803802261895515,0.991328020042414,0.9846407442224445,0.9805451729606026,0.9911879380140991,0.9843046155818922,0.9827381568348001,0.9914101623371098,0.988659898999999,0.9829263538964287,0.9914819887551883,0.9888445373444192,0.9916281624204033,0.9971559102876082,0.9979199277866823,237.0
0.9999959367733363,0.9999967796616233,0.9999968537424732,0.9732027523215284,0.9787920286114026,0.9793528436158838,0.9872897012492179,0.994152420007996,0.9936636016095585,0.9848591936656558,0.9925756473411723,0.9912294759496691,0.9847801770216164,0.9922086733713805,0.9911766461814671,0.9839891107826413,0.9919620942079646,0.9908089128061333,0.9831440546902583,0.9920761637635667,0.98901760407516,0.9828671653233336,0.991773991792917,0.9887719575413613,0.9823420978661447,0.9920809728667793,0.9874540936741311,0.9829534620146569,0.9910766790187997,0.9902391010499622,0.982755065694559,0.9910959204515022,0.9902379438875448,0.9826202570632627,0.9898807633806871,0.9894065413896059,0.9847717350709068,0.9919149048438196,0.9910694968289759,0.9847389824744005,0.9922087021486927,0.9912252146033491,0.9826210965330967,0.9896214458687125,0.9892970555675318,0.9826211149299563,0.989413267478871,0.9892497106304787,0.9825346868920166,0.9882583140611898,0.9891030343056277,0.9825254023449521,0.9884884749432006,0.9889427545299213,0.9825248801627134,0.9880103178546432,0.9890889098383597,0.9818429169556944,0.99193156973745,0.9862842836102079,0.981572466217625,0.9917804347380762,0.9857970699553359,0.9818780598894995,0.9919316208824569,0.9859223715645884,0.9821481237172744,0.9920824982584382,0.9870064931820974,0.9821385035270636,0.9923697133697971,0.987017450084163,0.9808724902225583,0.9917559493361241,0.9844271252320271,0.9808765659372632,0.991755969311133,0.9842638865982972,0.9808607959305178,0.9921159364465272,0.9842341062510928,0.9802126853936677,0.9911519595371778,0.9836745217397971,0.9801365533710659,0.9911520492556437,0.9836396359347613,0.9802412963353364,0.9911519794997911,0.9834272632194256,0.9815588279254016,0.991314159232147,0.9902187345427071,0.982705237883711,0.9915425390981478,0.9885805473532471,0.9808662503517043,0.9916091929666611,0.9849294184040978,0.9801663461484761,0.991290394168535,0.9843687328755604,0.9803314636239627,0.9911516181565994,0.9840317035082696,0.9825342747951767,0.9913833990041582,0.9884009573338713,0.9827209396015585,0.9914538749567416,0.9885846360538251,0.991433823278851,0.9971318156052303,0.9977014081000547,238.0
0.9999959218054125,0.9999967822188865,0.999996837652024,0.973102680912011,0.9788084206742004,0.9792468957417738,0.9871854075490561,0.9941745155806527,0.9935400983604864,0.9847537246213532,0.9925984960406111,0.9911031121878722,0.9846764375808216,0.9922318206178,0.9910500021692853,0.9838808409842937,0.9919847712366736,0.9906821768581665,0.9830412370437794,0.9921009633141449,0.988888633858903,0.9827658652426254,0.9917987404232802,0.9886440976452541,0.9822412981869514,0.9921086305887103,0.9873230217225161,0.9828439807624243,0.9910991123888283,0.9901134689785199,0.982645318119095,0.9911181669705347,0.9901123808238488,0.982510259474014,0.989904099504834,0.989282178617698,0.9846680226047089,0.9919382909257501,0.9909429190260085,0.9846362603921998,0.9922318493957775,0.9910983529312832,0.9825110023907228,0.9896439949823913,0.9891711477582342,0.982510973869448,0.9894349603769305,0.9891225396923166,0.9824258728830523,0.9882872375714087,0.9889880266307214,0.982416726250864,0.988519262314085,0.9888312682371181,0.9824161987808775,0.9880396766810172,0.9889745664440526,0.9817426085381906,0.9919618533827766,0.9861514794559677,0.9814721173381147,0.9918123916444465,0.9856633519166053,0.981778424918993,0.9919619045293518,0.9857896967798729,0.9820475008252041,0.9921111085730691,0.9868746068650379,0.9820378266963123,0.9923980439211268,0.9868848418503205,0.9807713646066509,0.9917903972941399,0.9842906771450691,0.9807751948782393,0.9917904172698503,0.9841269009370117,0.980759691371357,0.9921504607958295,0.9840982279925952,0.9801149877242062,0.9911925196009745,0.9835378472411813,0.9800390688155951,0.991192609323167,0.9835029399431957,0.9801439148471306,0.9911925395644181,0.9832904610233324,0.9814477345591969,0.9913353256702581,0.9900932113632477,0.982603879808372,0.9915672065202423,0.9884528551969689,0.9807657552409963,0.9916436097152873,0.9847941365632471,0.9800663982090878,0.9913276332834772,0.9842328045656908,0.9802332678666551,0.9911921782062151,0.9838952877580197,0.9824332080067733,0.9914083135499011,0.9882734842464439,0.9826194511817286,0.9914785441459097,0.9884569427162484,0.9913318643401869,0.9971485396397419,0.9975934177873574,239.0
0.9999959175910302,0.9999967825961501,0.9999968460959819,0.9730754737094541,0.9788107424711788,0.9793032983512682,0.9871486293465926,0.9941783619315079,0.9936008767394863,0.9847081847505633,0.9926019234436986,0.991161772177358,0.984631176743007,0.9922364751176008,0.9911091100465297,0.9838322589902023,0.9919887210384795,0.9907400743276685,0.9829896088376631,0.9921030867186704,0.988944689833653,0.9827138916559999,0.9917999878400382,0.9886997486823629,0.9821845524846622,0.9921108853707794,0.9873766276072787,0.9827947167526825,0.9911038195472736,0.9901720332352979,0.9825960533917258,0.9911229500927006,0.9901709070214086,0.982460055951397,0.9899095735965016,0.9893419981928838,0.9846228173199673,0.9919439271901321,0.9910031840715607,0.984591125151742,0.9922365038957108,0.9911568615852705,0.982460743357417,0.9896491030576609,0.9892301379150369,0.9824606879327412,0.9894396522517457,0.9891808403454309,0.9823760008173239,0.9882964661171576,0.9890543323097195,0.9823668375927143,0.9885274991024313,0.9888969927531115,0.9823663725789783,0.9880495523444923,0.989041809772772,0.9816819202977475,0.9919643023582557,0.9862035247666231,0.981409320395493,0.9918149910998102,0.985714719148527,0.9817172269645231,0.9919643535049599,0.9858413434678547,0.9819892309449898,0.992113407008591,0.9869275096660655,0.981979519825286,0.9924001909869145,0.986937243050115,0.9807049405642725,0.9917951890043211,0.9843406651963467,0.9807084302864788,0.9917952089801333,0.9841765546568051,0.9806933405122324,0.9921563413938548,0.9841501001816587,0.9800475908718989,0.99119818100713,0.9835869428420069,0.979971924576904,0.9911982707298671,0.9835521281055103,0.9800760911866248,0.9911982009706947,0.9833391970252426,0.9813981975547132,0.991340272199494,0.990151734274672,0.9825513580985973,0.9915679066588228,0.9885081363519782,0.9807001872811527,0.9916479586766633,0.9848442283873723,0.9800001364616479,0.9913337634237164,0.9842823644732674,0.9801661432732308,0.9911978396102987,0.9839446236483529,0.9823800999998171,0.9914084796168321,0.9883282187669391,0.9825671189796555,0.9914795680060425,0.9885122108805225,0.9913041152226677,0.997150911920621,0.997650892343975,240.0
0.9999959248121838,0.9999967895791133,0.9999968646148758,0.9731236792809115,0.9788564572570349,0.9794254868004311,0.9871993807054781,0.994233114914016,0.9937417033524159,0.9847589915949041,0.9926592174840656,0.9913017816881435,0.9846849880476426,0.992293226175777,0.9912492012302464,0.9838817376822994,0.9920465716257789,0.9908793073345634,0.983040689800759,0.992162978837537,0.9890853806510954,0.9827649952134444,0.9918599490292049,0.98884036962882,0.9822364224304008,0.99217346901993,0.987517838732868,0.9828429869257768,0.9911624737966495,0.9903102075701756,0.9826445157184753,0.9911818052158409,0.9903089020012773,0.9825057032593139,0.9899681651193888,0.9894796138907416,0.9846766535220322,0.9920002437721124,0.9911423728566895,0.9846467204060217,0.9922932549555279,0.9912976787902507,0.9825064370558745,0.9897082165238591,0.9893685493801839,0.982506404306936,0.9894992952593549,0.9893198787617068,0.9824218442863196,0.9883534722907211,0.9891912565664852,0.9824127032242137,0.9885843128240753,0.9890343555003157,0.9824122381273904,0.9881063820726583,0.9891785749388995,0.9817348176389765,0.9920294142814329,0.9863456764722299,0.981463041280491,0.9918817341145644,0.9858576395494005,0.9817697861356806,0.9920294654314985,0.9859834434910947,0.9820414816420284,0.9921768877839133,0.9870688793170493,0.982031702063368,0.9924633048071922,0.9870776219484809,0.9807590531007976,0.9918633956937392,0.9844859417419268,0.9807624215792755,0.9918634156709307,0.9843218914640222,0.9807475249186929,0.9922255390556315,0.9842971779592973,0.980103467951751,0.9912674263196858,0.9837330385935242,0.9800278032034362,0.991267516048721,0.983698302019403,0.9801323822584932,0.9912674462846526,0.9834857292202159,0.9814479373063588,0.9914011843401667,0.9902896530397952,0.9826025672493509,0.9916279340424189,0.9886487797513174,0.9807545855692466,0.9917157623578973,0.9849886163680007,0.9800550804409921,0.9914025871021274,0.9844274795096633,0.9802214855426125,0.9912670848988893,0.984090208874417,0.9824313100826657,0.9914685392107171,0.9884688793600751,0.9826184582595505,0.9915396918890422,0.988652850898579,0.9913532350242142,0.9971975193374001,0.9977754330937633,241.0
0.9999959452087643,0.9999967929413875,0.9999968796722534,0.9732585621434213,0.9788787280276882,0.9795237221056928,0.9873519341858169,0.9942581325795768,0.9938622400721088,0.9849137515295955,0.9926826295524555,0.9914231893320631,0.9848429440366515,0.9923154635466714,0.9913705593222054,0.9840361291779726,0.9920683274301825,0.9909998952835353,0.983195624953049,0.9921863880806329,0.9892104988808289,0.9829204603038062,0.9918835170920678,0.9889660974440468,0.9823899111873718,0.9921969033695525,0.9876452188112192,0.9829973861230293,0.9911818338690599,0.9904294399142011,0.9827987358775115,0.9912007929068528,0.9904280361640302,0.9826608177638515,0.9899858104714222,0.9895972814735613,0.9848345208303294,0.9920215412624005,0.9912623442574199,0.9848066605274456,0.992315492327066,0.9914200474401871,0.9826616034439842,0.9897264102836532,0.989487114828323,0.9826615960085983,0.9895180495136767,0.9894391587470261,0.9825766586631756,0.9883650024314633,0.9893019100661968,0.9825674621363738,0.988594214086505,0.9891433670702456,0.982567022091872,0.9881173711421799,0.9892885733872981,0.9818880280803637,0.9920526451046099,0.9864749160822738,0.981616337089485,0.9919047531196993,0.9859878741626383,0.9819224762271164,0.9920526962558803,0.9861126797052584,0.9821948683828775,0.9922003303978271,0.9871970598784701,0.9821851113966452,0.9924871691697617,0.9872062182279514,0.9809139741508969,0.991886006637455,0.9846194874873854,0.9809178194207326,0.9918860266151055,0.9844560608634633,0.9809024491878705,0.9922476884009249,0.9844306112932583,0.9802601582416285,0.9912913908956702,0.9838682618843396,0.9801843015650828,0.991291480626897,0.9838335771327111,0.9802899167697987,0.9912914108611244,0.9836218458828714,0.9816007314640975,0.9914179185096887,0.9904088694281862,0.9827584242556324,0.991651622004381,0.9887748392189895,0.9809082647637347,0.9917385607564001,0.9851205861419511,0.9802096636930839,0.9914252706187412,0.9845609302606654,0.9803772826056397,0.9912910494665358,0.9842245000355747,0.982587577383615,0.9914926386279076,0.9885953696151561,0.9827744555932918,0.9915633738221863,0.9887789119473835,0.9914907055424736,0.9972202169694678,0.9978755834280484,242.0
0.9999959639100264,0.9999967973719607,0.9999968930157984,0.9733822148862831,0.9789080072646816,0.9796108307188205,0.9874921963485317,0.9942910271375958,0.9939689391571127,0.9850603902471544,0.9927157511512308,0.9915321180587294,0.9849922318325761,0.9923469919120896,0.9914785331687044,0.9841820451186312,0.9920996092863943,0.9911083467820321,0.983349122872028,0.9922225915587208,0.989324930384268,0.9830760754189727,0.9919207020078167,0.9890823723655843,0.9825466637993592,0.9922352317425374,0.9877631130753232,0.9831422419077143,0.991210455851646,0.9905367474252054,0.9829433479399723,0.9912289646558196,0.9905353464320726,0.9828049420071684,0.9900128138665522,0.9897027469006617,0.9849837363588496,0.9920517948812491,0.9913684224472817,0.9849575919593094,0.9923470206933946,0.9915288703861656,0.9828057194677065,0.9897534356644146,0.989592518028353,0.9828057080945815,0.9895450748818364,0.989544499070864,0.9827207761306569,0.9883880867036333,0.9894038531342575,0.9827115982010891,0.9886170024257993,0.989245612476194,0.9827111357141528,0.9881399905805491,0.9893900097934609,0.982047150897994,0.9920927943541977,0.9865954344305864,0.9817770515001406,0.9919460149534143,0.9861099529027373,0.9820813052516401,0.9920928455075444,0.9862333538577008,0.9823525264070438,0.9922393670319211,0.9873158839240536,0.9823427388511511,0.9925262444491356,0.9873246549128201,0.9810770711071263,0.9919298814971478,0.9847451476307514,0.9810805877515639,0.9919299014756874,0.9845818379830257,0.9810656072000717,0.9922921024149381,0.9845576758336079,0.9804290609238662,0.9913389161594262,0.9839964072272611,0.9803536406740229,0.9913390058949866,0.9839620770301266,0.9804591974559126,0.9913389361258457,0.9837505988754262,0.9817437242367457,0.9914433087900351,0.9905162840693625,0.9829150248744664,0.991689434093013,0.9888919025093258,0.9810721906675395,0.9917822161990615,0.9852453713189283,0.9803762928555569,0.9914715873290688,0.9846871454777805,0.980545205851492,0.9913385747138007,0.9843516374670163,0.9827452946418496,0.9915315367420743,0.988713515264278,0.9829309314507683,0.9916007236895772,0.9888959947729139,0.9916167323348644,0.9972500574116293,0.9979643891148143,243.0
0.9999959736207763,0.9999968023320497,0.9999969000289268,0.973446854690109,0.9789411985936602,0.9796573471064934,0.987561644783131,0.9943254054564509,0.9940212372352816,0.9851266319627127,0.9927495413800095,0.9915795302103133,0.98505833270815,0.992378710414896,0.991522110203746,0.9842467340981365,0.9921320077604797,0.9911526945332803,0.9834141146789508,0.9922569422145768,0.9893737015943816,0.9831417479852795,0.9919555087783638,0.9891311209506732,0.9826091782932378,0.9922691631175228,0.9878124063517939,0.9832057988479926,0.9912408376872935,0.9905768235625927,0.9830070392993999,0.9912594461652565,0.9905754163181332,0.9828660738895026,0.9900394400771311,0.9897363005315393,0.9850498486560644,0.9920818557952089,0.9914093546615946,0.9850235996759181,0.99237873919712,0.9915721301434868,0.98286684609885,0.9897800741103564,0.9896260198311747,0.9828668322148212,0.9895717107240413,0.9895779501090881,0.9827793416528795,0.9884052532374806,0.9894247005499438,0.9827701112914213,0.9886325246176552,0.9892649213347735,0.9827693747845526,0.9881561818537427,0.9894094433411138,0.9821094114174997,0.9921264287544973,0.9866461213599155,0.9818389060758407,0.9919794921226186,0.9861613776400926,0.9821439483289055,0.9921264799095808,0.9862845306785727,0.9824149333894824,0.9922731586333557,0.9873655782605916,0.982405096323644,0.9925599115606228,0.9873736913662913,0.9811390435469376,0.9919650457019757,0.9847986205008308,0.9811424068368931,0.9919650656812266,0.9846354493196277,0.9811276333572475,0.9923276070531264,0.9846123958123887,0.9804919508009012,0.991376980278983,0.9840499332860412,0.9804164458776395,0.991377070018009,0.9840156848533756,0.9805219396126484,0.9913770002461738,0.9838042750324807,0.9818081801507578,0.991474428797036,0.9905563300392389,0.9829810434066253,0.9917246092519962,0.988940540802967,0.981134539528766,0.9918172417517638,0.9852979773371313,0.9804391410634302,0.9915083565879791,0.9847401362376661,0.9806082843191483,0.9913766388201717,0.9844048505093377,0.9828111570968118,0.9915665592124812,0.9887620190600073,0.9829976925153525,0.9916367164341683,0.9889446031800214,0.9916826005711584,0.9972838708632729,0.9980117930398811,244.0
0.9999959803357062,0.9999968052528522,0.9999969113923894,0.9734913197298832,0.9789600922736909,0.9797317790094381,0.9876119731574458,0.9943496920303199,0.9941102698562858,0.9851812057425329,0.9927771935980169,0.9916692527407811,0.9851147912549422,0.9924076080058782,0.9916141696240771,0.9843043823205804,0.9921597731901252,0.9912420337492543,0.9834678953946295,0.9922879481660618,0.9894646381277703,0.9831960318559546,0.9919872771618704,0.9892223122931407,0.9826622309887045,0.9923027919029933,0.9879035762171011,0.983266562181809,0.9912687629950913,0.9906647857534382,0.9830681677153967,0.9912878540990535,0.9906633330052803,0.9829300535661581,0.9900648000035626,0.9898224915657551,0.9851063596418377,0.9921117497731127,0.9915027607732113,0.9850811497122878,0.9924076367889415,0.9916645816938138,0.9829308317606631,0.9898055451453939,0.9897123449662838,0.9829308208319035,0.9895972867829079,0.9896643758720646,0.9828427162927056,0.9884240588131574,0.9895036635568786,0.9828334414551266,0.9886498473968129,0.9893425495966374,0.9828326775289723,0.9881743660949093,0.9894876750579052,0.9821637657331335,0.992162160803766,0.9867381349804002,0.981893735857861,0.992016453199578,0.986253622097526,0.9821988172252621,0.9921622119607006,0.9863770451611055,0.9824684880844445,0.9923076616315781,0.987457119469721,0.9824586591269069,0.9925947326406492,0.9874654609145891,0.9811919233853739,0.992002858108299,0.9848897814396087,0.9811942800785062,0.9920028780883169,0.9847260766338499,0.9811805038864878,0.992364552243624,0.9847031327565945,0.9805529276057663,0.9914175204258354,0.9841455606321143,0.9804785040124057,0.9914176101685602,0.9841118872598711,0.9805830822617088,0.9914175403938501,0.9839001629259196,0.9818715160183453,0.9915059350726966,0.9906441282992505,0.9830358996926827,0.9917568934048738,0.989031998144587,0.9811900403530146,0.9918554064324232,0.9853906974548883,0.9804972977475461,0.991548134797975,0.9848341106815778,0.9806679429552769,0.991417178952951,0.9844996231941411,0.9828664056616351,0.991599239893948,0.9888538591921348,0.9830528143920293,0.9916691951877006,0.9890360540640651,0.9917279196885708,0.9973031414718786,0.9980876700232877,245.0
0.9999959867613257,0.9999968022356995,0.9999969135106672,0.973534131262845,0.9789404382784568,0.9797455282033234,0.9876582174667823,0.9943249929790049,0.9941277987592168,0.9852303145089526,0.9927527538368707,0.9916836374762228,0.9851662824047582,0.9923828379691896,0.9916290429698591,0.9843538916021938,0.9921336509305559,0.9912544084229508,0.9835181748671138,0.9922656726347314,0.9894791155049872,0.9832464047844347,0.9919645001373668,0.9892370924060478,0.9827139793656908,0.9922836142553276,0.9879180066059706,0.9833157017948867,0.9912402058237558,0.990673760016407,0.9831172696545583,0.9912592484477871,0.9906722990186906,0.9829788085426778,0.9900327750771472,0.9898262879306047,0.9851578087545279,0.9920867154933734,0.9915172616757317,0.9851341017760118,0.9923828667515339,0.9916800277601042,0.9829795579262764,0.9897732891447937,0.9897157094651444,0.9829795329859073,0.98956477923542,0.9896673888805048,0.9828912723809745,0.9883842970027026,0.9894989035951408,0.9828820346804652,0.9886101077360268,0.9893385882257483,0.9828812018150133,0.9881335907977113,0.9894816740103136,0.9822175472307078,0.9921457370331244,0.9867531620723383,0.9819488031885795,0.9920017507089715,0.9862691124513238,0.9822525460903914,0.9921457881892252,0.9863920992778203,0.9825210094452723,0.9922895165506689,0.9874716624120841,0.9825111395249724,0.992576457831363,0.9874794339139239,0.9812494907085866,0.9919893641118264,0.9849071969084922,0.9812521546937191,0.9919893840915803,0.9847437109379257,0.9812381179998557,0.9923511703878435,0.9847215706503472,0.9806136508217318,0.9914060023057611,0.9841637686855519,0.980539633563401,0.9914060920474849,0.9841303022602836,0.9806443260502817,0.9914060222735537,0.9839187523670492,0.9819205990503553,0.9914774270907369,0.9906530858919085,0.9830862095848812,0.9917338069738161,0.9890468187068169,0.9812467895374564,0.9918418665837972,0.9854071285367503,0.9805558359855964,0.9915359554373612,0.9848512929794775,0.980727638218979,0.9914056608366861,0.984517294460295,0.9829167113907326,0.9915761505735909,0.98886869853519,0.9831033229526979,0.9916462882943259,0.9890508684731982,0.9917715435131085,0.9972830981036825,0.9981016887359127,246.0
0.9999959872030272,0.9999967976998696,0.9999969169080177,0.9735374197921977,0.9789103589613741,0.9797677862032574,0.9876595589035168,0.9942912507689583,0.9941545409762711,0.9852278247292515,0.992721600465742,0.9917062789478271,0.9851632502580002,0.9923510329304939,0.9916495357804908,0.9843506853775511,0.9921033666323567,0.9912754568000847,0.983513530978427,0.9922367467885538,0.9895006193288463,0.9832410403599826,0.9919344135100916,0.9892582098885206,0.9827091001839864,0.9922589633151027,0.9879387733831886,0.983311748057336,0.991211176193255,0.9906927306746437,0.9831137009314737,0.9912308385801686,0.9906912424879705,0.9829721720312748,0.990002191024101,0.9898423216665704,0.9851547677190614,0.9920543890704441,0.9915369266622108,0.9851307507444746,0.9923510617119103,0.9916998523109791,0.9829729226644622,0.9897427166699212,0.9897317726424978,0.9829728983315563,0.9895342206419552,0.9896834768381905,0.9828850044240367,0.9883502402619284,0.9895125829159487,0.98287578613555,0.9885757689337399,0.989352620361843,0.9828749788730488,0.9880991254800924,0.9894949913110773,0.9822133199142159,0.992124463273456,0.9867733858595114,0.981944858189918,0.9919824292968308,0.9862888044634754,0.9822485188652689,0.9921245144284723,0.9864124281721374,0.9825163891074606,0.9922662904176526,0.9874923821591272,0.9825065628919595,0.9925538451836461,0.987500942603675,0.9812460806791483,0.9919723417082926,0.9849256583171669,0.9812487503763438,0.9919723616877126,0.9847620811947402,0.9812347045330847,0.9923332144811289,0.9847397277372669,0.980609855109583,0.9913934884081668,0.9841811516642064,0.9805357692386399,0.9913935781488066,0.9841476227427225,0.9806402372574923,0.991393508375719,0.9839358698825479,0.9819197498137346,0.9914533697996862,0.9906718599276012,0.9830803092818919,0.9917030039625071,0.9890676020975635,0.981243366258026,0.9918252233702773,0.9854259503849166,0.9805526874848227,0.9915226392881306,0.9848693692866649,0.9807242786078512,0.9913931469432152,0.9845349951275842,0.9829102420910398,0.9915448117070917,0.9888889660768613,0.9830976761273625,0.9916157861279367,0.9890716406394728,0.9917748855171129,0.9972524424849484,0.9981243802294566,247.0
0.9999959832193384,0.9999967897133761,0.9999969149574031,0.9735114737197087,0.978857846948459,0.9797550170337055,0.98762661263783,0.9942305319467168,0.9941390157354036,0.9851919451119019,0.9926567856343209,0.9916870445228692,0.9851277490507678,0.9922844860719976,0.9916274104490486,0.9843145014748947,0.9920379500725621,0.9912562747521018,0.9834741968368981,0.9921681713230375,0.9894795364580417,0.9832003120533712,0.9918654044771483,0.9892365729230236,0.9826679067380082,0.9921873831743665,0.9879165177669579,0.9832754709737175,0.9911448925410854,0.9906740045072059,0.9830772520667965,0.9911644013400134,0.9906725284048862,0.9829365902915675,0.9899355368101084,0.9898242220510259,0.9851191487865429,0.991986456475151,0.9915128841486053,0.9850955647688395,0.9922845148514832,0.9916774305671691,0.9829373726774997,0.9896763122379382,0.98971417539352,0.9829373637760759,0.9894680909038454,0.9896662917000324,0.9828494334348162,0.9882823743945763,0.9894948413017092,0.9828403197858167,0.9885092211032447,0.989337472256544,0.9828393927795807,0.9880308934897281,0.9894768874301908,0.982169793582923,0.9920499409073495,0.9867495545214554,0.9819001200279018,0.9919059663623688,0.986263996568019,0.9822046205758825,0.9920499920585247,0.9863882624096811,0.982474307988046,0.9921937086230622,0.987469689518975,0.9824645279424857,0.9924818968400088,0.9874790740918058,0.9811992212336537,0.9918900030163873,0.9848968657043182,0.9812019108988482,0.9918900229941446,0.9847331228568018,0.9811876758805299,0.9922467607855653,0.9847062314367379,0.9805612176063968,0.9913079737002669,0.9841548562236531,0.9804869214314613,0.9913080634331527,0.9841211574260837,0.9805921816893998,0.9913079936660927,0.9839098151646809,0.9818820084882016,0.9913856188942276,0.9906531931102881,0.9830394918713855,0.9916337035404287,0.9890460720442574,0.9811965240569687,0.9917445572205631,0.9853994991803495,0.9805038415261216,0.9914381344203482,0.9848430853612113,0.9806752095022686,0.9913076322648199,0.9845087357789505,0.9828695294169938,0.9914756256741943,0.9888675490952485,0.9830567246296499,0.9915462562079553,0.9890501195788429,0.9917484268337409,0.9971989156346514,0.9981113636237007,248.0
0.9999959768344702,0.9999967785376472,0.9999969065198318,0.9734694370171657,0.9787844329531031,0.9796993943628951,0.9875768530672515,0.994145179475675,0.9940745361978826,0.9851404452728897,0.9925654560246367,0.9916204404710178,0.9850767157389089,0.9921931019140134,0.991559570500769,0.9842645916045372,0.9919467963875237,0.9911908075109944,0.9834178312619969,0.9920687843182484,0.9894104383238058,0.9831422221958217,0.9917648176732928,0.9891664542028383,0.9826076660908187,0.9920813852919698,0.9878463470469719,0.9832259600755574,0.991053996042025,0.99060958245248,0.9830276984576536,0.9910735551593577,0.9906081079816886,0.9828880241600768,0.9898448536354645,0.9897614233516222,0.985068243184548,0.9918950286638881,0.9914445802452445,0.9850447154589907,0.9921931306908499,0.9916091971659294,0.9828888040643281,0.9895855829317233,0.989651336432437,0.9828887939384062,0.989377319257435,0.9896034249263617,0.9828015155172137,0.9881930051511446,0.9894360924690316,0.982792484186737,0.9884207291863828,0.9892807251330585,0.98279154642582,0.9879415574995717,0.9894183511786295,0.9821070274881403,0.9919381487921484,0.9866791931018739,0.9818356683101558,0.9917905837545649,0.98619356107537,0.9821421144346196,0.9919381999375558,0.9863179386205906,0.9824130938100397,0.9920855069790379,0.9873994191095349,0.9824032998201996,0.992373815974576,0.9874086755284548,0.9811332997348394,0.9917693385544928,0.9848258218901567,0.9811361224606686,0.9917693585298154,0.9846619367659449,0.9811217607387634,0.9921252401416268,0.9846351013151834,0.9804931123714641,0.9911807898700714,0.9840846661839493,0.98041909466836,0.9911808795914236,0.9840509973421554,0.980524480964037,0.9911808098333286,0.9838397046457601,0.9818323415323718,0.9912952511432274,0.9905887488811737,0.9829807709447745,0.991532365061161,0.9889755741236542,0.9811302545048803,0.9916242405423671,0.9853288602693243,0.9804352051214533,0.9913124367002613,0.9847727843578328,0.9806064063565568,0.9911804484785103,0.9844385368348078,0.9828101816545591,0.9913736852988081,0.9887964802398743,0.9829978142237685,0.9914446368297869,0.9889796325380337,0.9917055725082294,0.9971240806073571,0.9980546702572829,249.0
0.9999959720570266,0.9999967756712023,0.9999968891386856,0.9734369114650626,0.9787655634921673,0.9795844027479087,0.9875477811890737,0.9941229189496564,0.9939443544696628,0.9851080274126404,0.9925435495149423,0.9914860199308535,0.9850456433773854,0.9921704402429434,0.9914238228075265,0.9842318559281749,0.9919246069039829,0.9910555364876398,0.9833810059989606,0.992048012717207,0.9892737663506962,0.9831042855284323,0.9917441465916039,0.9890292929327621,0.9825694234149573,0.9920624010265096,0.9877077906799362,0.9831926284958429,0.9910313982833184,0.9904733307497384,0.9829943494347005,0.9910510481901545,0.9904718748802754,0.9828540269941312,0.9898212427382078,0.9896235798384279,0.9850371802918055,0.9918717627936297,0.9913077320817922,0.9850144431980377,0.9921704690191171,0.9914734787777624,0.9828548229140605,0.989562077939834,0.989513716342541,0.982854820562572,0.9893539304096093,0.9894659888548837,0.9827672237089409,0.988166829259202,0.9892960584524803,0.9827582320743846,0.9883946360459408,0.9891416044493683,0.9827572099391676,0.9879150338079357,0.9892778877481698,0.9820683469326509,0.9919208078008076,0.986540023865873,0.9817970789237984,0.9917742903759255,0.9860544356219824,0.9821028908902417,0.9919208589453312,0.9861781995371401,0.9823746712292302,0.9920671183151897,0.9872604850531731,0.9823648245829038,0.9923552496641153,0.9872690495882807,0.9810968940524156,0.9917559039328473,0.9846888356997763,0.9811002718716376,0.9917559239079097,0.9845250470718014,0.9810855301915549,0.9921141625827193,0.9845025541395888,0.9804558806859736,0.9911697493682716,0.9839440407499953,0.9803819729372776,0.9911698390886754,0.9839103162678348,0.9804872273775103,0.9911697693313182,0.9836988199698744,0.98179901734257,0.9912733496599763,0.9904524853075902,0.9829429503724608,0.9915117433054991,0.988838568593214,0.9810923348011007,0.9916098473941265,0.9851898201170055,0.9803972943775154,0.9912997734512554,0.9846330095208123,0.9805691565411071,0.9911694079803174,0.9842982824257597,0.9827726150533495,0.9913532660644414,0.9886596872868916,0.9829598433302462,0.9914238034155954,0.9888426353094342,0.9916724484331889,0.9971048443350718,0.9979374733035181,250.0
0.9999959632060161,0.9999967700224051,0.9999968776086068,0.9733784137230068,0.9787285697545558,0.9795087970537147,0.9874810583284944,0.9940787428523613,0.9938542481118351,0.9850380658405995,0.992497619436423,0.9913913309244082,0.984977739258965,0.99212372443008,0.9913285883702694,0.9841612726784227,0.99187907392663,0.9909607166431424,0.9833065248780577,0.9919996778183802,0.9891744251765521,0.9830293027606957,0.9916954468720988,0.988929625762197,0.9824915306151119,0.9920118235025309,0.9876042564525496,0.983121539742807,0.9909864411571727,0.9903788027982615,0.9829232731861168,0.991006135086209,0.9903772531391964,0.9827822526318282,0.9897769140258753,0.9895300575984007,0.9849691663253439,0.9918244183391809,0.9912115316189084,0.9849478558859843,0.9921237532048974,0.9913786418640581,0.9827830862207341,0.9895180991288437,0.9894207912113208,0.9827831022351411,0.989310316963776,0.9893735426036477,0.9826955005216789,0.9881233020623755,0.9892047122006863,0.9826865849248507,0.9883518494093331,0.9890521186594491,0.9826854814404162,0.9878714944271606,0.9891865317523116,0.9819882909471771,0.9918686627929935,0.9864343547727686,0.9817157141898466,0.9917213253798439,0.9859478995484146,0.9820228821730834,0.9918687139348237,0.9860723655208891,0.98229592318046,0.9920157932753004,0.9871557916033221,0.9822859642174724,0.9923032197883354,0.9871627079583384,0.9810115412314598,0.9917003078491142,0.9845787203490608,0.9810142168918661,0.9917003278230545,0.9844142237375761,0.9810001580465152,0.9920573145082062,0.9843917475169037,0.980374406087501,0.9911127320252083,0.9838366871123985,0.9803013912767359,0.9911128217404451,0.9838032761987097,0.980405958357241,0.9911127519871045,0.9835913815071062,0.9817281692064167,0.9912292079243014,0.9903578312354929,0.9828677185034186,0.9914628242701301,0.988738672220808,0.9810088162534175,0.9915547599770878,0.9850818260735281,0.9803137318592254,0.9912426000656888,0.9845253692226407,0.9804866080158607,0.9911123906569168,0.9841907783460077,0.9826970529827798,0.9913040141201571,0.9885594675570594,0.9828845961673668,0.9913748441665589,0.9887427406166797,0.9916128248829024,0.9970671288902069,0.9978604019655267,251.0
0.9999959563664667,0.999996769614972,0.999996877933675,0.9733334916442968,0.9787257720898112,0.979511595053624,0.9874273609002918,0.994076094356501,0.993853559486392,0.9849793588050445,0.9924942351524778,0.9913893800055381,0.9849211670822418,0.9921195527556642,0.9913256850184647,0.9841015357907438,0.9918750595989775,0.990960075252553,0.9832406497388334,0.9919971727228093,0.9891701816715528,0.9829624866614098,0.9916922491520762,0.9889249900903014,0.9824208444897696,0.992011644635777,0.9875972227696308,0.9830629625987892,0.9909815213018847,0.9903814919129248,0.9828642661406701,0.9910006237576054,0.9903799004086765,0.9827273542200287,0.9897739689977783,0.9895380289693235,0.9849126195847749,0.9918196166606024,0.9912072736197745,0.9848925454962052,0.9921195815303532,0.9913761832826348,0.9827282536411288,0.9895158178610403,0.9894298403510363,0.9827283017854412,0.9893087211186339,0.9893834498130893,0.9826418484510259,0.9881235253527452,0.9892185417816822,0.98263302115671,0.9883530569541532,0.989068132684515,0.9826319779967982,0.9878719760391862,0.9892007806612195,0.9819153830191366,0.991870410972937,0.9864260510074966,0.9816414065761596,0.9917242253119053,0.9859388800747272,0.9819500650059844,0.991870462114864,0.9860639974691525,0.9822243790619111,0.9920163896594768,0.9871482542654005,0.9822144061447453,0.992303982188843,0.9871550967008499,0.980934356184617,0.9917054978992753,0.9845688631528479,0.9809367541894969,0.9917055178733275,0.9844040195692112,0.9809230977542873,0.9920640721652415,0.9843850376747811,0.9802940941831688,0.9911199491461841,0.9838233062837891,0.9802208915909734,0.9911200388621104,0.9837897327657438,0.9803248005353661,0.9911199691082343,0.9835772875155054,0.9816665892672581,0.9912203313589826,0.9903606100396005,0.9828005845940498,0.9914591935170729,0.9887338485157541,0.9809323029068278,0.9915593124975672,0.9850715923485082,0.9802354685635974,0.991248755648532,0.9845137041067794,0.9804075227070131,0.9911196077752683,0.984178217900434,0.9826296168975734,0.9913001020417206,0.9885543498147332,0.9828172967387124,0.9913708931413991,0.9887379294929676,0.9915670314517914,0.9970642799884374,0.9978632408705056,252.0
0.9999959654144464,0.9999967731683713,0.9999968842499871,0.9733931721780861,0.9787491662389755,0.9795527948420593,0.9874961711932808,0.9941030342028864,0.9939043456920327,0.9850456420319084,0.9925216041994732,0.9914380849435219,0.9849867397045547,0.9921460906840387,0.9913719221565156,0.9841663321903943,0.9919015696167633,0.9910079171221194,0.983306838467779,0.9920264397902809,0.9892191441550335,0.9830291668989667,0.9917217638598265,0.9889747180495866,0.982486729372545,0.9920428662013584,0.9876453994794051,0.9831285338727779,0.9910067899508753,0.9904295060252628,0.982929622384444,0.9910256316433272,0.9904279044569647,0.9827950978768867,0.9897988385675717,0.9895863239483151,0.9849781360424004,0.9918454896011976,0.9912522396021957,0.984957733785783,0.9921461194594937,0.9914218930940822,0.982796036131848,0.9895411569991992,0.9894788183846913,0.9827961032868494,0.9893345263631234,0.9894329607860016,0.9827102586351318,0.9881458123125634,0.9892642027750381,0.9827014963773418,0.9883759199997291,0.9891153450413326,0.9827004648399478,0.9878938347554391,0.989245853580195,0.9819815440237618,0.9919034064382153,0.9864742506168099,0.9817076392718318,0.9917583432057889,0.9859871761438097,0.9820164081119626,0.9919034575818501,0.9861123503537266,0.9822903583860946,0.9920482626571339,0.9871962880095865,0.982280330214361,0.9923357049016491,0.9872023906680921,0.9810018827621321,0.9917406664972706,0.9846190549250501,0.9810048223223882,0.991740686472037,0.9844545454386618,0.9809907034482502,0.992099969600787,0.9844371246957238,0.9803579072317868,0.9911556326031266,0.9838707524971299,0.9802845056151005,0.9911557223223113,0.9838370634376943,0.9803883273535833,0.991155652565902,0.9836245360637945,0.9817307236292303,0.9912438730004226,0.9904086668252735,0.9828675582778722,0.9914888615585936,0.9887838581903933,0.9809983891122939,0.9915941845247833,0.985120145560412,0.980300507161185,0.9912843860308076,0.9845617314867118,0.9804718759610099,0.9911552912198124,0.984225950677076,0.9826969826449614,0.9913301499291086,0.9886047378902777,0.9828840993720017,0.9914001619619114,0.9887879554355847,0.9916278621343438,0.9970881257163018,0.9979052444465351,253.0
0.9999959832537482,0.9999967794054933,0.9999968930010372,0.9735106556633903,0.9787903080579758,0.9796094788794464,0.9876331675581816,0.9941498968945597,0.9939769232226399,0.9851849584331902,0.9925694604259262,0.9915116386627915,0.9851271937647991,0.9921929132063595,0.9914442534423324,0.9843052835871936,0.9919492450347724,0.9910812449034344,0.983449004251758,0.992075965248476,0.9892957201789935,0.9831717704073899,0.9917722050457779,0.9890525978614841,0.9826309285870778,0.9920934187356267,0.9877232538335005,0.9832681562470671,0.9910542035630762,0.9905029987628432,0.9830691972422512,0.991073063117,0.9905014645182127,0.9829359909278044,0.9898458368633651,0.9896596698231064,0.9851184823094518,0.9918914850537126,0.9913231404876462,0.9850989512572629,0.9921929419831687,0.9914945638372924,0.9829369276047707,0.989588304173116,0.9895522281273263,0.9829369941215125,0.9893817887726047,0.9895063976471469,0.9828523526512318,0.9881912219775085,0.9893365028623345,0.982843624339008,0.9884213451190668,0.989188370000824,0.9828427101152207,0.9879390344808249,0.9893179031733932,0.9821265438882586,0.9919547850093471,0.9865528827638698,0.9818533661985854,0.9918102054709032,0.986066379092595,0.9821609894617072,0.9919548361556352,0.9861908523978365,0.982434859551716,0.992099157505514,0.9872743763745636,0.9824248026306691,0.9923867197196486,0.9872801616182426,0.9811507480607462,0.9917928582819663,0.984700859750299,0.9811543868260995,0.9917928782577868,0.9845368980799679,0.9811395909766399,0.9921518231542232,0.9845192955165318,0.980503936578625,0.9912083634546605,0.9839511729378583,0.9804305220558355,0.9912084531786354,0.9839175006051963,0.980534196658704,0.9912083834185019,0.9837049630793188,0.9818698744420787,0.9912908789105271,0.9904822366667226,0.9830110835779677,0.9915398387605103,0.9888626993887999,0.981145426931212,0.9916465135046824,0.9852003773430228,0.9804471968228599,0.9913373776858039,0.9846420085058646,0.9806180781019487,0.9912080220531201,0.9843063061983888,0.9828418898944055,0.9913824559418055,0.9886848935863316,0.9830274366187303,0.9914506413835296,0.9888668172557884,0.9917476146574857,0.9971300592118516,0.9979630430582183,254.0
0.9999961611940581,0.9999967973242703,0.9999970261693545,0.9746911739558748,0.9789108395413669,0.9804806641910586,0.9889447093355342,0.9942697375255103,0.9950302740923688,0.9865676416949164,0.9927051573457001,0.9926853647187045,0.9865091407066442,0.9923279767648735,0.9926279057715663,0.9856977513316801,0.9920868735023585,0.9922753340271342,0.9848942440766836,0.9922232336443049,0.9905783508925208,0.9846194710136817,0.9919194386991957,0.9903400804908947,0.9841018667295395,0.9922418862302316,0.9890859485100247,0.9846748668006267,0.9911945910685359,0.9917143013452615,0.9844792143377125,0.9912130207674693,0.9917128861772219,0.9843434359852624,0.9899884223319386,0.9908964558971618,0.986501248072205,0.9920260416586343,0.992505285360341,0.9864798440428469,0.9923280055456386,0.9926853011970859,0.9843443418398369,0.9897315289145326,0.990789244660398,0.9843443939445529,0.9895254804094429,0.9907434862199204,0.9842561300826845,0.9883359689689227,0.9905817326448049,0.9842474911992923,0.9885671748979054,0.9904353466187318,0.984245994371451,0.9880838917979679,0.9905639543930492,0.9836183668763007,0.9921041977798665,0.987971509313771,0.9833584199770831,0.9919601619683128,0.9875146029436997,0.9836499279440136,0.9921042489337566,0.9876168001899601,0.9839138388052555,0.9922480271900278,0.9886584263996576,0.9839037499498376,0.9925357802623961,0.9886634443804478,0.9826742984247945,0.9919422139098667,0.9862304092771934,0.9826766025001297,0.991942233888621,0.9860774800706643,0.9826632457408769,0.9923024881868534,0.9860506239348154,0.9820542343450086,0.9913555620739524,0.9855107157140675,0.9819809696560664,0.9913556518107812,0.9854807520588925,0.982082014746043,0.9913555820406564,0.9852739403135263,0.9832976438469426,0.9914274077831441,0.9916939085479457,0.9844618582306417,0.9916875184337245,0.9901514567207901,0.9826723810360207,0.9917953366404726,0.9867005164219363,0.9819970021139375,0.9914846261213056,0.9861689814488822,0.9821680349300075,0.9913552206235023,0.9858495692543057,0.984293835411324,0.9915314535238637,0.9899752178455673,0.9844786765998862,0.9915977913664118,0.990155603112785,0.992950694656852,0.9972528256918196,0.9988511510451805,255.0
0.9999964767229401,0.9999968201487601,0.9999972707917842,0.976787359699315,0.9790664720707056,0.9820829175149278,0.9912594379107125,0.9944110113471565,0.9969579188216502,0.9890136005226253,0.9928715815828791,0.9948387283427018,0.9889543057711908,0.9924942691144036,0.9948025987990337,0.9881620443476478,0.9922542277021859,0.9944668284980746,0.9874523875289329,0.9924087106517927,0.9929338665159417,0.9871801957967298,0.9921025872643844,0.9927015580914379,0.9867054782811682,0.9924289233407452,0.9915924401420204,0.9871635040586713,0.991363229495088,0.9939367717416764,0.9869735736541453,0.991379903691268,0.9939355519759133,0.9868315542617698,0.9901603837135433,0.9931647346403926,0.9889480089896279,0.9921922281563447,0.9946787467747282,0.9889233399864332,0.9924942979000692,0.9948737133071188,0.9868323992364756,0.9899045204362218,0.9930578345320272,0.9868324227050058,0.9896992078029763,0.993012135610722,0.9867376240643789,0.9885104270718109,0.9928638621476644,0.9867290452421187,0.9887421658627054,0.992718049868102,0.9867266136428143,0.9882585901695788,0.9928477924485729,0.9862610159183386,0.9922920941829475,0.9905834365155535,0.9860250896693438,0.9921483944265544,0.9901817289623939,0.9862883571172909,0.9922921453463355,0.9902431814115519,0.9865325011818528,0.992435589694305,0.9912055158034074,0.986522467529842,0.9927242988637867,0.9912107539264354,0.9853684805198464,0.9921307141181531,0.9890447692272385,0.9853656434634713,0.9921307341005622,0.9889108007210631,0.9853576087062218,0.9924938193794322,0.9888681021480018,0.9848060278246125,0.9915403417342172,0.9883857689378822,0.9847327326133566,0.9915404314868794,0.9883627097275867,0.9848291952943078,0.9915403617044491,0.9881666754582037,0.9858231279523273,0.9915835899886055,0.9939172237423622,0.987026442285162,0.991870201861789,0.9925132742585593,0.9853798168850884,0.991982685939881,0.9894643067902035,0.984748615636329,0.9916703131777874,0.9889829846422071,0.9849194466489831,0.9915400002235206,0.988694134638664,0.9868575933314606,0.9917137114273864,0.9923371382166194,0.9870444121543636,0.9917800850588718,0.9925174496351489,0.9950868902812553,0.9974112789564682,1.0004844945386975,256.0
0.9999967538013673,0.9999968389956991,0.9999974864386312,0.9786291429481047,0.9791954705688312,0.9834958536896075,0.9932939999037188,0.9945270681583416,0.998658277542087,0.9911644093865137,0.9930100018625111,0.9967419987804967,0.991102728937151,0.9926340892913578,0.9967258002600973,0.9903302644492629,0.9923963467736665,0.9964063544082953,0.989702756476056,0.9925602092130621,0.9950143335839213,0.9894336119409095,0.9922524999764071,0.9947883241237185,0.9889942530563403,0.9925766134862959,0.9938035262843432,0.9893550535869424,0.9915106454288022,0.9959070128014207,0.9891706520668965,0.9915264878720905,0.9959060346181661,0.9890234291200735,0.9903131208571452,0.9951802988931053,0.9910980047837197,0.9923331680543078,0.9966025001770852,0.991069156520506,0.9926341180811519,0.9968084574749271,0.9890242615485668,0.9900585021657612,0.9950743091192571,0.9890242797661649,0.9898542023711101,0.9950291802885352,0.988926135014554,0.9886706149713094,0.9949009907607059,0.9889176032311427,0.9889026327114345,0.9947555141306504,0.9889146773912555,0.9884197055779007,0.9948876743014876,0.9885821933602261,0.9924366400392651,0.9928859248524411,0.9883660170586723,0.9922910625753935,0.9925322722897169,0.9886062042929673,0.9924366912099177,0.9925586010143238,0.9888337406660059,0.9925820162014194,0.9934513766868893,0.9888236261875177,0.9928704680632919,0.993454763023042,0.9877304893644276,0.9922695168501985,0.9915218480135501,0.9877227872051294,0.9922695368352653,0.9914042576646289,0.987719656775394,0.992632917976727,0.9913447699806337,0.9872168923988266,0.9916716179808769,0.9909189956059532,0.9871438016291445,0.9916717077445742,0.9909023298210559,0.9872357403806215,0.9916716379535668,0.9907151976561899,0.9880506148295116,0.9917247839436637,0.9958881297734289,0.9892838213179284,0.9920199710149987,0.9946009097547356,0.9877544290642868,0.9921213683647844,0.9918989668572783,0.9871605159639564,0.9918043438216814,0.9914621877335751,0.9873300572577239,0.9916712764281906,0.9912004443735137,0.98911508363514,0.9918639179621769,0.9944256441973748,0.9893026292434791,0.9919291723942899,0.9946051242105787,0.9969638296766443,0.9975426103909376,1.001924849874482,257.0
0.9999969834788527,0.9999968477895694,0.9999976589318997,0.9801567881385097,0.9792578966288052,0.9846259982173352,0.9949814838227151,0.9945702674837564,1.000021511149707,0.9929535359779361,0.9930713425659266,0.9982758709384232,0.992890552320189,0.9926971011206166,0.9982786546846573,0.9921335378468238,0.9924586359832432,0.9979688652253293,0.9915798782988389,0.9926336572604412,0.9966979893453781,0.9913133329713908,0.9923244600751553,0.9964770373089004,0.9909077849235021,0.9926479412698062,0.9955984980182684,0.9911773489557305,0.9915742616254773,0.997491408997528,0.99099738631644,0.9915890867031458,0.9974905017493298,0.9908461290133453,0.9903781550198043,0.99679747456629,0.9928872692885884,0.9923975166580771,0.9981562838637379,0.9928551215562855,0.9926971299123026,0.9983720028844811,0.9908469063615114,0.9901241579696621,0.9966915279085204,0.9908468984636779,0.9899202648764432,0.996646299675222,0.9907454938097846,0.9887353460182488,0.9965272515029128,0.9907370338858633,0.9889680846941613,0.9963828724450909,0.9907335882575536,0.9884842820577331,0.996514941882673,0.9905269761737026,0.9925062245940804,0.9947591816625336,0.9903297171463048,0.992359608399503,0.9944467948702009,0.9905484924540047,0.9925062757681712,0.9944427853990289,0.9907592924305274,0.9926526426526326,0.9952761614749249,0.9907491173430586,0.9929409513092994,0.9952781038591654,0.9897202710372028,0.9923357520579785,0.9935464946635839,0.9897101811321685,0.9923357720442687,0.993443531130739,0.9897094725944589,0.9926994031954155,0.9933690833302082,0.9892481405912138,0.9917346162806402,0.992990869092334,0.9891748806924939,0.9917347060493605,0.9929798619636209,0.9892646313866538,0.9917346362544506,0.99280051818697,0.9899015998891364,0.9917813588269357,0.997473007687534,0.9911669307214879,0.9920917994149314,0.9962900109126988,0.9897503831704316,0.9921875019300987,0.9938857185028073,0.9891894695525745,0.9918676447539945,0.9934873986689496,0.9893599920270423,0.9917342747088413,0.9932490010207,0.9909977913379068,0.9919356203778856,0.9961150119136778,0.9911866072751245,0.9920005212977661,0.9962942556806449,0.998520631803181,0.9976061026936619,1.0030769359184457,258.0
0.999997145986966,0.9999968473710811,0.9999977874976407,0.9812391035821271,0.9792582507142696,0.9854687285286678,0.9961724034845214,0.9945515604784053,1.0010362115594338,0.9942232335261548,0.9930686269643606,0.999427770642512,0.9941579005897202,0.992695423995176,0.9994466202024129,0.9934152671530638,0.9924580965030875,0.9991453577741637,0.9929157010999208,0.9926412731179195,0.9979661005414008,0.992651365764101,0.992330361506017,0.9977495829572385,0.9922689877282294,0.9926550212161434,0.9969509924524415,0.9924747304760351,0.9915768348793791,0.9986862111767966,0.9922984376948922,0.9915912993076487,0.9986853366862259,0.9921443886162566,0.9903826693047476,0.9980199478491052,0.9941557231553504,0.9923966702228444,0.9993246672400646,0.9941202355053246,0.9926954527868622,0.9995492935033723,0.9921451633728291,0.9901294698567324,0.9979146441750558,0.9921451547324714,0.9899262391582083,0.997869836643504,0.9920412381195421,0.98874083144223,0.9977589003938724,0.9920328404300645,0.9889741174456959,0.9976155321453936,0.9920289940869894,0.9884898070265714,0.997747624140999,0.991910138711256,0.9925129187714292,0.9961707033032139,0.9917264054030295,0.9923660937502121,0.9958894828949747,0.9919293249169887,0.9925129699457467,0.995862382644321,0.9921289385245691,0.9926595485844145,0.9966511176103025,0.9921187107478866,0.9929477386294887,0.9966518876294417,0.9911320628892734,0.9923401828940844,0.9950698212111019,0.9911190967482154,0.9923402028803767,0.9949773074053758,0.9911211962071604,0.9927021019510018,0.9948896650783694,0.9906939887950187,0.9917392010028717,0.9945553616544706,0.9906208808033005,0.9917392907714845,0.9945496626134964,0.9907081768673085,0.9917392209766605,0.9943748882741509,0.9912232805451501,0.9917820854783361,0.9986680427851096,0.9925078493249937,0.9920973319512322,0.9975627557148805,0.9911696666634923,0.9921926368476952,0.9953829910720281,0.9906337107553348,0.9918716094401149,0.9950150131611308,0.9908051552116091,0.9917388594314827,0.9947950377026075,0.9923382339708358,0.9919409314743082,0.9973877905112314,0.9925282590458794,0.9920055228540344,0.9975670313204006,0.9996235864464715,0.9976063711291723,1.0039360240216502,259.0
0.9999972592470708,0.9999968288150277,0.999997865287028,0.9819930363942675,0.9791379527313283,0.9859771796000184,0.9970067240596756,0.9944017066150381,1.0016621157966454,0.9951181609236368,0.9929284913249284,1.000161506925752,0.9950523095623999,0.9925552997078609,1.0001945642928813,0.9943190294580476,0.9923209125239386,0.9998999071747364,0.9938605039273122,0.9925052926732854,0.9987877703316932,0.9935978220001256,0.9921928672218726,0.9985751660573953,0.9932321180378624,0.9925158321777826,0.9978363859675646,0.9933894899980181,0.9914438982191786,0.9994571921021794,0.993215795831313,0.9914581890082536,0.9994562562360647,0.9930598368870005,0.9902538248737814,0.9988163662605201,0.9950508782241988,0.9922565549520143,1.000071997257733,0.9950137782126346,0.9925553284955134,1.0003062222969679,0.9930605802936145,0.9900009249820665,0.9987110716516284,0.99306055675578,0.9897978829407513,0.9986662045568477,0.9929546723308815,0.9886208442662091,0.9985735944582085,0.9929463566754798,0.9888550080891667,0.998431852520365,0.9929421522411727,0.9883708371793656,0.9985644416317159,0.9928891258338813,0.9923708600928818,0.9971009145229789,0.9927149108271183,0.9922222339899109,0.9968433508929848,0.9929070518138775,0.9923709112597902,0.9967986876968935,0.9930981713731747,0.9925192930960579,0.9975536698435119,0.9930879372839256,0.992807669133346,0.9975540578340271,0.9921343024178964,0.9921930169001684,0.9960869651400566,0.9921205589622515,0.9921930368834365,0.9960025988316334,0.9921235297428157,0.9925561001656009,0.9959084737691105,0.9917147593547777,0.991586550577841,0.9956010861410001,0.9916416339018727,0.9915866403322678,0.9955997280068231,0.9917277114041394,0.9915865705484737,0.9954278019155789,0.9921553205952628,0.991648747224071,0.9994390633084159,0.9934568560865696,0.9919594896934135,0.9983885760733419,0.9921738798426923,0.9920449975732974,0.9963782757409179,0.9916531906594049,0.9917194148476017,0.9960331340040594,0.991825120726781,0.9915862090604294,0.9958269779006014,0.9932869637579026,0.9918029710635772,0.9982137311728418,0.9934774717172421,0.9918665029677448,0.9983929065590489,1.000391906270845,0.9974836962303036,1.004454394415814,260.0
0.9999973116110639,0.9999967937630085,0.9999978944954719,0.9823433072959498,0.9789083685407253,0.9861671907730406,0.9973873653756644,0.994129931611546,1.001904134800617,0.9955353128407944,0.9926606642649635,1.0004752602340081,0.9954692156903472,0.9922866527345808,1.0005191258846622,0.9947416523578629,0.9920544904992232,1.0002268366925058,0.9943049974235075,0.9922377011084301,0.9991594266959545,0.9940426525897518,0.9919226786914032,0.9989491944116325,0.9936835536939075,0.9922461409113552,0.9982494031863017,0.9938201048664055,0.9911794938551785,0.9997940695340463,0.9936480045409435,0.9911937801160146,0.9997931472258892,0.9934928583807155,0.9899905396270071,0.9991683561905281,0.9954680516787374,0.9919872520239856,1.0003954169383962,0.9954303401453629,0.9922866815144596,1.0006381250482974,0.9934935947193301,0.9897379238057292,0.9990632709948559,0.9934935679734006,0.9895351068322901,0.9990185343844674,0.9933836278060566,0.9883588306789579,0.9989295406228426,0.9933753814086389,0.9885935807938273,0.9987892084076627,0.9933705662023246,0.9881088966200388,0.9989206787260198,0.9933475382663766,0.9920986678440454,0.9975423441264409,0.9931771012368289,0.9919482404612567,0.9972991620088653,0.9933652298079659,0.992098718996879,0.9972443903699539,0.9935523201247887,0.9922489034452538,0.9979780015178332,0.9935422171748394,0.9925385663209668,0.9979802764244504,0.9926014213727372,0.9919174430811067,0.9965814306732003,0.9925870440092811,0.9919174630587935,0.9965020208574025,0.9925907361087103,0.9922815110502057,0.9964046572395214,0.9921963220269621,0.9913093918337534,0.9961152808617253,0.992123330269389,0.9913094815629009,0.9961170030474004,0.9922089608233524,0.9913094117987614,0.9959467282633743,0.9925964077517749,0.9913843292641549,0.9997760083515432,0.9939027447188657,0.991688134597928,0.9987620978654659,0.9926426063223585,0.9917690234742396,0.9968591570595134,0.9921317858438614,0.9914409942526045,0.9965290959764376,0.9923055136518242,0.9913090504125318,0.9963320178783484,0.9937316415682516,0.9915305443716144,0.9985863682572216,0.9939236851569655,0.9915942597533808,0.9987664710589899,1.0007488280352161,0.9972496445677503,1.0046481427622194,261.0
0.9999973166400287,0.9999967538021978,0.9999978848887875,0.9823776322772967,0.9786448775821887,0.9861019741001117,0.9974242396275121,0.9938281561112773,1.001844928092038,0.9955946350215622,0.9923623688407632,1.000461967574217,0.9955275016763776,0.991989129291019,1.000514288905289,0.9948027333607385,0.9917572071411378,1.000222948451693,0.9943841114643915,0.9919412923755268,0.9991794405686457,0.9941220025255546,0.9916253141385024,0.9989713148030624,0.9937713146102739,0.9919502114088692,0.9982932901493712,0.9938842457584969,0.990883669626337,0.9997978538470738,0.9937127333703357,0.9908977820981367,0.999796958068455,0.9935577875562771,0.9896970530386707,0.9991836932052134,0.995526496701478,0.9916903462160211,1.0003910798860798,0.9954878878185884,0.9919891580622768,1.0006379863314903,0.9935584891721899,0.9894443661480395,0.9990782468909559,0.993558445721503,0.9892414197049654,0.9990331900380702,0.9934470648703544,0.9880712330645212,0.9989545371772341,0.9934388885264286,0.9883065962527469,0.9988157642770614,0.9934337974629724,0.9878219707948694,0.9989466871745445,0.9934422198191102,0.9918028850004108,0.9976024343126828,0.9932758790348702,0.9916524444370439,0.9973676864612971,0.9934595988134951,0.9918029361379767,0.9973066636508836,0.9936427525632696,0.9919531343948785,0.9980282413432269,0.9936326912092048,0.9922433055489874,0.9980311062330084,0.9927065089288687,0.991623225485801,0.9966713876032216,0.9926917840687993,0.9916232454575509,0.9965944601428568,0.9926958691505261,0.9919875417330392,0.9964954517424126,0.992311082436385,0.9910170844208444,0.9962169390177192,0.9922381279911267,0.9910171741234667,0.996220477798488,0.9923241353431212,0.991017104379951,0.9960511102803615,0.9926640145870507,0.9910866486871138,0.9997799064214667,0.9939833062438751,0.9913904158316845,0.9987844695856094,0.9927485765199447,0.9914747049566587,0.9969423199728803,0.9922439377828525,0.9911483475664383,0.9966204822553065,0.9924190530740539,0.9910167431005493,0.9964285307167584,0.99381233222399,0.9912329946747511,0.9986089875464361,0.9940044986889561,0.991295663543214,0.9987888841066688,1.0007837907787707,0.9969810754011973,1.0045817330160214,262.0
0.9999972894255822,0.9999967085077957,0.9999978459248655,0.9821970022456065,0.9783456153715995,0.985843766630399,0.9972254726492387,0.993489104444696,1.0015571347692134,0.9954058939577954,0.9920251907995251,1.0001971113445944,0.995338136461339,0.9916522344530396,1.0002542415500995,0.9946149163609913,0.9914222410059002,0.9999642586253698,0.994203411994448,0.9916030313049173,0.9989274268302277,0.9939422558005949,0.9912871055560853,0.9987214308484288,0.9935925873462451,0.9916099106519124,0.9980490676024394,0.9936987949738886,0.9905519002068726,0.9995446219528654,0.9935275967724652,0.9905664280122269,0.9995437712799786,0.9933745010184976,0.98936778461062,0.9989386054398053,0.995337121570634,0.9913536779826134,1.000130703874442,0.9952981573617101,0.9916522632145283,1.0003810706972929,0.9933751805237303,0.9891151040807141,0.9988329277317256,0.9933751265216054,0.9889121136401738,0.998787655228069,0.9932621456942736,0.9877478349461706,0.9987163677053903,0.9932540054760597,0.987983209792362,0.9985783558511738,0.9932486595951645,0.987499336944285,0.99870929832722,0.9932628785722414,0.9914609577822655,0.997362524961207,0.9930959422714001,0.9913095705823645,0.9971299669668484,0.9932804314383656,0.9914610089021944,0.9970677447921035,0.9934637812139498,0.9916121538918221,0.997785543309366,0.9934536792287456,0.99190206122952,0.9977877535511105,0.9925239048069376,0.9912802378406719,0.9964377711172965,0.9925084937461237,0.991280257805511,0.9963611256092372,0.9925132431832273,0.9916436110835157,0.996261068343615,0.9921331306563864,0.99067588397427,0.9959898707614595,0.9920598257652277,0.9906759736460069,0.9959941284379511,0.9921470664731974,0.9906759039265042,0.9958252300437033,0.9924808651929068,0.9907575205737748,0.9995266320292441,0.9938046505493117,0.9910523460884334,0.9985351061211297,0.9925677649720444,0.9911321006847182,0.9967082822265404,0.9920638479163532,0.9908062960951463,0.9963895278705027,0.9922402430607423,0.9906755427714957,0.996199492948907,0.9936343680132299,0.9908955964136408,0.9983603151454893,0.9938261478942961,0.9909568914504396,0.9985395545531401,1.0005997005752547,0.9966760634414088,1.0043185999744946,263.0
0.9999972354376305,0.9999966630095455,0.9999977932203101,0.9818389362711419,0.9780445855426957,0.9854959557826088,0.9968259879838681,0.9931508380883727,1.0011561683487271,0.9950059707471459,0.9916857628285702,0.9998045147802427,0.9949382509357643,0.9913127408453717,0.9998639578025894,0.9942153032042522,0.9910855574635139,0.9995766132655469,0.9938000171131642,0.9912584093743453,0.9985335070319923,0.9935386310694327,0.9909420559833639,0.9983282469238389,0.9931848895496339,0.9912607795920286,0.9976527515506304,0.9932991819809095,0.9902191867336566,0.9991614308121647,0.9931278953393415,0.990234190617414,0.9991606513606082,0.9929759167455386,0.9890389557121899,0.9985618645094917,0.9949371145699655,0.9910141318890249,0.999739299852591,0.9948983867712609,0.9913127695970104,0.9999930147676762,0.9929766166658965,0.9887867238263903,0.9984566139919028,0.9929765729092352,0.9885841406507072,0.9984116428364286,0.9928628121722658,0.9874266078389913,0.9983467475229796,0.9928547881857277,0.9876635050672421,0.9982116698726051,0.9928492100139382,0.9871788613390283,0.9983401421518389,0.9928494325028698,0.9911081931262798,0.9969634719423432,0.9926787489472383,0.9909546754037927,0.9967293975510938,0.9928673937747828,0.991108244228019,0.9966688344563802,0.9930538591791972,0.9912615194385953,0.9973879719930843,0.9930436922315905,0.991550910365875,0.9973891950305258,0.9920984591531252,0.990924473801073,0.9960313281496863,0.9920821460973662,0.9909244937587501,0.9959535254595161,0.9920878013011223,0.9912873939718176,0.9958546540648499,0.9917079986741648,0.9903212525448057,0.9955852616852918,0.9916342603957106,0.990321342184483,0.9955895897300869,0.9917227127247151,0.9903212724899054,0.9954205243897291,0.9920806706062235,0.990427265022294,0.9991434228155959,0.9934013123638659,0.9907070666600027,0.9981419952356495,0.9921446638241397,0.9907765208601436,0.9963048365405952,0.9916372854265547,0.9904500735717771,0.9959855717203713,0.9918148045559967,0.9903209114640201,0.9957951586973479,0.9932311497439629,0.9905504263067384,0.9979672939549286,0.9934230774011208,0.9906109270263972,0.998146476120656,1.000234772050389,0.9963692633945033,1.0039641067663843,264.0
0.9999971748680268,0.9999966290159187,0.999997727357855,0.9814357787927771,0.9778193815291396,0.9850616521957809,0.996383708978254,0.9928991162612091,1.0006523414865949,0.9945579472186988,0.9914369643200026,0.9992952040634043,0.9944902009167382,0.9910632082061008,0.9993544367462651,0.9937662421174324,0.9908392186661815,0.9990673476729631,0.9933456530467357,0.9910092299849309,0.998014506645476,0.9930839654655431,0.9906925225805064,0.9978095686680174,0.9927272482061281,0.9910124306172663,0.9971250135043422,0.9928475805359267,0.9899764009956277,0.9986500178273879,0.9926762848145451,0.9899922987251418,0.9986492493255068,0.9925215767066963,0.9887972582397233,0.998047135882028,0.9944888391050191,0.990764011922648,0.9992275165738188,0.9944504907891147,0.9910632369504944,0.9994850641029541,0.9925223130878237,0.9885457295601219,0.9979425692970578,0.9925222875100052,0.988343787482755,0.9978980837423003,0.9924071563152878,0.9871835838816907,0.9978237167236482,0.9923991217369579,0.9874197568243924,0.9976883413954685,0.9923933842527567,0.986935777604933,0.9978160744522917,0.9923861971394038,0.9908612316480856,0.996428595927895,0.9922123952698719,0.990708824508153,0.9961911177216659,0.992403816891102,0.9908612827371039,0.9961330559937336,0.9925940339680449,0.9910134468500724,0.9968570114626363,0.992583712430747,0.9913015831921106,0.9968559089091156,0.9916217599111719,0.9906821906358038,0.9954812090373198,0.9916036568860014,0.9906822105886164,0.995400970132483,0.9916111543025704,0.9910455724760271,0.995305950413613,0.9912352719210379,0.9900847554706804,0.9950357598308818,0.9911610643639538,0.9900848450890567,0.9950398182456234,0.9912510546114208,0.9900847754110406,0.9948704617742012,0.9916290670081721,0.9901897928275677,0.9986318288377538,0.9929466895029665,0.9904573155193578,0.9976232702914886,0.9916725988957877,0.9905340499645259,0.9957604770936777,0.9911626841925044,0.9902114112152557,0.9954387660906654,0.9913416479961525,0.9900844144709433,0.9952469338778939,0.9927765578961247,0.9903006426521582,0.9974485098725164,0.9929688981419609,0.9903608015706729,0.997627771486102,0.9998239192350568,0.9961397490825556,1.0035214426305905,265.0
0.9999971094634976,0.9999965953920341,0.999997671586403,0.9810019544118227,0.977596457008819,0.9846945184441701,0.995899117502876,0.9926509441077782,1.000220430521498,0.9940637482494807,0.9911913520656331,0.9988584885927436,0.9939947232732959,0.9908183919022044,0.9989179379977912,0.9932694850911593,0.9905960431182982,0.9986312897919603,0.9928435734053611,0.9907627088266902,0.9975666679679595,0.9925823299503197,0.9904454128750759,0.997362519002254,0.9922196867530775,0.9907668641372784,0.9966668882398383,0.9923480447314963,0.9897367478503887,0.9982139465155871,0.992176360931448,0.9897530498831147,0.9982131464490112,0.9920206114153324,0.9885614274271762,0.9976111791517013,0.9939931319971184,0.9905198323911041,0.9987901427196485,0.9939544186947227,0.9908184206394899,0.999049351458529,0.9920213685345992,0.9883106928376986,0.9975071479257015,0.9920213536983166,0.9881094343270423,0.9974629927814168,0.9919056124509673,0.9869527507582883,0.9973862269393495,0.991897542806452,0.9871878067382551,0.9972499308020144,0.9918917705151258,0.9867057722088293,0.9973785283170392,0.9918738581942251,0.9906167787736656,0.9959627967102648,0.9916973500194385,0.990465167099393,0.9957213364401339,0.9918912908961826,0.9906168298500931,0.9956663311002426,0.9920846209368162,0.9907681980487517,0.9963957434852551,0.9920742341581235,0.9910557944073093,0.9963937089115172,0.9910986702022359,0.9904410213758096,0.9949981566351528,0.991079389206193,0.9904410413237787,0.9949157030493838,0.9910880246470526,0.9908031081732757,0.9948218906610512,0.9907141876584082,0.9898496108748362,0.9945526253364182,0.9906402131446943,0.9898497004720317,0.9945566324666775,0.9907304651184069,0.9898496308104837,0.9943862184111314,0.9911270910710748,0.9899524287539619,0.9981956344162203,0.9924449002777578,0.9902098146283144,0.9971761423001864,0.9911525898934391,0.9902934070931374,0.995283592257827,0.9906399540804944,0.9899745418375437,0.9949589310549682,0.9908201556092711,0.9898492699556936,0.9947653912798221,0.9922747394315602,0.9900530889269169,0.9970012681081574,0.9924671143346717,0.9901123196990668,0.9971806865080239,0.9993817856891611,0.9959125627346291,1.0031472229969167,266.0
0.99999705527562,0.9999965721578871,0.9999976231906572,0.9806418719231973,0.9774420109090594,0.9843757902443931,0.9955010239172923,0.9924810424475535,0.9998467008130546,0.9936663874182791,0.9910275303084438,0.9984814916472332,0.9935999843101306,0.9906544919344833,0.998542228381802,0.9928702166434971,0.9904342546069893,0.9982544422670314,0.9924474366064814,0.9906027284180438,0.9971815929511055,0.9921859626386078,0.9902846481347118,0.9969779736209401,0.9918283103935812,0.9906128597097563,0.9962756605806928,0.9919457011383096,0.9895778955528908,0.9978356685566729,0.9917736109840275,0.9895944987228227,0.9978348458402281,0.9916163395425105,0.9884060013112994,0.9972307361751311,0.9935980990771418,0.9903558698228423,0.9984122360507202,0.993561474212846,0.9906545206670055,0.998676061728297,0.9916171267482454,0.9881563327638045,0.9971274699699182,0.9916171273667775,0.9879559961552821,0.9970838003032989,0.9915001291965365,0.9867996925023208,0.9969983269499206,0.9914919656601684,0.9870326019466622,0.9968595820699554,0.9914861441224339,0.986553360585495,0.9969900402611657,0.991484476611115,0.9904682768937668,0.9955663944449307,0.9913085137116368,0.9903201757804713,0.9953220073651371,0.9915032475071799,0.9904683279625555,0.9952701631270876,0.9916939950604436,0.9906161852396715,0.9960022980485894,0.9916835310832274,0.9909031730373411,0.9959991536315898,0.9907101265236355,0.9902997045961753,0.9945911797752396,0.9906914172661,0.9902997245413154,0.9945078570976662,0.9906994450275212,0.9906606721483554,0.9944140227090077,0.9903246594924512,0.9897170289538804,0.9941426134467176,0.9902501996791301,0.9897171185391915,0.9941462792685494,0.9903419274694837,0.9897170488868848,0.9939756023328022,0.9907219061482295,0.9897946887253245,0.9978172845495232,0.9920484031658579,0.990048525128102,0.9967916481541413,0.9907625755818226,0.9901525452058593,0.9948792367717938,0.9902482036967105,0.989838682754086,0.9945518975237105,0.9904303029274031,0.989716688079958,0.9943567608544774,0.9918783787652425,0.9898918938591972,0.9966168159765518,0.9920704838621269,0.9899498690377566,0.9967962422762976,0.9990148221957417,0.9957551738072715,1.0028223467812025,267.0
0.9999970105412204,0.9999965525095736,0.9999975898266583,0.9803456159841091,0.9773116311352337,0.984156462624407,0.9951676835131202,0.9923364915339133,0.9995854104656541,0.9933318209391467,0.9908878558336958,0.9982210103647953,0.9932689556734415,0.9905161880681864,0.9982849769030134,0.9925345314464636,0.9902975833949035,0.9979942649088582,0.9921091031095695,0.9904623643987509,0.9969161532591845,0.9918460148387471,0.9901427389767044,0.996711947282224,0.9914895854648114,0.990474440906778,0.9960066195520121,0.9916094518108588,0.9894455591556696,0.9975746234638833,0.9914372922332508,0.9894627630689871,0.9975737960762107,0.9912802882747127,0.9882773526742523,0.9969682988621359,0.9932670200377193,0.9902186624274513,0.9981537418641909,0.9932326070998886,0.9905162167966921,0.9984216797050046,0.9912810264164899,0.9880282827108376,0.9968646579006122,0.9912810041645562,0.9878283160812068,0.9968205192597775,0.9911623471150273,0.9866752544425242,0.9967292566463789,0.9911541578063646,0.9869072903884247,0.9965898256517262,0.9911481403775863,0.9864296084024505,0.9967202104759181,0.9911462993663188,0.9903315115174567,0.9952947585818189,0.9909695679049146,0.9901844155843812,0.9950484096077141,0.9911670262071549,0.9903315625792062,0.994999474733925,0.9913554816098309,0.9904784144219146,0.9957322932507475,0.9913450240007476,0.9907654604130975,0.9957293153997765,0.9903703286686755,0.9901660866922136,0.9943126339058792,0.9903521187590656,0.9901661066346743,0.9942287931107285,0.9903596371339477,0.9905264877694062,0.9941352407824013,0.9899801808996149,0.9895876296934217,0.9938608287836365,0.9899054216554465,0.989587719267098,0.993864384396738,0.9899975008407366,0.9895876496238378,0.9936929674301647,0.99038564610292,0.9896661603824987,0.9975561017631815,0.991707920917,0.989905651222289,0.9965252592535135,0.9904214844136611,0.9900191575228983,0.9946021337193165,0.9899041791439926,0.9897081608918322,0.9942725851064693,0.99008631228022,0.9895872888637692,0.9940761738401074,0.991537370158765,0.9897485041917706,0.9963498727958625,0.9917297599955698,0.989805699258829,0.9965299081850432,0.9987128848744905,0.9956223043312603,1.0025987750832215,268.0
0.9999969916285587,0.9999965375293555,0.9999975657524287,0.980219627434221,0.9772124109881556,0.9839973806493224,0.9950311822840966,0.9922252083236112,0.9994037152374182,0.9931939008813739,0.9907827483843624,0.9980445370744051,0.9931310644352296,0.9904127178461957,0.9981098425903893,0.9923950998123575,0.9901951317002148,0.9978192394089785,0.9919701686937978,0.9903585310959049,0.9967384829297443,0.9917077995420853,0.9900389707763922,0.996535284281387,0.9913489830938927,0.9903717884675638,0.9958262736572595,0.9914675983879453,0.9893469398245307,0.9973993975946158,0.9912952670201625,0.9893642687660225,0.9973984683805839,0.991135884336877,0.9881840322752438,0.9967931794124865,0.9931291097132966,0.9901165019702788,0.997977469081071,0.9930947484079964,0.9904127465716982,0.9982482021221165,0.9911365647022049,0.9879356206491445,0.9966891122324627,0.9911365154366627,0.9877360509308145,0.9966444434763011,0.9910139806284913,0.9865897912888126,0.9965503058245005,0.9910058238220902,0.9868220708695971,0.996411677170019,0.9909992519032106,0.9863451305915425,0.9965406295365072,0.9910064633186684,0.9902299929289845,0.9951129560212004,0.990830363896712,0.9900836372273799,0.9948658163284042,0.9910269130107727,0.9902300439855007,0.9948175178780327,0.991215170738389,0.9903761555758757,0.9955513360765638,0.9912046984742714,0.9906629943619152,0.9955481093156799,0.9902318747757557,0.9900664872753446,0.994126439184833,0.9902137780284358,0.9900665072158024,0.9940423075233661,0.9902210561467748,0.9904242496473323,0.9939456852142334,0.9898415933825994,0.9894901562984656,0.9936766823053388,0.9897660987468416,0.9894902458633514,0.9936801041798555,0.9898601322400763,0.9894901762269259,0.9935092151407541,0.9902428104485012,0.9895681693463636,0.997380744875981,0.9915701510376734,0.9898019528263693,0.9963488243709668,0.9902827883414883,0.9899206307247549,0.9944180603453949,0.9897656003720737,0.9896128048575528,0.9940882644195432,0.9899471433082097,0.9894898155022608,0.9938920072618032,0.9913999563730184,0.9896451327234075,0.9961737504945808,0.9915923039175666,0.9897015412783258,0.9963534963435547,0.9985844958523462,0.9955211833098284,1.0024366410027004,269.0
0.999996972689659,0.9999965262658304,0.9999975628953702,0.9800953971838059,0.9771376084531596,0.9839789706851823,0.9948848500519827,0.9921428217279886,0.9993774227407469,0.9930449719304814,0.9907047618992453,0.9980289834342813,0.9929826103665149,0.9903365215902873,0.9980964787608814,0.9922440108418917,0.9901211581447298,0.9978060116482413,0.9918190134888795,0.9902772977143307,0.9967261727582075,0.9915557593302908,0.9899556739920446,0.9965233071712657,0.9911942915480649,0.9902895599459371,0.9958151276015055,0.9913166529420816,0.9892787595439883,0.997388559144032,0.9911444651122964,0.9892964780494077,0.9973876017795306,0.9909846104906122,0.9881224979419326,0.9967860172446271,0.9929806212221258,0.990041737885171,0.9979631406374856,0.9929466062082523,0.9903365503135781,0.9982368750706515,0.9909852179262852,0.9878747489926247,0.9966813537900737,0.9909851343931811,0.9876755528037053,0.9966359979374914,0.9908584614716536,0.9865394942768478,0.9965433235365111,0.9908503509072092,0.9867723108503342,0.996405857306213,0.9908431716976408,0.9862962138398987,0.9965334829557282,0.9908500773394329,0.9901468455896469,0.9951024975693824,0.990672925558871,0.9899999028480314,0.9948555025760216,0.9908704470079858,0.9901468966418717,0.9948073572852356,0.9910598330608648,0.9902935953013402,0.9955405314141915,0.991049387253701,0.9905805395191941,0.9955376799809909,0.990072367573723,0.989983157645299,0.9941164399130776,0.9900542753894453,0.9899831775840776,0.9940323927922666,0.9900615474968791,0.9903406437280944,0.9939356095314251,0.9896770083216565,0.9894065592989524,0.9936660521633108,0.9896008883616484,0.9894066488562749,0.993669558472977,0.9896951755116942,0.9894065792257292,0.9934983401504743,0.9900929929673051,0.9895021177615362,0.9973698172029318,0.9914176709359939,0.9897173873334464,0.9963366268349856,0.990123269884672,0.9898374133903431,0.9944078722815817,0.98960369013735,0.9895302540821374,0.9940778117150542,0.9897836203494587,0.9894062185315265,0.9938814971566272,0.9912470410397498,0.9895601874513388,0.9961611434330933,0.9914396030100301,0.9896157631752378,0.9963413500477838,0.9984578599741446,0.9954449550063824,1.0024178636219137,270.0
0.9999969742083731,0.9999965173449394,0.9999975676067947,0.9801060678124683,0.9770784873381718,0.9840096096838687,0.9948944558539281,0.992076838832182,0.9994163957163252,0.9930614317570621,0.9906436322084843,0.998085697300611,0.9929981355797577,0.9902785437582542,0.9981565339457127,0.9922619282971941,0.9900630412832992,0.9978669845037476,0.9918401568579313,0.990214266767719,0.9967918210394934,0.991576239634731,0.9898916256097362,0.9965895075715392,0.9912174505638057,0.9902254367070222,0.9958872954794027,0.991335868563237,0.989224989505563,0.9974525569503482,0.9911637009343798,0.9892426785307976,0.9974515211834847,0.9910055429980533,0.9880753089223545,0.996854896952071,0.9929961787381779,0.9899862815416163,0.9980237921552727,0.9929615475477672,0.9902785724798653,0.9982984871496917,0.9910060775804831,0.9878282680935301,0.996749686363185,0.9910059598318965,0.9876294811230604,0.9967036781756847,0.9908776537389153,0.9865030479821384,0.9966133633161589,0.9908695280880333,0.9867353050276618,0.9964754146196512,0.9908621393078801,0.9862612563634673,0.9966037464095362,0.9908756426276004,0.9900817402358432,0.9951793293434374,0.9907002112584503,0.9899341795131523,0.9949348901560384,0.9908954374220224,0.9900817912847061,0.9948844747734622,0.991083922644064,0.990229107992611,0.9956145485286045,0.9910734998996708,0.990516118871624,0.9956119671614722,0.9901059314005646,0.9899190542975856,0.9942041759478243,0.9900890188283461,0.9899190742350723,0.9941213667722836,0.9900951935192847,0.9902778163946184,0.9940253805799409,0.9897095650338125,0.9893424432010983,0.9937540564143184,0.98963353465686,0.9893425327526155,0.9937581196753162,0.9897280471464808,0.9893424631265831,0.9935869341544331,0.9901120095559361,0.9894472282283648,0.9974337826800441,0.9914383786074696,0.9896527467489813,0.996403020082415,0.990153732710869,0.9897727912958034,0.9944915627356593,0.9896354357248119,0.9894666283749238,0.9941633681148521,0.989815611171738,0.9893421024557627,0.9939682918727514,0.9912679091409079,0.9894957378406954,0.996227726061411,0.9914600977418045,0.9895499465360801,0.9964077933628417,0.9984687239197454,0.9953847028185444,1.0024491077889677,271.0
0.9999969843419029,0.9999965138377342,0.9999975806253494,0.9801734031759067,0.9770547883661652,0.9840946789224284,0.9949703397811838,0.9920529641425755,0.9995216813031117,0.9931475693074556,0.9906268088107018,0.9982121789809355,0.9930850569875653,0.9902648480709607,0.9982874619724027,0.992349731945597,0.9900496147026432,0.9979997189068743,0.9919332076968205,0.9901985752462823,0.9969280724140398,0.9916698937085963,0.9898754700807498,0.9967268132003964,0.9913131806467449,0.9902103953981524,0.9960299948606052,0.991425168444786,0.9892164672276348,0.9975910723556461,0.991252972340226,0.9892339583089946,0.9975900324249439,0.9910968632127577,0.9880751349249082,0.9970020725324612,0.9930831807289269,0.9899750880168632,0.9981552644254614,0.9930488800755164,0.990264876792176,0.9984316741495423,0.99109738251638,0.9878292975295938,0.9968972296059714,0.9910972585522984,0.9876314494312274,0.9968513100930626,0.9909688007916675,0.9865166023720287,0.9967671738337314,0.9909606659091403,0.9867484130092694,0.9966288868296372,0.9909532651618882,0.9862766715654998,0.996758472004517,0.9909749440805654,0.9900672359583682,0.9953267040225631,0.9908021112132396,0.9899199954676428,0.9950848167996615,0.9909938502797173,0.9900672870064705,0.9950320970364965,0.991181030896633,0.9902142837333642,0.995759092476152,0.991170628780908,0.9905013462197626,0.9957567371258058,0.990214765154281,0.9899063355177115,0.9943613655805801,0.9901988388575321,0.9899063554549358,0.9942799008313353,0.9902039773279794,0.9902639533487049,0.9941811326969167,0.9898188675508944,0.9893319069380282,0.9939136132179867,0.9897429247088245,0.9893319964885662,0.9939183108296751,0.9898375117653587,0.9893319268632952,0.9937472086220344,0.9902006966712291,0.9894361406539774,0.997572392817872,0.9915324922354036,0.989636390448857,0.996540448634521,0.990260021602044,0.9897605376226422,0.9946458404910545,0.9897443016700656,0.9894568418232076,0.9943198932592127,0.9899244639371997,0.9893315661964182,0.9941263555905057,0.9913621017354115,0.9894794952022276,0.9963652765842843,0.9915543471668663,0.9895329404505305,0.9965452517425462,0.9985373486684115,0.9953605629018178,1.0025358421915616,272.0
0.999996996486773,0.9999965141876018,0.9999975919155135,0.9802544022535413,0.9770571949586613,0.98416873204566,0.9950593582220115,0.9920549572848918,0.9996104387584748,0.9932457783566155,0.9906348778026048,0.9983189073514032,0.9931812929999239,0.9902762059601649,0.9983973972128597,0.9924491554880787,0.9900602690239068,0.9981100999528517,0.9920404638022311,0.9902067233687303,0.9970446573396118,0.9917784467802209,0.9898833579862026,0.9968450746724719,0.9914236314337544,0.9902173855298705,0.9961525863627011,0.9915262389391448,0.989230848855177,0.997703932833488,0.9913541868711973,0.9892482649868082,0.9977028392489578,0.9911993580616438,0.9880952329092977,0.9971188224176943,0.9931794193080046,0.989989077017701,0.9982662405626821,0.9931439314470033,0.990276234681716,0.9985427522467035,0.9911998558068071,0.987850506390489,0.997014223847641,0.9911997225371771,0.9876535062331823,0.9969682983689934,0.991071168072509,0.9865438693274113,0.9968819006409297,0.9910630289067172,0.9867752916011452,0.9967434052872679,0.9910556164120442,0.9863049337438445,0.9968729647441658,0.9910881051358272,0.9900737631095793,0.9954539806708138,0.9909170086845512,0.9899264452684846,0.9952148849708159,0.9911067250765522,0.990073814158002,0.99516004634613,0.9912925017668985,0.9902208884523147,0.9958831135858826,0.9912819887201479,0.9905069410566969,0.995878943024448,0.9903330084299602,0.9899132435085903,0.9944993344176271,0.9903174119170728,0.9899132634459461,0.9944188626435818,0.9903222695913474,0.9902715697024549,0.9943202737953604,0.9899388895588108,0.9893381375931072,0.994054398112374,0.9898626133933376,0.989338227144168,0.9940595387684183,0.9899580768622612,0.9893381575184905,0.9938890428307259,0.9903025900380772,0.9894493869164482,0.9976852503636782,0.9916417205664406,0.9896441938169487,0.9966590499520047,0.9903773867226465,0.9897671575928955,0.9947807513389161,0.9898636171726299,0.9894635141380456,0.9944574195893543,0.9900439849115084,0.9893377968495078,0.9942655245159463,0.9914717404016655,0.9894877182475469,0.9964843008456661,0.9916634865463012,0.9895398173454971,0.9966638932750668,0.998619892181245,0.995363012182979,1.0026113318754326,273.0
0.9999970068185983,0.999996518597231,0.9999976047434042,0.9803231708685035,0.9770860651635719,0.9842530404901834,0.995135795139214,0.9920887788652138,0.9997101484798186,0.9933261735986109,0.9906765638121797,0.9984340655518259,0.9932599632152465,0.9903205385415125,0.9985146278148411,0.992529519066043,0.9901047264012328,0.9982280901969821,0.9921251917922561,0.990250936014764,0.9971685220218861,0.9918627572873149,0.9899260550981069,0.9969694075248049,0.9915103144708641,0.9902649996477704,0.9962819561070467,0.9916082784807733,0.9892793027014581,0.9978243058401755,0.9914364525676087,0.9892967857093802,0.9978232302097668,0.9912824792624552,0.9881490662392709,0.9972425444936251,0.9932581572789828,0.9900355268423864,0.9983837353323219,0.9932215168311065,0.9903205672643507,0.9986610276644552,0.9912829288076612,0.9879051828379083,0.9971377426240903,0.9912827732387833,0.9877087548516438,0.9970914541323478,0.9911522817603654,0.9866051532799259,0.9970032811163024,0.9911441897055034,0.9868371186462509,0.9968659350891624,0.9911364607593973,0.9863671026740235,0.9969938550296618,0.9911778355096028,0.9901244342257789,0.9955876190144705,0.991008540720447,0.9899790394066132,0.9953507391236114,0.9911963950011017,0.990124485276808,0.9952944360819554,0.9913803527853539,0.9902696367481362,0.9960140515816112,0.9913698188696954,0.9905554871015214,0.9960095229059712,0.9904290497063973,0.989969729435391,0.9946429958988549,0.990414173175714,0.9899697493738839,0.9945637321929416,0.9904183893092947,0.9903293246938947,0.9944659179217002,0.9900326603086144,0.9893975458714548,0.9941969824275579,0.9899555550208435,0.989397635427885,0.9942022827627485,0.9900516173004189,0.989397565798034,0.9940321178815431,0.9903858529351324,0.9894972025888719,0.9978056813880868,0.9917260016164906,0.9896860189096948,0.9967832496693222,0.9904715233707004,0.9898231275404562,0.9949204663286112,0.9899593706837987,0.989523077179907,0.9945982998901858,0.9901386712480805,0.9893972051074252,0.9944072602912544,0.9915557076820176,0.9895292619301864,0.9966082285116565,0.9917476936208098,0.9895807971914999,0.9967881296185807,0.9986899765123247,0.9953924424507763,1.0026972715519464,274.0
0.9999970246947905,0.9999965222977079,0.99999761642797,0.9804405687481476,0.977109867449721,0.9843289599753869,0.9952748820801582,0.9921193194335715,0.9998087866536122,0.9934782037383605,0.9907144670026552,0.9985509916393529,0.9934130192913372,0.9903594332635017,0.9986328978702224,0.9926797734407274,0.9901447358715517,0.9983476919778338,0.9922944635528693,0.9902927619322031,0.9972999484887158,0.9920337978358813,0.9899681728745958,0.9971025446354852,0.991691259913062,0.990310486933991,0.9964258321688975,0.9917572045350314,0.9893223501688381,0.9979461712480137,0.9915853454067645,0.9893395526314154,0.997945129309751,0.9914290072485961,0.9881980434078987,0.997367445376411,0.9934112288375955,0.9900752147798366,0.99850054878971,0.9933751778438529,0.9903594619874633,0.9987811961179206,0.9914294389939561,0.9879551752641925,0.9972628906922416,0.9914292758243266,0.9877595253284027,0.9972166185573211,0.9912986387521572,0.9866627031895417,0.9971294137645726,0.9912905943035735,0.986895193271526,0.9969932059783957,0.9912827878694288,0.986425687123044,0.9971199657760303,0.9913651424450284,0.9901724689470386,0.9957381963491144,0.9911996749385229,0.9900284014029392,0.9955045455169207,0.9913836260544971,0.9901725200005496,0.9954456875306622,0.9915637754590626,0.9903163443177486,0.996160965590276,0.9915533892011636,0.9906033667290344,0.9961586815802888,0.9906260256463332,0.9900211696199565,0.9948050768945474,0.9906111311835973,0.9900211895594883,0.9947264202342125,0.9906154634036706,0.9903824346235165,0.9946304610553169,0.9902386830329803,0.9894492981920557,0.994364066324006,0.9901614820384106,0.989449387753176,0.9943697891546741,0.990259387769538,0.9894493181196792,0.9942009333044405,0.9905342484249832,0.9895372933450606,0.9979276906546561,0.9918978228476891,0.9897283975903086,0.9969167206240493,0.990668505394368,0.9898738888782127,0.995079968859123,0.9901614013762908,0.9895750840367709,0.9947611370913698,0.9903425720453154,0.9894489574101799,0.9945722281390765,0.9917279727682667,0.9895720813333703,0.9967421540467113,0.991920011273765,0.9896232245421674,0.9969216028720067,0.9988096486700676,0.9954167193324172,1.002774692063406,275.0
0.9999970391853802,0.9999965193969717,0.9999976249835563,0.9805364190689122,0.9770907032455072,0.9843846079878361,0.9953842518633504,0.9920976822203857,0.9998808459489736,0.9935941764447822,0.9906948769718783,0.9986386516813529,0.9935282234812643,0.990340290629765,0.9987195209685801,0.9927976941222588,0.9901276432584873,0.9984409718714264,0.9924143556543767,0.9902702447043716,0.9973966824089567,0.992153009939216,0.9899450924178965,0.9971992921815543,0.9918126102430356,0.9902855013742878,0.9965301314148156,0.991877341495796,0.9893088643941456,0.9980454422741363,0.9917053620911221,0.9893256606209837,0.9980443761659913,0.991552635408711,0.9881920666018089,0.9974758307348717,0.9935265012316323,0.9900564300801129,0.9985851500241387,0.9934898704730574,0.9903403193531685,0.9988687131450849,0.9915530476207711,0.9879500949065932,0.9973714596365756,0.9915528759124645,0.9877551245516825,0.9973251698095876,0.9914222694819459,0.986670247125722,0.9972468559745357,0.9914142248363335,0.9869023431147804,0.9971105165323022,0.9914064189116254,0.9864350569749347,0.9972386070628269,0.9914882612109303,0.9901448641823904,0.9958474142017156,0.9913238157514888,0.9899990004848589,0.9956160642021651,0.9915066755161507,0.9901449152344721,0.9955554429702203,0.9916858322171573,0.9902905357954014,0.9962675378208017,0.9916755719288052,0.9905784569137565,0.9962671119858533,0.990753238364694,0.9899895477682173,0.9949231011187869,0.9907388015019958,0.9899895677071073,0.9948452027483093,0.9907427324238779,0.9903517199157178,0.9947498418834847,0.9903672671399498,0.9894129071927034,0.9944848070085314,0.9902896019988267,0.9894129967504955,0.9944906725079398,0.9903892153649482,0.9894129271195851,0.9943229269517573,0.9906533625156365,0.9895203986179323,0.9980270582097782,0.992017247445039,0.9897050292560103,0.9970134422353075,0.9907945049370874,0.989841898247541,0.9951954703388811,0.9902884656398183,0.9895399440682235,0.9948790581318582,0.9904700390399549,0.9894125664234897,0.994691598723735,0.9918472867598025,0.9895486262157024,0.9968388167155748,0.9920398216307365,0.9895998147438366,0.9970183297864724,0.9989073393027796,0.9953971872874124,1.002831439157312,276.0
0.9999970372536651,0.9999965180829424,0.9999976342820743,0.9805246156066912,0.9770817392797637,0.9844461497601908,0.9953656121614699,0.9920890216378189,0.9999496671541915,0.9935807328034074,0.9906916822268722,0.9987199485669024,0.9935134965188012,0.9903386841560368,0.9988008210068188,0.9927856202891783,0.9901281765200016,0.9985258354735136,0.9924057966717075,0.990266526473475,0.9974852745115566,0.9921454522991501,0.9899416545334877,0.997288680209858,0.9918054687691936,0.9902809190491029,0.996624409245058,0.9918679052580572,0.9893147810729541,0.9981342512095197,0.9916962700522846,0.9893319109980937,0.9981331217480306,0.9915454900995607,0.9882040580860093,0.9975709572966475,0.99351192732517,0.9900560942369718,0.9986659054621728,0.9934742592558317,0.9903387128793909,0.9989504232247981,0.9915458699728343,0.9879627698848317,0.9974664999135208,0.9915456834199319,0.987768280879187,0.9974199887022857,0.9914158692567799,0.9866931213855565,0.9973487591190752,0.9914078103705098,0.9869245627144535,0.9972119605499179,0.9914001180886373,0.9864594540921449,0.9973414641952751,0.9914806902962522,0.9901389061611755,0.9959438525314559,0.9913162918311672,0.9899919551497904,0.9957132658958036,0.9914984237067559,0.9901389572129475,0.9956518192230924,0.9916785596088296,0.9902856652045093,0.9963631565803531,0.9916684641099276,0.9905747599958854,0.9963652169046896,0.9907479764008631,0.9899815319180751,0.9950227495975028,0.9907341456081917,0.9899815518567999,0.994945512419995,0.9907374237865144,0.9903426669831833,0.9948482068119264,0.9903579480724114,0.9894049248249799,0.994583796313622,0.9902799094066589,0.9894050143820339,0.9945897442810503,0.9903794691042813,0.9894049447516968,0.9944218653579514,0.9906462343468282,0.9895282666960558,0.998115753016674,0.9920101530491481,0.9897018344394165,0.9971028332263745,0.9907876858478025,0.9898343039423796,0.9952939208854955,0.9902807837935543,0.9895319568928863,0.9949777751047523,0.9904615307769595,0.9894045840585775,0.9947904501969188,0.9918402134973763,0.989545487832624,0.9969282396389758,0.9920328982136823,0.9895963212005255,0.9971077351607814,0.9988952911851439,0.995388058323699,1.0028941596539678,277.0
0.9999970340847796,0.9999965127320987,0.9999976386912209,0.9805046547751678,0.9770464348868341,0.9844754033216824,0.9953375239113367,0.9920488695097992,0.9999814368711687,0.9935560096106283,0.9906533931576714,0.9987595660568058,0.993489580559788,0.9903019348259983,0.9988419141682544,0.992761105958244,0.9900925666908299,0.9985681597417447,0.9923835435838527,0.9902247818456625,0.997527069143261,0.9921222565109186,0.9898989927909806,0.9973293635757309,0.9917850996500134,0.9902361317987504,0.996669596783842,0.9918430390111446,0.9892830404314878,0.9981789930279085,0.9916714979145073,0.9893002898337366,0.9981778899950776,0.9915194945112837,0.9881774589881748,0.9976191274558233,0.9934880860497758,0.9900205767176679,0.9987067989057464,0.9934507721525992,0.9903019635482878,0.9989925512453006,0.991519853121355,0.9879368280919648,0.9975147076916283,0.9915196570030528,0.9877428235626547,0.9974680947012171,0.9913879197413743,0.9866753451066265,0.9973999395622607,0.9913798228272945,0.9869056694272277,0.99726205174828,0.9913719197059858,0.9864430049159251,0.9973932067426698,0.99146115160115,0.9900914669854469,0.9959909011012138,0.9912975286764796,0.989942878348736,0.9957613597150775,0.9914783643002596,0.9900915180347657,0.9956987677830098,0.9916585177609243,0.9902398636758097,0.9964091516142523,0.9916484597087856,0.9905289861024181,0.996411658668579,0.9907323224475034,0.9899298004290218,0.9950736194717918,0.9907190536436508,0.9899298203666992,0.9949968350373878,0.9907217536214079,0.9902904080039248,0.9948985691064999,0.9903439365182662,0.9893494159771958,0.9946371188435945,0.9902657929700076,0.9893495055291958,0.9946431719991171,0.9903666757932523,0.9893494359027868,0.9944760740836341,0.990621932386378,0.9894967001064955,0.9981605252433726,0.9919864690928354,0.9896587025536783,0.997142630612795,0.9907705771700285,0.9897827868494457,0.9953438195986724,0.9902647423469836,0.9894777796734424,0.9950292574584808,0.9904461708855505,0.9893490752300237,0.9948428949871461,0.9918152251101318,0.9895011234792845,0.9969668298603549,0.9920096347443446,0.9895533106888215,0.9971475306134475,0.9988749269949997,0.9953520748804661,1.0029239708642674,278.0
0.9999970335911065,0.999996508438545,0.9999976367797954,0.980501332561922,0.9770180413618091,0.9844625801890657,0.9953344059618219,0.992016914032659,0.9999686516075736,0.9935584089188294,0.9906232145190359,0.9987543858680795,0.9934926260913807,0.990273726884428,0.9988388002100029,0.99276604236264,0.9900646307226879,0.9985659172522073,0.9923876956043108,0.9901916976169911,0.997524097047538,0.9921264239687564,0.9898656973620844,0.9973273849198387,0.9917895326184302,0.9902006458275794,0.996667693172828,0.9918498434501354,0.9892583427291982,0.9981792685731345,0.9916783637741029,0.989275706738532,0.9981781327895121,0.9915288725741948,0.9881569922928048,0.9976233555649275,0.9934911802669408,0.9899939453434264,0.9987042849853561,0.9934541693112159,0.9902737556059009,0.9989902266733462,0.9915292663128542,0.9879173788955402,0.9975198069385488,0.9915290879463915,0.9877242732013563,0.9974737859680742,0.9913986096484808,0.9866603045183038,0.9974055184316141,0.9913905441959746,0.9868907673356367,0.9972683502096531,0.9913827757351661,0.9864286497431656,0.9973988467953188,0.9914641278481029,0.9900538184289294,0.9959885077424222,0.9912994960596349,0.98990386791905,0.9957584179600523,0.9914814893693341,0.9900538694763058,0.9956965761788091,0.9916624014448131,0.9902035770182469,0.9964072017198184,0.9916523965545587,0.9904928507631385,0.9964104013210575,0.9907317611439848,0.9898872470680599,0.9950679542427429,0.9907182003122771,0.9898872670048762,0.9949908949602719,0.9907210935883238,0.9902458345756449,0.9948902519307035,0.9903421646948792,0.9893035238795085,0.9946335238691992,0.9902640869141043,0.9893036134273346,0.9946396734384804,0.9903649053511416,0.9893035438041698,0.9944724089400129,0.9906285677511284,0.9894716588544508,0.9981607852594356,0.991991032017797,0.9896252366970384,0.9971411789924235,0.9907708153586336,0.9897410546300193,0.9953399461719086,0.9902636251544482,0.9894333895252494,0.9950255577059434,0.9904443540273831,0.9893031831482164,0.9948392964137356,0.9918205349292337,0.9894683883137718,0.9969660867762701,0.9920138572996817,0.9895189304653635,0.9971461165149016,0.9988715418258378,0.9953231368579671,1.002910908923593,279.0
0.9999970169672858,0.9999965068201334,0.9999976346447492,0.9803923866524791,0.9770073032467448,0.984449414530778,0.9952047191307407,0.9920050437100516,0.999943991517581,0.9934267307653429,0.9906138495517682,0.9987311307115657,0.9933621886985348,0.9902664272658274,0.9988180648233171,0.9926344016734412,0.9900578506969393,0.9985430597632821,0.9922521341332441,0.9901797447602755,0.9974981159588651,0.99198904680103,0.989852424444561,0.9972995223779786,0.9916525087488433,0.9901874218687506,0.9966410543507052,0.9917192541787996,0.9892552943042549,0.9981568247794844,0.9915480628000115,0.989273136315312,0.9981556501418435,0.9913986850107727,0.9881568944235692,0.9976017216579558,0.9933608213117348,0.9899882980053679,0.9986843839368588,0.9933244179166592,0.9902664559870901,0.9989703770773455,0.9913990606952838,0.9879177849062417,0.9974981548105734,0.9913988741756253,0.987725046127619,0.9974520130924245,0.991269292193165,0.9866643635745693,0.9973837668324124,0.9912612404554888,0.9868946244604697,0.9972468966266986,0.9912535696122313,0.9864332824383105,0.9973770316176508,0.9913250959835064,0.9900394314144534,0.9959605376740618,0.991159151192678,0.9898887416940213,0.9957294985878932,0.9913425866378527,0.9900394824610883,0.9956686174105333,0.9915246152738508,0.990189929164726,0.9963801885138865,0.9915146593106611,0.9904793168420675,0.9963840590694562,0.9905884398457281,0.9898694677779216,0.9950361005425711,0.9905746854872327,0.989869487714378,0.9949586950764898,0.990577729254969,0.9902271201507994,0.9948572911261329,0.9901933892311338,0.9892819513127887,0.994600563712814,0.9901135432230459,0.9892820408586516,0.9946058621479869,0.9902167930696163,0.9892819712370123,0.9944396705248675,0.9905000814087687,0.9894717943034682,0.9981382057612991,0.9918527687696418,0.9896112184879259,0.9971121664905316,0.990628015017037,0.9897236554522382,0.9953094422556817,0.9901177780566027,0.9894136048480501,0.994993995691543,0.990296627002538,0.9892816105889674,0.9948070922719231,0.9916806300504397,0.9894527998070094,0.9969355054305981,0.9918757957796525,0.9895048597406948,0.9971171076426709,0.9987604842467176,0.995312193859231,1.002897457933287,280.0
0.9999970051551474,0.9999965042509765,0.9999976289510535,0.980314611652324,0.9769902388837343,0.984412381291241,0.9951145336378411,0.9919858060896348,0.9998962605271139,0.9933354826091662,0.9905991044169729,0.9986840990629919,0.9932707386128568,0.9902524282492989,0.9987706113723419,0.9925440643523126,0.9900456103570643,0.9984967417217986,0.9921583918088374,0.9901658312735989,0.9974496066262905,0.9918944127013113,0.9898386277615779,0.9972498064076412,0.9915586794219704,0.9901746679598451,0.9965926437521935,0.9916315716647858,0.9892466704097477,0.9981117352662873,0.9914606524745081,0.9892650263973747,0.9981105764469597,0.991313979845882,0.9881509257742113,0.9975583967015005,0.9932694243980492,0.9899748959016353,0.9986363531930754,0.9932328069664947,0.9902524569701507,0.9989231033376827,0.9913143119209088,0.9879120394915246,0.9974543870273879,0.9913141047529705,0.9877193820208636,0.9974077906853086,0.991183184363351,0.9866629389982776,0.9973399014269164,0.9911751960271228,0.9868939365497503,0.9972046232723267,0.9911672688274195,0.986432333873097,0.9973328428617869,0.9912305432234719,0.9900276329192015,0.9959116041532737,0.9910644885652987,0.9898775123034422,0.9956803473215633,0.991247479988234,0.9900276839652365,0.995619167095462,0.9914305182470581,0.9901775613603979,0.9963317186439024,0.9914206144372322,0.9904670392597476,0.9963362805524427,0.9904933233247667,0.9898597722372036,0.9949867137260214,0.9904793445776384,0.9898597921734716,0.9949088731975793,0.9904827281366224,0.9902195226687887,0.9948109612432389,0.9901003097250934,0.9892707769242575,0.9945507693416333,0.9900204207317684,0.9892708664691362,0.9945559818597426,0.9901243332422176,0.9892707968482621,0.9943900102460331,0.9904141973874784,0.9894661398922092,0.9980930401600178,0.9917580067324228,0.9895975580543923,0.9970618629372369,0.990533435358129,0.9897131070192786,0.9952599449389122,0.9900239433660809,0.989403381875319,0.9949443220426617,0.9902029393059482,0.989270436204181,0.9947573884071879,0.9915851102284353,0.9894384111780953,0.9968844650530593,0.9917815090857359,0.989491607439889,0.9970667899246298,0.9986812094240803,0.995294802091375,1.0028596952247626,281.0
0.9999969987172241,0.9999965048646876,0.9999976204413475,0.9802712097271483,0.9769940153702568,0.984356234228222,0.9950700295151104,0.9919915239646903,0.9998315615101566,0.9932890246296365,0.9906074157527844,0.9986189082211442,0.9932234372902647,0.9902627980364075,0.9987067419086372,0.9924980417899529,0.9900559265465447,0.9984333009032912,0.9921092247627061,0.9901735475551697,0.9973779894505845,0.991842634790497,0.9898438261085081,0.99717597379866,0.9915112287961351,0.9901843413661064,0.9965178045225518,0.9915858231662836,0.9892598834952505,0.9980503119225645,0.9914149106932101,0.9892783741578344,0.9980491858973386,0.9912686864296016,0.9881678764282478,0.9974998054391935,0.9932221507531372,0.98998691244092,0.998573751246433,0.9931849789821495,0.9902628267575587,0.9988590758488926,0.9912690326914764,0.987929632677229,0.9973962287086167,0.9912688329181308,0.987737522489685,0.9973498983941899,0.9911388474280984,0.9866859778536747,0.9972849669299962,0.9911309582334661,0.9869184319460241,0.9971522285233616,0.9911230409976368,0.9864559367121443,0.9972779832714066,0.9911831474347124,0.990039636322771,0.9958342704901982,0.9910171490253735,0.9898911931471701,0.9956019309504578,0.9912001253612139,0.9900396873694218,0.9955416663284193,0.9913830682634047,0.9901878872166608,0.9962555759371883,0.9913730662122489,0.9904761772405485,0.9962584602690983,0.9904485024274816,0.989875831335556,0.9949069203618424,0.9904353581454416,0.9898758512721493,0.9948293257964789,0.9904378900855877,0.990235277252647,0.9947307630826603,0.9900515644169146,0.9892917608528163,0.9944668939334624,0.9899713229193255,0.9892918503996126,0.9944718522629272,0.9900750908398361,0.9892917807772483,0.994305501946607,0.9903687159733519,0.9894801696978643,0.9980316226050523,0.9917047629101996,0.9896012337611486,0.9969866623764538,0.990486452002725,0.9897292898904358,0.9951796763112409,0.9899763172872624,0.9894224916204469,0.9948623914805265,0.9901552159548084,0.9892914201254421,0.9946744248465278,0.9915298530291129,0.989440121720535,0.9968073475740694,0.991728468977198,0.9894953501077891,0.9969915881548069,0.9986369911894911,0.9952986580928923,1.0028024682319823,282.0
0.9999969962411378,0.9999965043121185,0.999997612175784,0.9802538618131311,0.9769902373977515,0.984301431007695,0.995055917893437,0.9919881991083443,0.9997707969632897,0.993275601910581,0.9906044708571571,0.9985586821991065,0.9932110410521806,0.9902626659173741,0.9986501059872855,0.9924847791344167,0.9900535538253811,0.9983728816652326,0.992095302317439,0.9901681920745177,0.9973148111831368,0.9918277925757129,0.9898377329318905,0.9971123265561582,0.9914980893216228,0.9901774599868203,0.9964530047399944,0.9915745657849875,0.9892583345316688,0.9979901676759773,0.991403574262579,0.9892767628100919,0.9979889950157794,0.9912609105265993,0.9881679072055746,0.9974402615024119,0.9932098541479665,0.9899890305270941,0.9985193028280441,0.9931731240843222,0.9902626946385256,0.9988029530650894,0.9912612346669046,0.9879299504297021,0.9973365350687343,0.9912610245774564,0.9877380187115381,0.9972900067587039,0.9911327556451766,0.9866877108229415,0.9972238494320713,0.9911248442764322,0.9869194665255193,0.9970904797646781,0.9911171723787195,0.986458001471543,0.9972167596447749,0.9911693531428174,0.9900318722428936,0.9957680803313468,0.9910030113317279,0.9898830549364244,0.9955352196480768,0.991186293308212,0.9900319232891455,0.995475265817928,0.9913696655900763,0.9901804971351827,0.9961900337169455,0.9913596086800048,0.9904679622431004,0.996191905306458,0.9904335233839633,0.9898667199690913,0.9948383611891339,0.9904201732135614,0.9898667399055018,0.9947603395032241,0.9904229238330365,0.9902263331296637,0.9946625384719555,0.99004008189208,0.9892820310867114,0.9943996264001137,0.9899605398061546,0.9892821206326337,0.9944048299049806,0.9900639300704425,0.9892820510109485,0.9942381773121398,0.9903568147232169,0.9894779915319396,0.9979714503733593,0.9916896507211246,0.9895946767289203,0.9969227727060872,0.9904720033638842,0.9897201105106117,0.995112091774182,0.9899625038232784,0.9894120930996864,0.9947950039623485,0.9901427327314918,0.989281690362664,0.9946070762438671,0.991514411707275,0.989433229974342,0.9967431312822483,0.9917133483828559,0.9894885962512938,0.9969277072319662,0.9986193292849502,0.9952948121567992,1.0027466190909406,283.0
0.9999969957184726,0.999996498832915,0.9999976091363473,0.9802499575289408,0.9769539362719323,0.9842810189332629,0.9950539026674493,0.9919481602012488,0.9997510672983602,0.9932730792565476,0.9905619622692934,0.9985435840212921,0.9932092260157508,0.9902221844678764,0.9986374913416468,0.992483557212538,0.9900126372209654,0.9983609617276422,0.9920886546994058,0.9901193644929884,0.9972979800790005,0.991819993690036,0.9897876337350124,0.997094212794405,0.9914878572501269,0.9901238941304452,0.9964362465970618,0.991574523611399,0.9892197205476972,0.9979822568202534,0.9914033567863841,0.9892379215211665,0.9979810277551407,0.9912634515887196,0.9881340635328606,0.9974387351751678,0.9932080969641348,0.9899501707883919,0.9985081390299643,0.9931716903922705,0.9902222131878538,0.9987907401651607,0.9912637451883565,0.9878962928747215,0.9973347301630333,0.9912635206549671,0.987704442597285,0.9972879059140307,0.9911350442659222,0.9866645460742234,0.997232356839331,0.9911271030257806,0.9868955067462797,0.9970981436665496,0.9911194327861597,0.9864363559235486,0.9972267073724927,0.991156410665623,0.9899742414519919,0.9957514950881124,0.9909882320652286,0.9898229388244018,0.9955186686316351,0.9911736602026284,0.9899742924952702,0.9954587548441277,0.9913583980525946,0.9901253514490418,0.9961734142244202,0.9913483744878235,0.9904127360528949,0.9961756373108328,0.9904165438862449,0.9898032707072776,0.994823153238449,0.9904033942185663,0.9898032906424091,0.9947450300174259,0.9904060906350085,0.990165426453365,0.9946511033312165,0.9900177356779309,0.9892119545391361,0.9943815133399441,0.9899382743022263,0.9892120440786993,0.9943866842919862,0.9900411257583629,0.9892119744619565,0.9942195542463891,0.9903554136343625,0.9894376544988515,0.9979635378671922,0.9916810484881292,0.9895438373642677,0.9969037282399532,0.9904544433035067,0.9896556276487479,0.9950956152158423,0.9899411869874691,0.9893420790415939,0.9947779929709416,0.9901209067493979,0.9892116138392854,0.994589517005158,0.9915044481331385,0.9893810809055307,0.9967228180146044,0.9917048918920658,0.9894378066595232,0.9969086618732717,0.9986153565721338,0.9952578188436358,1.0027258291813625,284.0
0.9999969946367037,0.9999964916881833,0.9999976081810487,0.9802430640423767,0.9769067662709477,0.9842745792876385,0.9950448111408127,0.9918945159299976,0.9997453807176636,0.9932616102507384,0.9905077693757945,0.9985417224110775,0.9931979602974225,0.9901686088799099,0.9986361588782603,0.992470956920451,0.9899592691113464,0.9983607639516083,0.9920750681107758,0.9900629788400052,0.9972967812613478,0.991806167096968,0.9897317831709508,0.9970931385619062,0.9914723171883918,0.9900652804836513,0.996435510481512,0.991561619148489,0.9891675459828286,0.9979848260199097,0.9913901859370355,0.9891854248289312,0.9979836340386269,0.9912511837699038,0.9880855639073366,0.9974452225763064,0.9931968050704051,0.9898970890594342,0.998506836565019,0.9931605664574387,0.9901686375983315,0.9987897025514488,0.9912515045021703,0.9878484178965286,0.9973418264186932,0.9912512935317018,0.9876571334312603,0.9972954339807338,0.9911223227854417,0.9866224133043684,0.99724331518799,0.991114432482651,0.9868540543143848,0.9971103646833093,0.9911066440896427,0.9863949463579812,0.9972380483430708,0.9911400423301211,0.9899134927916801,0.9957510135776773,0.9909712264023279,0.9897607980687759,0.9955181039268968,0.9911575035611645,0.9899135438318287,0.9954583256130843,0.991342556896232,0.9900659948000841,0.9961730162795028,0.991332618202572,0.9903537598877554,0.9961764102576873,0.9904016909025002,0.9897397366209864,0.9948239648373554,0.9903894849085627,0.9897397565548383,0.9947463066874217,0.990391273753144,0.9901023740706477,0.9946527903792662,0.9899966936407173,0.9891467700648225,0.9943786467617406,0.9899170386502175,0.9891468595984846,0.9943836803088157,0.990019548168628,0.9891467899863289,0.9942161953490789,0.9903405887303788,0.9893829106916622,0.9979662289607457,0.9916676954612025,0.9894883050361806,0.9969029857395131,0.9904371221147796,0.9895918977268723,0.9950948617491282,0.989921557808729,0.9892764409402199,0.9947763808325989,0.9901007305098072,0.9891464293874263,0.9945872643696514,0.9914916232368018,0.989326076328775,0.9967225811912133,0.9916916558396837,0.9893823029094213,0.9969079191063042,0.9986083240586335,0.9952097415776693,1.0027192731353913,285.0
0.9999969983648802,0.9999964880398324,0.9999976055090419,0.9802672112246739,0.9768826930445158,0.9842564760900604,0.9950752854913205,0.9918673563202453,0.9997292457514572,0.9932921017788242,0.9904789562074494,0.9985292585251118,0.9932289659361594,0.9901421684796324,0.9986266122074247,0.9925005444890059,0.9899303143196058,0.9983493740264815,0.9921058131997328,0.9900310237683817,0.9972839035307961,0.9918369768315278,0.989699502468017,0.9970800268183684,0.9915025131075466,0.9900304611348408,0.9964230417859417,0.9915912596300996,0.9891383871062804,0.9979753247911335,0.9914194593950593,0.9891557846550919,0.9979741764215607,0.9912824336909244,0.9880588382225708,0.9974382359431446,0.9932279787495747,0.9898725468679145,0.9984991459764766,0.9931917547032447,0.9901421971972912,0.9987805139427766,0.9912827661477698,0.9878221465683054,0.997335187818631,0.9912825612042938,0.9876312538710483,0.9972890216609397,0.9911538316656229,0.9865994623030042,0.9972381702533442,0.991145945975553,0.9868309543075076,0.9971052749141756,0.9911381860106248,0.9863725111713193,0.9972331341150202,0.9911685397005261,0.9898761540630946,0.9957380255765619,0.9909986778345783,0.9897218948476639,0.99550472347385,0.9911860030764909,0.9898762051013172,0.9954452804484087,0.9913721087540076,0.9900302205455566,0.9961604601523859,0.9913622145753321,0.990318054069389,0.9961644014661354,0.9904293531583314,0.9896979031216999,0.9948103342480705,0.9904177890566312,0.989697923054706,0.9947330095096019,0.9904188981759434,0.9900596874505673,0.9946381037885126,0.9900212394321024,0.9891022957489614,0.9943643544981488,0.9899418919942269,0.9891023852785819,0.9943695151572481,0.9900438274115125,0.9891023156695675,0.9942016538994858,0.9903675473226591,0.9893500132707779,0.9979568926047416,0.9916983102684276,0.9894558545850465,0.9968894772385292,0.9904631307937473,0.9895504110012605,0.9950807930377257,0.9899461926161662,0.9892321985062608,0.9947623033029436,0.9901253054113188,0.9891019550869423,0.9945730889775408,0.9915216855737773,0.9892930894452445,0.9967085640038661,0.9917224223166039,0.9893499534022304,0.9968944076177976,0.9986329438396758,0.9951852063857531,1.002700838644004,286.0
0.999996994674879,0.9999964800724729,0.9999976046046535,0.9802440771579076,0.9768307935355947,0.9842508975537786,0.9950414739523366,0.9918047152829731,0.999718728368032,0.9932577872585382,0.9904106258873033,0.9985195709178732,0.9931939236625384,0.9900746034847594,0.9986171855366117,0.992466343909111,0.9898618556830575,0.9983402208585039,0.9920705681379451,0.989954149623417,0.9972731258153766,0.9917999296686646,0.9896204232705622,0.9970677748483634,0.9914664375747428,0.989947200237346,0.9964134936541312,0.9915572169714163,0.9890697417803823,0.9979666212610181,0.991385192957802,0.9890868067547737,0.9979654454894442,0.9912495357672227,0.9879917183046257,0.9974302691825127,0.9931929355833036,0.9898055941473374,0.9984900210948205,0.993156276582267,0.9900746322004649,0.9987710174025836,0.9912498719172479,0.9877554014064486,0.9973274394646063,0.991249669090991,0.9875648206513679,0.9972813968435646,0.9911224735518184,0.9865340351404783,0.9972301231660766,0.9911145547431207,0.9867647158355312,0.9970963035798714,0.9911070339654693,0.9863074326533762,0.9972252220945987,0.9911312131888611,0.9897872838492308,0.995728864301054,0.9909605209079044,0.9896295443788259,0.995495660002844,0.991148775546514,0.9897873348828666,0.9954361290004651,0.9913355642795348,0.9899448306259464,0.9961512129170106,0.9913257283059175,0.9902328024627924,0.9961558953616229,0.99039220770067,0.9895979294106637,0.994802050067839,0.9903816548942447,0.9895979493416476,0.9947253510859733,0.990381654410186,0.9899577632158895,0.9946271745355361,0.989976739358918,0.988994808653598,0.9943554938639992,0.9898979835183861,0.988994898173442,0.9943609309773542,0.9899986310654243,0.9889948285720265,0.9941922991781929,0.9903318941335754,0.9892790215226672,0.9979482389117607,0.991660056983182,0.9893754268623107,0.9968761758997295,0.9904233958251658,0.9894512302230728,0.9950719560527178,0.9899025226486172,0.989125643377048,0.9947536942234191,0.9900810456676243,0.9889944680287799,0.9945643858380193,0.9914818436364533,0.9892111448036082,0.9966937868277701,0.9916840436620523,0.9892692346513772,0.996881118023395,0.9986093370568693,0.9951322911575732,1.002695138111689,287.0
0.9999969884678624,0.9999964790215549,0.9999976058118307,0.9802036714113286,0.9768239579573043,0.9842592253047958,0.9949916568976345,0.9917968477194598,0.9997240155305058,0.9932059010597305,0.9904012664971785,0.9985232034146421,0.9931403135736055,0.9900658719483331,0.9986200327878071,0.9924132138163447,0.9898525051567012,0.9983428030353421,0.9920193618415277,0.9899414593446814,0.9972750504563443,0.9917483877435455,0.9896075994336829,0.9970688585239277,0.9914156880481566,0.9899305559238611,0.9964152186551403,0.9915023861184632,0.9890604011010896,0.9979673926105005,0.991330289413204,0.9890773601884215,0.9979661779856972,0.9911923742751468,0.987982918275876,0.9974283956875769,0.9931393797410101,0.9897973648984764,0.9984929119007842,0.9931015915162453,0.9900659006637899,0.998773360809623,0.9911926979772501,0.9877468371395676,0.9973255129441827,0.9911924894205462,0.9875564194814666,0.9972793727133883,0.9910657305635899,0.986524851641173,0.9972246243528831,0.9910578076875113,0.9867553263183603,0.9970906817228186,0.9910503462101065,0.9862982311177352,0.9972192694596974,0.991078485773867,0.9897676418832813,0.9957297169175886,0.9909068951068236,0.9896082226467504,0.9954963735038654,0.9910955436181146,0.9897676929158975,0.9954365719063306,0.9912840425905344,0.9899268684300994,0.9961523925484919,0.9912741502636079,0.9902140364192096,0.9961560519783156,0.990337581576775,0.9895738160281595,0.9948022600640197,0.9903271175744727,0.9895738359586521,0.9947255980313436,0.9903269968096291,0.9899330218466935,0.9946265570723042,0.9899176823137289,0.9889677299506349,0.9943547782451715,0.9898388544545368,0.9889678194680003,0.9943601921318863,0.9899389707180418,0.9889677498685108,0.9941911640338319,0.9902760673733112,0.9892682929932745,0.9979490234096193,0.9916082965818344,0.989362574651025,0.9968766767617574,0.990368551638152,0.9894273721286834,0.9950724060630682,0.9898451662476248,0.9890990252066036,0.9947537140032471,0.9900227760522656,0.9889673893352464,0.9945640536394575,0.9914292998989792,0.9891975488019166,0.9966935430144037,0.9916328988916385,0.9892571530362598,0.9968815899239691,0.9985681421096562,0.9951253236586399,1.0027036115801833,288.0
0.9999969939096104,0.9999964756026344,0.999997605537476,0.9802394610959428,0.9768015274808065,0.9842569622401103,0.9950336485745254,0.9917708703469577,0.9997256078132734,0.9932527382339187,0.9903732329249698,0.9985267048791724,0.993186426889219,0.9900387730099519,0.9986238155353617,0.9924586124819094,0.9898254054208443,0.9983468729533318,0.9920758073993401,0.989908568857484,0.997278257609087,0.9918041800260485,0.9895728765670964,0.9970716450397977,0.9914803971724169,0.989894047320737,0.9964207679156675,0.9915460535423583,0.9890346507961941,0.9979721506131941,0.9913738729631016,0.9890515353684696,0.9979709359375954,0.9912337448393237,0.9879596563447016,0.9974341351209741,0.993185554001007,0.9897710136727448,0.998497104999748,0.9931472248806856,0.9900388017246263,0.9987770044803391,0.9912341070442945,0.9877242287950072,0.9973320111834992,0.991233917511994,0.9875344240438086,0.9972864348134596,0.9911058686771435,0.9865048490981833,0.9972307190197562,0.9910979877989237,0.9867360246719646,0.9970978406004999,0.991090316932704,0.9862785428885754,0.9972252414399286,0.9911468814446123,0.9897288343555274,0.9957368021762953,0.9909777326931718,0.9895683218956897,0.9955049993823558,0.9911637037680888,0.9897288853861289,0.9954434901314924,0.991350138767824,0.9898891541137265,0.9961580137913115,0.9913400955842169,0.990174755322742,0.9961591433155609,0.990414798703857,0.9895330008333791,0.9948147905460146,0.990404956509126,0.9895330207630432,0.9947385570031639,0.9904042313517105,0.9898924349654775,0.9946394690126801,0.9899991611119852,0.98892525910674,0.9943694517882896,0.9899208885253445,0.9889253486202316,0.9943751499369324,0.9900215117543247,0.9889252790237532,0.9942065808193263,0.9903190448067324,0.9892417779078486,0.9979538035018395,0.9916632132848483,0.9893267153962741,0.9968787985248719,0.9904441448390545,0.9893864641147285,0.9950836673574354,0.9899231218572435,0.9890569235279623,0.994766521526995,0.9901024420437645,0.9889249185060925,0.9945778085571471,0.991483184058944,0.989160691352823,0.9966947148277515,0.9916878202184667,0.9892211789155027,0.9968837170256026,0.9986046220366279,0.995102459497246,1.0027013198105064,289.0
0.9999970032599699,0.9999964726416386,0.999997603673906,0.9803007790351161,0.9767822482416013,0.9842440376915217,0.9951064460777578,0.9917476670748555,0.9997169297833627,0.9933298626705187,0.9903481696591566,0.998521542829699,0.9932668551271991,0.9900151012034129,0.9986220438101666,0.9925369823021469,0.9898011186258072,0.9983430193760764,0.9921532537996754,0.989878741850074,0.9972732356156145,0.9918816604655316,0.9895429668356422,0.9970666201888707,0.9915566400469226,0.98985904371473,0.9964161025435824,0.9916248456309624,0.9890114850787705,0.9979692844548175,0.9914526045715046,0.9890283124817043,0.9979680323254153,0.9913134804269853,0.9879385030601634,0.9974329379533234,0.993266116724175,0.9897484550356686,0.9984961460437328,0.9932295348225293,0.9900151299174048,0.9987766571183387,0.9913138573752845,0.9877035253629316,0.9973312018227163,0.9913136753036136,0.9875141145630936,0.9972858890501741,0.991184143688007,0.9864863749395449,0.9972289096807079,0.991176198052318,0.9867163246279306,0.997094305464056,0.9911684116482213,0.986260611640123,0.9972236236918087,0.9912227986704631,0.9896896968670477,0.9957330794645937,0.9910536355000967,0.9895267759721457,0.9955021231410703,0.9912393248506572,0.9896897478956217,0.9954395662703537,0.9914262473830538,0.9898524250478128,0.9961535342937458,0.9914161591368177,0.9901373658166617,0.9961538021330189,0.9904917544040879,0.9894893175694796,0.994813905301028,0.9904820003434484,0.9894893374982576,0.9947377557089082,0.9904812292548284,0.9898493796888,0.9946396032942875,0.9900750039048607,0.9888782866914615,0.9943685789717601,0.989996453634967,0.9888783762006705,0.9943741686480335,0.9900976674960021,0.9888783066075204,0.9942059643541211,0.9903975451534767,0.9892184540384146,0.9979508967566182,0.9917407591660892,0.9892967670559312,0.9968737073959556,0.9905208541599558,0.9893425255398519,0.9950821496489469,0.9899987289460666,0.9890101259013582,0.9947653865734521,0.9901781834879422,0.9888779461071084,0.99457681351283,0.9915606463066726,0.9891306542460693,0.9966895635443743,0.991765403435042,0.9891911538362778,0.9968786299301359,0.9986671264031823,0.9950828032678071,1.00268816759855,290.0
0.999997006751823,0.9999964779105401,0.9999976051235047,0.9803227809967912,0.976816495525707,0.9842531302911582,0.9951377155498712,0.9917900129251187,0.9997317612239871,0.9933648866746987,0.9903927400815212,0.9985405471625605,0.993303490174968,0.9900630737337452,0.9986460488439839,0.9925723265380929,0.9898460221531976,0.9983632477520828,0.9921907975916431,0.9899244424487468,0.9972911968296767,0.9919201177331932,0.989588823748659,0.9970848224868514,0.9915955557721713,0.9899050096167711,0.9964331294870183,0.9916603342249296,0.9890568698540377,0.997990913678194,0.9914878863029118,0.9890735240339924,0.9979897675845676,0.9913500797318286,0.9879857178594419,0.9974560167414364,0.9933030016303455,0.9897991492274401,0.9985232047826847,0.9932669492931679,0.9900631024491336,0.9988013720152503,0.9913504527299534,0.9877510388834312,0.9973543582006511,0.991350269040742,0.987561858699222,0.9973090548617769,0.9912198805597839,0.9865363811989291,0.997251999658229,0.991211915465919,0.9867659648617675,0.9971168918882763,0.9912040390948134,0.9863110396673588,0.9972467937290066,0.9912644567480299,0.9897364104653655,0.9957506683782007,0.9910970676815475,0.9895741486035331,0.9955204200985267,0.9912808766051417,0.9897364614963414,0.9954570432763858,0.9914661994094166,0.9898984796427883,0.9961704700199288,0.9914560214272825,0.9901824512835651,0.9961692390939462,0.9905375179818058,0.989538069175247,0.9948334922187733,0.990527536651666,0.9895380891050056,0.9947572070208344,0.9905270315271557,0.9898987728459056,0.9946601941549307,0.9901276737644039,0.9889297400750928,0.9943902290967026,0.9900489467128228,0.9889298295889536,0.9943957531356163,0.9901515209279074,0.988929759992187,0.994228433856536,0.9904314661773321,0.9892619902084624,0.997972694199904,0.9917793105890179,0.9893427633446132,0.9968916862958384,0.9905671929096681,0.9893910162884334,0.9951016813591734,0.9900478626515264,0.9890597613008785,0.9947858726094417,0.990229626906946,0.9889293994730397,0.9945978259315645,0.991598929165529,0.9891763816665786,0.9967072794213836,0.991804224250016,0.9892373983796161,0.9968966002199134,0.9986895741402443,0.9951177256966469,1.00269745121646,291.0
0.9999970046701303,0.9999964791101166,0.9999976100241584,0.9803091042463744,0.9768240863763366,0.9842854899967717,0.995121431282378,0.9918009946314646,0.9997685264302733,0.9933513085899568,0.9904034338875214,0.9985826450100237,0.9932905144137294,0.9900770785000151,0.9986927075984448,0.9925597739989863,0.9898569638827576,0.9984068060635592,0.992177889258147,0.9899330799995104,0.9973338169380125,0.9919074341989443,0.9895971596823832,0.9971274884840888,0.9915821593472642,0.9899117130834706,0.9964763271961037,0.9916479097547595,0.9890681697838446,0.9980357875816717,0.991475228009129,0.9890845814664688,0.9980346764991848,0.9913388706099522,0.9879989883968406,0.9975026145999379,0.9932901641799889,0.9898158027517671,0.9985730526299279,0.993254231362964,0.9900771072158152,0.998848375241609,0.9913392495193788,0.9877646972329744,0.9974011959244545,0.9913390690186032,0.9875758446080319,0.9973560335252186,0.9912069527844086,0.9865525207234436,0.9972981429952076,0.9911990151191615,0.9867826109076325,0.9971637555449495,0.9911908828183223,0.9863274732638433,0.9972927630070318,0.9912504103754215,0.9897415685067724,0.9957942251216462,0.9910827588062457,0.9895784059052138,0.9955643204595652,0.9912666092325506,0.9897416195380111,0.9955004084041272,0.9914525522639175,0.9899045384249302,0.9962137739250955,0.9914423701688132,0.990188264916692,0.9962123874424867,0.9905240287403906,0.9895411206669891,0.9948798781770517,0.9905146445013782,0.9895411405968074,0.9948040029989795,0.9905136188364306,0.9899032072778386,0.9947085765961123,0.9901119445941123,0.9889310146411022,0.9944346733493474,0.990033049662903,0.9889311041550637,0.9944401187190506,0.9901357856513092,0.9889310345582185,0.9942729043450488,0.9904175560689283,0.9892716195694489,0.9980176583274728,0.9917665499886301,0.9893509257538219,0.996934170412273,0.9905521200419319,0.9893935055966612,0.9951461901632609,0.9900316687299944,0.989059930458007,0.9948304707277511,0.9902140645399709,0.988930674038666,0.9946423144779781,0.9915859196015527,0.9891843225541329,0.9967495280305292,0.991791513660712,0.9892455004184358,0.9969390872550673,0.9986756329897974,0.995125473913711,1.0027304333052895,292.0
0.9999970083051923,0.9999964740558998,0.9999976099939515,0.9803335979836914,0.9767912319942558,0.9842852005714372,0.9951464598456636,0.9917610724329646,0.999769094937434,0.9933747681805962,0.9903588621148779,0.9985860018288168,0.9933143672674138,0.9900334802767934,0.998697340170212,0.9925827330444913,0.989812459374006,0.9984109331983733,0.9921991278797984,0.9898814763159891,0.9973378832055217,0.9919282838691015,0.9895451033044772,0.9971314138173217,0.9915996733368116,0.9898533834661293,0.99648111028934,0.9916694674725535,0.9890237627405166,0.9980406232090663,0.991496496372602,0.9890398736996244,0.9980395481788142,0.9913595659074304,0.987956507858914,0.9975082294886946,0.9933140093308548,0.9897729833762784,0.9985783380273935,0.9932783260809829,0.9900335089913344,0.9988532835120402,0.9913600270239826,0.9877232059065472,0.9974082435665381,0.9913598867752391,0.9875353360262359,0.9973641971493281,0.99122694823707,0.9865106673081689,0.9973010459101507,0.9912189786772996,0.9867401946171893,0.9971658089884249,0.9912107920168427,0.9862857901580117,0.9972954456315118,0.9912639900729233,0.989677289519307,0.9957987884438433,0.9910944313801516,0.9895104196642265,0.9955688570952003,0.9912793052712785,0.9896773405472246,0.9955043520559149,0.9914685656951825,0.9898439667441677,0.9962186354982093,0.9914584435753415,0.9901279180903942,0.9962180437477718,0.9905329896962186,0.9894670285507455,0.9948843940687423,0.9905238176443211,0.9894670484790629,0.9948086737869561,0.9905225502186844,0.9898285902844832,0.9947122768111937,0.9901152157285495,0.9888493505060213,0.9944389343840837,0.9900373699714469,0.9888494400125433,0.9944448605573326,0.9901377733910003,0.9888493704214802,0.9942763495865065,0.9904372554059064,0.9892251528767146,0.998022592097158,0.9917872839811146,0.9892985807282265,0.9969380218655719,0.9905605412744661,0.9893196269076194,0.9951506346061227,0.9900362125954747,0.9889794288483217,0.99483503667527,0.9902177897359119,0.9888490099318933,0.9946467691840639,0.9916065283142826,0.9891318676115284,0.9967532814452088,0.9918119398031664,0.9891926127720038,0.9969429601534094,0.9987005853418495,0.9950919752487436,1.002730140839271,293.0
0.999997014954808,0.9999964710980075,0.9999976116089253,0.9803770353173875,0.9767716148234724,0.9842951988968609,0.9951988916966122,0.9917400277796353,0.9997869539681543,0.9934265056325072,0.9903353012272947,0.9986071298947632,0.9933663007759187,0.9900110290559216,0.9987199443801655,0.992634155288637,0.989789310723574,0.9984330142519439,0.9922498902407869,0.9898534866459426,0.9973599980784432,0.991979331780861,0.9895183594417813,0.9971536542901019,0.9916480463595954,0.9898192711900318,0.9965039938228815,0.9917187867160445,0.9890012105242835,0.998063269580782,0.9915455899561619,0.9890171541904231,0.9980622442065121,0.9914067181573584,0.9879359364968241,0.9975313802347598,0.9933658948183504,0.9897514198929909,0.9986019187151276,0.9933304133276043,0.9900110577698169,0.9988760409137629,0.991407170123023,0.9877028326487989,0.9974313834753059,0.9914070256705255,0.987515101929076,0.9973872854917312,0.991273593494467,0.9864937805300654,0.9973262075054918,0.9912656652234462,0.9867241316951343,0.9971920421639898,0.991257364615745,0.9862692538809377,0.9973206995117815,0.9913118706707025,0.9896376778484824,0.9958224464620591,0.9911422539541148,0.9894673496312291,0.9955929175015846,0.9913267543918818,0.9896377288743509,0.9955276841316132,0.9915167659541892,0.9898078135327104,0.9962420408117746,0.991506723577834,0.9900921265331835,0.9962425401628401,0.9905829360863606,0.989417320339296,0.9949095059645074,0.9905746827973921,0.9894173402666026,0.9948343964446624,0.9905723837813463,0.9897768549579214,0.9947343936582147,0.990160317919987,0.9887928328504522,0.9944646862504734,0.9900825314985782,0.988792922351809,0.9944706063237548,0.9901830932833707,0.9887928527647598,0.9943022724015961,0.9904851827263467,0.9892014420803961,0.998045319218697,0.9918390200863956,0.9892726223809413,0.9969606332770677,0.9906081445573824,0.9892707427944276,0.9951753749002259,0.9900812178548045,0.9889243351980364,0.9948604045323871,0.9902625724158458,0.9887924922959769,0.9946723782626499,0.9916588649017244,0.9891064961590034,0.9967764746944177,0.9918640424336672,0.9891671312492829,0.996965553786419,0.9987448659955955,0.9950719868908208,1.0027403548543043,294.0
0.9999970211419721,0.9999964656676511,0.9999976103238877,0.9804179157555141,0.9767361325242815,0.9842863089590489,0.9952455879915154,0.991697959624447,0.9997808491369659,0.9934717026179473,0.9902884251185095,0.9986015985622929,0.9934125548560205,0.9899646962294985,0.9987151173385533,0.9926764355752756,0.9897408014839688,0.9984268519687677,0.9922962973068821,0.9898019571499136,0.997354883070816,0.9920258970859382,0.9894663179402828,0.9971479379632288,0.9916940942559546,0.9897633609143889,0.9965007285134524,0.9917577092569699,0.9889503420076982,0.9980566402243887,0.9915838570785099,0.988965490250447,0.9980556735422361,0.9914433602955213,0.9878860804027269,0.9975235285120141,0.993412227189671,0.9897055217013688,0.9985971172307915,0.9933772430052309,0.9899647249420532,0.9988716171653398,0.9914437887213309,0.9876530228489385,0.997423284013711,0.9914436330402845,0.9874652760903361,0.9973789473183875,0.9913083564764145,0.9864456068896053,0.9973168039998537,0.9913004356438231,0.9866761757978194,0.9971828249916661,0.9912918813132648,0.9862212651049078,0.9973110633062304,0.9913576996421049,0.9895778466816209,0.9958203091139728,0.9911875518596344,0.9894050580095687,0.9955911486282695,0.9913732512977531,0.989577897704403,0.9955259331990097,0.9915627436515888,0.9897504428280781,0.9962393900279358,0.9915527685695752,0.9900349876283433,0.9962407698806266,0.9906281459585066,0.9893521735291932,0.9949086636596992,0.990620043613256,0.9893521934551844,0.9948336290835038,0.9906176124694455,0.9897120661260402,0.9947339932869982,0.9902051442968286,0.9887235953055242,0.9944644176592757,0.9901275066459941,0.9887236848005941,0.9944703616035756,0.9902282237997422,0.9887236152184314,0.994302208846955,0.9905190927746529,0.9891441941815484,0.9980389541983192,0.991885065885242,0.9892203247008204,0.9969541651427044,0.9906529543003173,0.9892054505086937,0.9951741581936291,0.9901250844033308,0.9888555348888919,0.9948597181689314,0.9903068949069682,0.9887232547749711,0.9946719184750846,0.9917038108340864,0.9890531338005587,0.9967689991769493,0.9919102092481524,0.9891149954980927,0.9969590797679324,0.9987865299044678,0.9950358138378655,1.0027313080684521,295.0
0.9999970261450237,0.9999964643625184,0.9999976043322027,0.9804506519086795,0.9767280215922727,0.9842465400631446,0.9952848449081386,0.9916858587424487,0.9997372705885054,0.9935112690354836,0.9902750457248602,0.9985558873013516,0.9934518841848393,0.9899494875079372,0.9986664303006856,0.9927148031267238,0.9897276346245878,0.9983808644991673,0.9923386286703352,0.9897867410400182,0.9973085296593777,0.9920702593674922,0.989452822729997,0.9971029020624395,0.9917360039640932,0.9897435907310146,0.9964529093779102,0.9917937308832943,0.9889374820154164,0.9980100481352616,0.9916196951746014,0.9889524587198091,0.9980089949278956,0.9914767465558028,0.9878746840725696,0.9974764439794922,0.9934514125674879,0.9896888495252307,0.9985460531808092,0.9934165380640072,0.9899495162200516,0.9988229274587721,0.9914771448278,0.9876415936797608,0.9973758237553516,0.9914769746835974,0.9874537497205682,0.9973311467619222,0.9913410204294906,0.9864374106226399,0.997271135226784,0.9913330789241632,0.9866676889042464,0.9971366297493321,0.9913244543115252,0.9862135321682437,0.9972656615553928,0.991398158249042,0.9895545643472208,0.9957712350106862,0.9912273912611954,0.9893797813781817,0.9955417098390996,0.9914132905376736,0.98955461536879,0.995476483721904,0.991604082703881,0.9897291548854765,0.9961908603957196,0.9915940458573625,0.9900128863194055,0.9961911295142923,0.9906666366717156,0.9893234555080451,0.9948570772619131,0.9906583747844199,0.9893234754334487,0.9947818847668773,0.9906560062479518,0.9896815530672484,0.9946798463343002,0.9902418405018074,0.9886911046136512,0.9944141641991971,0.9901645360093312,0.9886911941057362,0.9944202079510326,0.990264611658693,0.9886911245258928,0.9942517183341407,0.9905535089067387,0.9891299247373253,0.9979923138549056,0.9919303415157151,0.9892079094259344,0.9969096686843671,0.9906918992489557,0.9891774621990362,0.9951240225042473,0.9901626102087293,0.9888248393230948,0.9948095715250775,0.9903436312043583,0.9886907640944558,0.9946217799649167,0.9917499646287248,0.9890415459506032,0.9967253281517433,0.9919557893730266,0.9891030427693038,0.9969145657880562,0.9988199006756394,0.9950275329920709,1.002690779762449,296.0
0.9999970254371463,0.9999964667165183,0.9999976016282761,0.9804454719002931,0.9767436655617971,0.9842286242495566,0.9952812660293667,0.991703893212967,0.9997166516791504,0.9935067277073473,0.9902886173700677,0.9985330885340254,0.9934492578724402,0.9899632302560746,0.9986452022933617,0.9927097314158569,0.9897404420081476,0.9983569105186627,0.9923315737986045,0.9897946398413172,0.9972835780244148,0.9920623291647227,0.9894594518367988,0.9970774455532019,0.9917262646146177,0.9897468109999619,0.9964264659325348,0.9917876297478906,0.9889491829340409,0.9979844344135316,0.9916133205245121,0.9889639559146334,0.9979834140243012,0.9914704114512516,0.9878859823774833,0.9974480148121647,0.9934486355033795,0.9897027291533989,0.9985249313865143,0.9934151740243662,0.9899632589685933,0.9988025620919507,0.9914707890380507,0.9876529464646666,0.9973471623272733,0.9914706090483218,0.9874650982311602,0.9973022596890878,0.9913350641372507,0.9864466700429355,0.9972375707209387,0.9913271512714552,0.9866775642163876,0.9971038418126205,0.9913185429059521,0.9862224277079871,0.9972313045035396,0.9913876035616844,0.9895539914538665,0.9957445204385108,0.9912163621793043,0.9893769747514017,0.9955150248226764,0.9914027277672438,0.9895540424754004,0.995449646540662,0.991594023441623,0.9897308157598922,0.9961641922222644,0.9915839550541322,0.9900140575122917,0.9961638739333483,0.9906543192249305,0.9893162314533601,0.9948299503591596,0.9906460196715358,0.9893162513786119,0.9947546619647873,0.990643663877599,0.9896739016811015,0.9946520800397727,0.9902264109049281,0.9886779494913143,0.9943872413675859,0.9901489481020244,0.9886780389821723,0.9943931332650817,0.9902492296819927,0.9886779694032812,0.9942247708486058,0.990545434550727,0.9891399143918531,0.9979667848470359,0.9919217298543586,0.989213737431355,0.9968837749610274,0.9906796899343717,0.9891704118733209,0.995097404678441,0.990147886703059,0.9888130299907001,0.9947829482838569,0.9903283198778459,0.9886776089767871,0.9945950536836166,0.991740680088301,0.9890467130968322,0.9966987935533455,0.9919469533778318,0.989108623035324,0.9968886811247683,0.9988146299301875,0.9950434790463718,1.0026725188318495,297.0
0.9999970198389644,0.999996462740912,0.999997604738639,0.9804093579410392,0.9767175285558405,0.9842494500107171,0.9952348028573512,0.9916741042706079,0.9997370360708472,0.9934591312672436,0.9902550904035946,0.9985529064188291,0.9934010257190196,0.9899309705042811,0.998666253588926,0.9926623824384366,0.9897062118958992,0.9983763245810038,0.9922821709753399,0.989756178630546,0.9973018542213474,0.9920105605982106,0.9894196889350642,0.997093536796638,0.9916773248099351,0.9897045369589423,0.9964459455281245,0.9917406435301702,0.9889139354923456,0.998003437412917,0.991566007522434,0.9889284034075125,0.9980023882602137,0.991425563196461,0.9878509863579665,0.9974664698380642,0.9934003333076601,0.9896714831764725,0.9985472376423312,0.9933666130131042,0.9899309992158697,0.9988234121057203,0.991425927539324,0.9876180897226219,0.9973655229934596,0.991425741345032,0.9874303263093637,0.9973205045757016,0.9912903414755182,0.9864110852271143,0.9972526890503484,0.9912824165449118,0.9866418190063851,0.9971186535971409,0.9912738385334129,0.9861867909876878,0.9972460357176692,0.9913388773024394,0.9895082555608542,0.9957645351559105,0.991167792959066,0.9893290480750627,0.9955352692532928,0.9913539610436649,0.9895083065800275,0.9954695438853545,0.9915451779516078,0.9896872707096401,0.9961840480161313,0.9915351682778449,0.9899708071363539,0.9961845599933854,0.9906056736707465,0.9892661979144136,0.9948489363369734,0.9905968883179662,0.9892662178386535,0.9947732654962188,0.9905949684002845,0.9896230219207903,0.9946697614838228,0.9901827642442868,0.9886253415006652,0.9944097313680055,0.9901060000853883,0.9886254309867406,0.9944158684816878,0.9902061263445305,0.988625361411567,0.9942475817293714,0.9904957943580215,0.9891020344012389,0.9979858449411584,0.9918689140849027,0.9891732058841191,0.9968988309436835,0.9906323278872636,0.9891207224020537,0.9951179150088658,0.9901018700990799,0.9887615019245269,0.9948043732379096,0.9902833485231589,0.9886250010043366,0.99461704931685,0.9916863262029452,0.9890047169349077,0.9967124142009554,0.9918944559073726,0.9890686947851471,0.9969037129774769,0.998777802969103,0.9950168390197978,1.0026937339408912,298.0
0.9999970124400982,0.9999964654134501,0.999997604895262,0.9803608017986398,0.9767350488314727,0.9842509314486662,0.9951775265579498,0.9916946204282495,0.9997336619195255,0.9934014513512417,0.990277293865836,0.9985471024996408,0.9933428820396198,0.9899545384788384,0.9986619025734944,0.9926044302279955,0.9897277302401507,0.9983693767899905,0.9922246197346927,0.9897806550257706,0.997292882453156,0.9919517586452963,0.989443052655442,0.9970838234854722,0.9916224821724601,0.9897323004449182,0.9964348459122961,0.9916827409362644,0.9889344616557905,0.9979951734940627,0.9915078550313661,0.9889487344286249,0.9979940823859922,0.9913690193599545,0.9878711793171507,0.997456359079926,0.9933421517793152,0.9896961427544901,0.9985442158094829,0.9933082195106234,0.9899545671911144,0.9988189358396143,0.9913693124419032,0.9876379254320274,0.9973543857178058,0.9913690918242003,0.9874497138191368,0.9973084948771492,0.9912346047063351,0.9864309467838224,0.9972401928572605,0.9912266290483583,0.9866608185530112,0.9971048694769709,0.9912182150461207,0.9862067450988722,0.9972334315533271,0.991287302120756,0.9895389798371913,0.995752047149039,0.9911183004320921,0.9893616373500044,0.9955220384167853,0.9913022878519212,0.9895390308579491,0.9954568870674335,0.9914915911200105,0.9897161301944749,0.9961723925944026,0.9914815781076358,0.9899994585545967,0.9961727979563404,0.9905590809739773,0.9892993375846064,0.9948319570558964,0.9905502798783336,0.989299357509512,0.9947562384428552,0.9905481477692498,0.9896521439812948,0.9946468920550873,0.9901407156103452,0.9886634619768672,0.994395822336219,0.990064189394895,0.9886635514663956,0.9944019983967952,0.9901644767020635,0.9886634818885384,0.9942338952892651,0.9904359625703898,0.9891209937695837,0.9979775893136248,0.9918093893549749,0.9891958572701358,0.9968886555210995,0.9905858687932263,0.9891554953325645,0.9951034525343356,0.990058240597461,0.9887996286063164,0.9947900356957501,0.9902406020615495,0.9886631214673991,0.9946029285438728,0.9916261108544034,0.9890267020776009,0.9967015705733042,0.9918347539444659,0.9890913042143583,0.9968935376815107,0.9987283086543566,0.9950346991358144,1.0026952262766013,299.0
0.9999970176326526,0.9999964635690964,0.9999976036783431,0.9803947050088979,0.9767228931349128,0.9842424513051029,0.9952188289186182,0.991680798163573,0.9997283158490443,0.9934465964413991,0.9902626403052737,0.9985424457764909,0.9933880809082821,0.9899401709294405,0.998657358855621,0.9926505559591656,0.9897117832686029,0.9983642125467529,0.9922727971189313,0.9897659330055076,0.9972901282243104,0.9920005125381568,0.9894290055715754,0.997081772822541,0.9916727169179732,0.9897171336726868,0.996433739508371,0.9917278067222879,0.9889166435739873,0.9979882381903026,0.9915525382356302,0.9889305627488798,0.9979871717927291,0.9914142865077266,0.9878526388992586,0.9974464684388487,0.993387312667285,0.9896820040170481,0.9985396850150176,0.9933534791635669,0.9899401996413016,0.9988144501628371,0.9914145655544051,0.9876194903690052,0.9973443806079891,0.9914143383113232,0.9874313307328846,0.997298361819348,0.9912799858054505,0.9864093799719366,0.9972238759966874,0.9912719621250676,0.9866384341512832,0.9970872945455421,0.9912636185828897,0.9861849119561437,0.9972164750332693,0.9913402832861179,0.9895233083498948,0.9957523932453006,0.9911733468503187,0.989345609532201,0.9955233296962418,0.9913546217842751,0.9895233593698514,0.9954567752914043,0.991542893230529,0.9897008150483788,0.996171994106427,0.9915329340107029,0.9899843662122914,0.9961731266060682,0.990620104550756,0.9892833693790783,0.9948360816101877,0.9906120883359298,0.9892833893036649,0.9947608818008724,0.9906091585574718,0.989636223019401,0.9946507102682332,0.9902045126808309,0.9886469240883372,0.994400874342781,0.9901284344026939,0.9886470135763776,0.9944071923006603,0.9902290645913678,0.9886469439996776,0.9942394783167587,0.9904781407049266,0.989100226356348,0.9979707685600521,0.9918584009293666,0.9891821973049332,0.9968869103769864,0.9906448567286472,0.9891395080302051,0.995106352546257,0.9901194243998865,0.9887836568617815,0.9947938712630789,0.9903030209354138,0.988646583584531,0.9946073937310836,0.9916755885705525,0.9890134883070507,0.9967002753394644,0.9918838353202571,0.9890780314090903,0.9968917762340045,0.9987628714309347,0.9950223096481872,1.0026865984870525,300.0
0.9999970190573263,0.9999964529848719,0.9999976068972887,0.9804055104761951,0.9766533518401318,0.984263747453872,0.9952240085071503,0.9915991467906514,0.9997528422183567,0.9934516132544573,0.9901820501352854,0.9985682743828402,0.9933939052541688,0.9898587234850982,0.9986820341688684,0.9926561055402808,0.9896321454075676,0.9983918330414548,0.9922758443775912,0.9896858874882833,0.9973157883454761,0.9920041147255855,0.9893496148914651,0.9971082687792273,0.991673367136004,0.9896371073173525,0.9964578771451318,0.9917345147746677,0.9888383839813684,0.9980187999799791,0.991559080563089,0.9888522409046226,0.9980177545803367,0.9914236339818685,0.9877769694526766,0.9974813900144416,0.9933930991637012,0.9895998707726849,0.9985629796504198,0.9933598164753081,0.9898587521945933,0.9988394689654413,0.9914239402346532,0.9875442756456368,0.9973798502548814,0.9914237264266883,0.9873565465355741,0.9973342423643528,0.9912900962773485,0.9863382983087695,0.9972634381279195,0.9912820575338953,0.9865671054977224,0.9971264353770225,0.9912738309456812,0.9861144679810355,0.9972567084009539,0.9913377959166884,0.989443516176328,0.9957748745138828,0.9911698620879966,0.9892660451231267,0.9955453221850307,0.9913505586739166,0.9894435671921676,0.9954782114323932,0.9915423330156573,0.9896207951200351,0.9961954078939232,0.9915323559549545,0.9899039386147661,0.9961961176259015,0.9906136401712881,0.9892065733876109,0.994855991735582,0.9906047431016446,0.9892065933106513,0.9947802110150736,0.9906027323431612,0.989560378035973,0.9946716291303468,0.9902024930649775,0.9885725529761411,0.9944216683451249,0.9901270627895128,0.9885726424574538,0.9944282239291874,0.9902265795659019,0.9885725728859847,0.9942599745847365,0.9904832391060037,0.9890206891882029,0.9980013915431152,0.9918622678659228,0.9891031681563764,0.9969137929580973,0.9906406671834677,0.989062325584423,0.9951273635198995,0.9901168628131389,0.9887089700461015,0.9948147059597809,0.990300901190333,0.9885722124979343,0.994628200724005,0.9916800122307052,0.9889350235838575,0.9967277125814812,0.9918876570920141,0.9889992844258605,0.9969186459735337,0.9987738562659478,0.9949514183867851,1.0027083051741283,301.0
0.9999970219463902,0.9999964555275415,0.999997606617846,0.9804239231125875,0.9766697849420087,0.9842615678514185,0.995249294838923,0.9916195995989666,0.9997536929711822,0.9934805104322112,0.9902064828247478,0.9985697820351598,0.9934229575425366,0.9898824549135701,0.9986823000955732,0.9926830672866673,0.9896566099885229,0.9983929178002752,0.9923129065203186,0.9897158155376535,0.997319175405632,0.9920426364417333,0.9893817386064983,0.9971130001134386,0.9917178072299285,0.9896700993243741,0.9964625970063693,0.9917613617070672,0.9888628950174395,0.9980207065352998,0.9915857047063681,0.9888766474227358,0.9980197707548423,0.9914513964340123,0.9878023489925721,0.9974838729077716,0.9934221120583049,0.9896230411934057,0.9985621238384772,0.9933889913969155,0.9898824836237504,0.9988398311426193,0.9914516972597569,0.9875698107384706,0.9973823327188077,0.991451480995987,0.9873821934546807,0.9973366919804912,0.9913180262344164,0.9863648091879456,0.9972655569100006,0.9913099079287077,0.9865922183421673,0.997126491513253,0.9913017953076108,0.9861413471125262,0.9972591049728665,0.9913855355911287,0.9894795098612051,0.9957796690557009,0.9912199448230721,0.9893040190264847,0.9955504921998565,0.9913977862665276,0.9894795608789014,0.9954826609920808,0.9915880315070972,0.9896548086295474,0.996199972141018,0.9915780032432717,0.9899373040908592,0.9961997828936078,0.9906671529719656,0.9892471424715776,0.9948615568070215,0.9906581558473819,0.9892471623954374,0.9947857183801951,0.9906562270382969,0.9896009066538821,0.9946767847278326,0.9902625037272728,0.9886164275899475,0.9944292221753812,0.9901877187404862,0.9886165170752439,0.9944360240420318,0.99028706880587,0.9886164475006787,0.9942678521807277,0.9905084687110097,0.9890438826858922,0.9980034484922492,0.991901850203017,0.9891366274648525,0.9969193753510069,0.9906944474574422,0.9891029111913655,0.9951332450403194,0.9901741948482524,0.9887525285392826,0.9948212330420864,0.9903597012480755,0.9886160870965831,0.9946352331712486,0.991720928309627,0.9889697601941075,0.9967345423985939,0.991927646984737,0.989033736505093,0.9969241881073618,0.99879263820748,0.9949681760879799,1.0027060957369396,302.0
0.9999970242636217,0.9999964548895517,0.9999976088478871,0.9804389476769318,0.9766652787338655,0.9842759871486717,0.9952682241116055,0.9916162573413567,0.9997734542785991,0.9934993208366293,0.9902039711948192,0.9985921489469609,0.9934425192715398,0.9898805790783389,0.9987056338707324,0.9927016074183855,0.9896552654585983,0.9984167649521154,0.9923313590800468,0.9897128799694013,0.9973415084452963,0.9920612249449282,0.9893789631270922,0.9971359311875873,0.9917355853451804,0.9896666619110066,0.996484105306404,0.991778976935024,0.9888632392508275,0.9980466357829821,0.9916032124615664,0.9888769685389732,0.9980456831101367,0.9914681984466197,0.9878054969072309,0.9975130657627621,0.9934416947745159,0.9896216739936908,0.998585833742674,0.9934089882412791,0.9898806077884639,0.9988634628311319,0.9914684882718053,0.9875730797030778,0.9974114500483174,0.9914682668525939,0.987385535827836,0.9973657144312319,0.9913349102420524,0.9863743591379677,0.9973016102938994,0.9913267520728991,0.9866010664049036,0.9971615044076715,0.9913186962983552,0.9861518435027276,0.9972962166704276,0.9914033043082203,0.9894758606087288,0.995800916926484,0.9912379325550466,0.9893003251595025,0.995571774874977,0.9914151802374706,0.9894759116262318,0.995503666224684,0.9916058015029143,0.9896512040151063,0.9962212870241247,0.9915957512528353,0.9899332817004612,0.9962206430679614,0.9906849386530475,0.9892439873485549,0.9948823248258324,0.990675600719547,0.989244007272349,0.9948062708817256,0.9906740119783755,0.9895980575016234,0.9946975900841529,0.9902852331488544,0.9886135411365955,0.9944519411734766,0.9902112719555316,0.9886136306216198,0.9944590612746936,0.9903099232760793,0.9886135610472663,0.994290660623159,0.9905254424165114,0.9890441868249906,0.9980293569791072,0.9919204315454208,0.9891339030145966,0.9969425465858667,0.9907131195678852,0.9890996318043163,0.9951545583760839,0.9901948377291444,0.9887496322066027,0.9948431593275711,0.9903814589243406,0.9886132006442662,0.9946575577125778,0.9917398414120274,0.9889673623109017,0.9967580343467617,0.9919459654461628,0.989031091745028,0.9969473535829269,0.9988079574324242,0.9949635918273931,1.0027208046944336,303.0
0.9999970294112493,0.9999964609169817,0.9999976092817209,0.9804713351174009,0.9767042817892196,0.9842781627739374,0.9953146352275359,0.991665322018947,0.9997830865724926,0.9935478235689585,0.9902559958598937,0.9986038736668437,0.9934915198571467,0.9899336218526751,0.9987188209533074,0.9927516377014127,0.9897078430592485,0.9984291359592854,0.9923796545889265,0.989767544260213,0.9973540157679418,0.9921084758033769,0.9894328891789524,0.9971477184364023,0.9917858530332011,0.9897255029503538,0.996498139002222,0.9918296925543472,0.9889166151295717,0.9980594311161956,0.9916539002353705,0.9889304418854407,0.998058492823414,0.9915202326846779,0.9878596432171082,0.9975264119675324,0.9934907002842789,0.9896755312423943,0.9985999026939422,0.9934582839044894,0.9899336505643351,0.998876865810106,0.9915204968066804,0.9876272203450394,0.9974244789826585,0.9915202630764343,0.9874396119709632,0.9973784516740628,0.9913879394886064,0.9864299631745458,0.9973156351342453,0.9913797100575331,0.9866553718899116,0.9971736752478171,0.9913718665692786,0.9862078426875001,0.9973106224952903,0.9914555461973017,0.9895381802709476,0.9958159413266561,0.9912911120031765,0.9893647313616557,0.9955871166214498,0.9914678730897768,0.9895382312916743,0.9955189880355532,0.9916568400783956,0.989711437052949,0.9962358680033723,0.9916468470108999,0.9899937778943824,0.9962360343166279,0.990739677970694,0.9893125764694825,0.9948998148876742,0.9907303845698183,0.9893125963946668,0.9948237969033238,0.9907288842035842,0.9896695218106887,0.9947186670648613,0.9903408334240238,0.9886844072049086,0.9944669035245676,0.9902669666398196,0.9886844966963839,0.9944739904268562,0.9903652212207753,0.9886844271170158,0.9943054121957328,0.9905755290072634,0.9890974299176074,0.9980421704150938,0.9919669688668832,0.9891873642644048,0.9969538426902121,0.9907676890589455,0.9891670522177316,0.9951704980530661,0.9902505271201092,0.9888198432650926,0.994858583922724,0.9904373220159179,0.9886840666880325,0.994672732169446,0.991785632572492,0.989020083882774,0.9967686254915328,0.9919922182097523,0.989084671402572,0.9969586421215348,0.998841001748944,0.9950033678319865,1.0027230483899554,304.0
0.9999970301361889,0.9999964652667334,0.9999976089307393,0.9804752828386906,0.9767325581727182,0.9842755976405141,0.995324075420349,0.9917000841633321,0.9997825451269419,0.9935601651685301,0.9902931678675158,0.9986041085929015,0.9935030796675414,0.9899717653673379,0.9987199160290549,0.9927653762912154,0.9897446940778668,0.9984296300682762,0.9923940023842739,0.9898078903851312,0.9973541273646235,0.9921236283230821,0.9894742832143918,0.9971479713363149,0.9918022337061105,0.9897678332878761,0.996498378661146,0.9918443478578494,0.9889530012186301,0.9980600003614369,0.99166837513136,0.9889666247662829,0.9980589932736861,0.9915371918100885,0.9878964654947173,0.9975274394628368,0.993502174080327,0.9897144519522859,0.9986020507525174,0.9934694391587969,0.9899717940801042,0.9988776871625675,0.9915374008505359,0.9876637810122123,0.9974247227740712,0.9915371405178969,0.9874758363927615,0.9973780267838669,0.9914029925568073,0.9864683134327796,0.9973156121571762,0.9913947077139138,0.9866926902210384,0.9971722119264986,0.9913866797747876,0.9862465551741723,0.9973106891680409,0.9914725990892581,0.9895823983614287,0.9958158786152763,0.9913090115353789,0.98941017578328,0.9955871322825375,0.9914841972428688,0.9895824493844384,0.9955184197891928,0.9916734772198514,0.9897544287957184,0.996235941676897,0.9916634745426789,0.9900364544461512,0.9962358656761492,0.9907600941777892,0.9893610807612266,0.9949007258185376,0.9907510579950275,0.9893611006873915,0.9948248776631704,0.9907493279285341,0.9897190478608873,0.9947204294827079,0.9903622730904311,0.9887354081171387,0.9944664386816037,0.9902891053581758,0.9887354976132475,0.994473769429447,0.9903860788201223,0.9887354280302778,0.9943045330338668,0.9905887015133061,0.9891322412484644,0.99804272041596,0.9919821683592887,0.989229432675378,0.9969539167749966,0.990787425272387,0.9892151412962651,0.9951706216463003,0.9902717699408162,0.9888706958326829,0.9948583516136934,0.9904587540251689,0.9887350675826321,0.9946723806344054,0.9918006402044015,0.9890619538859364,0.9967685100912937,0.992007615650379,0.989127625734295,0.9969586787921464,0.9988450438492088,0.9950322006759664,1.0027204429096417,305.0
0.9999970330082909,0.999996465855372,0.9999976041700434,0.9804938550122915,0.9767366450451097,0.9842440255820154,0.9953478264572835,0.9917033272091725,0.9997477740904952,0.9935858736014062,0.9902967570867324,0.9985671680072807,0.9935281288559292,0.9899750453587915,0.9986823786298811,0.9927920385567947,0.9897474995293188,0.9983915734575598,0.9924212046707609,0.9898124806916486,0.9973166644580026,0.9921495684065618,0.9894786219816157,0.9971093491575349,0.9918332458804132,0.9897738418044915,0.9964622585954673,0.9918702696690566,0.9889546710914144,0.9980195497024792,0.9916941737013116,0.988968239359165,0.9980185800554149,0.9915626104979782,0.9878968005390736,0.9974830505058259,0.9935270162845119,0.989717484562014,0.998564299490322,0.9934942480540506,0.9899750740716536,0.9988399520494835,0.9915627981118966,0.9876640958973271,0.9973800650187389,0.9915625275054095,0.987476084041958,0.997333124907888,0.9914278757743881,0.9864646635872362,0.9972636830195344,0.991419556911487,0.9866883700579447,0.9971193834895127,0.9914114985201464,0.9862424906877806,0.9972579185081984,0.9915058824950975,0.9895895889610569,0.9957801494342374,0.9913437776499525,0.9894180758239997,0.995551588760092,0.991517326469115,0.9895896399844437,0.9954825682450154,0.9917053713641003,0.9897609099849697,0.9962000819641451,0.9916954101582368,0.990043023381141,0.9962005419310884,0.9907982141226032,0.9893700688201391,0.9948653548420323,0.9907894227031654,0.9893700887464878,0.9947896579007305,0.9907873928520897,0.9897275110382385,0.9946837212736714,0.9904052215303861,0.9887465497677308,0.9944327235560461,0.9903326541241317,0.9887466392648652,0.9944402448391628,0.990429573587309,0.9887465696810986,0.9942711470239977,0.9906138623759159,0.9891334104299825,0.9980023183349623,0.992007464138736,0.9892336258781724,0.9969147184556769,0.990824931139124,0.9892243428865355,0.9951354007816019,0.9903119937448326,0.9888814642059385,0.9948237513103603,0.9905004687488933,0.9887462092293234,0.9946382129412896,0.9918250969693222,0.9890653132966679,0.9967285245076686,0.9920329098060614,0.9891324656231653,0.996919452094958,0.9988639815706349,0.9950363593595671,1.002688267581974,306.0
0.9999970253712532,0.9999964687468411,0.9999976073981411,0.9804433303955689,0.9767551766350315,0.9842655809935925,0.9952902248211969,0.9917279328033438,0.999769826204183,0.9935273831434072,0.9903229918696184,0.998589891127335,0.9934693093528909,0.9900019000813455,0.9987053102804045,0.9927345386482306,0.9897740115890138,0.9984140390793527,0.992360343721169,0.9898399253763832,0.9973405965788945,0.9920884268545055,0.989507023599245,0.9971328599217054,0.9917713208088133,0.9898021621209988,0.9964875774189325,0.9918136410188954,0.9889815824992667,0.9980416027963622,0.9916375647434318,0.9889952393301772,0.9980405554706806,0.9915073643387795,0.987923812555624,0.9975049122250068,0.9934682470745635,0.9897448352302414,0.9985876537157239,0.9934351933664971,0.990001928794984,0.9988626918416792,0.9915075409806404,0.987691164049587,0.99740180793501,0.9915072651835184,0.9875031742290525,0.9973547470472938,0.9913733014575431,0.9864914124293346,0.9972842989724029,0.9913649728589372,0.9867149010072545,0.9971397573537399,0.9913570133780047,0.9862692394204904,0.9972784101751554,0.9914430264471511,0.9896184799767208,0.995806161645086,0.9912801140779377,0.9894472458898784,0.9955777329262219,0.9914548511001119,0.989618531001608,0.9955087982020652,0.991643102518176,0.9897895217895974,0.9962258757710558,0.9916332110982209,0.9900719855158118,0.9962273511727838,0.9907311334729139,0.9894007271637748,0.9948921872115334,0.9907215861184704,0.9894007470907483,0.9948159571700723,0.9907204775290505,0.9897616415493649,0.9947150130999008,0.9903413052730362,0.9887746613155358,0.9944594969850555,0.990268814180855,0.9887747508152392,0.9944669603585438,0.9903660322194426,0.9887746812294751,0.994298112257189,0.9905574628360497,0.9891612421442966,0.9980242639473538,0.9919463392097458,0.9892626229241872,0.9969381388837271,0.9907597489245891,0.9892535898810905,0.9951618080714111,0.9902471867848713,0.9889100130433998,0.9948503335127613,0.9904360497332241,0.9887743207673523,0.9946649050927924,0.9917639004835471,0.9890942531733525,0.9967518634163803,0.9919721390272442,0.9891626343193981,0.9969428234920039,0.9988124878759814,0.9950552644585017,1.002710230060405,307.0
0.9999970239999332,0.9999964669331785,0.9999976104317015,0.9804341714955735,0.9767427671940986,0.9842854312538042,0.9952804881957759,0.991716510092562,0.9997945624343122,0.9935202178531113,0.9903123788383322,0.9986163939705711,0.9934631176251961,0.9899905202057941,0.9987312306064722,0.9927290516834585,0.9897633801448197,0.9984415939842712,0.9923527344786609,0.9898307287786124,0.9973691450077464,0.9920818926430195,0.9894991898758262,0.9971623335252859,0.9917624498314666,0.9897936712066263,0.9965170715278925,0.9918086547591263,0.9889709251024732,0.998070014787739,0.9916324245127701,0.9889844987130546,0.9980690129425397,0.9915039082359032,0.9879137033359442,0.9975343496144138,0.9934619935017145,0.9897328418855498,0.9986126000100646,0.9934296322150545,0.9899905489190981,0.9988889931432244,0.9915040920062771,0.9876812254118073,0.9974314103519798,0.991503819777476,0.9874933906091813,0.9973844663280672,0.9913691938078546,0.9864819032520457,0.9973131987302641,0.9913608561370448,0.9867051586902049,0.9971683998000953,0.991352822179332,0.9862598452873195,0.997307280142,0.9914338312690258,0.9896104400369746,0.9958364670849765,0.9912705109720255,0.9894394218849893,0.9956082744923325,0.9914459882239293,0.9896104910614559,0.9955393398811281,0.9916341181070383,0.9897812657784875,0.9962558436559216,0.9916242816441435,0.9900640285801856,0.9962581073951486,0.9907203243191379,0.9893957066767282,0.9949235769200219,0.9907102906513059,0.9893957266036076,0.9948470036618867,0.9907097977016505,0.9897593964651571,0.9947498696889117,0.9903333283180942,0.9887706634274288,0.9944900783953587,0.990260680286253,0.9887707529268008,0.9944973781774209,0.9903583539642585,0.9887706833412947,0.994328858050893,0.9905513855582105,0.9891497243576735,0.9980527489382176,0.9919402113520626,0.9892556031540747,0.9969680234886688,0.9907501517322951,0.9892474413038211,0.995192682109522,0.99023831945884,0.9889051469416471,0.9948810522309836,0.9904278887410201,0.9887703228805066,0.994695528013246,0.991758407104467,0.9890878609548457,0.9967823532851139,0.9919661660719394,0.9891564902423492,0.9969726706484228,0.9988031551134587,0.9950426293422543,1.0027304709924334,308.0
0.9999970191187568,0.9999964674098546,0.999997617045346,0.9804017351585703,0.976744996551796,0.9843289903042087,0.995244659129474,0.9917245768357454,0.999845816260201,0.9934861816595798,0.9903234081307377,0.998672293312014,0.9934280779363912,0.9900020502130259,0.9987870884343474,0.9926966157311223,0.989774813515293,0.9984992654364389,0.9923191557227508,0.989845539898094,0.997428628416255,0.9920496179860073,0.9895157243180588,0.997223469671919,0.9917286191275908,0.9898116849869824,0.9965779973628556,0.9917752359432885,0.9889829444686328,0.9981289168006772,0.9915988715815596,0.9889964086189744,0.9981278829008929,0.9914696559665036,0.9879272849186799,0.9975953019409849,0.9934269570854976,0.9897447724606387,0.9986689653634774,0.9933939879338841,0.9900020789266591,0.9989444454089936,0.9914698814782499,0.987695247283675,0.9974930555679153,0.9914696296354086,0.9875078644012709,0.9974466597476009,0.991333968461215,0.9864979601666449,0.9973763680111862,0.9913256855352699,0.9867221220103799,0.9972329849700416,0.9913174612731624,0.9862760821307283,0.9973705146093779,0.9913989655189733,0.9896306697345028,0.9958972507658898,0.9912350383528585,0.9894608002741178,0.9956685628361474,0.991411019669687,0.9896307207600393,0.9956000783074943,0.9915999162911276,0.9898003467259324,0.9963171363023741,0.9915902118766651,0.9900841564704965,0.9963214549617635,0.9906825184771842,0.9894208039418044,0.9949821380781632,0.990671755433162,0.9894208238691974,0.9949050615358762,0.9906720367304441,0.989785759913232,0.9948097178277571,0.9902970327275527,0.9887983071032321,0.99454791059826,0.9902243417103354,0.9887983966051449,0.9945551025312781,0.9903216794374363,0.9887983270176641,0.9943864019390071,0.9905173170201702,0.9891614564085995,0.9981116270813032,0.991908782246121,0.9892731265036254,0.9970301669720399,0.990714224178416,0.9892720239978782,0.9952520292859207,0.9902030717528645,0.9889330823953609,0.9949395948087805,0.9903920920834726,0.9887979665466426,0.9947537250067744,0.9917284831122299,0.9891068654020911,0.9968459099457714,0.9919343968940095,0.989174154807314,0.9970348046935387,0.9987701004065492,0.9950449283225827,1.0027748756983608,309.0
0.99999701204464,0.9999964680203789,0.9999976219024459,0.9803550981937451,0.976748379007289,0.9843612244865186,0.9951907501601978,0.9917323696468789,0.9998811906036061,0.9934300518242131,0.9903326067758325,0.998710023406903,0.9933728758195322,0.9900116337734902,0.998826238049369,0.9926399002870335,0.9897839842905526,0.9985388853192044,0.9922595443634467,0.9898576417664616,0.997465405602411,0.9919885759593493,0.9895283891557001,0.9972594995429798,0.9916690010575703,0.9898265284491743,0.9966139866483587,0.9917169834588363,0.9889920793070606,0.9981711633452587,0.9915402677769074,0.9890050954367229,0.9981701228320462,0.9914105875435913,0.987938949628149,0.9976415515617246,0.9933716876904108,0.9897546639495636,0.9987087061226717,0.9933393930230094,0.9900116624873975,0.998984003292636,0.9914108309922787,0.9877071309601663,0.9975396111342144,0.9914105879427737,0.9875199680306181,0.9974934526482758,0.9912759867583117,0.9865155463658667,0.9974312633829167,0.9912677053857505,0.986739599176862,0.9972879054292857,0.9912596210733935,0.9862944586487118,0.9974265334088721,0.9913406206843512,0.9896479283273668,0.9959332880218664,0.9911771051977407,0.9894795601386608,0.9957044532057999,0.991353302963661,0.9896479793537954,0.9956365488279927,0.9915407871777917,0.9898161039998079,0.9963531334381576,0.9915310798156245,0.990099840129749,0.9963574003430801,0.9906230488959915,0.9894421060715993,0.9950169788529369,0.9906115412781775,0.9894421259994254,0.9949393733791065,0.990612613135602,0.9898083770953923,0.9948458919487495,0.990243902822771,0.9888215620255755,0.9945844463588146,0.9901712018011356,0.9888216515296109,0.9945915430338668,0.9902693424939499,0.988821581940481,0.9944234141356441,0.9904566173907648,0.989167503808568,0.9981539713580566,0.9918477625234773,0.9892861039377766,0.9970663650627759,0.9906566719757641,0.9892927917016269,0.9952877039579124,0.9901477701607907,0.9889558231611415,0.9949755938015954,0.9903380523436748,0.9888212214609089,0.9947899759089754,0.9916677209969035,0.989120113119045,0.9968823444436267,0.99187335128549,0.9891877313622514,0.9970709757774402,0.9987225657778319,0.9950483949140677,1.002807726768397,310.0
0.999997008058791,0.9999964697887209,0.9999976211965945,0.9803285046740399,0.9767597690082012,0.9843566346381393,0.995161909290815,0.9917470510015722,0.999875012337885,0.9933991536167353,0.9903485830917915,0.9987021885105748,0.9933426076919222,0.9900280392374752,0.9988193777281141,0.9926084332563291,0.9897994751698015,0.9985303981580249,0.9922261758862536,0.9898759133515495,0.99745569447753,0.9919575817771099,0.9895474071058501,0.9972511123864657,0.9916310469532136,0.989846292841152,0.9966008289045503,0.9916853082938519,0.9890068684903555,0.9981622471428816,0.9915084796668752,0.989019788143201,0.9981612437003508,0.9913791140201261,0.9879532733400092,0.9976317373774936,0.993341437174192,0.9897714127275137,0.9987023542928404,0.9933094897683047,0.9900280679518582,0.9989773462929162,0.9913793978935671,0.9877218261989048,0.9975304365184423,0.9913791745388157,0.9875350536478809,0.9974847911369578,0.9912429179399251,0.9865273170420658,0.9974167502405942,0.9912346489779112,0.9867514294433748,0.9972736951797868,0.9912263422251683,0.9863058865613131,0.99741135945352,0.9912999531978761,0.989669034466263,0.9959178966012758,0.9911349852688788,0.9895015104130405,0.9956878015217656,0.9913122669400639,0.989669085493782,0.9956209021075912,0.9915017890971067,0.9898363660132904,0.9963391089880868,0.9914920804560557,0.9901200122947594,0.9963433392302624,0.9905781975040491,0.9894662393446589,0.9949971495803818,0.9905664841863128,0.9894662592729732,0.9949193448319602,0.9905677187784394,0.9898322046876055,0.9948250778311939,0.9901967857198657,0.9888495690338621,0.994562505140021,0.9901233686156284,0.988849658540451,0.9945691670137263,0.990221804478889,0.9888495889493364,0.9944011094789296,0.9904240922520392,0.9891813536681475,0.9981451252682514,0.9918167425956127,0.9893055895436156,0.9970578791780558,0.9906123729719746,0.9893170493907125,0.9952687930201184,0.9901025543065258,0.9889827484736896,0.9949552675517418,0.9902921684928556,0.9888492284594795,0.9947688070853298,0.9916365980036863,0.9891394961498285,0.9968737524325124,0.9918425866475444,0.9892082216479673,0.997062447600391,0.9986954672880547,0.9950600123438368,1.0028030462799549,311.0
0.9999970005528033,0.9999964709923073,0.9999976193216797,0.9802790980745525,0.9767677467005639,0.9843446461149108,0.9951041050345587,0.9917562760697985,0.9998566363416203,0.9933373648388505,0.9903571658401918,0.9986792288014904,0.9932809737708945,0.9900368159906668,0.9987965171517498,0.9925465323455901,0.9898083960331983,0.9985061350321427,0.9921595541287128,0.9898826092256529,0.9974285797629082,0.9918907580911672,0.9895541311269757,0.9972232602683133,0.991560322664699,0.9898504316880877,0.9965702106025411,0.991623770633075,0.9890162760842984,0.9981365844202735,0.9914471467387457,0.9890295206542796,0.9981355998204282,0.9913172765904885,0.987961604612154,0.9976038504210323,0.9932798675445965,0.9897803446825743,0.9986796541599433,0.993247900497974,0.9900368447053078,0.9989544248498204,0.9913176034069571,0.9877305318130378,0.997503216448372,0.9913174009595159,0.9875441576463734,0.9974581089358634,0.9911813054095286,0.9865315138789751,0.997383296903678,0.9911730251480957,0.986755241478592,0.9972399298593798,0.9911647608238464,0.9863096043925403,0.9973772297193392,0.9912265795340292,0.9896713185722367,0.9958854168867763,0.9910600980546094,0.98950279195878,0.99565447134899,0.9912387260235062,0.989671369599867,0.9955882678897021,0.9914300319201407,0.9898396526888326,0.9963075508916637,0.9914202553384717,0.9901226225663412,0.9963106899697368,0.9905032089562635,0.9894663412389839,0.9949631176194822,0.9904923803439073,0.9894663611672962,0.9948857989351991,0.9904926846099537,0.9898319383104561,0.9947899896068686,0.9901127006479035,0.9888496181445906,0.9945237139950337,0.9900387471618547,0.9888497076511701,0.9945300183726495,0.9901366717173505,0.9888496380600622,0.994361501567984,0.9903635667094017,0.9891922666650843,0.9981194392948699,0.9917494221891994,0.9893123626297714,0.9970294417167226,0.9905351027356516,0.9893173011577582,0.9952339262964904,0.990021594136448,0.9889818682244866,0.9949187212777442,0.9902098854108816,0.9888492775702434,0.9947311077858101,0.9915684501969357,0.9891454668397588,0.996844523868648,0.9917755674686852,0.9892160523183601,0.9970339658364785,0.9986451071469395,0.9950681442207543,1.002790811206702,312.0
0.9999970068395961,0.9999964686707239,0.9999976152903116,0.9803198308610351,0.9767523799717353,0.9843174475439852,0.995155679492425,0.9917389862854674,0.9998317294472013,0.9933935052479873,0.9903408205772439,0.9986555724444871,0.9933380644410613,0.9900207833485573,0.9987735979316941,0.9926027137410637,0.9897920174938255,0.9984822053049464,0.9922212541759077,0.989867451567918,0.9974069081070529,0.9919545967369461,0.9895411649761934,0.9972032091370624,0.9916249643475564,0.9898341689848423,0.9965497430505097,0.9916785206779556,0.9889998493753736,0.9981118331720424,0.9915019140375758,0.9890131263878764,0.9981108946882394,0.991369724288192,0.9879449480831513,0.9975775660133042,0.9933370317068168,0.9897645621397068,0.998657069762587,0.993305506157656,0.9900208120627337,0.9989316967439031,0.9913700829270933,0.9877141326752465,0.9974774345822314,0.9913698959398309,0.9875280355968259,0.9974327367306938,0.9912349943420312,0.9865133773759865,0.9973559800962981,0.9912266854766856,0.986736435618416,0.9972118187973175,0.9912186161640315,0.9862913804089717,0.9973499040098881,0.9912926080041365,0.9896541245692264,0.9958656092961131,0.9911268320413742,0.9894850350404766,0.9956349858933163,0.9913050027617698,0.9896541755959715,0.9955686349813914,0.9914952085976032,0.9898230215792321,0.9962873479739106,0.9914854397765397,0.9901059415775634,0.9962905393734579,0.9905726487929549,0.9894486926035851,0.9949449119493363,0.9905622954905838,0.9894487125315425,0.9948677935474898,0.9905621454971264,0.9898151351782558,0.9947724017770663,0.9901792537910253,0.9888317061666058,0.9945032624766907,0.9901053420533467,0.9888317956715678,0.9945094851277921,0.9902028775151837,0.9888317260817177,0.994340719148098,0.9904185514284066,0.9891760289097619,0.9980947242379526,0.9918142694785045,0.9893007390683048,0.9970102188130611,0.9906032982031033,0.9892993089803417,0.9952149489366834,0.9900886802061035,0.9889633912174309,0.9948991162988257,0.9902768363556202,0.9888313655984127,0.99471106230322,0.9916345609022079,0.9891350485960597,0.9968265016210299,0.9918404699960793,0.9892051086981838,0.9970147136718257,0.998686638995623,0.9950524828276937,1.0027631117974412,313.0
0.9999970015151208,0.9999964681384154,0.9999976129627034,0.9802850010476086,0.9767490477109771,0.9843024553967327,0.99511368596021,0.9917341133834761,0.9998105245721376,0.9933497918839779,0.990335220039013,0.9986330841000675,0.9932939480857023,0.9900151641710061,0.9987507453161608,0.9925592638049404,0.9897860013634241,0.998459921682815,0.992175011991465,0.9898616252001246,0.9973827971857513,0.9919081159013153,0.9895366237656568,0.9971788901348357,0.9915771471643849,0.9898263246786365,0.9965238754543033,0.9916347799254143,0.9889932333251505,0.9980897676995467,0.9914580789042028,0.989006303194168,0.9980888258245237,0.9913258483348147,0.9879385277827059,0.9975558221122015,0.993292929866727,0.9897589280516307,0.9986343228814716,0.9932611370395944,0.9900151928850217,0.9989085462795063,0.9913262351867453,0.9877079304315759,0.9974561188009738,0.9913260619096138,0.987522072841468,0.9974117708551002,0.9911906968065259,0.9865068139623041,0.9973339876633481,0.9911824245220936,0.9867304125444673,0.9971907654784027,0.991174257872951,0.9862847129928675,0.9973277308900153,0.9912437872196753,0.9896445909521129,0.9958386293037867,0.9910772689581618,0.9894744847175357,0.9956072947587828,0.9912564008821217,0.9896446419783606,0.9955417708937025,0.9914470046523614,0.9898145047567154,0.9962610352771066,0.9914372319056747,0.9900973138851268,0.9962641425683967,0.9905194929200722,0.9894372662768464,0.9949130051339573,0.9905080965457805,0.9894372862045694,0.9948350660208655,0.9905089145172897,0.9898027920088242,0.9947386499741507,0.9901307979871169,0.9888199860587007,0.9944745109094966,0.9900577683410402,0.9888200755625837,0.9944810590483263,0.9901542196123467,0.9888200059735721,0.9943117142583542,0.9903745692884028,0.9891686140634547,0.9980726820138611,0.9917682853277578,0.9892969979056924,0.9969862438668102,0.9905528851232805,0.9892882555333697,0.9951859257381772,0.9900390937275715,0.9889519269841225,0.9948702224228996,0.9902277698208626,0.9888196454946141,0.9946822480381693,0.9915891245563411,0.9891318347891787,0.9968030324918257,0.991794663909277,0.989202180431497,0.9969907042507183,0.9986511321479133,0.9950490812377346,1.0027478170130297,314.0
0.9999970033918005,0.9999964673026428,0.9999976090350109,0.9802971386246383,0.976743856153395,0.9842763673135941,0.9951288952829578,0.991726818492405,0.9997816088775996,0.9933631342978263,0.9903254053832028,0.9986018038952496,0.9933058610450508,0.9900067426160472,0.9987202577183895,0.9925725644562772,0.9897759513668173,0.9984280720940887,0.9921873453728488,0.9898481115070115,0.997348108341181,0.991921368516626,0.989524577769265,0.9971444714234269,0.9915867481540391,0.9898059570060206,0.9964855969599671,0.9916477476835583,0.9889828425466318,0.9980571648344532,0.9914710960136444,0.988995978813926,0.9980563343440093,0.9913379829466894,0.9879272813248281,0.9975214170166902,0.9933049640305979,0.989751620977228,0.9986054558810157,0.993272101270592,0.9900067713298284,0.9988773187991024,0.9913383833469226,0.9876967633672087,0.9974219118448787,0.9913382166262822,0.9875109987641808,0.9973777299729158,0.9912004235606429,0.9864931140174518,0.9972949448340572,0.9911922399860542,0.9867181953514121,0.9971540069220179,0.9911836565611428,0.9862704585215689,0.997287722328642,0.991251281290674,0.9896190682815214,0.9957989605912149,0.9910834470110332,0.989446091275333,0.9955673020566985,0.9912639867939859,0.9896191193064345,0.995502167613767,0.9914557600609915,0.989791852937407,0.996221662660185,0.9914458144947597,0.9900731933370918,0.9962220427643783,0.9905249962202562,0.9894047988928133,0.9948722719202644,0.9905140802847037,0.9894048188198702,0.9947945483372326,0.9905143532889654,0.9897696381633607,0.9946963241472797,0.9901295010814553,0.9887818793673376,0.9944323111755761,0.990056799634114,0.9887819688677106,0.9944389388175008,0.9901520115232645,0.9887818992814265,0.994268823576912,0.9903879989944409,0.9891584393014377,0.9980401850731145,0.9917820595878413,0.9892858989897482,0.9969520240831165,0.9905571655169368,0.989256067399495,0.9951452790931014,0.990040148570141,0.9889155145401879,0.9948289889559188,0.990227242608127,0.988781538816606,0.994640587325696,0.9916032377032558,0.989121048992459,0.9967691353729684,0.9918086832238416,0.9891919476837516,0.9969564484572055,0.9986635071009285,0.9950437831111513,1.0027212299738417,315.0
0.9999970014268021,0.9999964607637516,0.9999976087960054,0.9802852738737405,0.9767013013925643,0.9842750874714803,0.9951087661588477,0.9916750058374888,0.9997767836673366,0.993345235315616,0.9902697625423222,0.9985976860842782,0.9932871369001371,0.9899516972573776,0.9987167184479705,0.992555091543443,0.9897187282301898,0.9984240231372686,0.9921717951271524,0.9897894110024178,0.9973444725474737,0.9919070763379814,0.9894676943165137,0.9971417760429184,0.9915709682232131,0.9897414486007309,0.996481756688384,0.9916301233715399,0.9889233359247789,0.9980529970224388,0.9914531716183442,0.988935983716098,0.9980522570400434,0.9913212270539036,0.9878670290751502,0.9975164654143708,0.9932862059580492,0.989697053615349,0.9986029047611327,0.993252907435362,0.9899517259695698,0.9988733855318265,0.9913215991195671,0.9876362526822514,0.9974165186853443,0.9913214186002117,0.9874502175346249,0.9973719830181644,0.9911830138695765,0.9864318912784327,0.9972885537291308,0.9911748498337998,0.9866571597406925,0.9971480724222113,0.9911661585110193,0.9862090795537534,0.997281071371646,0.9912329934908329,0.9895497654469902,0.9957944500633017,0.9910634781822946,0.989373929837691,0.9955624564565627,0.9912459427852297,0.9895498164683212,0.9954978595130136,0.9914390055044631,0.989725408787956,0.9962173968422321,0.9914290097382917,0.9900063023626376,0.9962169592073035,0.9905033187449563,0.9893276446767045,0.9948671918944539,0.9904929415650444,0.989327664602199,0.9947897512076748,0.9904926375621852,0.9896923216007646,0.9946903260174424,0.9900990554835318,0.9886973150920118,0.9944250316102445,0.990026185251337,0.9886974045846808,0.9944315217445282,0.9901207775645869,0.9886973350043845,0.9942609688269505,0.9903678162041115,0.9890945952025242,0.9980362579714293,0.9917686506097366,0.9892301439335284,0.9969499921414803,0.9905341028149228,0.9891789794271542,0.9951398364929572,0.9900127487086153,0.9888327898485376,0.9948228821616958,0.9901979112254815,0.9886969745705944,0.9946339550936999,0.9915908299823083,0.9890662742614679,0.9967680625189874,0.9917954239803146,0.9891368767672082,0.9969543875865554,0.9986513894238987,0.9950003933383929,1.002719913221379,316.0
0.9999969973833188,0.9999964615451069,0.9999976119293423,0.9802588493149049,0.9767062119885742,0.9842959569004553,0.9950769729437623,0.9916820463371449,0.9997986178432781,0.9933138899023791,0.9902783432553353,0.998619751109822,0.9932560972800792,0.9899605198408836,0.9987392787016015,0.9925223773052131,0.9897269386114368,0.9984456718761457,0.9921430071342479,0.9898006631269254,0.9973668110326979,0.9918780194663238,0.9894789967414827,0.997163848428643,0.9915456331475676,0.9897552485636799,0.9965048577565473,0.9915957846884995,0.9889310115299202,0.9980742591637055,0.9914187804724846,0.9889434951589751,0.9980735643877935,0.9912844406292768,0.987874757171007,0.9975368371407055,0.9932552323124063,0.9897060696939028,0.9986258186055622,0.9932220018096662,0.9899605485533314,0.9988959777057762,0.9912847996028937,0.9876438642721673,0.9974366779736518,0.9912846127149357,0.9874577073387006,0.9973919708747945,0.9911458897190574,0.9864402930386045,0.9973099635336734,0.9911377163122638,0.9866652588790005,0.9971692191602857,0.9911289917944267,0.9862176171191892,0.9973026580309075,0.9912099660506426,0.9895658118573173,0.9958180621678089,0.9910418110809089,0.989391373384705,0.9955863407364984,0.9912230063687753,0.9895658628794779,0.9955215777783177,0.9914145571671149,0.9897400581072722,0.9962406812711522,0.9914045579277447,0.9900208803131993,0.9962401791830945,0.9904842866454668,0.9893459434510964,0.9948930907172595,0.9904744975736662,0.9893459633769612,0.9948159936424259,0.9904736471742552,0.989712076293587,0.9947174787944849,0.9900777813600266,0.9887142506812591,0.9944490652428238,0.9900051609652257,0.988714340175462,0.9944556486956448,0.9900991453854112,0.9887142705939737,0.9942847333897904,0.9903326666282228,0.9891003475878993,0.9980576397198092,0.9917394991884292,0.9892414921186967,0.9969719674947163,0.9905135246556561,0.9891966865850425,0.995164332629847,0.9899921139840872,0.988850430478691,0.9948471595997543,0.9901768171165432,0.9887139101540049,0.994658133882162,0.9915615187752157,0.989077475748746,0.996789886993809,0.9917659183631367,0.9891481279429731,0.9969763640308885,0.9986244520661435,0.9950054054226578,1.0027411775632689,317.0
0.9999970026628843,0.9999964569014047,0.999997616433865,0.9802938013381973,0.9766754604250565,0.9843252237958191,0.9951165898070822,0.991648123399641,0.9998370591917818,0.9933544312703618,0.9902427208175641,0.9986623085572652,0.9932964361692963,0.9899268888849431,0.9987843126735404,0.992564372953776,0.9896927132224349,0.998490005805076,0.9921826360226674,0.9897604133399149,0.9974099165771577,0.9919165766950866,0.9894376102402554,0.9972059082276481,0.9915842752856356,0.9897113922018201,0.9965496629898959,0.9916399445499591,0.9888988062724244,0.9981211859681337,0.991463189482328,0.9889116255398349,0.9981206148897286,0.9913306941274057,0.9878437722848616,0.9975870751048371,0.993295729717786,0.9896740319359602,0.9986731467529614,0.993262100272472,0.9899269175964203,0.9989407768779132,0.9913310624180796,0.9876129693500876,0.9974870858932408,0.9913308800622043,0.9874269077196989,0.9974425166242188,0.9911918298192328,0.9864122478559735,0.9973642225336884,0.991183725921761,0.9866384015752349,0.9972252468189374,0.9911748800339838,0.9861897681022018,0.9973571619750925,0.9912487652837161,0.9895185323575834,0.9958643474311359,0.9910808251080911,0.9893418731024604,0.9956333065349006,0.9912615532695772,0.989518583377301,0.9955678140448414,0.991453275412844,0.9896949994505669,0.9962862858420648,0.9914433516037702,0.989976378660802,0.9962869052337527,0.9905258282326191,0.9892926757453511,0.9949426106330994,0.9905169342609116,0.9892926956701368,0.9948661026985366,0.9905151702699978,0.9896591095137006,0.9947665976273269,0.9901138735057662,0.9886557616588075,0.9944972341209861,0.9900412344890008,0.988655851147682,0.9945038077199424,0.9901350433724917,0.9886557815703353,0.9943328016385452,0.9903781345975581,0.9890693434626042,0.9981046590897189,0.9917772370703596,0.9891994387498005,0.997013316872983,0.9905527463408864,0.9891432968182721,0.9952124836577522,0.9900289035537898,0.988792480864263,0.9948954689591442,0.9902131521875386,0.9886554211518283,0.994706391519497,0.9915981233276471,0.9890343409661764,0.996830208062448,0.9918036924030407,0.9891065097773253,0.9970176945596617,0.9986600731416636,0.9949740674653892,1.0027710257136222,318.0
0.9999970108065266,0.9999964601519689,0.9999976165848244,0.9803465173164193,0.9766965900764916,0.9843255793005251,0.9951833497598982,0.9916741166809533,0.9998442300568938,0.9934186145692826,0.9902705040616447,0.9986698129837761,0.9933607783388899,0.9899545327367552,0.9987919561482032,0.9926275657581018,0.989721242348839,0.9984970255727733,0.9922450960910295,0.9897895003243858,0.9974180675244719,0.991978154734238,0.9894659834496285,0.9972141427832066,0.9916462263540481,0.9897429112297823,0.9965575348885267,0.9917027357011444,0.9889284123909224,0.9981279114572745,0.9915262166903811,0.988941458160119,0.9981273392875409,0.9913917255991593,0.9878736513644841,0.997593377659274,0.993360051417352,0.9897015642685477,0.9986808578995571,0.9933265531322276,0.9899545614490318,0.9989484530155845,0.9913921399690854,0.9876432443742955,0.9974941162765083,0.9913919800234994,0.9874576037741208,0.9974501359222606,0.9912521842397707,0.9864413743589218,0.9973689139487393,0.9912440646027032,0.986667248233334,0.9972295243409967,0.9912351486226191,0.9862188405129542,0.9973617084792141,0.9913115256547606,0.9895521488338217,0.9958726176646882,0.9911438140228468,0.9893767763484745,0.995641623196714,0.9913247440449874,0.9895521998552751,0.9955764778722802,0.9915155384693642,0.9897273291631722,0.9962943210468304,0.9915056184484159,0.9900087277380525,0.9962949897370478,0.9905892267910602,0.9893299102356937,0.9949521382410088,0.990580516246654,0.9893299301612329,0.9948757500647016,0.9905786372275961,0.9896982231978988,0.9947780455881755,0.9901755111278984,0.9886939981774547,0.9945046447751064,0.9901034562092992,0.9886940876698026,0.9945115227326451,0.9901956313607884,0.9886940180897558,0.9943395351995282,0.9904425060352201,0.9891003945181897,0.9981113380672396,0.9918386564315883,0.9892273327501205,0.997021781574792,0.9906156401353494,0.9891797675785925,0.9952209199801032,0.990091625903641,0.9888302905695182,0.9949034159545765,0.9902754349573298,0.9886936576572588,0.9947140571817878,0.9916597859869757,0.9890624528775579,0.9968389084883503,0.9918648365539486,0.9891343575454755,0.9970261591248897,0.998713825598136,0.9949956130154792,1.0027714117990294,319.0
0.9999970046726037,0.9999964703385029,0.9999976165023992,0.9803056791396366,0.9767634853190515,0.9843255039611876,0.995138441735643,0.9917518145888329,0.9998389428816888,0.9933735780730104,0.9903542443946334,0.998663258208456,0.9933167626000006,0.9900389170794959,0.9987872228152389,0.9925800009893962,0.9898052810272127,0.9984873224486497,0.9922038524294245,0.9898800310390695,0.9974127057410109,0.9919373629639243,0.9895574655206465,0.9972090316477662,0.9916096717811815,0.9898391919662679,0.9965529810366466,0.9916531863427953,0.9890128778465351,0.9981143181581588,0.9914770372669526,0.9890263136543511,0.9981137064087862,0.9913374088236732,0.9879564110644907,0.9975740685319188,0.9933160594439369,0.9897864638068462,0.9986770465433785,0.9932831321302006,0.9900389457942194,0.9989441209881456,0.9913378355778694,0.9877261321582425,0.9974749831546614,0.9913376816891607,0.9875406212052604,0.9974311392015273,0.9911965407769529,0.9865190462474194,0.997341217787896,0.9911883887045718,0.9867444063056613,0.99720104392746,0.9911793372488735,0.9862959292451549,0.997333042302749,0.9912789706737503,0.9896533738276699,0.9958687440897633,0.9911131451555082,0.9894810288972438,0.9956378392648509,0.9912931482564583,0.9896534248543497,0.9955732880385088,0.9914805227450343,0.9898255266496202,0.9962900536184056,0.9914706065212091,0.9901069989766174,0.9962908429706574,0.9905633067540944,0.9894391901967943,0.9949501636015511,0.990555340880805,0.9894392101245414,0.9948742402723878,0.990552746904139,0.9898086558837919,0.9947770531215514,0.9901495885487474,0.9888075751645,0.9945004818904842,0.9900779567148217,0.9888076646671604,0.9945075972561049,0.9901691804453241,0.9888075950790974,0.9943349977742446,0.990395508388606,0.9891876134234363,0.9980976240963089,0.9917983524674224,0.9893194361953992,0.9970169162480249,0.9905877718230065,0.9892885790787672,0.9952173378118884,0.9900661774338302,0.9889440184191948,0.9948994018862969,0.9902497128024434,0.988807234605066,0.9947099728881169,0.9916198908225583,0.989154935346346,0.9968343898889391,0.9918246966172168,0.9892270086834415,0.9970212708061459,0.9986722122956498,0.9950638027470238,1.0027713159677707,320.0
0.9999970055160319,0.9999964719875146,0.999997617111471,0.9803112141031025,0.9767744765345268,0.98432950297619,0.9951447690711359,0.9917641113440794,0.9998431930293067,0.9933812854860689,0.9903648899575058,0.9986680539616378,0.9933253318400747,0.9900502683135478,0.9987936973887734,0.9925874933579502,0.9898144034786243,0.9984910923270626,0.99221239799483,0.9898899082839405,0.9974187170877022,0.9919471777614558,0.9895688224770417,0.99721582586931,0.9916169203648233,0.9898461928910817,0.9965591060106068,0.9916594467763952,0.9890197971778651,0.9981160890341376,0.9914831052664469,0.9890328280423086,0.9981154896130473,0.9913424126291397,0.9879621382885587,0.9975726206825825,0.9933246713611312,0.9897983795803533,0.9986844461938836,0.9932921865357569,0.9900502970286065,0.9989509089716698,0.9913428152934844,0.9877316929030138,0.9974731720194437,0.9913426497220372,0.9875459931898881,0.9974290274551386,0.9911995709304181,0.9865220200964806,0.9973340666853814,0.9911914033128658,0.9867471709192839,0.9971935041246083,0.9911821124308923,0.986298576588337,0.9973252084590899,0.9912830210503678,0.9896575861063396,0.9958735734910092,0.9911150438684434,0.9894834113965502,0.9956415384141089,0.9912974679201565,0.9896576371332354,0.9955783769716449,0.9914865544377084,0.989831568853077,0.9962958868432004,0.9914767017610774,0.9901135961504625,0.9962976834373948,0.9905621327201598,0.9894382247386716,0.9949505377853575,0.9905543447083669,0.9894382446663935,0.9948746916187458,0.9905514279863288,0.9898055118088609,0.9947737397199049,0.9901399654784131,0.988802914141958,0.9944996374572379,0.9900674492829996,0.9888030036441671,0.9945063602834384,0.9901588860726224,0.9888029340564539,0.9943336943773002,0.9904004052609752,0.9891916562458434,0.9980995063001855,0.9918089098021499,0.989331746992198,0.9970241231340972,0.9905861942227486,0.9892884994358152,0.9952190093323153,0.9900609878764073,0.9889415608546467,0.9948999816137785,0.9902417678805981,0.9888025735842396,0.9947099120077787,0.9916310860966903,0.9891678619386404,0.9968421982381757,0.9918354744875388,0.98923992761378,0.9970284527267209,0.9986778541682945,0.9950750043919381,1.00277539023115,321.0
0.9999970099501592,0.999996473378388,0.9999976134287463,0.9803401799572592,0.9767839665737367,0.9843050782491224,0.9951797173387121,0.9917729359903904,0.9998164341212662,0.9934199339110429,0.9903738179856881,0.9986425929433719,0.9933633898845388,0.9900584606535088,0.9987669862689372,0.9926289418576433,0.9898235076990801,0.9984666882198338,0.9922516857324136,0.9898986909971738,0.9973949159066142,0.9919883457638119,0.989579125837961,0.9971934340592727,0.9916540016054216,0.989852978850619,0.9965351281434469,0.991702996207041,0.9890291548126707,0.9980922033688565,0.9915267859554829,0.9890422883229208,0.9980916653321213,0.9913884726356188,0.9879712572733441,0.9975491841808163,0.9933627133234576,0.9898059833637404,0.9986570579262168,0.9933299023876127,0.9900584893688057,0.9989239557099489,0.9913888732382776,0.9877408015938512,0.9974497072329988,0.9913887066657177,0.9875550866345212,0.9974055383314786,0.9912459171118381,0.9865304014504119,0.9973094228412165,0.991237778527294,0.9867561770277056,0.9971696331815277,0.9912284913489643,0.986306762883385,0.9973002851748626,0.9913167870179298,0.9896623775522463,0.9958484439312952,0.9911464323248601,0.9894868740208373,0.9956153207731454,0.9913317686865418,0.9896624285793874,0.9955536769417569,0.991522372281585,0.9898376891960613,0.9962716489545932,0.9915125761085357,0.9901202112370011,0.9962743377357377,0.9905890194420036,0.9894394880958932,0.9949211154192338,0.9905810269125613,0.9894395080236369,0.9948450825531249,0.9905782376011676,0.989805823777014,0.9947423965310216,0.9901576463143228,0.9888015457762948,0.9944677033511105,0.9900847767183997,0.9888016352783602,0.9944742843949813,0.9901748934479399,0.9888015656907584,0.9943006250640227,0.9904449316374243,0.9892015329111089,0.9980756673284001,0.991850919854281,0.9893430117247998,0.9970023224241229,0.9906136440738885,0.9892901497082154,0.9951908527776009,0.9900838991289,0.9889413126854082,0.9948701836109859,0.9902617781828829,0.9888012052191228,0.9946790826584655,0.9916739910601983,0.9891799726501076,0.9968212403244305,0.9918775084430257,0.9892515151617237,0.9970066381596221,0.9987073831962857,0.9950846674467974,1.0027504984874271,322.0
0.9999970118477739,0.9999964743621902,0.9999976129420275,0.9803525064983016,0.9767904656460814,0.9843017758216784,0.9951950027770053,0.9917802612506439,0.9998136779123106,0.9934344385948776,0.9903805340009244,0.9986404761330993,0.9933781884874114,0.9900644414677607,0.9987644953021706,0.9926439767506292,0.989829665095898,0.9984649167086024,0.9922634647050265,0.9899056503665172,0.997393744095313,0.9919996680262845,0.9895854622329284,0.9971924806369191,0.991663522743009,0.98986138117354,0.9965338393536897,0.9917188922265311,0.9890345046815346,0.9980908790443669,0.9915426123750738,0.9890473850052596,0.9980903364221402,0.9914058020020073,0.987976678932474,0.9975485355138685,0.9933774347376969,0.9898113760137548,0.9986541040699105,0.9933449352788624,0.9900644701832301,0.9989215874339817,0.9914062191398817,0.9877463532081256,0.9974493148634805,0.9914060605984275,0.9875607796679476,0.9974053553144516,0.991263383745526,0.9865355103919747,0.9973083029945311,0.9912552259968023,0.9867610272357159,0.9971680301680592,0.9912459789106296,0.9863118718564144,0.9972991801894943,0.991322590284735,0.9896714774923534,0.9958453486121271,0.9911498997718217,0.9894961908510435,0.9956106760615163,0.9913375964898196,0.9896715285199699,0.9955506542423568,0.9915304885232931,0.9898465723309372,0.9962700600078855,0.9915208145667539,0.990130129962448,0.9962746733472223,0.9905856702186246,0.9894484752200039,0.994911123973904,0.9905766977832066,0.9894484951479295,0.9948343892262508,0.9905748060921338,0.9898137756866622,0.9947303630636113,0.9901517682807551,0.988810599734157,0.9944579922154475,0.9900789637705207,0.9888106892370474,0.9944646327737584,0.9901677804246614,0.9888106196488043,0.9942900632454479,0.9904603766329858,0.9892051922065278,0.9980743976806644,0.9918620847522557,0.9893489405549966,0.9970014909602889,0.9906128762219024,0.9892995578293118,0.9951835159966645,0.9900811621053898,0.9889510142947576,0.9948617648955249,0.9902572966580371,0.9888102591738469,0.994670038298687,0.9916852605052495,0.9891859965839541,0.9968205102048147,0.9918887312269222,0.9892577992509527,0.9970057915375145,0.9987199510142857,0.9950912912031153,1.002747135820978,323.0
0.9999970051514285,0.9999964780781504,0.9999976149813983,0.9803085477097965,0.9768147900225362,0.984315648883274,0.9951430674697213,0.9918091343186767,0.9998248621521104,0.9933795364254131,0.9904119379149752,0.9986500329667213,0.9933236086151714,0.9900972702118344,0.9987765625527921,0.9925877527895193,0.9898613566744843,0.9984726709894366,0.9922067757203914,0.9899392617164088,0.9974014108883376,0.9919427723125528,0.9896188876171128,0.9971996482992448,0.9916060817029018,0.9898969780664624,0.9965396956628465,0.9916642543542652,0.9890666093022205,0.9980975704784053,0.9914882680053096,0.9890797961723484,0.9980970595751734,0.9913521668343498,0.9880075847929674,0.9975534470821676,0.9933229222472945,0.9898453446271414,0.9986680843709171,0.9932904982909796,0.9900972989282589,0.9989337260802057,0.991352587125556,0.987777269455774,0.9974542553883583,0.9913524301111996,0.9875917121722784,0.9974103209199244,0.991210320796318,0.9865632208749432,0.9973091226165522,0.991202149944851,0.9867886235371921,0.9971685573819605,0.9911929926738896,0.986339183211954,0.9972995126262466,0.9912656378923512,0.9897088831534705,0.9958504237043222,0.9910930609580217,0.9895347433556408,0.9956152204754289,0.9912809595467936,0.9897089341830164,0.995555965258324,0.9914732312388033,0.989882831204268,0.996275557325143,0.9914635373992939,0.9901662247441168,0.9962798854448868,0.9905285895033956,0.9894875456461403,0.9949142818905733,0.9905196922346042,0.9894875655748532,0.9948375490347333,0.9905176684506326,0.989852270393511,0.9947321766307361,0.9900943901440555,0.9888516155898154,0.9944610997872299,0.9900214517336289,0.988851705096423,0.9944677144737716,0.9901102868338634,0.9888516355052903,0.9942930563670103,0.9904080180928848,0.9892395738341866,0.9980810551693333,0.9918049303891855,0.9893823047120105,0.9970082298225426,0.9905556232692326,0.989338862442526,0.9951872151741902,0.99002399981711,0.9889912677750687,0.9948651927195666,0.9902001966276626,0.9888512750153607,0.9946732796925642,0.9916274798835113,0.9892187580827778,0.9968266450616566,0.9918319451565409,0.9892919426860272,0.9970124988836521,0.9986751431089423,0.9951160892828729,1.0027612594350397,324.0
0.9999970078471988,0.9999964825602643,0.9999976096532066,0.9803257584524179,0.9768446368339341,0.9842804052865158,0.9951661824558783,0.991841550235439,0.9997846227386199,0.9934009915330483,0.9904444354499075,0.9986056957149542,0.9933442161006225,0.9901302006472948,0.9987325520493701,0.992608365664362,0.9898923365399042,0.9984242893891933,0.9922283769058398,0.9899724760269359,0.9973574886999763,0.9919640187203951,0.9896523690078642,0.9971554385695727,0.9916284159137552,0.9899304617346473,0.9964962315634259,0.9916854611030067,0.9890953892446945,0.9980441105891792,0.9915096650504424,0.9891087350922044,0.9980436331623866,0.9913733221852108,0.9880319992933398,0.9974920029128005,0.9933435739462604,0.9898786213825913,0.9986248273178101,0.9933105639962417,0.99013022936468,0.9988893465776284,0.9913736482179171,0.9878008451467727,0.9973913020934314,0.9913734453199007,0.9876143959023945,0.9973461493161538,0.9912311102699589,0.9865789752464776,0.9972354231833769,0.9912229242980706,0.9868042935495493,0.9970945141755955,0.9912137368137443,0.986353820257433,0.9972242696072214,0.9912889279627006,0.9897424015948629,0.995807186849664,0.9911162622291343,0.9895682068672859,0.9955716262005667,0.9913053678246365,0.9897424526261447,0.9955135300651162,0.9914959422023205,0.9899164046325108,0.9962323259820604,0.9914862928218535,0.9902001704752402,0.9962373626053412,0.9905533881692069,0.9895206196415766,0.9948700723742971,0.9905451137634027,0.9895206395709574,0.9947937218493629,0.9905423725231751,0.9898839664788208,0.994685587447033,0.9901183030504196,0.9888863085484716,0.9944170609307724,0.9900451431935744,0.9888863980582325,0.9944236161207575,0.9901344687629424,0.9888863284646483,0.9942491817655515,0.9904304062456348,0.9892690620747474,0.9980276102181622,0.9918262894846333,0.9894159884323386,0.9969639868367622,0.9905788408491574,0.9893724966842643,0.9951429781918854,0.9900475276304318,0.989025371167182,0.9948210431026958,0.9902240167844927,0.9888859679620188,0.9946291656923871,0.9916487938216295,0.9892523694745318,0.9967823484858938,0.991853278102787,0.9893258149476248,0.9969682475090796,0.9986926976838715,0.9951465027823135,1.0027253367023459,325.0
0.999997005489729,0.9999964832260422,0.9999976102168069,0.9803105590889521,0.9768490917938878,0.9842843742134699,0.995146750017939,0.9918459923021066,0.9997864844994127,0.9933797068575629,0.990449565330792,0.9986055798120747,0.9933227987398353,0.9901341141268117,0.9987311768400209,0.9925855973720665,0.9898958271971336,0.9984221912076449,0.99220681106208,0.98998086229562,0.9973588184707808,0.991942572959481,0.9896611497994906,0.9971573356464787,0.9916069835231367,0.9899420288840572,0.9964976511270939,0.99166129460229,0.9890965087509163,0.9980394628199502,0.9914853585031863,0.9891095117182929,0.9980390059208223,0.991347401369752,0.9880313155580681,0.9974832625018383,0.9933220847648508,0.9898815617333483,0.9986224492937977,0.9932891209239014,0.9901341428443087,0.9988879679712762,0.991347707113329,0.9877999436152135,0.9973822187451779,0.9913474943080887,0.9876132734245558,0.9973367949836,0.9912038853898255,0.9865742737514974,0.9972202269464889,0.9911956800259459,0.9867994756805292,0.9970788691573921,0.991186344909199,0.9863486126245671,0.99720830227492,0.9912687748928719,0.9897565506383813,0.9958089457377829,0.9910965149617281,0.989583877594852,0.9955732504478876,0.9912858314126135,0.9897566016704024,0.9955157700649208,0.991475009501352,0.9899290319997612,0.9962340006299769,0.9914653979356985,0.9902131252153903,0.9962396445713507,0.9905351218991788,0.9895386864031446,0.9948724311207533,0.9905272511791784,0.9895387063328951,0.9947963301435356,0.9905241299884013,0.9899027566880628,0.9946886467228051,0.9900969402515661,0.9889070857676522,0.9944166939732332,0.990023205239755,0.9889071752793224,0.9944230111449684,0.9901127442830394,0.9889071056842544,0.994248569150997,0.9904054292548623,0.9892679725706542,0.9980230610316335,0.9918052532035585,0.9894250070649622,0.9969663210601197,0.9905595153235699,0.9893902694420265,0.9951444035651095,0.9900278023241571,0.9890453679251476,0.9948216171788969,0.990203655165869,0.9889067451739347,0.9946292432740683,0.9916283758075495,0.9892619878047479,0.9967852586563875,0.9918324536327887,0.9893353240007807,0.9969705617950757,0.9986771993877338,0.995151040406356,1.0027293721649895,326.0
0.9999970111103159,0.999996478779138,0.999997611409395,0.980347902699266,0.9768198554539809,0.984291940572812,0.9951886405744966,0.9918117277447059,0.9997986757502744,0.9934216335540499,0.990416109581988,0.9986199479543195,0.9933635796476074,0.9901007788084336,0.9987457216805881,0.9926277033640653,0.9898636321747449,0.998438198573388,0.9922495031237921,0.9899474396903345,0.9973728136524624,0.9919849831427674,0.9896269712216564,0.9971713085724574,0.991650348917283,0.9899090969767451,0.996511116347368,0.9917036562771866,0.9890661377828256,0.9980578552253826,0.9915278975010332,0.9890792561832523,0.998057396851112,0.991389224805324,0.9880029831373448,0.9975053541232155,0.9933627939732218,0.9898483227715803,0.9986376626745016,0.99332926813212,0.9901008075249637,0.998902117477344,0.9913895633243364,0.9877718248475532,0.9974048122755582,0.9913893663936937,0.9875854013505145,0.9973598068780286,0.9912463446111685,0.9865506274136037,0.9972494365473549,0.9912380030985276,0.9867735679254368,0.9971045490792089,0.9912289085455017,0.9863259353685189,0.9972389973126297,0.991312325389399,0.9897241269928287,0.9958219256633977,0.9911403239743968,0.9895517985757917,0.9955859933226914,0.9913291160112916,0.9897241780231716,0.9955286919029737,0.9915184426739113,0.9898962638215076,0.9962472196522875,0.9915088145333103,0.9901802024784816,0.9962525733451153,0.990578811661729,0.9895053123959231,0.9948842255924629,0.9905710248995138,0.9895053323249973,0.9948081907696072,0.9905677447066978,0.9898682146380287,0.9946984840901398,0.9901392306821838,0.9888736192350049,0.9944288904261257,0.9900656925389708,0.9888737087436276,0.9944353254515077,0.9901546213947255,0.9888736391509294,0.994260525954229,0.9904493002543563,0.9892387684134639,0.9980414140262958,0.9918473552463523,0.9893903823799584,0.9969800928596856,0.9906030172341267,0.9893573703677807,0.9951568210231874,0.990070611104937,0.9890117687921175,0.994833966080063,0.9902462273851966,0.9888732786528838,0.9946415119640882,0.9916700927390234,0.9892269931503364,0.9967986961561538,0.991874371354418,0.9893005927683928,0.9969843368682886,0.9987152563016415,0.9951212368227509,1.0027370963825095,327.0
0.999997006273481,0.9999964769110269,0.9999976161962421,0.9803168837807438,0.9768075151101752,0.9843239106170114,0.9951477543930064,0.9917977535775843,0.9998313560269496,0.9933798218615715,0.9904028056897926,0.9986548319373251,0.9933177755120881,0.9900889556679554,0.998780496585725,0.9925871558941332,0.9898509701299046,0.9984740373252249,0.9922078982337538,0.989933935151845,0.9974081379868477,0.9919432285211343,0.9896139425216414,0.9972065822500709,0.9916088349423821,0.9898944144054063,0.9965464977181462,0.9916628534568765,0.9890544034640595,0.9980941068913955,0.9914872900478406,0.9890676351288205,0.9980936253379853,0.9913469923691387,0.9879918796662127,0.9975423951682354,0.9933170870919459,0.9898376842541963,0.9986744160656221,0.9932809954242882,0.990088984384147,0.998935343206716,0.9913473277157905,0.9877606391934213,0.9974417809833326,0.9913471291946429,0.9875741452455873,0.9973967263105434,0.9912041523587839,0.9865415827330981,0.997289643500064,0.9911958372215359,0.9867652312583504,0.9971454945121242,0.9911867173724486,0.9863170477037033,0.9972795005061303,0.9912697398279339,0.9897082694194149,0.9958564832659295,0.9910980157942517,0.9895351587161577,0.9956203133602475,0.9912849010171751,0.9897083204489352,0.9955622641857449,0.9914765247149349,0.9898811886846014,0.996282407875448,0.9914669360816897,0.9901654168522996,0.9962883646547664,0.9905366918745065,0.9894863377059637,0.9949163001052086,0.9905287984119377,0.9894863576346498,0.9948402187993847,0.9905254641875824,0.9898464233843218,0.9947263797269587,0.9901017148938451,0.9888552329438446,0.9944651190540926,0.9900282770286049,0.9888553224507804,0.9944716194782469,0.9901180484905128,0.9888552528593934,0.9942974183734097,0.990410289440733,0.9892285015147051,0.9980775998659025,0.9918059036977509,0.9893776817154885,0.9970154928467144,0.9905612401875606,0.989339540746015,0.9951907138683627,0.9900305615670864,0.9889931776289665,0.9948689344533262,0.9902074914504545,0.9888548923681417,0.9946771027504279,0.9916288146151004,0.9892144809551454,0.996834265501537,0.9918333151343515,0.9892886244735457,0.9970197076616737,0.998683622175045,0.995108659415369,1.002769668012301,328.0
0.9999970008198994,0.9999964762795668,0.9999976186952739,0.9802817869857049,0.9768034598295988,0.9843409503628663,0.9951022275940058,0.9917921099626106,0.9998454766017512,0.9933282123252493,0.9903981374969733,0.9986679292818327,0.9932651837114651,0.9900847861739452,0.998794046245043,0.9925338579831062,0.9898469845477625,0.9984848926711288,0.9921523456299325,0.9899289297486643,0.9974221372017597,0.9918850515811117,0.9896068123945412,0.9972191219893137,0.9915525190411179,0.9898920880995635,0.9965619703103608,0.9916097141136999,0.9890514012635677,0.9981029987641956,0.9914345838225217,0.989065115012617,0.9981025239955199,0.9912920575493499,0.9879875268163396,0.9975482974407859,0.9932645745719494,0.9898339137301355,0.9986887583693943,0.9932277548187144,0.990084814890015,0.9989485698315459,0.9912923700531233,0.9877560379158093,0.9974472952463892,0.9912921603775968,0.9875692940087584,0.9974019346049747,0.991148726481726,0.986534604395262,0.9972918677053512,0.9911404115410947,0.9867584579133092,0.9971477773627473,0.9911312274206341,0.9863096942668973,0.9972812358718699,0.9912138813625457,0.989707787576303,0.9958727758995669,0.9910425888658786,0.9895356285905071,0.9956367662360084,0.9912287245035498,0.9897078386058086,0.9955784277943656,0.9914204093836086,0.9898797551233219,0.9962985753599606,0.9914109411096288,0.9901648765616341,0.996306382196962,0.9904799689607219,0.9894881268723754,0.9949324467828888,0.9904714363219684,0.9894881468011028,0.9948559713768876,0.9904687762114047,0.9898490271376896,0.9947434981259987,0.9900466123770243,0.9888581063131555,0.9944816102764445,0.9899729171369336,0.9888581958203767,0.9944879952112052,0.9900629818307054,0.9888581262287682,0.9943139649314582,0.9903604136177521,0.9892290952000734,0.9980863885979316,0.9917467470731285,0.9893692352528876,0.9970274425423463,0.9905061650351878,0.9893409988321148,0.995207490677126,0.98997569453899,0.988995574355383,0.9948855681369393,0.9901525941194008,0.988857765736366,0.9946936477774844,0.9915686742267877,0.9892050972987596,0.9968452916939149,0.9917733869556071,0.989279223421551,0.9970316927005815,0.9986478321902543,0.9951045211425086,1.0027870163024313,329.0
0.9999970071659416,0.9999964724352287,0.9999976210474816,0.9803235773816747,0.976778080758351,0.984355980471314,0.995150809639417,0.9917636562139815,0.9998679177287042,0.9933779198231346,0.9903671667313809,0.9986928569867158,0.9933169417797727,0.9900533670579583,0.9988199030976692,0.99258420893175,0.9898161310539417,0.998510684503037,0.9922003234271631,0.9898946672760526,0.9974490724292299,0.9919333828816117,0.9895728074087166,0.9972468861977705,0.9915969763786381,0.9898543607014803,0.9965893083942488,0.9916604300397678,0.9890207179081739,0.9981298784863745,0.9914853291710285,0.9890343066899661,0.9981293611295167,0.9913430397336456,0.9879576639220017,0.9975770875414249,0.9933164006214308,0.9898021359359503,0.9987142211608511,0.9932806923876066,0.9900533957731168,0.9989752796843738,0.9913433986292637,0.9877265120947564,0.9974768070073791,0.9913432114570808,0.9875401450986026,0.9974320417856073,0.9911987415310093,0.9865057416232053,0.9973216318599903,0.9911904172456604,0.9867296333305181,0.9971773151208387,0.9911811177911528,0.9862809560691724,0.9973111625726837,0.9912562660723943,0.9896671495422014,0.9959009320843398,0.9910833273672558,0.9894932349450208,0.9956651983873875,0.991271711191105,0.9896672005696096,0.9956071078049418,0.9914640702572076,0.9898408726111998,0.9963262131290107,0.9914546044608274,0.9901258201197045,0.9963339470008429,0.9905201555145746,0.9894447436964479,0.9949635558926496,0.9905122829022516,0.9894447636243007,0.9948875584286758,0.9905090614676073,0.9898075490034506,0.9947771644344139,0.990078685464744,0.9888093796968841,0.9945090602098214,0.990005160455428,0.9888094691996828,0.9945155153336532,0.9900939928901517,0.9888093996115118,0.9943407602650943,0.9904113941234175,0.9891977844233198,0.9981132468836112,0.9917954940845831,0.9893353783787009,0.9970557045665585,0.9905445952624506,0.989296841279926,0.9952363183019513,0.9900111052009348,0.9889489803037287,0.9949138087888542,0.9901857351486724,0.9888090391369229,0.9947215601973162,0.9916180873410926,0.9891718933248237,0.9968742073029613,0.9918218776422314,0.9892451440738158,0.9970599624875621,0.9986904271709716,0.9950786559134935,1.0028023544090565,330.0
0.9999970042769559,0.9999964681969324,0.9999976279413854,0.9803053262248986,0.976749918607032,0.9844015839035447,0.9951252005524406,0.9917329791976517,0.9999191833095848,0.9933523208870422,0.9903365374309204,0.9987470148854527,0.9932897912578308,0.9900233207187549,0.9988747328687468,0.9925607288763081,0.9897869655945538,0.9985667504091542,0.9921724988953342,0.9898623808443623,0.9975033855054464,0.9919060605301648,0.9895411068842916,0.9973014514743801,0.9915657221082395,0.9898193706262797,0.9966428473313252,0.9916401033994712,0.9889936689223948,0.9981889053129505,0.9914652745653998,0.9890074492766291,0.9981882624568088,0.9913262559490525,0.9879325532242373,0.9976414353559558,0.9932891592472239,0.9897725559882004,0.9987702535807699,0.9932526790770497,0.9900233494330434,0.9990296106345972,0.9913266963642912,0.987702056916208,0.9975424319928529,0.9913265488087428,0.9875164055769038,0.9974987091604741,0.9911817743690843,0.9864834529014537,0.9973897479623676,0.9911734315088944,0.9867072439237453,0.9972449840620741,0.9911641296425029,0.9862590517124543,0.9973798405181149,0.9912233081062956,0.989629897905176,0.9959543665329734,0.9910491814006303,0.9894546229784764,0.9957184516802414,0.9912389673900164,0.9896299489306566,0.995660776770738,0.9914321622508794,0.9898049813169663,0.9963797129816221,0.991422703319553,0.9900897758099275,0.9963874522429228,0.9904840437600986,0.9894046728907777,0.9950161975626973,0.9904760702398171,0.9894046928178191,0.994940151300661,0.9904729419631253,0.989767231435739,0.9948295610860267,0.9900410748885656,0.9887670834940944,0.994561837823363,0.9899675905281216,0.9887671729930442,0.9945682855111405,0.9900562326941303,0.9887671034078649,0.9943934612016732,0.9903933387006209,0.9891730473706398,0.9981720743113848,0.9917685406336043,0.989304085983874,0.9971103829089456,0.9905087490341975,0.9892568707899707,0.9952891863417646,0.9899742829927578,0.9889075156943709,0.9949666688178614,0.9901482553688438,0.988766742948778,0.9947744031023117,0.9915912853853598,0.9891407768656435,0.9969290465307289,0.9917947852736496,0.9892137745214398,0.9971146428450888,0.998671807809858,0.9950499586255007,1.0028488330971579,331.0
0.9999969911042458,0.9999964711567508,0.9999976315804986,0.9802194122951303,0.9767694258516344,0.9844265863173465,0.995020175970861,0.991755413364214,0.9999374271197761,0.9932472721150611,0.9903597955914425,0.9987643372727678,0.9931856712025638,0.9900461944022677,0.9988930372205679,0.992454924261942,0.9898106583377041,0.9985820481050041,0.9920682005811498,0.9898858000885944,0.9975219902900442,0.9918028843639777,0.9895650657940659,0.997321194620987,0.9914602521775427,0.9898423127007492,0.9966611251515093,0.9915340786586077,0.9890179864982922,0.9982019072838776,0.991359585995818,0.9890320874187821,0.9982011641865478,0.9912183391717289,0.9879558186555746,0.9976515320361166,0.9931849050902786,0.9897951220888295,0.998788617864039,0.9931492170274343,0.99004622311722,0.9990484591949438,0.9912187517957805,0.9877250720002063,0.9975520674886398,0.9912185907244102,0.9875391587790501,0.9975079720821967,0.9910732970261434,0.9865047717715145,0.9973964910847739,0.9910649315853729,0.9867283975018575,0.9972512237529704,0.9910555827628014,0.986280142559822,0.9973862257491738,0.991117958609626,0.9896525254420167,0.9959728897091138,0.9909438881109963,0.9894770950327186,0.9957371112678433,0.9911336388101255,0.9896525764686646,0.9956793382026928,0.99132673861295,0.9898277643295627,0.9963980745128611,0.9913172794920114,0.990112373140639,0.9964057617389802,0.990379144242642,0.9894278484547593,0.9950354716132387,0.9903712097802517,0.9894278683822685,0.9949594366921926,0.9903680791675891,0.9897909409806253,0.9948498157579512,0.9899383748532833,0.9887900591411566,0.9945815671549804,0.9898650083811511,0.9887901486421897,0.9945880275783642,0.9899540068150157,0.9887900790553903,0.9944134781950292,0.9902900972533538,0.9892005671057033,0.9981848773028442,0.9916659542414396,0.9893283824589966,0.9971306317786383,0.99040373312008,0.9892798292219127,0.9953080325461462,0.9898705767095977,0.9889309229291625,0.9949858842936169,0.9900448848872985,0.9887897185879131,0.9947938857107222,0.9914894415231735,0.9891658114812517,0.9969499714089284,0.9916921024553473,0.9892380302305337,0.9971348922665814,0.9985842206897119,0.9950698422784094,1.0028742800657249,332.0
0.9999969879546895,0.9999964758021818,0.9999976335501084,0.9801981912532401,0.9767995917626057,0.9844396411625267,0.9949982540242424,0.9917926635395302,0.9999518506517598,0.993226487920224,0.9904003273719718,0.9987809215185286,0.9931650143300772,0.990087007608705,0.9989107674115799,0.9924335603755595,0.9898518738527089,0.9985987837493326,0.9920499202669648,0.9899301489084534,0.9975401033251787,0.9917863243586827,0.9896110115435546,0.9973411686615046,0.9914427762289979,0.9898887832619075,0.9966783831755877,0.9915130302793626,0.9890601908039264,0.9982197629293345,0.9913386348893127,0.9890743478428471,0.9982189941120393,0.991197279201948,0.9879991454018159,0.9976712666522564,0.993164176183535,0.9898361604387944,0.9988070175535358,0.9931286906907253,0.9900870363248394,0.9990663748119082,0.9911976772797506,0.9877682742919961,0.9975715620970659,0.9911975091357956,0.987582228424147,0.9975272714831755,0.9910520941620988,0.9865514410745605,0.9974204372923153,0.9910437306427886,0.9867753093112608,0.9972752835115577,0.9910343609588042,0.9863272099281823,0.9974107030412672,0.9911015710749681,0.9897010240468096,0.9959898157989546,0.9909285848763905,0.9895269143637175,0.9957541013854608,0.9911165476736906,0.9897010750759575,0.9956958199985809,0.9913096760356855,0.9898749422211475,0.9964151151645609,0.9913001918775391,0.9901591968088758,0.9964223650060512,0.9903644361125559,0.9894796902369039,0.9950522251852351,0.9903561886809757,0.989479710165459,0.994975944033551,0.9903533967107361,0.9898431049617225,0.9948672406404934,0.9899294921857694,0.9888437996287356,0.9946001357800967,0.9898568803160287,0.9888438891346436,0.9946068773069353,0.989945502407632,0.9888438195440549,0.9944322552771858,0.9902700487674778,0.9892437248974284,0.9982026783049229,0.9916507052953369,0.989375300071561,0.9971517757932563,0.9903898283690971,0.98933153993573,0.9953251536457858,0.9898595231477484,0.9889847365621395,0.9950035729994667,0.990034812996992,0.9888434590569438,0.9948120135258374,0.9914759281883675,0.9892144106201806,0.996972729976933,0.9916766652897328,0.989284771650242,0.997156042312062,0.9985626016662068,0.9951006026296358,1.0028875849858476,333.0
0.9999969782740383,0.9999964773279055,0.9999976325501009,0.9801351762784848,0.976809896380118,0.9844339271374387,0.9949206823180743,0.9918024880021444,0.9999363941527373,0.9931475841769335,0.9904114487805831,0.9987635940759931,0.9930852624500484,0.9900977726687292,0.9988927676419082,0.9923546010389905,0.9898633279117705,0.9985805632863457,0.9919703659192874,0.9899424660266953,0.9975220016221152,0.991706017018795,0.9896226038227695,0.9973233360616017,0.9913637084045968,0.9899032004910835,0.9966587378020099,0.9914343378241796,0.989072124207485,0.9982008529273922,0.9912601081906105,0.989086431200771,0.9982000559535511,0.9911182003356139,0.9880108718160702,0.9976514756016549,0.9930843760070989,0.9898466404156326,0.9987887977659524,0.9930484661800958,0.9900978013851744,0.999048136719548,0.9911186184559859,0.9877801690816839,0.9975520706312364,0.9911184600716796,0.987594304737916,0.9975080220028775,0.9909728421496339,0.9865619194956803,0.9973983506849319,0.9909644649630303,0.9867856718547564,0.9972528946883812,0.990955088530814,0.9863375436823965,0.9973883647621484,0.991022180004657,0.9897174283751544,0.9959687062254156,0.9908490606890241,0.9895446056845784,0.9957322031029985,0.9910370553062868,0.989717479405148,0.99567461528575,0.9912304798001536,0.9898900596197586,0.9963948365055695,0.9912209763769114,0.990174001920279,0.9964017446012418,0.9902839084276852,0.9894993870413902,0.9950284316186037,0.9902755100513208,0.9894994069703433,0.9949519743914078,0.9902728634599932,0.9898625012904739,0.9948433054068819,0.9898459501571799,0.9888674179769669,0.994573373049559,0.9897732960248856,0.9888675074850257,0.9945799753696756,0.9898608012575659,0.9888674378927658,0.9944046300302206,0.9901925734232896,0.9892568931447102,0.9981837056767129,0.9915705251400455,0.9893864047235047,0.997134382419944,0.9903096955426236,0.9893513588061331,0.9953018754113623,0.9897783597443163,0.9890070666296714,0.9949786973660806,0.9899527013049364,0.9888670773969909,0.9947861491947974,0.9913963238222561,0.9892260779700119,0.9969558573410842,0.9915962131446926,0.9892955955561402,0.9971386587777084,0.9984983571986129,0.9951110962795713,1.0028817289641931,334.0
0.9999969821253585,0.9999964750250335,0.9999976261140997,0.9801606112230431,0.9767953131268792,0.984391430026837,0.994949772649134,0.9917819613209777,0.9998880612102825,0.9931754606435229,0.9903895656842403,0.99871394595241,0.9931134773299745,0.990075764359319,0.9988433889455186,0.9923836957769147,0.9898422254523797,0.9985305921347583,0.9919946372867358,0.9899173790085222,0.9974713456762767,0.9917298003526677,0.9895971780206838,0.9972724290521339,0.9913843179859525,0.9898750091421014,0.9966067974291364,0.9914649375029342,0.9890521484254811,0.9981508107248364,0.9912909797121663,0.9890667868668201,0.998150011307148,0.9911498993089618,0.9879906963798825,0.99760138661941,0.9931125721129691,0.9898245319402831,0.998739437798531,0.993076898224184,0.9900757930751276,0.9989989056345949,0.991150330133498,0.987760079402018,0.9975021752245019,0.9911501779052652,0.9875743103067391,0.9974582869126344,0.9910029096843889,0.9865407952525085,0.9973456104886833,0.9909945228643268,0.9867644706254121,0.9971999154726167,0.9909849447921969,0.9863163076836291,0.9973353162457069,0.99103998801313,0.9896866571296228,0.9959159605427729,0.9908644762691511,0.9895122893353632,0.9956786757181013,0.9910560031755774,0.9896867081580255,0.9956226123675054,0.9912500118811569,0.9898608334693721,0.9963425648108356,0.9912405080003769,0.9901445683900041,0.9963493678136264,0.9902909420217809,0.9894654646431547,0.9949710248546582,0.9902809111890193,0.9894654845714219,0.9948933936919323,0.9902799551177704,0.9898294910332561,0.9947873747167922,0.989854613035741,0.9888300637286049,0.9945173551324692,0.9897817432093132,0.9888301532332666,0.9945237081936716,0.9898694918607903,0.9888300836436467,0.9943485417579984,0.9902253803139972,0.9892396837906355,0.9981335655741503,0.9915943976957438,0.9893607935130015,0.9970835430739257,0.990320950239996,0.989317065562136,0.9952469216082761,0.989787995011675,0.9889703294418619,0.9949233414037755,0.9899615735537513,0.9888297231615539,0.9947304792833583,0.9914202474400298,0.9892004979714094,0.9969050729777426,0.9916200344080575,0.9892700389579061,0.997087816816271,0.9985242798098862,0.9950962134727673,1.0028384139217168,335.0
0.9999969887730311,0.9999964732204434,0.9999976230506982,0.9802038661411003,0.9767834532652624,0.9843706753220018,0.995003203357623,0.9917681920536583,0.9998697866249647,0.9932297154772844,0.9903746355408257,0.9986959737401688,0.9931691391397004,0.9900610928601979,0.998826832381368,0.9924379538362023,0.9898267383547323,0.9985125313653692,0.9920485433147019,0.9899017336549767,0.9974534111449406,0.9917828969928681,0.9895809047692302,0.9972539754913424,0.9914386855768847,0.9898593912070307,0.9965894082824477,0.9915190124890126,0.9890358569859621,0.9981330903158995,0.9913449103265134,0.9890502260223026,0.9981322845514842,0.9912042487973429,0.9879746558620872,0.9975841908740457,0.993168261615874,0.9898100673655681,0.9987233111898063,0.9931333835232783,0.9900611215755815,0.9989828759327961,0.991204710615228,0.9877442724285925,0.9974854627934389,0.9912045734276766,0.9875587596963271,0.9974419713734186,0.9910574124528326,0.9865245431287069,0.9973281882580187,0.9910490183217542,0.9867481790609886,0.997182305182373,0.9910394687002338,0.9863000341503583,0.997317894197307,0.9910964340016293,0.9896709378737713,0.9958995200970195,0.9909219917021689,0.9894964597564075,0.9956625720520714,0.9911127890674879,0.9896709889013652,0.9956063906233171,0.9913051905800796,0.9898452245638287,0.9963256993050275,0.9912957438738609,0.9901291932870497,0.9963332758195088,0.9903510973125151,0.9894496510821902,0.9949564851132536,0.9903415243521865,0.9894496710101398,0.9948790703625948,0.9903401519283597,0.9898143584260753,0.994773874690981,0.9899162141121045,0.9888136029452624,0.994502434582545,0.9898430847788551,0.9888136924484389,0.994508506576288,0.9899320857148379,0.9888136228599738,0.994334197769363,0.9902785492120266,0.9892218117537444,0.9981158857628306,0.9916474392757089,0.9893441581049223,0.9970650480300496,0.990379898168554,0.9893009751546332,0.9952313967402593,0.9898480780957376,0.9889538006317877,0.9949081036453562,0.9900222913377349,0.988813262383864,0.9947153946780325,0.9914731629709779,0.9891837255121364,0.9968864733553173,0.9916728424405733,0.9892531908138985,0.997069329418611,0.998568378891397,0.9950841241383706,1.0028172792691414,336.0
0.9999969939938882,0.9999964686276858,0.9999976215630672,0.9802382920309921,0.9767533953907503,0.9843604946971899,0.995042981246673,0.9917327023147152,0.9998618481002087,0.9932702557921798,0.9903362850086713,0.998688320057396,0.9932088822772437,0.9900226494611044,0.998818444281368,0.9924793335823632,0.9897886149406695,0.9985052986893026,0.9920895958355791,0.9898592629313017,0.9974462029654503,0.9918233963438404,0.9895374183896796,0.9972461064286969,0.9914795725660999,0.9898136953868357,0.9965836928444994,0.9915602517985053,0.9889980623657644,0.9981263856207687,0.991386162138743,0.9890124472325731,0.9981256107341436,0.9912451881885193,0.9879372911718936,0.9975781231016764,0.9932080851701823,0.9897715496781834,0.9987148087058543,0.9931725879726114,0.9900226781753746,0.9989741330317037,0.9912457207775236,0.9877074711540624,0.9974805051993804,0.9912456179722938,0.9875225714776901,0.9974379205425457,0.991096336008434,0.9864862705486347,0.9973194852610938,0.991087884594876,0.9867089666035911,0.9971721066303793,0.9910781383661004,0.9862617915032155,0.9973090832832263,0.9911378131839383,0.9896223168791962,0.9958950225304432,0.9909630575112235,0.9894459887761152,0.9956583605350402,0.9911551924015616,0.98962236790428,0.9956025921019636,0.9913462797472101,0.9897984535739387,0.9963206220326342,0.99133689505021,0.9900826653206682,0.9963290257139225,0.990392164944679,0.989397076470024,0.994953509679995,0.9903828182420839,0.9893970963969119,0.9948761761837781,0.990381278010558,0.9897626957386355,0.9947723489355362,0.9899564957833827,0.9887566655196202,0.9944990648515459,0.9898838556561317,0.9887567550176248,0.9945052124885061,0.989972458965189,0.9887566854331796,0.9943308275694117,0.9903198419031055,0.9891840818629412,0.9981092063241815,0.9916875743274911,0.9893000935773805,0.9970567713086289,0.9904203537842793,0.9892480298026529,0.9952276210913616,0.989887978261041,0.9888978418465847,0.9949045910180073,0.9900619967683822,0.9887563249778993,0.9947119815484623,0.9915126244125301,0.9891390057787153,0.9968775879543956,0.991713060492009,0.9892093613786288,0.9970610432183423,0.9986034661049994,0.9950534818207428,1.0028069158466741,337.0
0.9999970007053559,0.9999964617636977,0.9999976216032822,0.9802827858981831,0.9767083292562028,0.9843603171542968,0.995093244010614,0.9916800322619557,0.9998664730979742,0.9933235071890071,0.9902816901356198,0.998695422037856,0.99326133755555,0.9899684850575016,0.998825880974997,0.9925342749774155,0.9897347072512366,0.9985132677620077,0.9921449462816228,0.9898011110266354,0.9974552722627615,0.9918788007401331,0.9894786456849041,0.9972552638949133,0.9915353706817952,0.9897526812145492,0.9965949857677108,0.9916152067923976,0.9889451483118239,0.9981350031791735,0.9914412087670983,0.9889597541454364,0.998134303473857,0.9912998083357519,0.9878847523756078,0.9975873347728719,0.9932605574566634,0.9897177296702161,0.9987229023823406,0.9932245528112207,0.989968513770202,0.9989812778396759,0.9913003489035292,0.9876549782821056,0.9974898533219232,0.9913002499489147,0.9874701339090296,0.9974473844306625,0.9911510319049953,0.9864344850590505,0.9973297368254976,0.9911426276114832,0.9866581594525538,0.9971835793782345,0.9911328366925888,0.986209949795729,0.9973192776071258,0.9911923251731556,0.9895586240371078,0.995906923649141,0.9910163601776477,0.989380571543255,0.9956702057593825,0.9912103789832716,0.9895586750589057,0.9956149981985407,0.9914015987811124,0.9897364851381846,0.9963323603520963,0.9913922892703076,0.9900210670739502,0.9963417948680939,0.9904429196788996,0.9893304590973179,0.994965332984485,0.9904333176480846,0.9893304790228625,0.9948877914284457,0.990432105356069,0.9896971341009998,0.9947859524311408,0.9900073550313877,0.988687526552286,0.9945105465891537,0.9899349303203047,0.9886876160440236,0.9945166466008937,0.9900233323974231,0.9886875464644498,0.9943422931229066,0.9903755011225993,0.9891326274635878,0.9981178451099483,0.9917429667592007,0.9892409616795033,0.9970659359439401,0.9904717429067358,0.9891809831990959,0.9952392622041669,0.9899386942735597,0.9888287244898277,0.9949162370366667,0.9901126352662927,0.9886871860344122,0.9947235425037302,0.9915679408479733,0.9890798039900754,0.9968867152476538,0.9917683445345569,0.9891501583077255,0.9970702102864905,0.998648810500367,0.9950075420298841,1.0028067520362243,338.0
0.9999969957431247,0.9999964621124324,0.9999976224443704,0.9802504565255008,0.9767106390081088,0.9843662584323083,0.9950535573765172,0.9916824883421256,0.9998694186168559,0.9932788171157314,0.9902837947040711,0.9986971293692468,0.9932140708428164,0.9899707206088002,0.9988265140057415,0.9924902090495632,0.9897362068047416,0.9985140758242372,0.9920946722612927,0.9898033490699822,0.9974572970529929,0.9918270373637382,0.9894797859570095,0.997256490124103,0.9914816164468329,0.9897568230223295,0.9965969476766771,0.9915694316926358,0.9889457722589656,0.9981337519359107,0.9913953560854455,0.9889603409807095,0.9981330170843445,0.9912518597103198,0.9878842831071468,0.9975831143705022,0.993213257698586,0.9897200700135211,0.9987238944666801,0.9931757648404785,0.9899707493215644,0.9989809971127672,0.9912523731491831,0.9876542781495639,0.9974851996773494,0.9912522610050428,0.9874691875690519,0.9974423793864486,0.9911029981431859,0.9864318752650287,0.9973223558052179,0.9910946386579285,0.9866564406413315,0.9971773954022823,0.9910847847553991,0.98620691977214,0.9973112954733959,0.9911361282295698,0.9895640592870727,0.9959082792221937,0.9909583538090465,0.9893866659015212,0.995670725769873,0.9911546622834234,0.98956411030916,0.9956166807525112,0.9913469265374032,0.989741261268815,0.9963344107965156,0.9913377219804407,0.9900265098764944,0.9963454141677014,0.9903814141988545,0.9893390159291957,0.9949654462497567,0.9903717665705103,0.9893390358549191,0.9948878420505076,0.9903707207780974,0.9897075773930634,0.9947891862128232,0.9899424983187727,0.9886972487101722,0.9945067861311622,0.9898703379964005,0.9886973382028187,0.9945128703679105,0.9899572925530568,0.9886972686225385,0.9943377002159399,0.9903289320635749,0.9891329140066788,0.9981165687910867,0.9916909923094422,0.9892414269765253,0.9970671044846064,0.9904103069348403,0.989188773029766,0.995238270737589,0.9898762026662217,0.9888380673634881,0.9949139755107265,0.9900489184301401,0.9886969081888393,0.9947205140269292,0.9915158129903634,0.9890801280921151,0.9968877319401983,0.9917160246692863,0.9891501922247414,0.9970713947493548,0.9986158506555278,0.9950098953802731,1.0028127941156144,339.0
0.9999969958132124,0.9999964634305748,0.9999976195711765,0.9802507706163727,0.9767194519441099,0.9843473895040397,0.9950547586678314,0.9916915206277579,0.9998470675367188,0.9932789365641058,0.990292991522658,0.9986741628049686,0.993214481542924,0.9899796370509425,0.998803633090037,0.9924878151817245,0.9897451833137247,0.9984895092882154,0.9920975733245058,0.9898131958865972,0.9974355458224261,0.9918297916883455,0.9894886812580136,0.9972349252932518,0.9914870886189157,0.9897686510505359,0.996576499978388,0.9915636959980639,0.9889544304712061,0.9981074639197022,0.9913894925727544,0.9889689535810234,0.9981066746512609,0.9912417678802133,0.9878928061120665,0.9975544860779355,0.9932136503631427,0.9897287621484352,0.9987007613965252,0.9931763639225694,0.9899796657639628,0.9989583567074152,0.9912422733375578,0.9876627467729283,0.9974564452343264,0.9912421573266141,0.987477593167565,0.9974135198600178,0.9910899682202555,0.9864401094051528,0.9972911071705284,0.9910816240736514,0.9866649814447127,0.997146563130682,0.991071369190228,0.9862150676972387,0.9972796387560134,0.9911428269312144,0.9895774912415283,0.9958880989723461,0.9909657051192792,0.9894010414878188,0.9956505095007482,0.9911615108523554,0.9895775422643106,0.995596622562024,0.9913528806147766,0.989753749626351,0.9963142092217472,0.9913437259643059,0.9900392098358096,0.9963259108514583,0.990390711321067,0.9893561237620548,0.9949459571987439,0.9903813826831809,0.9893561436881264,0.9948685477667591,0.9903800554918913,0.9897249277841922,0.9947705939032695,0.9899522923291818,0.98872028569627,0.9944848687012703,0.9898802148948155,0.9887203751910297,0.9944908567632609,0.989966738630634,0.9887203056091077,0.9943155263293028,0.9903220704867584,0.9891412701853841,0.9980902288725643,0.9916935984344701,0.9892497272264881,0.9970455824737096,0.9904187593761881,0.9892057820829829,0.9952179108633743,0.9898854288564006,0.9888580679689175,0.9948929035727712,0.9900590452931551,0.9887199451668984,0.9946989171655898,0.9915184156599943,0.989088414328623,0.9968662019115154,0.9917185487092783,0.9891584722740584,0.9970498729875104,0.9986161740006456,0.9950188730312336,1.002793558943368,340.0
0.999996999049081,0.9999964621376489,0.9999976191434918,0.9802718343120119,0.9767108037066593,0.9843442823008499,0.9950808403143183,0.9916821804552083,0.999846759444149,0.9933051976600645,0.9902841539764224,0.9986755964573661,0.9932412457837546,0.9899714560851444,0.9988061515755138,0.9925132265723404,0.9897359418934291,0.9984918676347476,0.9921247393953598,0.989806072512165,0.9974369263699252,0.9918569648599864,0.9894815120876169,0.9972363516072358,0.991515494029224,0.9897632819020828,0.9965777795553343,0.9915854463809806,0.9889446087095856,0.9981104428106765,0.9914108106823613,0.9889586607276311,0.9981095324905495,0.9912600441440951,0.987884850424428,0.9975590563025362,0.9932405337910053,0.9897211064554151,0.998703817631924,0.993203340729741,0.9899714847979261,0.9989611227421726,0.9912605319644916,0.9876546892308062,0.997460763510453,0.9912604074160547,0.9874694137411155,0.9974176266849701,0.9911064587149775,0.9864372900170212,0.9973011718616135,0.9910982515488932,0.9866647020058142,0.9971602056202055,0.9910876051292342,0.9862125175707097,0.9972898544408563,0.9911715044315217,0.9895737780790376,0.9958889851217931,0.9909945225290883,0.9893983995600116,0.9956511534759052,0.9911902286044904,0.9895738291016279,0.9955975724170236,0.9913813898373238,0.9897489652481063,0.9963153038474574,0.9913722314884036,0.9900341712811211,0.9963268415045233,0.9904186048176112,0.9893540427456955,0.9949467446658348,0.9904093141124385,0.9893540626717264,0.9948693527441367,0.9904079952064303,0.9897232227781023,0.9947724761379857,0.9899771635103702,0.9887185245884765,0.9944834091906075,0.9899052196491561,0.9887186140830833,0.9944893277977623,0.9899909060982887,0.9887185445012805,0.9943135905695755,0.9903408149883404,0.9891288461490425,0.9980931575706522,0.9917209504335547,0.9892425415683266,0.9970471533023857,0.990446535455694,0.9892035480436538,0.9952182079746233,0.9899119938381638,0.9888562543323682,0.9948924048465175,0.9900846141911019,0.9887181840596846,0.9946979317092863,0.9915459527307048,0.9890814047935341,0.9968679544771538,0.9917459594498564,0.9891515039559163,0.9970514348152013,0.9986376489092178,0.9950100608448333,1.002790403761239,341.0
0.9999969980653386,0.9999964602396277,0.9999976207846155,0.9802655285342387,0.9766981862366175,0.9843551139773081,0.9950725552831307,0.9916684080142282,0.999859309539533,0.993297562666049,0.9902703056582243,0.9986904495387214,0.9932335157084192,0.9899590239353954,0.9988229385066144,0.9925056455195571,0.9897222585278026,0.9985069560525214,0.9921180054851276,0.9897916889910194,0.9974528677491006,0.9918506073585255,0.9894676285949806,0.9972526400656796,0.9915088682854467,0.9897478497032624,0.9965944627658476,0.9915768121673448,0.9889311649053653,0.9981257276113744,0.9914019991970734,0.9889452488614696,0.9981248181988424,0.9912508979569473,0.9878718235950777,0.9975746412121279,0.9932329055514247,0.9897098072668349,0.9987220994723421,0.9931954773027104,0.9899590526478184,0.9989779487484695,0.9912513524495118,0.9876414468544662,0.9974758571900169,0.9912512117525576,0.9874559237357101,0.9974323119898363,0.9910974560119389,0.9864259377076816,0.9973186585377524,0.9910893357412447,0.9866549546356245,0.9971799603220438,0.9910786074170265,0.9862011302600302,0.9973072308849039,0.9911655410471778,0.9895573377528581,0.9959062252521163,0.9909888127614507,0.9893813007770389,0.9956685100314902,0.9911845025452019,0.9895573887745999,0.9956150009523944,0.9913750293839543,0.9897331834250211,0.9963323429952691,0.9913659221574956,0.9900185751583539,0.996344571370984,0.990412972556287,0.9893364210018838,0.9949638531487066,0.9904035654659455,0.9893364409275589,0.9948863847766259,0.9904023509619028,0.9897048688453512,0.9947891483101787,0.9899725391141762,0.9887007968566726,0.9945011678504692,0.9899008778119595,0.9887008863496749,0.994507095960833,0.9899863965056686,0.9887008167691197,0.9943314273681464,0.9903307187822709,0.9891154421182005,0.9981084329225205,0.9917150420324745,0.9892289711867324,0.9970637976200284,0.9904412106837855,0.989186223779779,0.9952356923288275,0.9899070200222754,0.9888388684050935,0.9949100030888453,0.990079572540847,0.988700456333987,0.9947156160817588,0.9915405643270817,0.9890683475095589,0.9968850930720221,0.9917401341334744,0.9891382083393893,0.9970680676572359,0.9986312176974644,0.9949972034806172,1.0028014449789233,342.0
0.999996996191322,0.9999964594191685,0.9999976235291851,0.9802532521933904,0.976692508448494,0.9843732354491631,0.995057950093483,0.9916635470774097,0.9998802003532362,0.9932832406855435,0.9902659696797078,0.9987140615141518,0.9932179022739526,0.9899560475933737,0.9988480704026387,0.9924913507623193,0.9897178584891234,0.9985306855498438,0.9921050721089981,0.9897880811441953,0.9974783657041434,0.9918387255036176,0.9894645580628935,0.9972791241078731,0.9914957835421055,0.9897447275913952,0.9966207597259021,0.991562114048489,0.988926673372025,0.9981497815527173,0.9913870658334853,0.9889407044333801,0.9981488162332326,0.9912369893061249,0.9878676966612443,0.9975995139307969,0.9932172714965264,0.9897079186660419,0.9987489142969318,0.9931791045268965,0.9899560763057115,0.9990027303878127,0.9912374045075606,0.9876370646801267,0.9975001479164948,0.991237244772222,0.9874512488258755,0.9974561189434148,0.9910810944089333,0.9864234794678253,0.9973436549906204,0.9910729754623443,0.9866525421553548,0.9972049957813083,0.991061925660276,0.986198882559607,0.9973322366281817,0.9911513650302363,0.9895545150010706,0.995932380153741,0.9909737763975204,0.989378615601437,0.9956943295637882,0.9911706230145301,0.9895545660226706,0.9956413802359808,0.9913615355717397,0.9897302230900054,0.9963587337005797,0.9913524802659982,0.9900158419610633,0.9963716855334024,0.990394162624936,0.9893342209568324,0.9949884173857091,0.9903840591393559,0.9893342408824659,0.9949104888825683,0.9903835972232604,0.989703119445622,0.994815057941104,0.9899543444784437,0.9886983222316769,0.9945257563061237,0.9898828868526508,0.9886984117244682,0.9945316719130676,0.9899679005063634,0.9886983421440769,0.994355824099105,0.9903142903602222,0.989110831737839,0.998132423030589,0.9917036693056619,0.9892262195104264,0.9970907777834682,0.9904241886596907,0.989183840340587,0.9952609063890216,0.9898896134137799,0.9888367745157185,0.9949349177022103,0.9900615266927001,0.988697981709794,0.9947403746909451,0.9915299121766261,0.9890663058670704,0.9969127531558613,0.9917286508526346,0.9891354628078477,0.9970950465020245,0.9986187033717817,0.9949914242034595,1.0028199165413654,343.0
0.9999969973953898,0.999996459796275,0.9999976236629649,0.980260827529687,0.9766948374798717,0.9843739096026943,0.995068718825213,0.9916673926042103,0.9998830634399714,0.993294134652892,0.9902675263176595,0.998717449555759,0.9932281467795075,0.9899590266211244,0.9988530034449504,0.9925003816995114,0.9897174340481525,0.998532277191791,0.9921194838076879,0.9897887267150516,0.9974836372770012,0.9918528257728546,0.9894641114641884,0.9972847057668447,0.9915132397235692,0.9897461589938343,0.9966281272865184,0.9915701433872657,0.9889233858019778,0.9981499716458454,0.991394531986918,0.9889368950235334,0.9981489420099707,0.9912463101526818,0.9878631840752017,0.9975978514915671,0.9932276300034487,0.9897120356326535,0.9987552667924091,0.9931888739114589,0.9899590553335508,0.9990075258200598,0.991246714730053,0.9876325308710574,0.9974983502783883,0.9912465498895866,0.9874466737176456,0.997454200872545,0.9910905555486738,0.9864155537138622,0.9973367779932018,0.9910824471165518,0.9866448338448236,0.9971983943843841,0.9910714034336745,0.9861904767319303,0.9973246361299417,0.9911688531990505,0.9895566211622283,0.9959402031533795,0.9909912542223841,0.9893811346439779,0.9957023546756433,0.9911881480084557,0.9895566721839432,0.9956492607170563,0.9913790079747905,0.9897319163164789,0.9963663238758051,0.9913699718423568,0.990017546221579,0.9963795069749354,0.9904123792283677,0.989340043888921,0.9949977414358476,0.9904023273749016,0.9893400638146781,0.9949198447343416,0.9904019142512243,0.9897101735564294,0.9948268716153291,0.9899724777093297,0.9887089378941657,0.9945323970214937,0.9899009966031371,0.988709027387955,0.9945381984910212,0.9899855965026351,0.9887089578067886,0.9943621877720301,0.9903181439863438,0.9891040311185955,0.9981326497865425,0.9917174764669178,0.9892250554347345,0.9970964541583204,0.9904422302044554,0.9891891625597379,0.9952691363033991,0.9899079555357538,0.9888450794673964,0.9949423986061591,0.9900801941789634,0.9887085973684853,0.9947473564291972,0.991543774039376,0.9890651940728564,0.9969184859981187,0.9917420941147395,0.9891339470458669,0.9971007353364991,0.9986264317142668,0.9949938038209792,1.0028206115353768,344.0
0.9999969941723786,0.9999964626691471,0.999997620908605,0.9802393752297832,0.9767139065224201,0.9843559662502086,0.9950447444768017,0.9916886672518658,0.9998597875849257,0.9932684756055785,0.9902880022547547,0.9986927561819415,0.9932025462128982,0.989980332683358,0.9988297360823329,0.9924737861020243,0.9897380758229414,0.9985061274365375,0.9920934268606243,0.989807394429858,0.9974579481441961,0.9918267714708369,0.9894828315832195,0.9972587820373273,0.9914864210382248,0.9897625092897107,0.9966017930511771,0.9915418718798414,0.9889442663889628,0.998121951610385,0.9913662099873529,0.9889581253784914,0.9981210183172081,0.9912161185070015,0.9878828275606724,0.9975664391980249,0.9932020627549248,0.9897340058084143,0.998732847580102,0.9931632835899707,0.9899803613964056,0.9989844779192906,0.9912165378233451,0.9876523631191237,0.9974671854873484,0.9912163802175467,0.987466690089659,0.9974232253870429,0.9910602512272927,0.9864310461643367,0.9972990000276749,0.9910520659750363,0.9866589005176178,0.9971586242056633,0.9910410965470992,0.9862056523679565,0.9972863425858421,0.9911399540960288,0.989571264431553,0.9959131644729071,0.990961021458958,0.98939484322604,0.995675052494607,0.9911593599325694,0.9895713154540183,0.9956222901033116,0.9913513765606019,0.9897474942409855,0.9963395189567048,0.991342278774155,0.9900325596880997,0.9963517284926211,0.9903806522647863,0.9893530663978777,0.9949709010114948,0.9903709204675525,0.9893530863238951,0.9948931953737811,0.9903702375647786,0.9897235137578535,0.9948012409055879,0.9899328583563857,0.9887208323226774,0.9945013419680027,0.9898612067236454,0.9887209218175375,0.9945069466964086,0.9899447267517183,0.9887208522355377,0.9943302880103706,0.9902892772703096,0.9891267475958831,0.9981046572510434,0.991691425208725,0.9892438303802039,0.9970704195002554,0.9904096506645599,0.9892020556980832,0.9952413075248431,0.9898719460632914,0.988857017717439,0.994913168221118,0.9900422192401914,0.9887204917929219,0.9947172102160413,0.9915175803203554,0.9890838215589809,0.9968923026026385,0.9917161948497965,0.9891531300479927,0.9970746839187805,0.9986045699698727,0.9950132376493347,1.002802312976818,345.0
0.999996990715667,0.9999964571802018,0.9999976239223011,0.9802173453605647,0.9766776742108363,0.9843760604214171,0.995014984720284,0.9916473942116288,0.9998812132366924,0.9932346971140126,0.9902451725136651,0.9987157895674668,0.9931670646969853,0.9899377300569538,0.9988523928631338,0.9924396055474458,0.9896957915363943,0.9985307898799869,0.9920562072675312,0.9897625820160653,0.9974802031474215,0.9917888537189495,0.9894367836307144,0.997280571072506,0.9914462883654648,0.9897173371991645,0.9966234661634854,0.9915062127020848,0.9889027746404474,0.9981489682872925,0.9913302236297528,0.988916540461709,0.9981480886626192,0.9911799796084212,0.9878434105473378,0.9975967489920138,0.9931665106939801,0.9896915848889805,0.9987558237540296,0.9931268332199367,0.989937758768764,0.9990066692511607,0.9911804312239864,0.9876133063752591,0.9974980487510489,0.9911802894107479,0.9874279993725588,0.9974545246517671,0.9910253401955814,0.9863957018361152,0.9973352786626386,0.9910171389045727,0.9866231936525235,0.9971944600783189,0.9910063481991953,0.9861708969513525,0.9973234694512112,0.9910975504552316,0.9895255388278494,0.9959340908414759,0.9909173866516189,0.9893486841312699,0.9956954256487005,0.9911166542635783,0.9895255898479555,0.9956430234505368,0.9913103818020012,0.9897022021410112,0.9963610800578041,0.9913013392682761,0.9899877201909937,0.9963741439547046,0.9903328932544462,0.9893067994558422,0.9949888729707562,0.9903223825171983,0.9893068193809272,0.9949106197979527,0.9903224890413217,0.9896768303734579,0.9948193432342406,0.9898874941951175,0.9886750503956819,0.9945205030085364,0.9898154287178974,0.9886751398864001,0.9945257822360154,0.989899890030561,0.9886750703076207,0.9943497944510411,0.9902509694673673,0.9890840484613385,0.9981317594772957,0.9916528480819196,0.9891970062873391,0.997091805439907,0.9903639128041292,0.9891559578698847,0.9952606501032728,0.9898263829430644,0.9888111236683771,0.9949324262340017,0.9899966509168351,0.9886747098816878,0.9947364112291631,0.9914783436472824,0.9890363841535004,0.9969130839270742,0.9916771707006528,0.9891058695236995,0.997096085171821,0.9985820992911069,0.9949763081192443,1.0028227891966595,346.0
0.9999969918703293,0.9999964569097806,0.9999976195036695,0.9802246966779004,0.9766761131369215,0.9843468625262589,0.9950248605838624,0.9916442358274641,0.9998482051434671,0.9932392071546405,0.9902400266760625,0.9986805325466006,0.9931702820019362,0.9899327253128455,0.9988162738183403,0.9924423901010279,0.9896895282464901,0.9984947922946792,0.9920573347200491,0.9897564254916219,0.9974431643123733,0.9917888046246475,0.9894300517857242,0.9972424706384172,0.9914458444721539,0.9897107177676323,0.9965855385537056,0.9915062344625767,0.9888948979958416,0.9981121751254332,0.9913297734889136,0.9889083071030533,0.9981113142407028,0.991178161510266,0.98783536143714,0.9975585705721057,0.9931698225686079,0.9896866930150402,0.9987195499511426,0.9931292039377687,0.9899327540245106,0.9989701491396507,0.9911785785551334,0.9876050337390702,0.997459354525924,0.991178419992924,0.9874194672328904,0.997415400811437,0.9910231685002144,0.9863878319706506,0.9972967514081993,0.991014987287443,0.9866156116682518,0.9971564428938373,0.9910041272110999,0.9861630049299148,0.9972848160089032,0.9910955351152437,0.9895185784029854,0.9958954870742273,0.9909140042622097,0.9893415369985995,0.9956562661651748,0.9911153266566909,0.9895186294227315,0.995604859998579,0.9913093308119616,0.9896954283934841,0.996322850125537,0.9913002750973237,0.9899808335044552,0.9963357081929909,0.9903263389248835,0.9893006941345291,0.9949480444474443,0.9903153705969112,0.989300714059492,0.9948694533193944,0.9903159650033948,0.9896707554477369,0.9947792007512536,0.9898840571086027,0.9886714788449202,0.9944802293093032,0.9898120748151359,0.9886715683353273,0.9944854251399271,0.989896703025848,0.9886714987567895,0.9943096724037342,0.9902472968348704,0.9890732367667993,0.9980950701002609,0.9916523701997655,0.9891899332200295,0.9970533017753059,0.9903585360061277,0.9891498400062831,0.9952204215673021,0.9898218482370272,0.988806215979603,0.9948921701956353,0.9899928398518674,0.9886711383321085,0.9946960986623038,0.9914772665277618,0.9890287173291779,0.9968740150641439,0.9916765307044785,0.9890987847018824,0.9970575807451751,0.9985895966670771,0.994974710332655,1.0027930306089219,347.0
0.9999969874987714,0.9999964577177787,0.9999976197572293,0.9801958695183894,0.9766812520056251,0.9843487288775604,0.9949915976311956,0.991651159531283,0.9998484025673681,0.9932018075898481,0.9902476259270226,0.998679823897998,0.9931321945657524,0.9899409968665348,0.9988156252894106,0.9924008464901835,0.989695816389114,0.9984918570046907,0.992022031992499,0.9897666154939568,0.9974435961022373,0.9917547309409407,0.9894413472557895,0.9972437679944058,0.991411697308488,0.9897225851212074,0.9965864281193078,0.9914610961502632,0.988899292296615,0.9981075425584878,0.9912841759688598,0.9889123134156323,0.9981066795555052,0.9911297916476008,0.9878392715743737,0.9975512783161536,0.9931319044380965,0.9896955024148626,0.9987192242195637,0.9930905767952211,0.9899410255784391,0.9989692946164804,0.9911301869551765,0.9876088409413646,0.9974517480016891,0.9911300179026042,0.9874231431630283,0.9974075260442206,0.9909757488834348,0.9863907025663258,0.9972882705083324,0.9909675578093052,0.9866182276802202,0.9971477026705902,0.9909568330972223,0.9861657799594403,0.997276221187429,0.9910602919602783,0.9895317084152466,0.9958955326717064,0.9908777233872959,0.9893553706413563,0.9956555059865307,0.9910806924491135,0.9895317594356753,0.9956052825173312,0.991274770188696,0.989707854776666,0.996323547661186,0.9912657541923648,0.9899936175199603,0.9963370522649764,0.9902887764083866,0.9893167454562443,0.9949457350741321,0.990277865901394,0.9893167653815342,0.9948671467013886,0.9902783996943437,0.989686265472941,0.9947767357133839,0.9898451694302579,0.9886924935629036,0.9944757218710113,0.9897726914781294,0.9886925830552418,0.994480561581161,0.9898575324045409,0.9886925134752034,0.9943049572710302,0.9901987492702765,0.9890748349372699,0.9980905196607867,0.9916188694018089,0.9892019044964,0.9970550227466524,0.990320824339231,0.9891661111907112,0.995218168116895,0.9897840064821192,0.9888254265482689,0.9948888617875935,0.9899547849777173,0.9886921530427453,0.9946921274753069,0.9914444435669065,0.9890413492174828,0.9968763605906626,0.991643151008829,0.9891111529445907,0.9970592850945637,0.998560214858569,0.9949799532596922,1.0027949267291376,348.0
0.9999969893578929,0.9999964600935727,0.9999976187296461,0.980207286810237,0.9766965984401039,0.9843415927444824,0.9950095977660517,0.9916708452305455,0.9998437221049987,0.9932156389540658,0.9902675076510562,0.9986743743946066,0.9931432352789616,0.9899616945672175,0.9988094918676768,0.992412853129925,0.9897147895483736,0.9984855976822252,0.9920357180400895,0.989788016538457,0.9974377556559069,0.991768633917049,0.9894633776497938,0.9972374892881372,0.9914257216557607,0.9897447382675241,0.9965808180572515,0.9914708947120991,0.9889169536095808,0.9981006835313517,0.9912935860481159,0.9889296468836842,0.9980998093071664,0.991138157641312,0.9878569684209705,0.9975435116520082,0.9931429817622561,0.9897168529103216,0.9987138691023717,0.9930999155620394,0.9899617232797231,0.9989621672290225,0.9911385358365636,0.9876264746758625,0.9974437437741978,0.9911383585364585,0.9874406864915706,0.9973993157048865,0.9909848991221594,0.9864085635114754,0.9972808231873685,0.9909766582990481,0.9866351452010181,0.997138954563363,0.9909660934781723,0.9861838112830906,0.997269020922755,0.9910737587826949,0.9895543218542708,0.9958894755515311,0.9908906451948778,0.9893781937543843,0.9956489585899833,0.991094489776351,0.989554372875868,0.9955994397884325,0.9912885877267448,0.9897302585476229,0.9963178909012472,0.9912796090429027,0.9900163799006126,0.9963320061996728,0.9903014784592963,0.9893405174859597,0.9949380948069716,0.9902907212039123,0.9893405374117306,0.9948595756085545,0.9902910733717183,0.9897089828514136,0.9947682470271456,0.9898558204417855,0.9887192757586499,0.9944665176269232,0.989783784166432,0.9887193652534276,0.994471455458237,0.9898672484355927,0.9887192956714932,0.9942951261134763,0.990205597449122,0.989090077610226,0.9980837196752205,0.9916328387227699,0.9892243692896987,0.9970485028541847,0.9903331394662596,0.9891903117432372,0.9952106924385207,0.9897959112148568,0.9888514704559778,0.9948805722027266,0.9899660954187764,0.988718935229209,0.9946833521682363,0.991458117148527,0.9890635185567903,0.9968695573191861,0.991657657510349,0.9891346225405772,0.9970527254591575,0.9985718694392479,0.9949956056648548,1.0027876663300475,349.0
0.9999969917486559,0.9999964662040088,0.999997612588869,0.9802219874085717,0.9767367963928845,0.9843009129457767,0.9950328962464495,0.9917167515573303,0.9997988213144765,0.9932373677148914,0.9903174633302004,0.9986276795654864,0.9931643636503491,0.9900123270815983,0.9987633623544411,0.9924348253283508,0.989764559802229,0.9984379759128967,0.992055632129533,0.989843263850794,0.9973895870673207,0.9917879733744192,0.9895183263379458,0.9971887061632709,0.9914464287226584,0.9898058980430691,0.9965314718903602,0.991492343688743,0.9889664546778347,0.9980516459365156,0.9913149774803652,0.9889792415871776,0.998050727051231,0.9911593405242349,0.9879056557236681,0.9974925677355628,0.9931641491453956,0.9897680268966124,0.9986683304908407,0.9931206544776302,0.9900123557955696,0.9989159337448771,0.9911597257077589,0.9876752845070826,0.9973929225249606,0.9911595518667173,0.987489606918306,0.9973485820174703,0.9910067016711225,0.986454481682134,0.9972259984612243,0.9909984366509222,0.9866806171586304,0.9970835160320458,0.9909879806689198,0.9862294383216793,0.9972137871605279,0.9910970852349702,0.9896205742940017,0.9958400849174865,0.9909160641650385,0.9894475680234727,0.9955997796097121,0.9911170029656837,0.9896206253190235,0.995549488933635,0.9913103008270245,0.9897933891325629,0.9962685234375072,0.9913013164813043,0.9900795694046629,0.996282618297053,0.9903310648300392,0.9894140326403487,0.9948905683704555,0.9903208187762149,0.989414052567608,0.9948123617486391,0.9903206985949655,0.9897827014284636,0.9947216666295687,0.9898883955119773,0.988799747389689,0.9944176321932329,0.9898172321893854,0.988799836891797,0.9944228878840358,0.989899408802675,0.9887997673041653,0.9942459598470011,0.9902264537162129,0.989140219692127,0.9980346068272972,0.9916519076332531,0.9892791456756822,0.9969994350948881,0.9903613808679494,0.989263743963802,0.9951619688063659,0.989826824959257,0.9889295373597405,0.9948316786075494,0.9899982838318775,0.9887994068323558,0.9946343808576741,0.9914767925776904,0.9891178804575051,0.9968200961775701,0.9916770997478767,0.9891901529132974,0.9970036277326414,0.9985868767489361,0.9950365776968355,1.0027462090146726,350.0
0.9999969939892015,0.9999964615921267,0.9999976106996571,0.9802371865758661,0.9767067944378919,0.984288413127147,0.9950480074338172,0.9916800462169296,0.9997848228880564,0.9932508860076643,0.990277794606236,0.9986124525715615,0.9931785556836848,0.9899718355767827,0.9987475883988297,0.9924472223436682,0.9897244444257752,0.9984220709642907,0.9920681787495544,0.989800414998834,0.9973742784513606,0.9918003558047959,0.9894751363913735,0.9971737095449755,0.9914573007885981,0.9897602313858622,0.9965156940683221,0.9915022899298541,0.9889256942188136,0.9980347433748796,0.9913247193584858,0.9889383678591721,0.9980338836833731,0.9911665517072311,0.987864716885186,0.9974737613094103,0.9931782738798405,0.9897268771499051,0.9986515205774733,0.9931353013602956,0.9899718642895808,0.9989006085797669,0.9911669569134675,0.9876345831426475,0.9973744688722933,0.9911667928725416,0.987449141861625,0.9973304042277699,0.9910131592677769,0.9864120631857071,0.9972042293972141,0.9910049193581661,0.9866385840306311,0.9970623724611613,0.9909943360065967,0.9861867656911604,0.9971915328151254,0.9911071942865233,0.9895724978217706,0.9958244601335541,0.9909257278391026,0.9893980209529559,0.9955843123266662,0.99112707484789,0.9895725488443101,0.9955338648024505,0.9913208747573637,0.9897467832662588,0.9962527379597892,0.9913118670562739,0.9900329034089492,0.9962665085581058,0.990341005606461,0.9893618363183595,0.994875707699807,0.9903311380821546,0.9893618562445639,0.9947977465488926,0.9903306181273648,0.9897295836113825,0.9947061040863019,0.9898975186480773,0.9887459497356272,0.9944029891612438,0.9898267098552852,0.9887460392328513,0.9944083106690901,0.9899085727605232,0.9887459696490157,0.9942313760317599,0.9902350178380835,0.9890986197605481,0.9980177832641745,0.9916642321257396,0.9892356995453683,0.9969846497822867,0.9903703460429284,0.9892119220884782,0.9951467547915849,0.9898351668934067,0.9888753548934148,0.9948168144977405,0.990006997005952,0.9887456091968779,0.9946196117380717,0.9914893856575763,0.9890746967877203,0.9968055764205651,0.9916893500341444,0.9891467937541994,0.9969888380601413,0.9986023584702908,0.9950059861872428,1.0027334693011254,351.0
0.999996991333739,0.9999964612559571,0.9999976072920013,0.9802200962437205,0.9767050719445032,0.9842663026933115,0.9950256274612534,0.9916751658076015,0.9997552923717484,0.9932269320991058,0.9902694769710484,0.9985790070270478,0.9931530324067273,0.9899621348297342,0.9987111855937102,0.992422660518263,0.9897136020834073,0.9983868645818533,0.9920439655055584,0.9897908751853937,0.9973406909480604,0.991776118599571,0.9894653661399277,0.9971404670720547,0.99143246327831,0.9897497484966916,0.996481556822546,0.991475383024475,0.9889112017883801,0.9979966334506193,0.9912973385636704,0.9889232524500642,0.9979957627855793,0.991138145927498,0.9878481989995682,0.9974311542365171,0.9931527170784328,0.9897160698759132,0.9986133331812995,0.9931088615888727,0.9899621635422517,0.998863770019883,0.991138520441777,0.9876178588967467,0.9973313983289213,0.9911383415273926,0.9874321812887771,0.9972869489436927,0.9909831035219095,0.9863908294387861,0.997153864471656,0.9909748685681918,0.9866173172506104,0.9970121168238947,0.9909640642742428,0.9861649214393868,0.9971401387869395,0.991083527656596,0.9895613262088853,0.9957910875912827,0.9909027648895231,0.9893864748598795,0.9955515428683198,0.9911034525595437,0.9895613772308502,0.9955005279304121,0.9912964768536687,0.9897359861060876,0.9962187449053874,0.9912874166696902,0.9900218656945563,0.9962317844987068,0.990318603852125,0.9893507405979506,0.9948432523302985,0.9903082577636652,0.9893507605239326,0.9947649812317868,0.9903082331704828,0.989718330897611,0.9946739961420421,0.9898832896284925,0.988735906720401,0.9943741426826156,0.9898126772405037,0.988735996216725,0.9943794609077454,0.9898957664104503,0.9887359266335893,0.994203511769931,0.9902046142584336,0.9890797190302572,0.9979798038030623,0.9916399757475577,0.9892257443252626,0.9969516079197978,0.9903491818083285,0.989200890029244,0.9951149641554139,0.9898172382037634,0.9888649795917692,0.9947863196598088,0.9899908859967677,0.9887355661850766,0.9945899268725514,0.9914654128459911,0.9890650095663941,0.9967727927483043,0.9916649996098751,0.9891368969221795,0.9969557928262158,0.9985849296273225,0.9950042164398496,1.0027109175223656,352.0
0.9999969870235442,0.9999964591454121,0.9999976053418177,0.9801924854644372,0.9766917366337855,0.9842539912188448,0.9949886233188355,0.9916566242718747,0.9997354619952634,0.9931855724679944,0.9902458629068867,0.9985559651482747,0.9931119398863699,0.9899365182131447,0.9986853931028413,0.9923816505485029,0.9896881029640553,0.9983640989470096,0.9919949909880866,0.9897636264247905,0.9973157322445415,0.9917256793816752,0.9894371617177377,0.9971143084333998,0.991377450374231,0.9897198480712348,0.9964549831121654,0.9914326018473026,0.9888829795631595,0.9979734924535753,0.9912540696681678,0.9888943485448429,0.9979726323651912,0.9910947272652243,0.9878196888236522,0.9974072719061982,0.9931116074789444,0.9896888511727983,0.9985849663101793,0.993067942216653,0.9899365469249181,0.9988382580414622,0.9910951111851627,0.9875894737130816,0.9973076822839875,0.9910949368936773,0.9874039185544768,0.9972633604704242,0.9909404244312685,0.9863611321194112,0.9971289720440362,0.9909321325834625,0.9865864103083501,0.9969857055753024,0.9909214906332334,0.9861352602149857,0.9971153546039391,0.9910244759119202,0.9895291806274279,0.9957639489100439,0.9908413255233232,0.9893529679646416,0.9955241831037354,0.9910442416856782,0.9895292316477342,0.9954732985476871,0.9912399036753002,0.9897052017430976,0.9961918616457826,0.9912308093081065,0.9899909817615618,0.9962044520423181,0.9902521576279403,0.9893157209590431,0.9948156315631903,0.9902413829875862,0.9893157408843193,0.9947371090273223,0.9902418657533337,0.989684346486355,0.994648359909834,0.9898146293736102,0.988697425578876,0.9943457694357452,0.9897439173771593,0.9886975150717096,0.9943509506946974,0.9898268383171166,0.9886974454912867,0.9941750134325835,0.9901582140633198,0.9890465471004748,0.9979568364309274,0.9915888905078826,0.989196949217211,0.9969249296160826,0.990283817874491,0.9891654494398536,0.9950871910275144,0.9897499060512842,0.9888271349811975,0.9947583494768165,0.9899226248749463,0.9886970850568314,0.9945617718511871,0.9914135489044167,0.9890354663944871,0.9967453800047492,0.9916137587134598,0.9891080736767925,0.9969291143560252,0.9985567686716871,0.9949906083194924,1.002698347963277,353.0
0.9999969922125075,0.9999964559539584,0.9999976058850418,0.9802266157395294,0.976670725647319,0.9842572213050563,0.9950284775386794,0.9916325279675079,0.9997431866050767,0.9932312265056357,0.9902192256881971,0.9985683134071586,0.9931585767831138,0.9899099495148996,0.9986982763958157,0.9924297778903682,0.9896605680970275,0.9983792449424946,0.9920424903122104,0.9897353799328653,0.9973305193015722,0.9917742408718823,0.9894096129614283,0.9971300688301837,0.9914245971341334,0.9896895000955082,0.9964713792520875,0.9914820633887287,0.9888541508195997,0.9979919159390707,0.9913031024409804,0.9888648987206405,0.9979910715299789,0.991148042516116,0.9877924108569859,0.9974305587440944,0.9931583171620257,0.9896623372919673,0.9985976117033543,0.9931151143302098,0.9899099782259013,0.9988516407475178,0.9911484397610396,0.9875623631443459,0.9973312178533007,0.991148271991743,0.9873769732329065,0.9972870903286034,0.9909943751666006,0.9863374149670894,0.9971579449675433,0.9909860689897418,0.9865622353483391,0.9970142370218206,0.9909755265067488,0.9861120802666864,0.9971451386910427,0.9910707927987065,0.9894969338577296,0.9957814893354455,0.9908869133826248,0.9893195229298032,0.9955422767120614,0.9910909133886198,0.9894969848763724,0.9954911546028936,0.9912867311146465,0.9896741531383944,0.9962087026831992,0.9912776354231636,0.989960077645311,0.996221316447167,0.990298317479222,0.9892819322866049,0.9948359966714987,0.9902879273389037,0.9892819522112005,0.9947578017175628,0.9902880816554179,0.9896512106304234,0.9946700693659043,0.9898589985481658,0.9886623757176344,0.9943650149839309,0.9897888883409685,0.9886624652072971,0.994370402472881,0.9898707242451027,0.9886623956293388,0.9941940410984141,0.9902044787305968,0.9890131534665976,0.9979754230471389,0.9916378785647683,0.9891698051444724,0.9969411381453058,0.9903289551037465,0.9891313952832945,0.9951061581707074,0.9897944799255359,0.9887922709693852,0.9947774615163606,0.9899669335905895,0.988662035207657,0.9945809535909981,0.9914631968179937,0.9890089646788792,0.9967622274320918,0.9916624200557114,0.9890806362854423,0.9969453331964963,0.9985915565854229,0.994969192236889,1.0027016545230132,354.0
0.999996996107837,0.9999964563561846,0.9999976049068603,0.9802520283922945,0.9766734921120177,0.9842505838938364,0.9950591233375629,0.9916351468439941,0.999737704659679,0.993268035460818,0.9902211845576893,0.9985667928984495,0.9931966747399233,0.9899119935758635,0.9986977200561566,0.9924693474738641,0.989663428088301,0.9983795601744488,0.9920817771149354,0.9897352143150399,0.9973316132817877,0.9918147387419755,0.9894107473876171,0.997131493596807,0.9914639625994471,0.9896856584480497,0.9964751648303457,0.9915233413483524,0.9888583136985694,0.9979940448281425,0.9913445317932463,0.988869243338595,0.9979931994306679,0.9911912604679062,0.9877975122466771,0.9974355066062232,0.9931964354470364,0.9896644495041038,0.9985969272286326,0.9931539705864553,0.9899120222869239,0.9988517589560936,0.9911916680194123,0.9875676082901428,0.9973363569207694,0.9911915053095255,0.9873823564894922,0.9972923756463217,0.9910387614335874,0.9863445246422007,0.9971667443912708,0.9910304353053041,0.9865687722457227,0.997022461845696,0.9910200682994978,0.9861195426061563,0.997154531223077,0.9911092202748522,0.9894898158835789,0.9957870706878238,0.9909248532191465,0.9893103540172411,0.9955489497524108,0.9911291692371681,0.9894898669018514,0.9954967055607611,0.9913257357570007,0.9896690859636331,0.9962131884626345,0.9913166387704013,0.9899551788754138,0.9962258485975286,0.9903373979807669,0.9892711229851309,0.9948462582718848,0.9903274271232648,0.989271142909507,0.9947684360912958,0.990327242328179,0.9896414421769483,0.9946823127120961,0.9898968535253403,0.9886476402957871,0.9943749707014956,0.9898283073697417,0.988647729784105,0.9943810341430878,0.9899077333338177,0.9886476602071915,0.99420355074281,0.9902468438236615,0.9890186104904698,0.9979775072825915,0.9916788638704847,0.9891717858507333,0.9969426441825117,0.9903669127300502,0.9891201627240338,0.995114645391894,0.9898318496372255,0.9887784868624109,0.9947866632138619,0.9900041878499143,0.9886472997909248,0.9945905597747715,0.9915043745369033,0.989011123828902,0.9967639199737381,0.9917038817199734,0.9890834654762756,0.9969468059611698,0.9986174631177296,0.9949720093642036,1.0026948963325124,355.0
0.9999969957566148,0.9999964570088016,0.9999976055404769,0.9802499392925174,0.9766779369341818,0.9842549274649404,0.9950552199223006,0.9916394053593067,0.9997411170908251,0.9932653380664744,0.9902257927246503,0.9985717807285674,0.9931947866228132,0.9899171973552939,0.9987035717079893,0.9924669490751825,0.9896690105986647,0.9983851343741648,0.9920797513276615,0.9897386256833325,0.9973370470402669,0.9918141274046341,0.9894150941831955,0.9971372576649064,0.9914603240852145,0.9896863318060317,0.9964808359795068,0.9915207555767978,0.988865304587843,0.998000412507926,0.9913421411568608,0.9888764625433023,0.9979996090140553,0.9911874359858053,0.9878053368576215,0.9974428709001001,0.9931947066185194,0.9896701297745856,0.9986029142481423,0.993152448641071,0.9899172260665066,0.9988580273400098,0.9911878959682073,0.9875759437880786,0.9973445727747176,0.9911877588228845,0.9873912219411473,0.9973012710804431,0.9910349510517678,0.9863527623690672,0.9971748396518446,0.9910266316703973,0.9865769025052183,0.9970306871544584,0.9910162586887384,0.9861278512230985,0.9971627012241702,0.9911029711822102,0.9894881730176743,0.9957925662048708,0.9909171879057161,0.9893073075221792,0.9955544825316706,0.9911225906701349,0.9894882240358555,0.995502057597166,0.9913210856753739,0.9896688466821072,0.9962186906246503,0.991311951452625,0.9899548334642518,0.9962308565946387,0.990325186824487,0.9892667337425858,0.9948498827945915,0.9903141040429618,0.9892667536668698,0.9947714222315722,0.9903150142410784,0.9896362345359695,0.9946853854025673,0.9898886978660615,0.9886428665899677,0.9943816623320013,0.9898207079843937,0.9886429560778398,0.9943879292585733,0.9898995235297412,0.9886428865012721,0.9942103208001346,0.99024522239692,0.9890264005519402,0.9979838987412769,0.9916785236696313,0.9891767636020461,0.9969482691607842,0.9903575995334314,0.9891161059966785,0.9951201539597925,0.9898227260472541,0.988773490454287,0.9947927375360899,0.9899955065699615,0.9886425260868023,0.994596932333562,0.9915039015648417,0.9890159741788828,0.9967694186679655,0.9917040788498978,0.9890893434041561,0.9969523957537644,0.9986153288555487,0.9949765358276237,1.0026993173746703,356.0
0.9999969944024852,0.9999964617826439,0.9999976073783439,0.9802406736249714,0.97670914770998,0.9842670862967695,0.9950463767399129,0.9916767917278618,0.9997544595980463,0.9932581094071525,0.9902671267396276,0.9985854607661504,0.993186517012688,0.9899599392772275,0.9987182419430699,0.9924629224946164,0.9897129156636068,0.9983984637269661,0.9920714303141233,0.9897802544101024,0.9973509531222174,0.9918069719275856,0.9894574467517591,0.997151623743971,0.9914494360855066,0.9897272397832969,0.9964941494543799,0.9915204381160181,0.9889129208819272,0.9980130560756993,0.9913426808483295,0.9889252586992973,0.9980122680388291,0.9911890814404294,0.9878518917280118,0.997454527891954,0.9931865574024777,0.989713998035835,0.9986187710510118,0.993143464153876,0.9899599679896814,0.9988724017814892,0.9911895459330824,0.98762262011973,0.9973563271777193,0.9911894110598757,0.9874380056703603,0.9973130903010856,0.9910369889281339,0.9863960878940989,0.9971824500902041,0.9910286429215328,0.9866194753252926,0.9970375603475238,0.9910183519514304,0.986170874018852,0.997169900532002,0.9910913453059365,0.9895284710128112,0.9958062169831908,0.9909047029936847,0.9893472357150613,0.9955681923221453,0.9911116476684009,0.9895285220330685,0.9955162214858431,0.9913099070626491,0.9897095144211584,0.9962320517841043,0.991300739357943,0.9899954737868528,0.9962438179620963,0.9903101488222612,0.9893054999580322,0.9948633344215,0.9902986979934114,0.9893055198830959,0.9947847230355905,0.9902999800192188,0.9896745615885622,0.9946988505406495,0.9898754886205352,0.9886818512464501,0.9943962524359959,0.9898074425381618,0.9886819407378504,0.9944024254933745,0.9898866247419007,0.9886818711585393,0.9942252196468849,0.9902514598436912,0.9890827839358198,0.9979962727622774,0.991671659930232,0.9892195900529906,0.996962669828888,0.9903435169003303,0.9891550505355126,0.9951339921862721,0.9898084811994357,0.9888114438989984,0.9948069747681731,0.9899819569330139,0.9886815107298599,0.9946113096839806,0.9914971477290204,0.9890589052635335,0.9967839079068739,0.9916975823380472,0.9891328004472528,0.9969667716147685,0.9986058928927122,0.9950083560576608,1.002711708141296,357.0
0.9999969983026786,0.9999964558440545,0.999997607166888,0.980267149705799,0.9766705846986179,0.984265710312859,0.9950723264275325,0.9916293541671466,0.9997530428861926,0.9932850494209441,0.990215606968259,0.9985863854826205,0.9932128091993596,0.9899080239540043,0.9987180448633652,0.992491525478516,0.9896617178145646,0.9984009016187058,0.9920972643478148,0.989722880037546,0.9973536846570078,0.9918334292676599,0.9894002048013582,0.9971547134940797,0.9914715159105265,0.9896638139531413,0.9964982797507168,0.9915495382516328,0.9888621892309764,0.998017068474371,0.9913718025710956,0.9888744293772519,0.9980162855938741,0.9912186705884901,0.9878023188757412,0.9974609062694864,0.99321282514388,0.9896617662674941,0.9986178328099108,0.9931693859842231,0.9899080526649539,0.9988720875490527,0.9912191466441739,0.9875732263646304,0.9973629387172688,0.9912190174640632,0.9873887828994392,0.9973198793476852,0.9910665168079683,0.9863489649061716,0.9971924146360127,0.9910582752192675,0.9865739479522085,0.9970501588156326,0.9910478553449319,0.9861238187923606,0.9971799167581816,0.9911121639403693,0.9894597517508377,0.9958125488216041,0.9909246606735969,0.9892752401941527,0.9955758255926883,0.991132596554583,0.9894598027675472,0.995522733323428,0.9913314987693529,0.9896440712757324,0.9962369909201928,0.9913223147766846,0.9899301212095148,0.9962485721895294,0.9903294158098893,0.9892271211100875,0.9948753352640317,0.9903184488540625,0.9892271410335676,0.9947971428426622,0.9903193404464143,0.9895973769511239,0.9947131298513864,0.9898912491408396,0.9885931641977241,0.9944084975535052,0.989822783417855,0.9885932536810599,0.9944143865804855,0.9899034411295016,0.9885931841080169,0.9942382892135239,0.9902812500467516,0.9890320531620247,0.998000288558904,0.9916981548674836,0.9891624294440743,0.9969657824966719,0.9903614876841923,0.989076186106513,0.9951439779874748,0.9898235423561773,0.9887245084363926,0.9948182003865755,0.9899968625687281,0.9885928237118196,0.9946230999075044,0.9915236631541072,0.9890017741342942,0.9967870648315175,0.9917241803860557,0.9890759075209964,0.9969698734696841,0.9986328607010914,0.9949690340139768,1.0027103052034447,358.0
0.999996997391483,0.9999964594766979,0.9999976033257492,0.9802610630314794,0.97669487563552,0.9842406336589183,0.995065553233338,0.991654984598055,0.9997213092788583,0.9932768057654866,0.990242035643944,0.9985529158943188,0.9932028504534677,0.9899364810689778,0.9986859274599419,0.9924834758700759,0.989687778242908,0.9983645544371548,0.9920888067374635,0.989748995667844,0.9973207895421324,0.9918257430549012,0.9894265639731358,0.9971225702893547,0.9914615989800508,0.9896894470059212,0.9964649974453506,0.9915407433231066,0.9888877120528847,0.9979763291149152,0.9913633533628072,0.9889002645648652,0.9979754770151813,0.9912070989344898,0.9878250464349373,0.9974138445524671,0.9932029901495639,0.9896918461667906,0.9985876726650509,0.9931583052688344,0.9899365097807581,0.9988393135396573,0.9912075384819268,0.9875957073882969,0.9973153183713096,0.9912073916072562,0.9874109806654228,0.9972717948245695,0.9910553242407303,0.9863652291275777,0.997137077905937,0.9910471431042936,0.9865909985933584,0.9969963487807112,0.9910367026792976,0.9861391149633539,0.9971232602465813,0.9911014092555147,0.9894850116114169,0.9957793151621634,0.9909133800813957,0.9893002876504196,0.9955426909966026,0.9911218628447611,0.9894850626294329,0.9954895407764187,0.9913212521373992,0.9896695434830955,0.9962036322844263,0.9913120314966098,0.9899555090678898,0.9962147504399509,0.9903156867069016,0.9892518809065147,0.994841353914245,0.9903040468105363,0.9892519008304953,0.9947627867528841,0.9903056103209625,0.9896217450716955,0.9946790670369052,0.9898811662352933,0.9886178780525532,0.9943766737288264,0.989812860310561,0.988617967538137,0.9943825536235494,0.9898937700545218,0.9886178979633458,0.994206813699497,0.9902749481028424,0.9890599828572805,0.9979594053073519,0.9916906881479607,0.9891889111428128,0.9969339342856601,0.9903495086861891,0.9891011049722367,0.995111004121994,0.9898123523420279,0.9887493943478382,0.9947857314786813,0.9899861117463982,0.9886175375580948,0.9945909569915407,0.9915166503958518,0.9890286780889844,0.9967556250392974,0.9917162643708196,0.9891018628960095,0.9969380446996262,0.9986266587264221,0.9949937825151418,1.0026847339895952,359.0
0.9999970035502975,0.9999964573096662,0.9999976000825701,0.9803016377645114,0.9766808745897333,0.9842189702375959,0.9951130011137993,0.9916367618402377,0.9996993961389993,0.9933275250947492,0.9902251238460716,0.9985309092360564,0.9932529100598326,0.9899202474539623,0.9986640290858105,0.9925365785054109,0.9896707077509482,0.9983423837873939,0.9921406667818912,0.989733242020502,0.9972992929325052,0.9918767549977998,0.9894100266123421,0.997100508513905,0.9915159573149775,0.9896760975899014,0.9964448929740771,0.9915955170415302,0.9888704098280233,0.9979533554292378,0.9914183108423676,0.9888830533714724,0.9979524593104868,0.9912634913078223,0.9878067037358085,0.9973898991393325,0.993253112886371,0.9896761551105889,0.9985662134255366,0.9932079216125269,0.9899202761652718,0.9988171508057402,0.9912639339656651,0.9875774419089208,0.9972914526242629,0.9912637886435752,0.9873927824142555,0.9972479859611754,0.9911108590654409,0.986343946948507,0.9971090547484788,0.9911027435314552,0.9865705940039433,0.9969699525016745,0.9910921152864041,0.9861173104030428,0.9970944484616444,0.9911572301468952,0.9894736026242276,0.9957599235601725,0.9909702418134629,0.9892900177258209,0.9955237285231329,0.991177429546364,0.9894736536416632,0.9954700319921591,0.9913761752693979,0.9896569953868586,0.9961838511159202,0.9913669660817707,0.9899432289673618,0.9961952087056088,0.9903736404597235,0.9892423669768949,0.9948232143084665,0.9903619098748202,0.9892423869006886,0.994744642018051,0.9903635686240214,0.9896120013561986,0.9946609546133404,0.989944446134673,0.9886092062253368,0.9943609541682089,0.9898764992786788,0.9886092957101589,0.9943669156314086,0.9899579577942031,0.9886092261359603,0.994191778363548,0.9903307616130836,0.9890430042241088,0.997936379711753,0.9917412466308998,0.9891718759467606,0.996911615552669,0.9904076963098863,0.9890916843443852,0.9950928667525669,0.9898730427890968,0.9887410188908214,0.9947686170200466,0.9900479418142384,0.9886088657337774,0.9945745481589675,0.9915667920300332,0.9890112258517842,0.9967329262794177,0.9917667355598768,0.9890848222031976,0.9969157257026471,0.9986680158510922,0.9949795010454066,1.0026626629775135,360.0
0.9999970098872198,0.9999964564324922,0.9999975998065661,0.980342933186069,0.9766749296109921,0.9842166196124975,0.9951638407616914,0.9916307881833771,0.9997022106003162,0.9933833300832224,0.9902204939857024,0.998534713555547,0.9933108007472152,0.9899161588152195,0.9986698748663954,0.9925939459878127,0.9896662564129297,0.998345825042779,0.9921988411133895,0.9897295518674961,0.9973043901568214,0.9919353773181275,0.9894058376249257,0.9971061558635668,0.991575803453263,0.989674411239495,0.996451124244484,0.9916547979366446,0.9888662144035291,0.9979563812492139,0.9914778252054101,0.9888791126590712,0.9979555590453615,0.9913245422945263,0.9878014095480252,0.9973918839793923,0.9933109755253066,0.989672499461637,0.9985725440476647,0.9932670848689884,0.9899161875264095,0.9988238576893149,0.9913248935856891,0.9875714426949375,0.9972920401465895,0.9913247038782751,0.987386008000826,0.9972474303546001,0.9911725281431358,0.9863383377043956,0.9971115806591443,0.9911644547344065,0.9865654560698632,0.9969734974925467,0.9911538583215252,0.9861115855938946,0.997096884204536,0.9912198663755217,0.9894735819203664,0.9957677076975474,0.9910343926815054,0.9892909947661753,0.9955323318383532,0.9912403978997614,0.9894736329378081,0.9954780920922284,0.9914370945989457,0.989655976852301,0.9961906900670183,0.9914278861169138,0.9899423427779204,0.9962020981722433,0.9904405931270297,0.989244680857043,0.9948339689448467,0.9904289933617608,0.9892447007808883,0.994755524434086,0.9904305578097972,0.9896146678600322,0.9946725695545752,0.9900149028008881,0.9886135892194747,0.9943724544145515,0.9899469364887314,0.988613678704722,0.9943783215936935,0.9900292032149094,0.9886136091301937,0.9942038794935059,0.990391548224929,0.9890399736722177,0.9979394462229924,0.9917996502514711,0.9891673462602677,0.9969172964365189,0.9904742939137697,0.9890938547663964,0.9951029395882935,0.9899413661255068,0.9887445013078885,0.9947792965729384,0.9901174687263818,0.988613248726297,0.9945856071104058,0.9916251997841463,0.9890066916576425,0.9967386238845206,0.9918248124310894,0.989079925269143,0.9969214201997103,0.9987101170024045,0.9949734455261656,1.0026602867506618,361.0
0.9999970193606179,0.999996455231685,0.9999976030249821,0.9804043679369203,0.9766663591324488,0.984236869166754,0.9952410172723893,0.9916250778411945,0.9997360175559173,0.9934665441657985,0.9902170788793092,0.9985742861348561,0.9933939446213986,0.989913730863043,0.9987105557398781,0.9926791589379708,0.9896650388318116,0.9983880036355504,0.9922874170583207,0.9897264290443076,0.9973468337319511,0.992025176014737,0.9894042352004051,0.997149650642376,0.9916678400813526,0.9896701020957535,0.9964960685213619,0.9917432078707641,0.9888681749759136,0.9980027412458061,0.9915665683744335,0.9888814534590377,0.998001902607958,0.991416334617596,0.987806002091012,0.9974448248183433,0.9933941409185046,0.9896708612553187,0.9986141569886572,0.9933501704379469,0.9899137595741607,0.998864504446413,0.991416717046454,0.9875763592854973,0.9973455126419327,0.9914165425252246,0.9873912559024782,0.9973013255391158,0.9912660981224474,0.9863488983831072,0.9971745965387403,0.9912580491666794,0.9865761772473545,0.997037063841912,0.9912476562858803,0.986122900115919,0.9971611271509714,0.991314404100529,0.989468314097612,0.9958147206401566,0.991129846316351,0.989285163685637,0.995580353522243,0.9913359864383411,0.9894683651147785,0.9955258881333291,0.9915300881616717,0.9896512721815615,0.9962363512326439,0.9915208548905137,0.9899375073296558,0.9962473749447157,0.990541079188455,0.9892376802510185,0.9948865175805253,0.9905308221323748,0.989237700174722,0.9948090173819253,0.9905310761705358,0.9896078835429337,0.9947258288899826,0.9901122642710299,0.9886051659643772,0.9944232168529856,0.9900444710493042,0.9886052554488585,0.9944290861438111,0.9901267981805728,0.9886051858749246,0.99425489200504,0.990482006543487,0.9890440832753095,0.9979857223694376,0.9918902798372697,0.9891666658696028,0.9969615070241321,0.9905712755081939,0.9890867661139678,0.9951527439184974,0.9900378942424591,0.9887359565815629,0.9948295745016913,0.9902143578831009,0.988604825474114,0.9946361215874361,0.9917169033006789,0.9890070505900527,0.996783865560897,0.9919154483636549,0.9890793361834329,0.9969656270027594,0.9987727560036788,0.994964729723775,1.0026809649244273,362.0
0.9999970206332315,0.9999964621250099,0.9999976028257285,0.9804114838345773,0.9767111827483113,0.9842352332932508,0.9952565533749238,0.9916800189950796,0.9997377201074579,0.9934877624768128,0.9902762039437887,0.9985793164258341,0.9934153360995374,0.9899724750880584,0.9987151556301211,0.9927027020759447,0.9897253103156187,0.9983949962993858,0.9923124376554165,0.9897901111053015,0.9973542139610554,0.9920516444099866,0.989469600094177,0.9971579368196511,0.9916959084533395,0.9897369885601536,0.9965052129649766,0.9917698747142117,0.9889301045532792,0.9980126577645458,0.9915934165152078,0.9889436344371696,0.998011888745512,0.9914469570683926,0.9878690754650598,0.9974588662108843,0.9934154662550955,0.9897293007866432,0.9986181958787891,0.9933717154438197,0.989972503800874,0.9988692668483324,0.991447380122311,0.9876398271120866,0.9973602047280496,0.9914472254052534,0.9874551315643263,0.9973165360235907,0.991296764118544,0.9864137596613867,0.9971917371172295,0.9912887107680007,0.986640673904264,0.9970540435941889,0.9912783286498689,0.9861880524430388,0.9971786972428704,0.9913434955982396,0.9895377971543319,0.9958242783819312,0.991159962064595,0.9893561752925326,0.9955902258283259,0.9913643863669551,0.9895378481750868,0.995535017748146,0.991558556261494,0.9897192265996038,0.9962457643139891,0.9915493538745759,0.9900057991140738,0.996257322706875,0.9905765064546265,0.989309511839936,0.9949001077129394,0.9905679212429354,0.9893095317650906,0.9948237591774819,0.9905665108429702,0.9896794960635845,0.9947395600807288,0.9901406461171701,0.9886798312668963,0.99443194672297,0.9900725278722258,0.9886799207581628,0.9944375877855289,0.9901546492772069,0.9886798511789545,0.9942633267874809,0.9905097513105616,0.9891070899443819,0.9979956799075027,0.9919175346142057,0.9892330737339186,0.9969703207184749,0.9906023526802336,0.9891586865830116,0.9951632820030069,0.9900674805562367,0.9888089910214545,0.9948393085992927,0.990243670521909,0.9886794907508151,0.9946452985263597,0.9917450167726106,0.9890742728057317,0.9967934676794031,0.9919426205149701,0.9891457000449642,0.9969744419509855,0.9987800365893487,0.9950104346450406,1.0026793109396963,363.0
0.9999970168576285,0.9999964637960352,0.9999976006155917,0.9803865969555927,0.9767223310558544,0.984220959456904,0.9952274470116352,0.9916920084577767,0.9997181444383916,0.9934591487826123,0.9902872476796769,0.9985590528878093,0.9933891044338499,0.9899830388224512,0.9986955988792282,0.992675180324131,0.9897358043220578,0.998375093886044,0.992280166074616,0.9898007233071208,0.9973330486975678,0.9920198181776703,0.9894805421335002,0.9971369064917551,0.991659795285518,0.9897469942018473,0.99648266286286,0.9917421464697398,0.9889398042953224,0.9979926124526638,0.9915655810996945,0.988953156881296,0.9979918490384051,0.9914193319158382,0.9878785443013809,0.997438536345164,0.9933892164314421,0.9897394805012188,0.9985978250851631,0.9933469267688086,0.9899830675355717,0.9988507446018279,0.991419764086354,0.9876494236855432,0.9973400321730516,0.9914196138555869,0.9874648510982718,0.9972964822184543,0.9912695617532707,0.9864223033337128,0.9971709452641292,0.9912615977334456,0.9866505327997224,0.9970355293173113,0.9912511673267379,0.9861962675960311,0.9971574857344102,0.9913044310259377,0.9895472878423055,0.9958007017532587,0.991119587591837,0.989365353229075,0.9955662661664806,0.9913244591386263,0.9895473388635518,0.9955108772082253,0.9915213065083138,0.9897290299490856,0.9962228031488836,0.9915120970959482,0.990015581678394,0.9962342827131048,0.9905333994633152,0.9893180434418197,0.9948749057449255,0.9905245682220138,0.9893180633671477,0.9947984132341149,0.9905233881732394,0.9896873448347719,0.9947138883834246,0.9900970734832475,0.9886894039640516,0.9944067137678013,0.990028968630208,0.9886894934561962,0.9944122822739356,0.9901108630938619,0.9886894238763054,0.9942379853287733,0.9904813510224578,0.9891155522786951,0.997975683459091,0.9918856637490187,0.9892442138614588,0.996949231853004,0.9905598917827634,0.9891674956178227,0.9951386451365937,0.9900239557366284,0.9888175563510506,0.9948144367478071,0.9902003244650245,0.9886890634446291,0.9946202116578097,0.9917130956925037,0.9890853603079467,0.9967723188733216,0.991910892618357,0.9891571402144771,0.9969533409930297,0.998754669719849,0.9950217940474172,1.0026647508020288,364.0
0.999997019453291,0.9999964615167423,0.9999975967451868,0.9804034454568253,0.9767074587325282,0.9841952288873997,0.9952484251256505,0.9916740241889637,0.9996908917713159,0.993478145637237,0.9902674489563924,0.9985315910032119,0.9934085826283464,0.9899641292424206,0.9986697758486978,0.9926944622962574,0.9897151702274393,0.9983468309292285,0.9922953903326149,0.9897791869324094,0.997305700473593,0.9920344599191844,0.9894585923304791,0.9971091022945787,0.991672110502927,0.989724926419806,0.9964558070388716,0.991762309093386,0.9889179621232884,0.997963620840045,0.9915856469354885,0.9889312374314773,0.9979629051892702,0.9914412985990122,0.987855355500236,0.9974081348005102,0.9934086382580243,0.9897212822636688,0.9985729940005784,0.9933667360826981,0.9899641579549936,0.9988251608570009,0.991441774650001,0.9876266306260977,0.9973103357455935,0.9914416457822868,0.9874424744211765,0.9972673537320217,0.9912914136566614,0.9863943091316418,0.9971345533602765,0.9912833995336565,0.9866212608943924,0.9969977415180059,0.9912730121673747,0.9861678479091356,0.9971205332698226,0.9913143030966995,0.9895244801236068,0.9957737706358188,0.991127944488748,0.9893419829208404,0.9955390712822672,0.991334323710963,0.9895245311436874,0.9954839621841941,0.9915326955296424,0.9897067846770432,0.9961961253519879,0.9915235516662886,0.9899938579791144,0.9962086141660289,0.9905390521206188,0.9892941634704868,0.9948471132734158,0.9905300449869986,0.9892941833953389,0.9947705060695539,0.990529062358179,0.9896634518914403,0.9946865607908578,0.9901004395222993,0.988665945136714,0.9943777965238848,0.9900328157866497,0.9886660346267644,0.9943835101544254,0.9901133235048518,0.9886659650485015,0.9942084921479664,0.9905013020536763,0.9890935598359379,0.9979467389131292,0.9918998327041253,0.9892219851567893,0.9969211584692296,0.9905659930342331,0.9891436207919906,0.9951109619746518,0.9900281036795276,0.9887931391045968,0.994786239596858,0.9902042681714941,0.9886656046252603,0.9945916223234172,0.991726855000702,0.9890627266736346,0.9967438677339764,0.9919251172591511,0.9891350990616556,0.9969252599361987,0.9987718469724232,0.9950066304936183,1.0026385329712186,365.0
0.9999970140364095,0.9999964633239321,0.9999975927878382,0.9803675660877775,0.976719351933429,0.9841694415322108,0.9952079417411294,0.9916873608235358,0.9996580707031394,0.9934409240358043,0.9902826999723132,0.9984984023702297,0.9933707413142906,0.9899808387184719,0.9986382005412845,0.9926581742282192,0.989729295216773,0.998312211736132,0.9922616535740012,0.9897977947641812,0.9972734255164057,0.9920022954597806,0.9894778054880168,0.9970780275588339,0.9916407495439312,0.9897469997893384,0.9964240296480076,0.991725584218647,0.9889304576813263,0.9979262477434303,0.9915488518769815,0.9889434389408565,0.9979251209422865,0.9914043881489637,0.9878666880540536,0.9973688882504804,0.9933707963800728,0.98973915854706,0.9985430492830598,0.9933285233124011,0.9899808674315297,0.9987933305795161,0.9914049425595477,0.987638623445432,0.9972723078997351,0.9914048518099118,0.9874551746849438,0.9972303132249016,0.9912523488918625,0.9864005008780814,0.9970877090543572,0.9912443349537555,0.9866271137273174,0.9969508473669403,0.991233666390044,0.9861734221332468,0.9970727059602807,0.9912861952609062,0.9895496136484255,0.9957430141423504,0.9911020269069875,0.9893690214645305,0.9955090518858578,0.9913058982600431,0.9895496646698156,0.9954529803521935,0.9915025848584401,0.9897300130432879,0.9961647261471626,0.9914934374473111,0.9900169788969395,0.996177144030683,0.990517269270812,0.9893223655287765,0.9948195411031974,0.9905087333171331,0.9893223854542051,0.9947432306909705,0.9905073040407633,0.9896917198296301,0.9946595768417206,0.9900819818175014,0.9886958788763426,0.9943509920162271,0.9900145888894326,0.988695968369146,0.9943567365586892,0.9900957563422981,0.9886958987887434,0.9941822810188966,0.9904645237761881,0.9891061375714214,0.9979089394336029,0.991867796546134,0.9892415309941867,0.9968903253624728,0.9905429751147338,0.9891717959156553,0.9950823790391641,0.9900069775544359,0.9888226288470013,0.9947584006828697,0.9901845290912736,0.988695538354414,0.994564284354078,0.9916952165049774,0.9890826465404191,0.9967133892916998,0.9918927818815646,0.9891543062672404,0.9968944391827917,0.9987352805100945,0.9950187515278269,1.0026122380690619,366.0
0.9999970115134819,0.9999964641463649,0.9999975886141651,0.9803505696154049,0.9767247405703642,0.9841419875239833,0.9951904171366007,0.9916934825672383,0.9996258511185456,0.9934245296822677,0.9902901771408077,0.9984660034584746,0.9933528237369156,0.9899894376953593,0.9986062030776712,0.9926424792165268,0.9897367346274775,0.9982788903514662,0.9922475014660798,0.9898066087559825,0.997241927513489,0.9919887775137699,0.9894872404209977,0.9970471817811108,0.9916285900128525,0.9897571503054606,0.9963934250407673,0.9917101895128103,0.9889378412897846,0.9978913850793815,0.9915335665967192,0.988951201399223,0.9978904061930535,0.9913891304401492,0.9878720776197797,0.9973308493342176,0.9933528975572917,0.989748655003155,0.998512251609641,0.9933096775908952,0.9899894664086665,0.9987606741860192,0.9913897306001187,0.987644389707832,0.997234976178862,0.991389662096995,0.9874613461302717,0.9971935556790598,0.9912358147491868,0.986399552175373,0.9970410575422203,0.9912278108827274,0.9866260356384573,0.9969044020576175,0.9912169641744981,0.9861716664856413,0.9970248989103306,0.9912756727480728,0.9895611151822691,0.9957133491984047,0.9910923368807457,0.9893814285140022,0.9954799730934195,0.9912956791195702,0.9895611662042622,0.9954235268046425,0.9914910490122775,0.9897406088803271,0.996134382234522,0.9914818731211069,0.990027212262511,0.9961463088284215,0.99050894711071,0.989335622603742,0.9947923564048916,0.990500495102092,0.9893356425294447,0.9947160844435632,0.9904990498428872,0.9897058161982265,0.9946340983789823,0.99007681015931,0.9887096294669366,0.994324587126601,0.9900095067154886,0.9887097189610199,0.9943303077306845,0.9900914189461397,0.9887096493796225,0.9941564429932884,0.9904498357440844,0.9891153948830405,0.9978741636286146,0.9918544169364266,0.9892513040002292,0.9968597674738292,0.9905344070972162,0.9891847116610547,0.9950544011964848,0.9899995577381415,0.9888359758553031,0.994731105814823,0.9901782813080869,0.9887092889401381,0.9945374199370203,0.9916822893003906,0.9890928465159933,0.9966832451972203,0.9918791166552628,0.9891637432917202,0.9968638937160079,0.998717964179566,0.9950242437742393,1.002584253420004,367.0
0.9999970120964928,0.9999964614116365,0.9999975856737787,0.98035422223225,0.9767067743196832,0.9841224423699899,0.995195711631884,0.9916726538574812,0.9996050290999209,0.9934258239879219,0.9902667176020175,0.9984434368517456,0.9933539239074026,0.9899662836302994,0.9985836502716848,0.9926449875221708,0.9897114680689211,0.9982561342243685,0.9922409749958063,0.989781994760799,0.9972181396271148,0.9919818860081651,0.9894626806349504,0.9970232950785392,0.9916153371669898,0.9897319930413682,0.9963675836067873,0.9917129015939876,0.9889099634635884,0.9978677306556774,0.9915359011256923,0.988922900176181,0.9978667299641887,0.9913939475714727,0.9878426880140551,0.9973058893936316,0.9933540084534953,0.9897257453298638,0.9984899195667949,0.9933106531435485,0.9899663123429353,0.9987379640934856,0.9913945658025605,0.9876151408454498,0.9972102998208368,0.9913945060770729,0.9874322508384757,0.9971691114608254,0.9912428438331286,0.9863659207061665,0.9970127115121705,0.9912348345632921,0.9865919958252264,0.9968758389132588,0.9912242826190912,0.986137545831762,0.9969961463318034,0.9912571581985732,0.9895355225694757,0.995685876830919,0.9910707779767861,0.9893555817352955,0.9954515514805738,0.991276822931028,0.9895355735901585,0.9953958652105036,0.9914757744301621,0.9897152702711328,0.9961079307049912,0.9914666081997956,0.9900018055091581,0.9961199416667031,0.9904837177483896,0.989309935831947,0.9947636419022043,0.9904757423960072,0.9893099557571382,0.9946876768693351,0.9904738791919155,0.9896807579869802,0.9946068238934568,0.9900382153534389,0.9886846768886548,0.9942886861253412,0.9899710964106865,0.9886847663805096,0.9942944429397264,0.9900498561491161,0.9886846968008447,0.9941185939777718,0.9904505211343712,0.9890855402558714,0.9978505402480211,0.9918473030840966,0.9892267376901807,0.9968358861269061,0.9905079145333303,0.9891587692390966,0.9950243035634031,0.9899670221650335,0.9888098219135614,0.9946984605442741,0.9901429877448139,0.9886843363703368,0.9945031070865868,0.991675177035219,0.9890682787697281,0.9966593701702372,0.9918718213612538,0.9891389747119067,0.9968400198068228,0.9987216898331235,0.995005930046412,1.0025643382319802,368.0
0.9999970188606713,0.9999964584871739,0.9999975809135249,0.9803982053917574,0.9766876298647907,0.9840904783254495,0.9952502132493889,0.9916500700233581,0.9995741809745089,0.9934837071836544,0.9902415706044828,0.9984119068121984,0.993412394863878,0.9899407540290713,0.9985516779521678,0.9927034517048312,0.989685165022308,0.9982232420818967,0.9923020919176415,0.9897546230321492,0.9971891432576596,0.992042251353769,0.9894347055850606,0.9969942856295189,0.9916799042867329,0.9897039912838512,0.9963420511970393,0.9917713410565457,0.9888819880725142,0.9978325457570236,0.9915942277811763,0.9888948720223663,0.9978314705731861,0.9914530667350999,0.9878125076283591,0.9972676168454649,0.9934124778451164,0.9896999096364627,0.9984573688836719,0.9933694778778303,0.9899407827409669,0.9987061601729763,0.9914537027061008,0.9875850815502651,0.9971723038958441,0.9914536515746792,0.9874023267369695,0.9971313448535625,0.9913052485992639,0.986329718590692,0.9969694320429655,0.9912973453473367,0.9865574081487467,0.996835236246302,0.9912870991835643,0.986100302624224,0.9969517923581684,0.9913252180869099,0.9895067565184125,0.995662999647145,0.9911416062395556,0.9893262616005759,0.9954303672337227,0.9913437887918394,0.9895068075376235,0.9953723512326275,0.9915416981945283,0.9896870581946343,0.9960836108846304,0.99153259651688,0.9899740006986136,0.9960965539580857,0.9905598046711888,0.9892792550601585,0.9947455352190782,0.990551935776509,0.9892792749847359,0.994669654413506,0.9905499601967941,0.9896495345200554,0.9945884256731049,0.9901281038822464,0.9886529976390879,0.9942779951819727,0.9900610866697251,0.9886530871280983,0.9942837625141008,0.9901432702724932,0.9886530175506443,0.9941103234069485,0.9905082348815036,0.9890575496305704,0.9978152682385453,0.9919072144026057,0.9891983201950598,0.9968069129901159,0.9905837269968112,0.9891283089413481,0.9950060961724618,0.990048468653987,0.9887782099995823,0.9946836203971665,0.9902286052204006,0.9886526571315923,0.994490344160237,0.9917350802143537,0.9890398359267089,0.9966304069179165,0.9919315362136198,0.9891103260473952,0.9968110554921081,0.9987665315309594,0.9949864134457529,1.0025317795536905,369.0
0.9999970192193951,0.9999964584240584,0.9999975777000292,0.9804002382195903,0.9766873043849271,0.9840691991624153,0.9952543123809438,0.9916493289155708,0.9995505299338912,0.9934910560141416,0.9902391189658554,0.9983880528630006,0.9934206099385609,0.9899374594798445,0.9985271927529803,0.9927103378857571,0.9896821593442151,0.998199478443898,0.9923138252406561,0.9897512184485704,0.9971659156300675,0.9920541475693431,0.989431984322757,0.9969708990689067,0.9916956545897184,0.9896987910909859,0.9963207700148251,0.9917767278254748,0.9888781832657443,0.9978085433473114,0.9915994056957292,0.9888908851729405,0.9978074249206154,0.9914572443999913,0.9878085989690795,0.9972434804354489,0.9934206207148419,0.9896959407366952,0.9984319181361067,0.9933782668673168,0.9899374881916433,0.9986820203757611,0.9914579563249696,0.9875817898022289,0.9971493489171254,0.9914579421134218,0.9873997021805789,0.9971093514844308,0.9913095911876422,0.986323641165982,0.9969435174119814,0.9913017982580976,0.9865530108937194,0.9968121309991673,0.9912914458625852,0.9860936767473987,0.9969252025586497,0.9913424951613852,0.9895003889116424,0.9956429684799073,0.9911597721125215,0.989319325000984,0.9954112715556827,0.9913611564991532,0.9895004399305235,0.9953524659905417,0.9915580207937508,0.9896812594657464,0.9960625643935028,0.9915488461565836,0.9899674730587175,0.9960743074158083,0.990581280695978,0.9892711335805894,0.9947293999538241,0.990574026080318,0.9892711535050027,0.9946539528018762,0.9905714552883816,0.9896414891543198,0.9945727206629391,0.9901514610392108,0.9886432660366165,0.9942631244926498,0.9900844957825656,0.9886433555247437,0.9942688907202223,0.99016768392651,0.988643285947976,0.9940962341033391,0.990512199920204,0.9890527049830622,0.9977912488509483,0.9919190220553864,0.9891960188894798,0.9967833925393863,0.9906035980283948,0.9891201564301667,0.9949886584643157,0.9900693102482225,0.988768672727812,0.9946673593451676,0.990250644462755,0.9886429255324797,0.9944747847257766,0.9917467365800201,0.9890373755220251,0.9966067445792295,0.9919436982017578,0.9891085919437341,0.99678751311757,0.9987686094141505,0.9949860799146575,1.0025100935475872,370.0
0.9999970243107134,0.9999964547912785,0.9999975704255881,0.9804338506747478,0.9766640346992765,0.984021076828643,0.9952929183367853,0.9916184641132103,0.9994966679074127,0.9935320221200548,0.9902045616457754,0.9983317146806961,0.9934625203666236,0.9899014870487148,0.9984693998310045,0.9927509786393075,0.9896452914368985,0.9981422989779293,0.9923571246182369,0.9897152165995883,0.997109639111218,0.9920969583195766,0.9893956048831107,0.9969138449501508,0.9917417084755057,0.9896618163562033,0.9962663695264847,0.9918166786953087,0.9888379762441396,0.9977500281657523,0.9916388660238625,0.9888500893148314,0.9977488843415636,0.9914984216696552,0.987766705149835,0.9971829836315832,0.9934624470182657,0.9896588361843166,0.9983724666770708,0.9934208069857151,0.9899015157594702,0.9986245985272616,0.991499145916231,0.987539982634894,0.9970890467140845,0.9914991376770651,0.9873579899532108,0.9970492100680706,0.9913526073762099,0.9862771403628133,0.996878777706358,0.9913448713512804,0.9865072112559592,0.9967487861896769,0.9913346929120701,0.9860464637867611,0.9968596899725554,0.9913906570445373,0.9894626988753907,0.9955900158415762,0.9912087023698629,0.9892812439766404,0.995358942507763,0.9914101944838041,0.9894627498923324,0.9953002065333617,0.9916048837491006,0.989643960359812,0.9960086748403956,0.9915957006913751,0.989929933738956,0.9960201935144581,0.990634154344695,0.9892328975239574,0.9946789565584025,0.9906276121054116,0.9892329174476023,0.9946040303243874,0.9906242835841795,0.9896022827999742,0.994521029106589,0.990203596733598,0.9886049052176555,0.9942130907290926,0.990136984287291,0.9886049947023214,0.9942190119580591,0.9902199260797765,0.9886049251282445,0.9940463745565481,0.9905487154991302,0.9890085374855349,0.9977328263628691,0.9919610655095631,0.9891594120377889,0.9967256579926572,0.9906546377503648,0.9890823147725976,0.9949373675371357,0.9901209911784311,0.9887313270439407,0.9946165710152471,0.9903022735086572,0.9886045647266907,0.9944244071433317,0.9917877858166785,0.9889997833596365,0.9965480898871095,0.9919860227988921,0.9890724514464931,0.9967297606870544,0.9988028667565217,0.9949623413779206,1.0024610482637097,371.0
0.9999970247672576,0.9999964558966562,0.99999756846226,0.9804364993862201,0.9766712119701021,0.9840080422945753,0.9952982258401775,0.9916270532103593,0.9994827644503762,0.9935441755970132,0.9902147751487568,0.9983191779662053,0.9934764293426895,0.9899119397012586,0.9984582109396962,0.9927653792956522,0.989655614394057,0.9981304159888151,0.992373267203966,0.9897273840301948,0.997098131287823,0.9921130879446469,0.9894077422818673,0.9969018786548326,0.9917624114068638,0.9896763556448791,0.9962574007862106,0.9918319431285705,0.9888484571520014,0.9977378919065839,0.9916541503658963,0.9888607335561104,0.9977366817453285,0.9915151788303606,0.9877765854136917,0.9971708749742009,0.9934763528551565,0.9896694801603259,0.998361463911035,0.9934357716800157,0.9899119684123149,0.9986140786372318,0.9915158891664697,0.9875497600309253,0.9970767242891373,0.9915158741738291,0.9873676519764852,0.9970367116666748,0.9913697132638876,0.98628596250523,0.9968661990762797,0.9913620136812692,0.9865163873468931,0.9967370937018546,0.9913518385262398,0.9860550919228724,0.9968469103260444,0.9914138586619696,0.9894792772612496,0.9955821982306161,0.9912327320198905,0.9892990709254986,0.9953513669743109,0.991434564543721,0.9894793282790527,0.9952932807111217,0.991626552863173,0.9896592901192522,0.9960002149974045,0.9916173953846628,0.9899452935009184,0.9960120558540396,0.9906601278073673,0.9892527732130463,0.9946716512740332,0.9906536360402367,0.9892527931370962,0.9945968156467543,0.9906502213349562,0.9896214124188764,0.9945127721933958,0.9902331015599165,0.9886289513722923,0.9942071465887881,0.9901669606046377,0.9886290408591648,0.9942132929526643,0.9902495166770299,0.988628971283373,0.9940405936309634,0.9905641659584912,0.9890204284587197,0.997720568999534,0.9919765864670655,0.9891715365043369,0.996713105275074,0.9906804944233912,0.9891024936950346,0.9949302131954333,0.9901488117724405,0.9887543633080023,0.9946098733479004,0.9903311745699326,0.9886286108729293,0.9944180535957929,0.9918024797312398,0.9890110951721437,0.9965347588616816,0.9920018299605374,0.989085040621214,0.9967171899646717,0.9988055745485478,0.9949696587548579,1.002447766690374,372.0
0.9999970266047974,0.9999964551593069,0.9999975704595151,0.9804483099869118,0.9766659766488032,0.9840209423417685,0.995313837021894,0.9916231896548721,0.9995009258644841,0.9935586454853542,0.9902124226484014,0.9983394302714781,0.9934908953459115,0.9899098519255396,0.998478582264753,0.9927789340393705,0.9896536607792618,0.9981514654958822,0.9923878267222221,0.9897269933959989,0.9971195643835337,0.9921283694761768,0.9894084568552826,0.9969237046943985,0.9917768824275144,0.9896771610090765,0.996279622764261,0.9918444886706536,0.9888470824689424,0.9977601632460503,0.9916665666493458,0.9888593242519633,0.9977589119281288,0.9915269511149413,0.9877764047258047,0.9971952617092763,0.9934908399904057,0.9896676041685779,0.9983819615971331,0.9934502194649,0.9899098806365321,0.9986344265922785,0.9915276567487056,0.9875495809042353,0.9971010591348338,0.991527639504388,0.9873674642746927,0.9970609983090816,0.9913819004823974,0.9862890593841483,0.9968959429258967,0.9913742579338508,0.9865202400383398,0.9967682603080443,0.9913640708536421,0.9860584973213604,0.9968771281138626,0.9914288873401493,0.9894811146457124,0.9956050054757821,0.9912479356078342,0.9893015417520818,0.9953743040368328,0.9914498328053489,0.9894811656636139,0.9953164013845192,0.991641243850559,0.9896604940012412,0.9960227281455382,0.9916321132955157,0.9899465048877154,0.9960348909463695,0.9906768571144092,0.9892553791142553,0.9946954152785914,0.9906708450985935,0.9892553990383602,0.9946209711535081,0.9906669084750481,0.9896230906764916,0.994535389394178,0.9902468323892292,0.9886341400979802,0.9942295942333209,0.9901804162539356,0.9886342295853393,0.9942356218753721,0.9902628656715182,0.9886341600091695,0.9940629156262132,0.9905756443766212,0.9890186956767564,0.9977428055614658,0.9919919682405863,0.9891729171670159,0.9967349934065111,0.9906959933677247,0.9891054766361124,0.9949534249875401,0.9901631952341128,0.9887581435838778,0.9946327499138061,0.9903455932759723,0.9886337995967664,0.9944406704585479,0.9918180048572695,0.9890126191924002,0.9965567888226922,0.9920173516715304,0.9890866747135776,0.9967390680956589,0.998817619255649,0.9949643328434149,1.0024609278952115,373.0
0.9999970319424373,0.9999964628348219,0.999997571274495,0.9804817490165064,0.9767156216505186,0.9840255930572942,0.9953631496856779,0.9916855025166433,0.9995142852330017,0.9936097687237601,0.9902806586053656,0.9983553908666944,0.9935405528717253,0.9899778442422893,0.9984929648334788,0.992828736983811,0.9897214274373868,0.9981672766009063,0.9924450369336147,0.9898043006962949,0.9971399440806589,0.99218787896629,0.9894886906248264,0.9969460365099778,0.9918393566861822,0.9897614098183645,0.9963026132262583,0.9918921759780341,0.988914172108001,0.9977755562658249,0.9917140150819269,0.9889262435306054,0.9977742891162091,0.991572650931533,0.9878435657594986,0.9972100778081918,0.9935405158330163,0.9897354015480724,0.9983958279739539,0.993498983706858,0.989977872955247,0.9986482495769997,0.9915733686798054,0.9876168889144683,0.997116076184498,0.9915733573648929,0.9874349160952058,0.9970761701536951,0.9914273416483234,0.9863559358196401,0.9969105638968069,0.9914197238104986,0.986587338448982,0.9967834896436396,0.9914094743727514,0.9861253015239527,0.9968916275290152,0.9914959661286584,0.9895712273745261,0.99562955801765,0.991317624969921,0.9893952047170121,0.9953994456287693,0.9915172266703892,0.9895712783970906,0.995341332895702,0.9917055008985394,0.9897470564168761,0.9960464928197706,0.991696429248692,0.9900333508917185,0.9960595006238375,0.990752325468031,0.9893522507712058,0.9947234265304954,0.9907472340065628,0.9893522706972724,0.9946496800257527,0.990742361685449,0.989719550220865,0.9945629950606842,0.9903207827294157,0.9887360841444893,0.9942557956266377,0.990254600712972,0.9887361736411308,0.9942619574173902,0.9903363357626879,0.9887361040577463,0.9940889374628785,0.9906214771922743,0.9890843618375081,0.9977582236859528,0.9920527584842849,0.9892549158012955,0.9967584157020083,0.990769074187471,0.9892025157043054,0.994979786964782,0.9902372637412968,0.9888591420854508,0.994658916248239,0.9904198321700667,0.9887357436079559,0.9944668240404448,0.991880516001784,0.9890962633975242,0.9965818120241141,0.9920784022395885,0.9891690892949571,0.9967624743247109,0.9988517418303864,0.9950149610138397,1.0024656977031063,374.0
0.9999970310349765,0.999996468240647,0.9999975710433707,0.9804751248162502,0.9767508559945233,0.9840240534000663,0.9953594451200127,0.9917277982178261,0.9995130056324543,0.9936075736678862,0.9903268928579659,0.9983544561560176,0.9935391159793605,0.990022596746986,0.9984899069243115,0.9928277529123225,0.9897679146706935,0.9981681953791531,0.9924420315639519,0.9898563754334324,0.9971388794930298,0.9921847956396888,0.989541729939371,0.9969449720546859,0.9918376654764061,0.9898187101467393,0.9963010082463678,0.9918908167953764,0.9889610273307496,0.9977780406235011,0.9917124842742195,0.9889730134363898,0.9977767519598225,0.9915716780005749,0.9878916009249241,0.9972150825164303,0.9935391344048702,0.9897789685978905,0.9983906165356579,0.9934979601236802,0.9900226254612332,0.9986455329348732,0.9915723980829201,0.9876649930011797,0.9971211278678187,0.9915723879507591,0.9874830801284253,0.9970812510712349,0.9914263644904259,0.9864068907517656,0.9969198635490409,0.9914187943141726,0.9866389293064544,0.9967940017991852,0.9914084891338718,0.9861765371638247,0.9969012956874067,0.9914958441686844,0.989633233591495,0.9956275783245784,0.9913181643872093,0.9894601749277778,0.995397067479487,0.9915175881258431,0.989633284617261,0.9953398237997443,0.9917044096490029,0.9898060986088808,0.9960446777920223,0.9916953216047791,0.9900920611213451,0.9960573642066847,0.9907537641982144,0.9894219370941332,0.9947195310572258,0.9907484643395553,0.9894219570216091,0.9946457253771953,0.9907437370899722,0.9897879182372857,0.9945574473133845,0.9903263310691787,0.9888148542478457,0.9942525646153029,0.9902600440439417,0.9888149437516583,0.9942586915173242,0.9903418504576437,0.9888148741627,0.9940858094883088,0.9906190596944282,0.9891308579027349,0.9977606925461286,0.9920497733320272,0.9893085262639079,0.9967574616288043,0.990771080442548,0.9892727378235543,0.9949767164984322,0.9902418422620494,0.988935664768188,0.9946556057841351,0.9904254857199254,0.9888145136840258,0.994463481446816,0.9918777575376497,0.9891500819524397,0.9965810522740841,0.9920752075201877,0.9892224239580121,0.9967615305903207,0.9988450055589869,0.9950508838049075,1.0024641303587836,375.0
0.9999970287055678,0.999996463994978,0.9999975691771918,0.9804607119456636,0.9767234924869136,0.9840121262979725,0.995337091474001,0.9916927555601911,0.9994948931879059,0.9935837661645692,0.99028884081518,0.9983328344577556,0.9935139512583895,0.9899834253169284,0.9984655998858016,0.9928052223521951,0.9897291456704649,0.9981462339361689,0.992415224733748,0.9898151075083963,0.9971154361665707,0.9921574598225891,0.989500855086063,0.9969210908153511,0.9918082786046679,0.9897733475016673,0.9962760580380783,0.991867550450826,0.9889212209511608,0.9977543111413325,0.9916891119758684,0.9889332823918291,0.9977531333715182,0.9915479016761204,0.9878499976764598,0.9971879940706614,0.9935139413061472,0.9897389016358201,0.9983647948819161,0.9934720022768126,0.9899834540300421,0.998620750775944,0.9915485794400326,0.9876230691588346,0.9970933945436862,0.9915485487621288,0.9874408028476915,0.9970529893591252,0.9914020012481133,0.9863616525497114,0.996887578863324,0.991394458226882,0.9865939248330123,0.9967623639317096,0.9913840450508355,0.9861307874729788,0.9968682312657551,0.991464056633243,0.9895848492896501,0.9956018099094295,0.9912848084315314,0.9894101336862215,0.9953709778277737,0.9914859510983393,0.9895849003129153,0.9953143066308556,0.9916740804786708,0.9897593712291299,0.9960190933029145,0.9916648993254708,0.9900443465875935,0.9960302218005967,0.9907189984651849,0.9893697332665037,0.9946918711124707,0.9907137830881955,0.9893697531929232,0.9946181839206372,0.9907088584123968,0.9897334668430859,0.9945267828346175,0.9902890531902333,0.9887626666637589,0.9942255835817256,0.9902226215997882,0.9887627561628325,0.9942316387589623,0.990304279655217,0.9887626865775582,0.9940587575206471,0.9905952699991607,0.9890913905305784,0.9977370583681409,0.9920221419270403,0.9892678747254124,0.9967333618153678,0.9907361408989206,0.9892214476219523,0.994949968875066,0.9902053542350114,0.9888834467650622,0.9946287808955641,0.9903886620092404,0.9887623261179728,0.9944365790535985,0.9918498339884061,0.9891091523403804,0.9965566852939175,0.9920479228890294,0.9891823183079901,0.9967374096311966,0.9988302938668728,0.995022975020766,1.0024519570569592,376.0
0.9999970197827108,0.9999964660268348,0.9999975715748848,0.9804022296090303,0.97673663903851,0.9840284398065997,0.9952674834554601,0.9917092108385155,0.9995081391745174,0.9935189393124882,0.9903075156585113,0.9983463561530617,0.993449132070678,0.9900028765693781,0.9984801573030178,0.9927413460155579,0.9897481244950526,0.9981593112622705,0.9923556268828512,0.9898359034299246,0.9971294782767867,0.9920984487450146,0.9895224993811097,0.9969360825847868,0.9917535853920073,0.9897954712866414,0.9962904385936945,0.9918046900488698,0.9889406378194527,0.997766551219133,0.9916263849684823,0.988953051758448,0.9977653811762853,0.9914862218873685,0.9878682100575426,0.997198954178968,0.9934491409689554,0.9897589740285244,0.9983801472414615,0.993407173564288,0.9900029052830571,0.9986353333879792,0.9914869701506558,0.9876418879337339,0.9971054561128504,0.9914869737809394,0.9874602705691196,0.9970659416844352,0.9913403822695575,0.9863746630709742,0.9968918838084849,0.9913328165874707,0.9866062990152114,0.9967660492290029,0.9913224375881492,0.9861432194479245,0.9968717664284606,0.9914144985607724,0.9896086758901422,0.9956175457935209,0.9912387309951864,0.9894352202602168,0.9953879642027097,0.9914358546349444,0.9896087269146366,0.9953297953708667,0.9916213413524628,0.9897819378274297,0.9960336556771342,0.991612058607876,0.9900658794608918,0.9960431286229493,0.9906825890424746,0.9893963884970136,0.9947123072973103,0.9906786217826854,0.9893964084239715,0.9946394895481934,0.9906723538143339,0.9897583469287116,0.9945447461678996,0.9902578557815178,0.9887940189362614,0.9942480792591416,0.9901916321828479,0.9887941084381903,0.9942542188684051,0.9902744780385784,0.9887940388506968,0.9940822823717286,0.9905333053232056,0.9891130756948054,0.9977492331003774,0.9919633251962681,0.9892899683751638,0.9967487909498933,0.9906965248547296,0.9892488244399488,0.9949691487527142,0.9901698139230396,0.9889138269299619,0.9946493473758596,0.9903555829282533,0.9887936783796109,0.9944580793093927,0.9917917012490531,0.9891319190445345,0.9965727403787724,0.9919890835620968,0.9892044243607109,0.9967528377729002,0.9987706791238598,0.9950363817042805,1.0024685660979413,377.0
0.9999970193071038,0.999996465471732,0.999997573388721,0.9803989345834495,0.9767326122733687,0.9840402561626597,0.9952649456473496,0.9917066489266082,0.9995234261563614,0.9935160068175924,0.9903074265740568,0.9983622271009679,0.993446010057463,0.9900048069230852,0.9984983623634577,0.9927383293507237,0.9897477960730345,0.9981735341669394,0.9923528533337468,0.9898383637900935,0.9971468055139465,0.9920954318980221,0.9895255354255129,0.9969538394860745,0.9917521694954611,0.9898007340715719,0.99630865317846,0.9918018789074037,0.9889399611336639,0.997778559308907,0.9916236835867198,0.9889526107926818,0.9977773013257911,0.9914834470293923,0.9878656786233841,0.9972081085285106,0.9934461689840138,0.9897625199766115,0.9984004203188341,0.9934038252642424,0.9900048356368217,0.9986533878451102,0.9914841889273688,0.9876393011771081,0.9971145109595911,0.991484189460047,0.9874576253943638,0.99707491627731,0.991337117789727,0.9863675608368774,0.9968950487277111,0.9913295590651261,0.986599132325805,0.996769353012592,0.9913191081465496,0.9861355307296812,0.9968741285160402,0.9914159194901613,0.9896165067970776,0.9956372481183243,0.9912422890202709,0.9894446851747536,0.9954087473785287,0.9914365846653378,0.9896165578219888,0.9953491615664541,0.9916210141190323,0.9897881345989875,0.9960523914399634,0.9916117201758342,0.9900718139742842,0.9960616152710297,0.9906910390247178,0.9894072911153872,0.9947367974847565,0.9906877213492638,0.9894073110425727,0.9946644517720492,0.9906808475920748,0.9897700596021362,0.9945703818044543,0.9902717375396236,0.9888068505506679,0.9942741144533072,0.9902061460788577,0.9888069400537974,0.994280532606692,0.9902893061766089,0.9888068704653712,0.9941090539195268,0.990531286300094,0.9891143215958274,0.9977610852039499,0.9919603730266586,0.989293284303247,0.9967669142449354,0.9907032679941761,0.9892593977615751,0.9949919462583374,0.9901794718358532,0.9889254907669845,0.9946735690530715,0.9903676877695955,0.988806509989448,0.99448317118824,0.991789299931294,0.989135775837449,0.9965913826269356,0.9919858414761163,0.9892073607305526,0.9967709752965491,0.9987673249704928,0.9950322872407888,1.00248061709295,378.0
0.9999970242633843,0.9999964668658482,0.9999975706351322,0.9804308100124596,0.9767416540871038,0.9840216803464614,0.9953066003664575,0.9917177475018459,0.999506783832932,0.9935566199322591,0.9903190803294217,0.9983462457425646,0.9934832707509235,0.9900167478189802,0.9984804729459558,0.9927778589227279,0.9897584430882919,0.9981570212648128,0.992396855332485,0.9898522318063938,0.9971330726584202,0.992138854204731,0.9895395902633216,0.9969395335992982,0.9918009637644298,0.9898173608469855,0.9962984996823823,0.9918407626531123,0.988949153810675,0.9977617450499147,0.9916623136645665,0.9889614377211866,0.9977603549941222,0.9915225707404928,0.9878746711428378,0.9971915576453854,0.9934834436912818,0.9897746905893381,0.9983827859373283,0.9934390637660213,0.9900167765330604,0.9986341624929077,0.9915232881739751,0.9876480686854704,0.9970975687134022,0.9915232767864313,0.9874661546705837,0.9970576593921121,0.9913768033832728,0.9863769370136394,0.9968800006424974,0.9913692382721488,0.9866082623973162,0.9967541065904457,0.99135886802842,0.9861449959076274,0.996859307862158,0.9914677191416019,0.9896353214829198,0.995628967235557,0.9912958234508917,0.9894647683728598,0.9954013079751806,0.9914885256255894,0.9896353725088134,0.9953411050661854,0.9916709770986761,0.9898056806628358,0.9960431464306732,0.9916617460202501,0.990089738762263,0.9960532876041225,0.9907487896785112,0.9894273659403001,0.9947325699557726,0.9907462500364229,0.9894273858678965,0.9946607736017592,0.9907386136192294,0.9897903494047778,0.9945665322453594,0.9903300695839526,0.9888267222729208,0.9942701112125513,0.9902642379692059,0.9888268117778785,0.9942763918034752,0.9903485535239737,0.9888267421880313,0.9941057613871273,0.9905684746057658,0.9891215711621021,0.9977441933966849,0.9920033892252003,0.9893074496739387,0.9967522422328211,0.9907589893456652,0.9892793851545008,0.9949861367250077,0.9902360138878388,0.9889453285697172,0.9946685581971342,0.9904251531918156,0.9888263817047439,0.9944786644956282,0.9918318091411018,0.9891494335162078,0.9965762370219698,0.9920289570640505,0.9892217012848318,0.996756296564287,0.9987998312744074,0.9950415069058571,1.0024617002636549,379.0
0.9999970256944709,0.999996462267098,0.9999975703045838,0.98044059629414,0.9767115724646602,0.9840194518143762,0.995315707658965,0.9916820834766404,0.9995049245101277,0.993567682541398,0.9902805039437454,0.998345377716063,0.993494716703537,0.9899779601043193,0.9984794779868044,0.9927883467756561,0.9897198682877728,0.9981560939450577,0.9924113052623494,0.9898098431626763,0.9971338002214656,0.992151750381128,0.9894963402931266,0.996939420971091,0.9918196755509519,0.9897724707631593,0.9963027202738844,0.9918521905443992,0.9889105819687384,0.9977616589714401,0.9916736975030084,0.9889227992461697,0.9977601685435635,0.9915357305498056,0.9878364394094424,0.9971933507431874,0.9934948835835988,0.9897357338130354,0.9983814884790535,0.9934507442737155,0.9899779888172747,0.9986333182419219,0.9915364708915114,0.9876100065803258,0.9970997222930237,0.9915364706204218,0.9874282815008011,0.9970601100261594,0.9913922009818991,0.9863390973534649,0.9968842881413468,0.9913845745933604,0.9865691808527045,0.9967567499289428,0.9913745671754083,0.9861074036444343,0.9968641806773029,0.9914884356027206,0.9895883504447995,0.9956352594338466,0.9913182607001513,0.9894165502469905,0.9954090467529877,0.9915083829862555,0.9895884014682732,0.9953469630669014,0.9916904602513423,0.9897599566177891,0.9960481477836924,0.9916812303234868,0.9900438507465605,0.9960582104001013,0.9907769607349716,0.9893741483183525,0.9947456320984716,0.9907758963468614,0.9893741682448755,0.9946748336434803,0.9907667883066444,0.9897370675997722,0.9945796181375154,0.9903538283863011,0.9887676513114978,0.9942824440056147,0.9902883441686435,0.9887677408110946,0.9942888507324662,0.9903726281719161,0.9887676712254141,0.9941183989085646,0.9905793136192323,0.989082473921024,0.9977440208418014,0.9920155039113197,0.9892636265881246,0.9967517143162259,0.9907833230277217,0.9892261936157373,0.9949965944163905,0.9902583268074168,0.9888864762590635,0.9946800373730654,0.9904481683284437,0.9887673107637197,0.9944905790049855,0.9918432689998855,0.9891049826075332,0.996575113424838,0.9920412553020097,0.9891781539553425,0.9967557581144059,0.9988097968327654,0.9950108396704925,1.002459431335431,380.0
0.9999970348466221,0.9999964557788864,0.9999975679327847,0.9805008375881753,0.9766690892666046,0.9840032164670938,0.9953860296710773,0.9916319014667917,0.9994928243545893,0.9936392477773557,0.99022766469551,0.9983352690952245,0.9935673378356266,0.9899253299680589,0.9984707769617475,0.9928605877654912,0.9896671454905764,0.9981467149592625,0.992482257012253,0.9897534638468846,0.997124638474006,0.9922236633189668,0.9894411995861899,0.9969311142038678,0.9918879656713021,0.9897112055050569,0.9962936937419192,0.9919246478865509,0.9888580284163568,0.9977531002099586,0.9917461239760555,0.9888702910396396,0.9977516715849941,0.9916087122130616,0.9877839945727048,0.9971857079189341,0.9935673777863131,0.9896832709894781,0.9983732894358271,0.9935240942311876,0.9899253586794915,0.9986250852062442,0.9916094384488174,0.9875574103951446,0.997091864668725,0.9916094312752262,0.987375530753687,0.9970520848495525,0.9914666986447604,0.9862875380562702,0.9968793777002757,0.9914592214101068,0.9865202359382111,0.9967556740142957,0.991449239009228,0.9860555469921087,0.996859021470568,0.9915552685552385,0.9895230103767536,0.995626777687596,0.9913845609726311,0.9893487640220427,0.995401071632458,0.9915745723178634,0.989523061396856,0.9953381975044044,0.9917581864733424,0.9896970626376994,0.9960392525350948,0.9917489387650157,0.989980656938603,0.9960489335110899,0.9908419480308723,0.9893005018862514,0.9947381537348811,0.9908408744164415,0.989300521811286,0.9946673548836026,0.990831734073365,0.9896625760885903,0.9945709708954761,0.9904205860539181,0.9886870710101481,0.9942787745050714,0.990355545476304,0.9886871605024223,0.9942853396277148,0.9904403436660869,0.9886870909224332,0.994115454612484,0.9906518529438811,0.9890303887854802,0.9977354998191268,0.9920877935931174,0.9892092247658895,0.9967437600630146,0.9908483511374759,0.989152890732738,0.9949895918477069,0.9903224418655522,0.9888070582066577,0.994674691759828,0.9905133336754997,0.9886867304902331,0.9944861108805252,0.9919161050758927,0.9890511042211259,0.9965677024941566,0.9921138372314642,0.9891241779767513,0.9967477878562265,0.9988711983685579,0.994967530325619,1.0024429063438185,381.0
0.9999970324107439,0.9999964597066661,0.9999975633507252,0.9804844239092143,0.976695123753134,0.9839731958787725,0.9953689894181974,0.9916606904456884,0.9994559344812424,0.9936209906937702,0.990256771167578,0.9982950334574217,0.99354915861078,0.9899530652910553,0.9984288925482976,0.9928412547036458,0.9896950415972678,0.9981049648223014,0.9924639633013734,0.9897848680772708,0.9970837630095851,0.9922052076486579,0.9894728365412637,0.9968898747396119,0.9918709022434754,0.9897449016103759,0.9962527996443272,0.9919042940724109,0.9888841741212128,0.997709491111551,0.9917256190845327,0.9888962498915339,0.99770807181498,0.9915874795962991,0.9878085498627054,0.9971391605659724,0.9935490846826999,0.9897099093567175,0.9983299344392568,0.9935060471584667,0.9899530940032892,0.9985833145178645,0.991588199185614,0.9875818772920236,0.9970451854575784,0.9915881887556672,0.9873999093987009,0.9970053024675917,0.9914448171814604,0.9863082756097098,0.9968275111395996,0.9914373655668575,0.9865413133140699,0.9967044690064489,0.9914272688735897,0.9860757324830212,0.996806356884373,0.9915406702052336,0.9895588748004098,0.9955866113977693,0.9913718346742184,0.9893860327770542,0.9953615817872838,0.991559362876182,0.9895589258223688,0.9952976871511909,0.9917420647838252,0.9897315226292206,0.9959985369287156,0.991732786703416,0.9900147751885575,0.9960077231494175,0.9908318855817717,0.9893388902513367,0.9946999748150377,0.9908307510553847,0.9893389101771499,0.9946291129119891,0.9908216877509096,0.9897012980317474,0.9945332550653412,0.9904175385180352,0.9887260754827122,0.9942437358808149,0.9903536860390643,0.9887261649785424,0.9942508085289504,0.9904379145958011,0.9887260953957893,0.9940808579989664,0.9906305809923504,0.9890553763506201,0.9976919367468005,0.9920690358199366,0.9892410086147968,0.9967021633264983,0.9908384405445817,0.98919114347669,0.99495138879746,0.9903156920054937,0.9888463622254755,0.9946378411554221,0.9905083588503321,0.9887257349492667,0.9944501760557498,0.9918968884977599,0.989082423127132,0.9965256529820153,0.9920951278440227,0.9891560506067931,0.9967061876261356,0.9988544763875303,0.9949940615960875,1.002412298602161,382.0
0.9999970267731274,0.9999964604810928,0.9999975637327355,0.9804474144002163,0.9767001594913443,0.9839760230873694,0.9953250933362114,0.9916669921998338,0.9994557610246516,0.9935776636977965,0.9902632610834295,0.9982948280888012,0.9935063637487116,0.9899598605270472,0.9984296095428237,0.992798107091453,0.9897018718326391,0.9981057517728554,0.9924205035303084,0.9897915059977278,0.9970812947243055,0.9921620744125805,0.9894808745211372,0.996887601343364,0.9918275904002609,0.9897496186957446,0.9962481011773074,0.9918626155862603,0.9888914978677892,0.9977123535905649,0.9916838892750098,0.9889035446410435,0.9977109454232186,0.9915483189019413,0.9878168388260389,0.9971451484352191,0.9935062320830428,0.9897169488583273,0.998331080520223,0.9934636149286047,0.9899598892394798,0.9985842630638513,0.9915490638180476,0.9875903843623589,0.9970515668623229,0.9915490657158419,0.9874086502647815,0.9970120019753298,0.9914069711825674,0.9863184065078452,0.9968370831996306,0.9913995692779028,0.986552224209069,0.996715323394146,0.9913895865063839,0.9860859806416334,0.9968161940843652,0.9914965033632572,0.989562684367793,0.995580627653696,0.9913273708762987,0.989389574781024,0.9953553790259579,0.9915148460956796,0.9895627353899394,0.9952915255139587,0.9916983919777169,0.9897355996974374,0.9959928332653266,0.991688957421784,0.9900174342570545,0.9959995290100208,0.990787727066637,0.9893413632952318,0.9946930834175345,0.9907868357358517,0.9893413832210907,0.9946223563807832,0.9907774648493777,0.9897026153892741,0.9945247035896262,0.9903730617988099,0.9887285163048115,0.9942375648744173,0.9903096787559057,0.9887286058008493,0.9942447996145052,0.9903932840861791,0.9887285362179343,0.9940746064288865,0.9905882358799621,0.9890619496698592,0.9976948399776859,0.9920263004631822,0.9892498987254355,0.9967001131293743,0.9907936758967085,0.9891940863261366,0.9949448210421099,0.9902706695643824,0.988848868519376,0.994631455996415,0.9904635863316124,0.9887281757705764,0.9944438992635004,0.9918545778343277,0.9890917310046728,0.9965239880103753,0.9920526326304299,0.9891653203303575,0.9967041225712661,0.9988167505710075,0.9949991969724854,1.002415168685791,383.0
0.9999970221616916,0.999996460826571,0.9999975651301595,0.9804170961723593,0.976702256649612,0.9839854700074084,0.9952893272429068,0.9916705588626676,0.9994644209443067,0.9935463583038585,0.9902671416266147,0.9983061072380836,0.9934781833089854,0.9899649893063684,0.9984445001750588,0.9927693849443108,0.9897065114902108,0.9981179365010466,0.9923881075054679,0.9897941960388978,0.9970931922697739,0.9921288894099803,0.9894834808244292,0.9968988514738327,0.9917952492627921,0.989751785861808,0.996261535101287,0.9918355555006754,0.9888972338102278,0.9977248770103998,0.9916570169125968,0.9889095729425014,0.9977234047282646,0.9915230995783908,0.9878225798680825,0.9971586081182509,0.9934781027290152,0.9897230762556992,0.9983472722103969,0.9934372713131748,0.9899650180189491,0.9986003445714476,0.9915237874335723,0.9875956721659369,0.997064139468647,0.991523761607813,0.9874134452939684,0.9970238506836061,0.9913823586574739,0.9863257572559948,0.9968531621211624,0.9913749820268658,0.9865598996380902,0.996732039642701,0.9913650491372614,0.9860934902315144,0.9968325139724203,0.9914648267891589,0.9895643621917952,0.995595333180934,0.9912961444436518,0.989390937673799,0.9953707923665412,0.991483076157761,0.9895644132140345,0.9953062311262509,0.9916663108533847,0.9897375922874565,0.9960068167105942,0.9916568977831187,0.9900194928873838,0.9960138068600626,0.9907604347413553,0.9893421546485178,0.994712473586266,0.9907607415950822,0.9893421745743968,0.9946425270790165,0.9907502346583217,0.9897045928995925,0.9945457368512047,0.9903397475154456,0.9887267931681316,0.9942537374935622,0.9902764162497725,0.9887268826640296,0.9942609450216165,0.9903596373166752,0.988726813081223,0.9940905871995657,0.9905625400296202,0.9890699203001321,0.9977072258768831,0.9919926858808178,0.9892524405556942,0.9967109881578216,0.9907632429123163,0.9891943955163726,0.9949615142529604,0.9902383488974876,0.9888477124476939,0.9946479451123428,0.9904306028837815,0.9887264526344272,0.9944602470182697,0.9918204477394119,0.9890937848105599,0.9965343737567013,0.9920191598296433,0.9891681029736474,0.9967149880348767,0.9987858461753344,0.9950013401818201,1.002424790529173,384.0
0.9999970253735457,0.9999964602559661,0.9999975660346863,0.9804377886554645,0.9766981974037576,0.9839910504536803,0.9953161754326604,0.9916678561178003,0.9994751706846514,0.9935726200466217,0.9902647665908642,0.9983172593135419,0.9935058074733994,0.989962396316126,0.9984560207692496,0.9927951883297218,0.9897043384310139,0.9981286810285629,0.9924132816803873,0.9897918762623714,0.9971055050479709,0.9921547096161483,0.9894820026266975,0.9969118387381194,0.9918187674877266,0.9897492171134991,0.9962742158952291,0.9918622080105983,0.9888953521231317,0.9977357351816121,0.9916837171966107,0.9889077780552107,0.9977342046054081,0.9915509352108833,0.987820638396775,0.9971699931963588,0.9935057155102819,0.9897203088933247,0.9983584140834937,0.9934657215052011,0.9899624250286289,0.9986123702482084,0.9915514930619324,0.9875926639582606,0.9970735008043036,0.9915514040295025,0.987409284468159,0.9970315665264841,0.9914097906204141,0.986327377769661,0.9968691551149629,0.9914024692418938,0.9865624211097817,0.9967494441062881,0.9913924197184321,0.9860954334085837,0.996848884746397,0.9914870983906021,0.9895616780856568,0.9956082813187226,0.9913180714260019,0.9893882212580134,0.9953840943790788,0.9915046114351325,0.989561729107764,0.9953187811260681,0.9916893477467632,0.9897349403167418,0.9960195593737986,0.9916799256129967,0.990016651184675,0.9960263498633571,0.9907815447839958,0.9893398277467983,0.9947270265864575,0.9907817059071578,0.9893398476726354,0.9946569793307146,0.9907714272375944,0.9897038123383153,0.9945624447491699,0.9903604738480154,0.9887228468911858,0.9942680413455657,0.9902971064138786,0.9887229363867482,0.994275199722963,0.9903805056019065,0.9887228668042021,0.9941050334395232,0.9905894146779793,0.9890686087043751,0.9977180045482281,0.9920187303555309,0.9892514481612357,0.9967242208714848,0.9907846983309697,0.9891914400285668,0.9949754539074005,0.9902590623288924,0.9888441465706037,0.9946620468115043,0.9904511852045833,0.988722506358759,0.9944744609129367,0.9918468975662043,0.9890931866983829,0.9965479925100882,0.9920452189589442,0.9891671631610662,0.9967282186067127,0.9988069471814077,0.994997212115202,1.0024304945940612,385.0
0.99999702936717,0.9999964587646002,0.9999975662458743,0.9804637536486467,0.9766882594058813,0.9839920850056902,0.9953482255410481,0.9916574186992401,0.9994804537239471,0.9936044069034816,0.9902531586462955,0.9983246405347574,0.9935376218471641,0.9899517221253671,0.9984642820399409,0.9928277464623729,0.9896930095284475,0.9981368598360627,0.9924433757399534,0.9897780131242726,0.9971137917840454,0.9921851367672153,0.9894690707066757,0.9969204208219634,0.9918464720763434,0.989732366024099,0.996283022677559,0.9918962488971893,0.9888844270200566,0.9977452357489661,0.9917177519740447,0.988896956718495,0.9977438017290048,0.9915873248147885,0.9878098748793694,0.9971809782730102,0.9935376251123953,0.9897103817256285,0.9983674801408571,0.9934974809059696,0.9899517508375613,0.9986205559200235,0.9915878644149954,0.9875817570686477,0.9970842121073588,0.99158776650976,0.9873982207982422,0.9970420547750243,0.9914470948202458,0.9863174723204129,0.9968818359566011,0.991439766224384,0.986552294160037,0.9967619030971511,0.9914298443423935,0.9860856749282662,0.9968618218327722,0.9915150464400214,0.9895424548550771,0.9956187021036801,0.9913459232261809,0.989367621877034,0.995395462765057,0.9915329678260423,0.9895425058761946,0.995329570635025,0.9917171386987548,0.9897170930510534,0.9960288586289492,0.9917076805483073,0.9899983950876954,0.9960350233656265,0.9908093415202113,0.9893175884049181,0.9947411171421426,0.9908094614258061,0.9893176083303087,0.9946710409926568,0.9907993315737585,0.9896835324541785,0.9945793225349414,0.9903859775915791,0.9886945516650631,0.9942819814868071,0.9903225181567011,0.9886946411580637,0.9942890734230169,0.9904063029028219,0.9886945715775082,0.9941192230355087,0.9906233487346313,0.9890578693886368,0.9977275950941573,0.9920494096730943,0.9892390744927697,0.9967329804704164,0.9908125585051183,0.9891684041648627,0.9949884874175462,0.9902851572700005,0.9888179028537043,0.9946755297832435,0.9904764215387881,0.9886942111423842,0.9944882374790464,0.9918778886109849,0.9890811158459746,0.996557054044394,0.9920759399274488,0.9891548675751444,0.9967369752042491,0.998833418794763,0.9949870871551832,1.0024315639910573,386.0
0.9999970332160071,0.9999964569369545,0.9999975641661826,0.9804889793724728,0.9766763896910529,0.9839781510077762,0.9953781831686431,0.9916428458474518,0.9994669130271301,0.9936379590121217,0.9902368002669759,0.9983113179824229,0.9935746036378926,0.9899340647304817,0.9984514371128094,0.9928606146540664,0.9896767148195559,0.998123426488363,0.9924798366399459,0.9897595148524473,0.9971014561227316,0.9922207560702699,0.9894501297185343,0.9969075547454788,0.9918863583720563,0.9897125058711377,0.9962731452172705,0.9919287121989441,0.9888682245611609,0.997731915257843,0.9917501850232323,0.988880767349943,0.9977304918984664,0.9916193597328407,0.9877937918761014,0.9971677693811719,0.9935745026298564,0.9896916850870293,0.9983531449966526,0.993536598913766,0.9899340934421612,0.9986091151014015,0.9916199233367108,0.9875658723570244,0.9970713848021256,0.9916198370977733,0.9873825489977485,0.9970295379320068,0.9914797856292712,0.9863009265811766,0.9968683371097381,0.9914724286245147,0.9865351208685005,0.9967476272422083,0.9914626251795358,0.9860691678669987,0.9968484079374024,0.9915564808985727,0.9895215812142967,0.995610322776168,0.9913884897723201,0.9893461887037629,0.9953881561876171,0.991574091296177,0.9895216322343402,0.9953210635573744,0.9917576137327688,0.9896967788033798,0.9960194449806898,0.9917481227081328,0.9899777672617827,0.9960250614623737,0.9908538912262359,0.9892942216141124,0.9947368670015257,0.9908542238243425,0.9892942415390337,0.9946669251288944,0.9908439513924783,0.989661435152858,0.994576874722626,0.990430839803572,0.9886668685724834,0.9942786112388107,0.990367555930493,0.98866695806298,0.9942857596958348,0.9904518242970999,0.9886668884843708,0.9941163388921624,0.9906552958883329,0.9890412271639418,0.9977142981184023,0.9920845754988743,0.9892198394992577,0.9967198167662077,0.9908565266734216,0.9891445213265044,0.9949831560205922,0.9903285763771955,0.9887909474661314,0.9946711497544091,0.99052032032463,0.9886665280593313,0.9944843847488247,0.9919126125346415,0.9890614457851766,0.9965434854364562,0.992111076767655,0.9891356001924427,0.9967238128483243,0.9988591323771655,0.994974983948014,1.0024173701011625,387.0
0.99999703193772,0.9999964536133861,0.9999975665013932,0.9804809319032347,0.9766544064105394,0.9839935936177674,0.9953666875561807,0.9916181605901049,0.9994844676047158,0.9936307311256709,0.9902110336597636,0.9983306093588629,0.993570220904299,0.9899083861257502,0.9984725575009226,0.9928546048789717,0.9896515549349097,0.9981447701707483,0.9924734918593155,0.9897318803105426,0.9971193112893734,0.9922131802375483,0.9894213762597934,0.9969246833210254,0.9918822141500874,0.9896842451643614,0.9962910218213668,0.9919230593822344,0.9888439439099308,0.9977555460374667,0.9917444587432317,0.988856420667533,0.9977540936604061,0.9916146343593183,0.9877712546684378,0.99719507702532,0.9935701278373741,0.9896660768881482,0.9983742336851273,0.993533917477339,0.9899084148366841,0.9986313565229142,0.9916152310569186,0.9875436288333725,0.9970992262199035,0.9916151609256361,0.9873606184754444,0.9970578107818646,0.9914767486095207,0.9862819355380498,0.9969015762572095,0.9914692819133406,0.9865139916362371,0.996777963298152,0.9914598256909373,0.9860509775144922,0.9968828790469247,0.9915523863929483,0.989492939490089,0.9956274387282638,0.9913844767268978,0.9893173746020676,0.9954049195070329,0.9915699127364525,0.9894929905086506,0.9953381760063189,0.9917534807780575,0.9896683094575025,0.9960369056056804,0.9917439516236313,0.9899489953637122,0.9960419203296361,0.990851548013811,0.9892650252837407,0.994752540671599,0.9908522937851303,0.9892650452080709,0.9946828543508511,0.9908415058827716,0.9896303389224992,0.9945898474811244,0.9904248750171922,0.988640698374665,0.9942930427770994,0.9903609434407448,0.9886407878627914,0.9942998529268382,0.9904456510857447,0.988640718286025,0.9941306606193484,0.9906490258956189,0.9890164155343856,0.997737916448846,0.9920762082891513,0.9891903580526024,0.996736473057129,0.9908531507312591,0.9891160973314086,0.9949992622785266,0.9903237717919557,0.9887633816762731,0.9946865145480225,0.9905152414285854,0.9886403578705313,0.9944992363626737,0.9919035188275201,0.989031275315244,0.9965594701866871,0.9921024089989555,0.98910570221638,0.996740484920783,0.9988509213398358,0.9949525793675967,1.0024331100960528,388.0
0.9999970356539469,0.9999964481221203,0.99999756907742,0.9805055403714983,0.9766179458468867,0.9840102587188012,0.9953948496296792,0.9915776805878022,0.9995081296730468,0.9936621913782074,0.9901705949368667,0.9983585093037004,0.9936031189784447,0.9898677847801988,0.9985009723351246,0.9928868625734675,0.9896111963629413,0.998175250252895,0.992506236751799,0.9896922584054562,0.9971489966826188,0.9922452108078161,0.9893812548770765,0.9969538738860975,0.991917523227766,0.989646999586335,0.9963235976449087,0.991956561556864,0.9888037050807873,0.9977897871822881,0.9917776580250559,0.988815773191739,0.9977882633058798,0.9916514355815157,0.9877335157075524,0.9972354656310118,0.993603013758739,0.9896253454448245,0.9984023405292272,0.9935676874128562,0.9898678134899495,0.998660311209321,0.9916520374473485,0.9875059601075591,0.9971397253662804,0.9916519698458421,0.9873230197095549,0.997098397016561,0.9915127266755421,0.9862505151778788,0.9969500302881643,0.9915052590883409,0.986482444931611,0.9968263442022874,0.9914956965234751,0.9860204019822925,0.9969323959071932,0.9915894342851075,0.9894571206165205,0.9956609587241697,0.9914225588162252,0.9892821906590085,0.9954385367081573,0.9916069626130027,0.9894571716332439,0.9953717520133938,0.9917894877293915,0.9896318556197543,0.9960702969854843,0.9917801008639722,0.9899137255646228,0.9960775169927698,0.9908936137817445,0.9892311182831532,0.9947870487457718,0.9908950717764858,0.9892311382068054,0.9947178179386911,0.9908835325519395,0.9895956818880197,0.994623283197264,0.990463755150219,0.9886093859532312,0.994325761849152,0.9903999608891072,0.988609475438552,0.9943326110008531,0.9904839603005793,0.9886094058639675,0.9941630328896821,0.9906802403419879,0.9889733659758114,0.9977721734346247,0.9921077290874757,0.9891499001449598,0.9967653319113403,0.9908933804926077,0.9890824952391458,0.9950330214713835,0.9903636623408639,0.9887317514732017,0.9947197420365811,0.9905546493767231,0.9886090454597729,0.9945321979457925,0.9919345415969749,0.9889903501179844,0.9965878845864181,0.9921336922102311,0.9890649326131142,0.9967693555765763,0.9988760010474346,0.9949154222809145,1.0024501131392736,389.0
0.9999970351453132,0.9999964461031631,0.9999975671839965,0.9805023662445759,0.9766048147594454,0.9839978711007813,0.9953900460180699,0.9915614039314783,0.9994931236363459,0.9936545119680176,0.990153347794374,0.9983422878752906,0.9935969717051658,0.9898499686925283,0.9984846187769345,0.9928776391967281,0.9895935111229945,0.9981577399869177,0.9924959724514503,0.9896741358316556,0.9971334289445406,0.992234420060135,0.9893630055600111,0.9969374167399195,0.9919057293235578,0.9896288633384277,0.996309780924612,0.9919461939515987,0.9887853858069096,0.9977708715520006,0.9917672075998363,0.9887974162372695,0.9977693204757332,0.991639789871313,0.9877144864193138,0.9972145364979643,0.9935968594014639,0.9896070741852979,0.9983851263998372,0.9935624647779328,0.9898499974017588,0.998644523748652,0.9916403437361,0.987486552116527,0.9971180545083332,0.9916402528145603,0.9873031981573698,0.9970761205442842,0.9915023179217739,0.986230827364451,0.996928702571669,0.9914948461532402,0.9864625907436022,0.9968048863291034,0.991485449767983,0.9860006544209687,0.996911036964103,0.9915766328860698,0.9894385545301203,0.9956478579142553,0.9914099258274917,0.9892631995666512,0.9954259545891114,0.9915927879952702,0.9894386055458969,0.9953577405043215,0.991777325821799,0.9896137143999261,0.9960570597094569,0.9917680339290958,0.9898963654011984,0.9960657621707475,0.9908822504142313,0.9892132154513521,0.9947763966185668,0.9908838189244306,0.9892132353746503,0.9947072087269067,0.9908722623675951,0.9895794289757504,0.9946150531429779,0.9904500444247377,0.988590955519667,0.994313242594739,0.9903866995404746,0.9885910450033508,0.9943202847656984,0.9904695288259687,0.9885909754300387,0.9941500373920976,0.9906690423664324,0.988954483329086,0.997753246947066,0.9920964547271379,0.9891315860548189,0.9967482843676122,0.9908816919438499,0.9890639216958572,0.9950212739043984,0.9903508739297563,0.9887133024121133,0.9947076402893059,0.990541336953639,0.9885906150324398,0.9945198847458259,0.9919224576922636,0.9889712527524426,0.9965700761611449,0.992123183138358,0.9890477530435322,0.9967522644902118,0.9988727611022267,0.9949020321340802,1.0024374841298922,390.0
0.9999970279186688,0.9999964462333916,0.9999975688338889,0.9804551113998413,0.9766054745409646,0.9840092057322247,0.9953331347524461,0.9915629697585607,0.9995017386199382,0.9935982934357155,0.9901561853120475,0.9983506479221147,0.9935407316712382,0.9898511775960068,0.9984902425591031,0.9928210125827135,0.9895963432012703,0.9981668015085315,0.992441410197002,0.9896794387935434,0.997142558380336,0.9921798672055231,0.9893678706083573,0.996946871147092,0.9918535798377434,0.9896381100633352,0.9963198895771723,0.9918878727916544,0.9887882116516858,0.9977803569406671,0.9917086961057254,0.98880004836913,0.9977787502236356,0.9915798146596051,0.987718439446965,0.9972249616381856,0.9935405664857377,0.9896069801557005,0.9983886273693646,0.993506251440259,0.989851206305264,0.9986500979369257,0.9915804045430303,0.987490854923396,0.9971290579311561,0.991580331190337,0.9873078656705907,0.9970875852686815,0.9914431804597975,0.9862363991222544,0.9969413653321277,0.9914356990881391,0.9864679330020215,0.9968173016038254,0.991426423097509,0.9860064736940451,0.9969240306008694,0.9915266878897112,0.9894510967793047,0.9956584826932311,0.9913611810085943,0.9892777228519044,0.995436756105344,0.9915431072444582,0.9894511477957368,0.9953685076982544,0.9917260292421551,0.9896242755024579,0.9960674533164302,0.9917167628507743,0.989907154669302,0.9960765770312977,0.9908351650454208,0.9892316868326152,0.9947880366823092,0.9908365709766326,0.9892317067562938,0.9947186877144928,0.990825265848574,0.9895993568822045,0.9946290062881462,0.9904054394983559,0.9886137969006044,0.9943239886899115,0.9903420562639372,0.9886138863864007,0.9943309964640215,0.9904250151908122,0.9886138168114473,0.9941608218830013,0.9906093820293773,0.9889561337809702,0.9977627145150063,0.9920416107272068,0.989136116714618,0.9967577330072281,0.9908349932801493,0.989081800924657,0.995032393176761,0.9903055434763333,0.988734713911014,0.9947185026794689,0.990496667881237,0.988613456405337,0.9945306400985809,0.9918676234140962,0.9889758072932775,0.9965795195592488,0.9920680586384113,0.9890518844930926,0.9967617281524381,0.9988245884273211,0.994902708542595,1.002449022211275,391.0
0.9999970317812458,0.9999964444589011,0.9999975666754839,0.9804802076293713,0.976593833794454,0.9839946264478776,0.9953642815093834,0.9915495850553998,0.9994885944304062,0.993631612867503,0.9901409641929039,0.9983378611344257,0.9935741642324624,0.989836933650761,0.9984782335208428,0.9928529383423046,0.9895813029041047,0.9981534373943067,0.992480327942301,0.9896609977903579,0.9971300217610175,0.9922181924618296,0.9893487475181585,0.9969336951566253,0.9918979922147383,0.9896172334261054,0.9963100693603103,0.9919192252682553,0.9887734327448627,0.9977668186543642,0.9917399830188478,0.9887853619316902,0.9977652716317957,0.9916107406301132,0.9877037108236112,0.9972108130115348,0.9935740713493002,0.9895935179639607,0.9983773654945958,0.9935396975586117,0.9898369623596083,0.9986379951116535,0.9916113425868895,0.9874762791604261,0.9971151268749932,0.9916112751494218,0.9872934392399889,0.9970738228043807,0.9914738306129142,0.9862210023040308,0.9969253313844353,0.9914663767560278,0.9864530123625305,0.9968019694057844,0.9914570329263381,0.985990914301031,0.9969076398364751,0.9915743982592786,0.9894279747256471,0.9956499584201004,0.9914107846240571,0.9892531673241156,0.9954288840884641,0.9915910432267544,0.9894280257408858,0.9953601260786112,0.9917717159483268,0.9896025869313335,0.9960582207655907,0.9917624779429761,0.9898857179804714,0.9960677788973641,0.9908913784069601,0.9892037034019973,0.9947821581897343,0.9908940818234659,0.9892037233251085,0.9947136119743294,0.9908813678897345,0.9895689895033691,0.9946201049151364,0.99045883107108,0.9885841615691641,0.9943185061630586,0.990395316727282,0.9885842510522673,0.9943254358009789,0.9904791194860919,0.9885841814794067,0.9941558066954937,0.9906399576309808,0.9889412463169491,0.9977492358635971,0.9920793334126132,0.9891165594797631,0.9967440616151448,0.9908878782454665,0.9890547864800675,0.9950256551406548,0.9903578441998546,0.9887054318989966,0.994712383841933,0.9905493556795011,0.9885838210841444,0.9945248495860253,0.9919046280845797,0.9889555499870879,0.9965651829554116,0.9921056185158437,0.9890320784767774,0.9967480665310069,0.9988501746909486,0.9948908431961012,1.0024341751302772,392.0
0.9999970244842838,0.9999964430690509,0.9999975701103119,0.9804326459148319,0.976584512985228,0.9840176750286314,0.9953058954330263,0.9915400733519425,0.9995108817722913,0.9935708667514397,0.990131037937133,0.9983590756135924,0.9935144348296876,0.9898268660255757,0.998499623831269,0.992790033737138,0.989571941766113,0.9981734843008253,0.9924195837052642,0.9896495734735743,0.9971510837548397,0.9921580834425254,0.9893375039629412,0.9969549534588572,0.9918363304423397,0.9896043734894799,0.9963313334568694,0.9918556445294743,0.988764887873778,0.9977863023875482,0.9916764475656568,0.9887770416305411,0.9977847760459939,0.9915460809462887,0.9876952642484758,0.9972293285733982,0.9935142600754311,0.9895833372385323,0.9983984334584758,0.9934806396074375,0.9898268947341294,0.9986597325998833,0.9915466067977207,0.987467279368878,0.9971324816090943,0.9915465024351521,0.9872838246029075,0.9970902221314728,0.9914108132309537,0.9862145382587459,0.9969467702248016,0.9914033782917092,0.9864468389774386,0.9968239004684443,0.9913942267718006,0.9859846630544439,0.9969293822736346,0.9915133286840918,0.9894139864776896,0.9956722139086162,0.9913498723682851,0.9892385292920685,0.9954517739942347,0.9915303478191646,0.9894140374922085,0.9953825864999066,0.9917102750551599,0.9895892483261806,0.9960797649914751,0.9917010033365923,0.9898721613030288,0.9960888297165355,0.990832457839438,0.9891898650693655,0.9948084176816095,0.9908356605106892,0.9891898849922013,0.9947401278659999,0.9908226050738397,0.9895577157380594,0.9946504304028357,0.9903961896710304,0.9885676976724543,0.9943417507346421,0.9903326631651865,0.988567787154076,0.9943486547094625,0.990416208544653,0.9885677175823672,0.9941788386001165,0.9905766281824105,0.9889340157892094,0.9977686985685468,0.9920191199389784,0.9891054108237319,0.996765169800175,0.9908275955555694,0.9890399055432919,0.9950495962462762,0.9902963061142578,0.9886897408574986,0.9947360193524368,0.9904870533057182,0.988567357193072,0.994548312840414,0.9918442557762317,0.9889442707828978,0.9965861336933958,0.9920460126669539,0.9890217848694163,0.9967691419048049,0.9988016849341542,0.9948813483762251,1.002457653768328,393.0
0.9999970231712604,0.9999964439384829,0.9999975726460879,0.9804236100905684,0.9765898155511613,0.9840342595668408,0.9952975725558063,0.9915490711921298,0.9995315895435485,0.9935638319867294,0.990140105534701,0.9983803137229228,0.9935068281050015,0.9898356310414806,0.9985196302743382,0.9927838943307078,0.9895830722702458,0.9981962079056729,0.9924139840452564,0.989656089304289,0.9971713885647898,0.9921516128386135,0.9893425234000812,0.9969746159963635,0.9918327793376188,0.9896102681555156,0.9963524280157204,0.9918509856461569,0.9887790008073217,0.9978112108886859,0.9916720355606833,0.9887916376325628,0.9978096637501719,0.9915428152435694,0.9877112993394507,0.9972577796288568,0.9935065910683902,0.9895918601758525,0.9984178662898098,0.993472736312574,0.9898356597502852,0.9986794302508454,0.9915433125473158,0.9874831664498877,0.9971605234330617,0.9915431943859674,0.9872995289949629,0.9971179173562384,0.9914086665172004,0.9862359561405917,0.9969825531960237,0.9914012425696597,0.9864684001936542,0.9968599618126495,0.9913922242720843,0.9860067609123332,0.9969660772616279,0.991511360370333,0.9894193613766499,0.9956939292280883,0.9913493585257891,0.9892435914663743,0.9954741649775833,0.9915275798307489,0.9894194123914415,0.9954037254681796,0.991707329487081,0.9895949358921923,0.9961010565840478,0.9916980421001405,0.9898778137694115,0.9961099176936948,0.9908350359413557,0.9891956676484728,0.9948322417485396,0.9908382771393082,0.9891956875714251,0.9947639071071587,0.9908252274482532,0.9895640077497581,0.9946753405549534,0.9904021523826466,0.9885740581115737,0.9943666746169758,0.9903385620918139,0.9885741475937725,0.9943735331315153,0.9904230520973465,0.9885740780216143,0.9942043219294318,0.9905740457576325,0.9889519718941,0.9977934550989386,0.9920117317019451,0.9891094621511759,0.9967842570031682,0.9908300555544937,0.9890455090561023,0.9950730955900905,0.9903002720983296,0.9886958806448588,0.9947601345120559,0.9904920510345645,0.9885737176299958,0.9945728243076878,0.9918360053620394,0.9889474983508909,0.9966044086255301,0.9920383758843392,0.9890254634238465,0.9967882433713836,0.9987924828904455,0.9948867672828227,1.0024745647907192,394.0
0.9999970227508916,0.9999964444057231,0.9999975718333701,0.9804206451952483,0.9765927905443458,0.9840288936734701,0.9952952912546594,0.9915529313855869,0.9995258141065915,0.9935619157028861,0.9901440528982088,0.9983749830613148,0.9935045847769111,0.989839722062841,0.9985138698020761,0.992782475997027,0.9895872440419311,0.9981920614976048,0.9924119266279817,0.9896600048684104,0.9971649997267733,0.992148079686972,0.9893449834996582,0.9969668878680007,0.9918330023060429,0.9896163234997449,0.9963471753029984,0.991849465205799,0.9887834982549171,0.9978083182699703,0.9916703629174357,0.9887960236933676,0.9978067897294489,0.9915418957146559,0.9877170214193016,0.997256679731771,0.993504294412349,0.989596066120542,0.9984120625076632,0.993470336660954,0.9898397507717613,0.9986734443448709,0.9915424066495268,0.9874890903400366,0.9971596736240349,0.9915422951988343,0.9873056459879082,0.9971172563398755,0.9914082121362969,0.9862439164564957,0.9969838639858731,0.9914007806535587,0.9864761989038537,0.9968610736520387,0.9913918317495599,0.9860150388245138,0.9969677336528318,0.99151358317106,0.9894268673143568,0.9956889329363305,0.9913528012711885,0.9892518349090963,0.995469103445068,0.9915298114751532,0.9894269183295398,0.9953986580786988,0.991708338189313,0.9896017043306747,0.9960961716234442,0.9916991321388563,0.9898853383792456,0.9961063445688363,0.9908418624841032,0.9892060533903502,0.9948270177083975,0.9908454102665087,0.9892060733135148,0.9947588156267357,0.9908320266584237,0.989573613715925,0.9946693450926515,0.9904087040928373,0.9885877209523423,0.9943607376239787,0.9903452480637887,0.9885878104357998,0.9943676506663597,0.9904293543419298,0.9885877408626637,0.9941981804618183,0.9905715794640456,0.9889557601922636,0.9977906008674626,0.992007201800789,0.9891109999362637,0.9967757534000259,0.9908360960984697,0.9890562116767454,0.9950678401302034,0.9903072555920007,0.98870958387755,0.9947544632721322,0.9904987727971096,0.9885873804659756,0.9945670205039164,0.9918303451618647,0.988947942584122,0.9965948368127945,0.9920333362181969,0.9890262615776416,0.996779768080292,0.9987894649974233,0.9948898017995071,1.0024690972177523,395.0
0.9999970258065962,0.9999964440027359,0.9999975720202683,0.9804403263771168,0.9765898998987309,0.9840297974927582,0.9953208348315637,0.9915511218290066,0.9995307294424375,0.9935850140388512,0.9901418714045278,0.998379472268671,0.9935278139647531,0.9898365704102141,0.998516644276719,0.9928053448089174,0.9895849924666187,0.9981964244130163,0.9924320368356753,0.9896574826967222,0.9971705328533821,0.9921676910842686,0.989342046997072,0.9969722623602899,0.9918511687106429,0.9896151082707325,0.9963538625204904,0.9918720340142473,0.9887811450359155,0.9978124584249072,0.9916928354552159,0.9887935888476956,0.9978108989261906,0.9915645095167562,0.9877150007167654,0.9972606348263807,0.9935274250755173,0.9895921383184787,0.9984135279075119,0.993493718165781,0.9898365991190382,0.9986761717807839,0.9915650140430959,0.9874871046554001,0.9971635703449545,0.9915648995547105,0.9873036736965592,0.9971210917573181,0.9914306540957984,0.9862423161239361,0.9969871919941885,0.9914232851608935,0.9864757818195139,0.996866036836432,0.9914142414157744,0.9860133063068445,0.9969707214925972,0.9915307171018614,0.9894260749730809,0.9956956518354362,0.9913698285387852,0.9892510301562255,0.9954756659052298,0.9915460170367139,0.9894261259882348,0.9954046692093964,0.9917261386753685,0.9896009243567195,0.9961033646826519,0.9917170848120831,0.9898858866874641,0.9961159442801879,0.9908578782651395,0.9892054369508687,0.9948332493136993,0.9908611796765037,0.9892054568740268,0.9947648039992545,0.9908480988547418,0.9895737722853996,0.9946769889992695,0.9904232160065036,0.9885867710385046,0.9943659217892172,0.9903594487900643,0.988586860521901,0.9943726768698867,0.9904437042164688,0.9885867909488125,0.994203212899747,0.9905939112163897,0.9889535546662651,0.9977946973996998,0.9920265999899398,0.989107745354924,0.996781153454593,0.9908527296160814,0.9890552801057839,0.9950741304199362,0.9903227053144964,0.9887083590682246,0.9947602769539193,0.9905137998258046,0.9885864305523689,0.9945725100222089,0.991849802256473,0.9889447481950419,0.9966002907647988,0.9920526343659528,0.9890228527941105,0.9967851741438002,0.998809534776094,0.9948868627010934,1.0024700327814002,396.0
0.9999970274036581,0.9999964428459767,0.9999975689866181,0.9804508529771384,0.9765825762789991,0.9840097539113022,0.9953328824233307,0.9915410096792393,0.9995079070744514,0.9935946617932598,0.9901289811437146,0.9983534073727851,0.9935391128559633,0.989823766562268,0.9984914507645783,0.9928144505041585,0.9895712472406538,0.9981689284769082,0.9924377431511203,0.9896413401634633,0.9971420230646625,0.99217080630115,0.9893238876825111,0.9969414089531692,0.9918563333329679,0.9895982032778645,0.996325805502671,0.9918794883251998,0.9887661619697409,0.9977824378129,0.9917001687703046,0.9887784520631727,0.9977808368495453,0.9915700064688661,0.9876989792920169,0.9972269369491716,0.9935386480264262,0.9895794036015204,0.9983882966147996,0.9935060647164915,0.9898237952707221,0.998651529319426,0.9915704861090266,0.9874709463483349,0.9971295141051036,0.9915703595847293,0.9872873477096291,0.9970867331379833,0.991434140490108,0.9862236533200199,0.9969473134427521,0.9914266752007694,0.9864554297842497,0.9968236552294518,0.9914174807834414,0.9859945653464743,0.9969304316360316,0.9915360045814673,0.9894083382536212,0.995667961461782,0.9913755196549895,0.9892327159659982,0.9954483105925718,0.991550762703868,0.9894083892678656,0.9953765077107039,0.9917313576400005,0.9895837650533926,0.9960755616352783,0.9917223382645353,0.9898690468645119,0.9960886917899792,0.9908646813449103,0.9891875163979056,0.9948071221027616,0.9908680158084024,0.9891875363207057,0.9947386063144557,0.9908549884815818,0.9895571151237754,0.9946530491166935,0.9904282080232879,0.9885681902331609,0.9943381297528018,0.9903642220030064,0.9885682797148883,0.9943447712230855,0.9904485517891731,0.988568210143097,0.9941752675612452,0.9906002051347486,0.9889371834196463,0.9977646789777782,0.9920283812789766,0.9890883370338978,0.9967491727485791,0.9908594116689823,0.9890368458801778,0.9950472978756448,0.990328415334759,0.9886895390152624,0.9947330359867014,0.9905191975697953,0.9885678497533765,0.9945449858482317,0.9918499220801369,0.9889237261751938,0.9965667477545829,0.9920546517592694,0.9890037630242017,0.9967531814880041,0.9988202631478834,0.9948793895994383,1.0024496034060615,397.0
0.9999970280984756,0.9999964405315405,0.9999975687367293,0.9804555737473726,0.9765674490210329,0.9840080761143628,0.9953373380658863,0.9915231147527379,0.9995063921194429,0.9935962111820487,0.9901082416663585,0.9983510896694507,0.9935411343896182,0.989803513689333,0.9984898180923522,0.9928151367453429,0.9895501463379396,0.9981670931392738,0.9924360428239721,0.9896172811914048,0.9971370191598706,0.9921673883021648,0.9892988264614292,0.9969349966100782,0.991853564313506,0.9895718709639483,0.9963199190637086,0.9918783477431589,0.98874454009002,0.9977809995761625,0.9916987652868329,0.9887564592179687,0.9977793625525494,0.9915672099665243,0.9876786506081355,0.9972262535326617,0.9935406215163404,0.9895595400213685,0.9983870737123011,0.9935084055425483,0.9898035423972009,0.9986500002612337,0.9915676334219384,0.987450221813253,0.9971279865400254,0.991567479643275,0.9872661780367717,0.9970845090215955,0.9914300054534543,0.9862078209810932,0.9969508117575193,0.9914225999830912,0.986440803488847,0.9968287339664593,0.991413161713569,0.9859791293617309,0.9969342251340504,0.9915324517029344,0.9893802186337233,0.9956617187896853,0.9913714365885261,0.989203566747601,0.9954420300311255,0.9915473356102492,0.9893802696465128,0.995370235858866,0.9917282779844999,0.9895566749892383,0.9960693950710887,0.9917192137396466,0.9898416140526727,0.996081827512584,0.9908593912521662,0.9891579952482515,0.9948007989756972,0.9908624719531374,0.9891580151704553,0.9947320167901164,0.9908497763414651,0.989528613100568,0.9946486636600586,0.9904214612112989,0.9885361136911316,0.9943311101287581,0.9903571376321997,0.9885362031699443,0.9943375780407565,0.9904418797209021,0.9885361336004186,0.9941682415624048,0.990597207716821,0.9889130989133778,0.9977632829626464,0.992024332108052,0.9890626316785811,0.996742284879005,0.9908547498098196,0.9890069103364005,0.9950408802285202,0.9903227323753073,0.9886585145428287,0.9947263585152345,0.990512717629689,0.9885357732224382,0.9945381713084718,0.9918451849864943,0.9888973614887843,0.9965592153984056,0.9920504161003697,0.9889777437733965,0.9967463059115436,0.9988250705806614,0.9948639680453332,1.0024478948124074,398.0
0.9999970316816438,0.9999964366903388,0.9999975711666274,0.9804792023981015,0.9765419803392668,0.9840237651932219,0.9953647171212924,0.9914950974273385,0.9995283680305868,0.9936291211510128,0.9900787672775432,0.9983754147092609,0.9935758306649521,0.9897735925880332,0.9985144553418118,0.9928480322606613,0.989520297218387,0.998193604787281,0.9924742046411308,0.9895872034267015,0.9971612018094851,0.9922069429213621,0.9892696063598649,0.9969593679007608,0.9918951048604858,0.989539925517065,0.9963453524783045,0.9919104801884705,0.9887141531267865,0.9978103134175057,0.9917304704580968,0.9887254549766271,0.9978086392764068,0.9916000067257619,0.9876509257742542,0.9972599966255726,0.9935752367406899,0.9895292615445528,0.9984110463804641,0.9935442344625263,0.9897736212950321,0.9986753231788658,0.9916004305138452,0.9874225742354815,0.9971617813759168,0.9916002769588181,0.9872385947305692,0.9971183353029232,0.9914629828716972,0.9861865732589705,0.9969925985057086,0.9914555899482683,0.986419850393728,0.996870840851018,0.991446160707302,0.985958680571927,0.9969770098685293,0.9915754307430477,0.9893467560278077,0.9956877388095778,0.9914154937537819,0.9891692094902791,0.9954686541272567,0.9915900238866621,0.9893468070388659,0.9953959709550372,0.9917703653863408,0.9895241070109995,0.9960949545247467,0.9917612696866631,0.9898088559833924,0.9961069012665137,0.990907818941466,0.9891223524773917,0.9948303985529483,0.9909118762990345,0.989122372398875,0.9947621812149335,0.9908982528616224,0.9894934127296995,0.9946793985862408,0.9904684684951562,0.9884960525391532,0.9943604275331528,0.9904037557132153,0.9884961420143189,0.9943666985009764,0.9904900045438301,0.988496072447628,0.994198270883527,0.9906265669334531,0.9888789036011089,0.9977926789337321,0.9920640735739561,0.9890339706202105,0.9967664697537263,0.9909006182596197,0.9889710876039429,0.9950685497659477,0.9903691597884037,0.9886209543307355,0.9947547489312307,0.99055881094657,0.9884957120843355,0.9945671065018876,0.9918847425401587,0.9888685333611088,0.9965832429014545,0.9920903185516035,0.9889492432748063,0.9967704851688581,0.9988491533491591,0.9948380140826534,1.0024639007348919,399.0
0.9999970312119868,0.9999964330238902,0.9999975724700211,0.9804766937654831,0.9765179307425457,0.9840324519989427,0.9953585795502593,0.9914666598463794,0.9995374333213132,0.9936225680908862,0.9900502939178252,0.9983826543959803,0.9935702804170946,0.9897444309381873,0.9985214253111273,0.9928409324234245,0.9894923771675838,0.998202031839018,0.9924669249959899,0.9895585375423663,0.9971641691927888,0.9921991526568458,0.9892404222890576,0.9969613922826445,0.9918884473713171,0.989510973874549,0.9963457280614354,0.9919024887994405,0.9886870347387647,0.9978203834095767,0.9917223705540138,0.9886981937846447,0.9978187009967939,0.9915911125478608,0.9876258499612467,0.9972726078448888,0.9935695320414656,0.9894995492563317,0.9984172215367307,0.993539401811843,0.9897444596443393,0.9986827273735882,0.9915915260293077,0.9873974876436102,0.9971742699377941,0.9915913675317914,0.9872134774825975,0.997130712959152,0.9914546194619879,0.9861666482752875,0.9970116199301804,0.9914472361690174,0.986400117881932,0.9968901093433041,0.9914378650047273,0.9859393975082075,0.9969968279317548,0.9915696952823341,0.9893180647093307,0.9956869919065663,0.9914110531728054,0.9891408734630135,0.9954680219789986,0.9915831289366022,0.9893181157188986,0.9953943281198616,0.9917640363893219,0.9894950604310216,0.9960944978380983,0.9917548136556887,0.9897788590293455,0.9961044918640911,0.9909060599570364,0.9890947087155951,0.9948298188148867,0.9909102408865164,0.9890947286365176,0.9947616083968609,0.9908964843795843,0.989465172968356,0.9946784641337358,0.9904678693850442,0.9884693135825036,0.9943602444624746,0.9904030412180558,0.9884694030552322,0.9943664534731057,0.9904897565250479,0.9884693334904362,0.9941982850881299,0.9906177696573641,0.98885072449251,0.9978027754674631,0.9920557866232548,0.9890044721933722,0.9967679264747944,0.990898541895483,0.9889436859944557,0.995068095991229,0.9903682230748834,0.9885947807224623,0.9947543553411813,0.990557925571607,0.9884689731369599,0.9945668372502893,0.9918756668430253,0.9888382822085544,0.9965839626730795,0.9920819176836375,0.9889195095503531,0.9967719513008345,0.9988465840160342,0.9948134966593805,1.0024727516137992,400.0
