S701a_pv,S701b_pv,S701c_pv,S712c_pv,S713c_pv,S714a_pv,S714b_pv,S718a_pv,S720c_pv,S722b_pv,S722c_pv,S724b_pv,S725b_pv,S727c_pv,S728_pv,S729a_pv,S730c_pv,S731b_pv,S732c_pv,S733a_pv,S734c_pv,S735c_pv,S736b_pv,S737a_pv,S738a_pv,S740c_pv,S741c_pv,S742a_pv,S742b_pv,S744a_pv
0.974351955,0.951415558,0.978942016,0.995605427,0.993224462,0.965275649,0.962028538,0.936944139,0.982448905,0.950834062,0.977981856,0.99348794,0.952556915,0.99391923,0.954353616,0.995708698,0.982548085,0.997984356,0.949298822,0.997068834,0.981368616,0.972340502,0.999425869,0.953474039,1.010625204,0.963690668,0.988259573,0.985850486,0.966562929,0.98754882
1.004351955,0.981415558,1.008942016,1.025605427,1.023224462,0.995275649,0.992028538,0.966944139,1.012448905,0.980834062,1.007981856,1.02348794,0.982556915,1.02391923,0.984353616,1.025708698,1.012548085,1.027984356,0.979298822,1.027068834,1.011368616,1.002340502,1.029425869,0.983474039,1.040625204,0.993690668,1.018259573,1.015850486,0.996562929,1.01754882
1.004351955,0.981415558,1.008942016,1.025605427,1.023224462,0.995275649,0.992028538,0.966944139,1.012448905,0.980834062,1.007981856,1.02348794,0.982556915,1.02391923,0.984353616,1.025708698,1.012548085,1.027984356,0.979298822,1.027068834,1.011368616,1.002340502,1.029425869,0.983474039,1.040625204,0.993690668,1.018259573,1.015850486,0.996562929,1.01754882
1.034351955,1.011415558,1.038942016,1.055605427,1.053224462,1.025275649,1.022028538,0.996944139,1.042448905,1.010834062,1.037981856,1.05348794,1.012556915,1.05391923,1.014353616,1.055708698,1.042548085,1.057984356,1.009298822,1.057068834,1.041368616,1.032340502,1.059425869,1.013474039,1.070625204,1.023690668,1.048259573,1.045850486,1.026562929,1.04754882
1.064351955,1.041415558,1.068942016,1.085605427,1.083224462,1.055275649,1.052028538,1.026944139,1.072448905,1.040834062,1.067981856,1.08348794,1.042556915,1.08391923,1.044353616,1.085708698,1.072548085,1.087984356,1.039298822,1.087068834,1.071368616,1.062340502,1.089425869,1.043474039,1.100625204,1.053690668,1.078259573,1.075850486,1.056562929,1.07754882
