Sourcebusa,Sourcebusb,Sourcebusc,799a,799b,799c,701a,701b,701c,702a,702b,702c,705a,705b,705c,713a,713b,713c,703a,703b,703c,727a,727b,727c,730a,730b,730c,704a,704b,704c,714a,714b,714c,720a,720b,720c,742a,742b,742c,712a,712b,712c,706a,706b,706c,725a,725b,725c,707a,707b,707c,724a,724b,724c,722a,722b,722c,708a,708b,708c,733a,733b,733c,732a,732b,732c,709a,709b,709c,731a,731b,731c,710a,710b,710c,735a,735b,735c,736a,736b,736c,711a,711b,711c,741a,741b,741c,740a,740b,740c,718a,718b,718c,744a,744b,744c,734a,734b,734c,737a,737b,737c,738a,738b,738c,728a,728b,728c,729a,729b,729c,799ra,799rb,799rc,time
0.999986561495465,0.9999910159421839,0.9999908817208527,0.913784857146512,0.9423471128744542,0.9438057031393917,0.978001347568116,1.015126237633308,1.0125577758110382,0.9698293206810019,1.009645741385831,1.0057295519453502,0.9690862529544442,1.0087570134713548,1.0042560607135362,0.9682662531516187,1.0081531776203023,1.0037716343132308,0.9622354335291867,1.0048237444085422,1.001126673776097,0.9610410400490927,1.0039754904921518,1.000411791296292,0.9565576454508873,1.001414833493085,0.9974557590168447,0.9667627003885141,1.0059971520371054,1.0015590526970954,0.9665778037895154,1.0058061166222654,1.0015338653938666,0.9653797829554198,1.0038438937035647,0.9983012092054169,0.9690063817166943,1.008045874235659,1.0037028158257761,0.9687003360325782,1.0087570427296815,1.003786857965383,0.9653650343974993,1.0035328270159598,0.9979793916177659,0.9653575489585648,1.0032483167663526,0.9977453900975015,0.9648002960769947,0.9999622167252945,0.9947330750502418,0.9647828419225887,0.9992341820562636,0.9941679534951078,0.9647273679335935,0.9995708427806651,0.994357177581753,0.952353074110816,0.9987806403854153,0.9951810786342469,0.9499612325093306,0.9972828982669716,0.9940827015932019,0.9520688060143729,0.9987806918872998,0.99484036217772,0.954934757271155,1.0002786433893647,0.9964549148781439,0.9549064112281291,0.9996790922578123,0.9958412851987096,0.9454385234500953,0.9946922700859374,0.9906918295344553,0.9451135239151793,0.9946922901207856,0.9902935971014337,0.9454078796759239,0.9934350356286729,0.9896927642160411,0.9411926345664806,0.9925077148969238,0.9900061371397498,0.9409625459544662,0.992507804748974,0.9897987326529586,0.9408481148984786,0.9925077348881887,0.9895940176994903,0.9655752512106054,1.0049694035363224,1.0015637716360912,0.9604346725504509,1.0033834268431,1.0001258106410444,0.9462958253218202,0.9952024846960924,0.9921326660025391,0.943191605893806,0.9931487058147166,0.9912327943481277,0.9418828987506576,0.9925073730080531,0.990636574471254,0.9600362326208157,1.0030022291748724,0.9997431927466943,0.9601478690054807,1.0031406604011355,1.0001345568286824,0.9936725697913174,1.0247545574868306,1.0263317115116586,2.0
0.9999870104251248,0.9999911602308592,0.9999911607927523,0.9165785643133175,0.9431776812748178,0.9452938014680264,0.9815685963796995,1.0162412540978125,1.0146383829979064,0.9736683902761394,1.0109023937707586,1.0080381776607792,0.9729560952266622,1.0100305878643168,1.0066405413199648,0.9721292940005083,1.0094218557882249,1.0061628598305994,0.9663500684163353,1.0062868474028188,1.003562134704693,0.9651994994964108,1.0054659366020968,1.0028728872728172,0.9608973140643688,1.0030441789761915,1.0000007194652734,0.9706297645650125,1.0072831373389153,1.0040332039272963,0.970438073379981,1.007096672638211,1.0040094626247154,0.9692993357285523,1.0051432694229983,1.0008963507288335,0.9728794768492666,1.0093329806533506,1.0061072947797094,0.972586178994432,1.010030617159522,1.006201852275663,0.9692855012810021,1.0048327939246906,1.0005859264554184,0.9692784531486177,1.0045508209182805,1.0003625000036787,0.9687442433602389,1.0013128789890535,0.9974877506837706,0.968727296629963,1.0006240061975222,0.9969443924236959,0.9686744157207674,1.000921991782771,0.9971292393402259,0.9568684061424406,1.0005327047297534,0.9977875172817705,0.9545766222804581,0.9991022493541364,0.9967231467820128,0.9565997142019269,1.000532756321881,0.9974474011282517,0.9593421405429138,1.0019633833398325,0.9990291937463067,0.9593145124584823,1.0014037307514272,0.9984431148414946,0.95024212487737,0.9966368398780538,0.9934451908059815,0.9499346218158656,0.9966368599520842,0.9930612401540968,0.95021227785544,0.9954543575473663,0.9924839232659192,0.9461632349449383,0.9945368612481233,0.9927538867703706,0.9459405412617772,0.9945369512836157,0.9925544855433548,0.9458375281355772,0.9945368812802574,0.9923515334419744,0.9693871477440228,1.0062767712606782,1.004038237944304,0.9646138536316271,1.0048917097329662,1.002591703891796,0.951053586734173,0.9971166869239226,0.9948335104624517,0.9480591907834105,0.9951504544981844,0.993951904406687,0.9468244860588876,0.9945365186612498,0.9933694833226725,0.9642269791168848,1.0045220783767679,1.0022193448065366,0.9643402940960003,1.0046562596945081,1.0026001947880951,0.9967129549811529,1.0256589018974087,1.0279519695192407,3.0
0.999987954807581,0.9999914893308817,0.9999916568418944,0.9224801324292701,0.9451529437187165,0.9479270566867163,0.9890951036113583,1.0188158785200085,1.0183823687939384,0.981763727485591,1.0137641835435973,1.0122341996522881,0.9811139479596489,1.0129234520388195,1.0109845020968775,0.9802806385070796,1.0123157416202564,1.0105158205735698,0.9750217049814087,1.0095477937097503,1.0080221658842576,0.9739573043211592,1.0087761408874516,1.0073804484488567,0.9700305761675713,1.0066133214475195,1.0046865340821094,0.9788089396333186,1.0102233108792755,1.008547462910658,0.9786104433836316,1.0100478361326022,1.0085263271271234,0.9775755039914626,1.0081110563262545,1.005647498433341,0.9810442601225623,1.012250693934097,1.0104924193022724,0.980776304934821,1.0129234814178798,1.010603703926214,0.9775633425661318,1.0078003916456757,1.0053573455042104,0.9775570933350791,1.0075219930616415,1.005152995675058,0.9770655401733506,1.0043885570456317,1.002559660957533,0.9770496808360619,1.0037765867343187,1.0020603505405812,0.977001424623744,1.0039995690438763,1.0022360587555845,0.9663607224281437,1.0043282643328861,1.0026026601747524,0.9642748280989217,1.0030214508170145,1.0016100321551638,0.9661210040165096,1.0043283161203387,1.0022647077766285,0.9686137822248478,1.005635209167333,1.003775389045177,0.9685875032147858,1.0051514803413668,1.003241001143858,0.9603219132840272,1.00078945719556,0.9985634580413264,0.9600468416066837,1.0007894773531214,0.9982086173779103,0.960293554414884,0.9997499758231962,0.9976727025627455,0.9565939296439124,0.9988414895950707,0.9978749906071138,0.9563858303951819,0.9988415800189498,0.9976922507057813,0.9563035163583706,0.998841509713724,0.9974935904295438,0.9775043070451723,1.0092766391955836,1.0085524178250935,0.9734136516921572,1.0082349052078798,1.0071080316567917,0.9610483955163638,1.001211211193205,0.9998473982542916,0.9582941161409511,0.9994053041512702,0.9990091724804997,0.9571993347470379,0.9988411455303794,0.9984577639105794,0.9730478650818998,1.0078862317628887,1.0067544286725922,0.973166401290506,1.0080126962026124,1.0071160754624913,1.0031355921456968,1.027809182487471,1.0308193077342398,4.0
0.9999889527624094,0.9999919617886814,0.9999921221761062,0.9287257031424075,0.9481090956858688,0.9504514277450081,0.985313748589227,1.0106001482423572,1.0099664581781338,0.9785436660077215,1.0058530382647288,1.0042310135354369,0.9779476917404583,1.0050443448053905,1.003112497192547,0.9771303641645485,1.004456504767447,1.0026455534856622,0.9723691678984604,1.0020102578380146,1.0002759899837594,0.9713782208737713,1.0012760573267867,0.9996688179312253,0.9678350004853749,0.999354505311954,0.9971624871003004,0.9757170619348726,1.0024390322531465,1.0008177051156033,0.9755244461725872,1.0022799690443054,1.0007987464997978,0.9745578223554034,1.0003567090433136,0.9981254841655589,0.9778859583955881,1.004397210508594,1.00266389070689,0.9776363425377816,1.005044373955985,1.0027778037838293,0.9745471770425753,1.0000419576850834,0.9978517957466516,0.9745416495863218,0.9997635916169375,0.9976637587804015,0.9740880254188147,0.9967514216289111,0.9953346398860126,0.9740732706539452,0.9962135836613524,0.9948780592322856,0.9740289735107515,0.9963659993909518,0.9950430508047718,0.9645156385450077,0.997271166613429,0.995199916058824,0.9626339562193906,0.996073114675613,0.9942747963598998,0.96429861365261,0.9972712180364106,0.9948607563540228,0.9665533627555924,0.9984692480978618,0.9963091748981338,0.966528792175844,0.9980598291278803,0.9958291736602667,0.959043486053158,0.9940521411717733,0.9914429863038173,0.9587940070642404,0.994052161193353,0.991113130569475,0.9590168983594062,0.993155361411829,0.9906271463934087,0.9556703672149158,0.9922227411487631,0.9907637765586143,0.9554755774572975,0.9922228309711727,0.9905986616112422,0.9554072831335824,0.9922227611336832,0.9903993641556067,0.9744418575510561,1.0015970717122653,1.0008209578456255,0.9708719747383662,1.00076069494495,0.9994011893967748,0.9597026710579254,0.9944159289117857,0.9926315027066196,0.9572081048238108,0.9927453309263308,0.991837082305396,0.956230364074402,0.9922223993726753,0.9913154094369432,0.9705209561816336,1.0004266374806492,0.9990604192655198,0.9706508635841251,1.0005501547067532,0.9994088666506074,0.9983242732540644,1.0191757100469898,1.0216879772470915,5.0
0.999989817851718,0.9999923444307532,0.9999923762391705,0.9341421176068719,0.9505281873359472,0.9516955207728097,0.9863067116416265,1.0076183541089547,1.0059328990439405,0.9800815267662686,1.003143295654274,1.0005631481021173,0.979539854237785,1.002356752963544,0.9995616282783159,0.9787368242085609,1.0017850014433494,0.9990970280599222,0.9744567294134738,0.9996526072059932,0.9968432587511642,0.9735360482092696,0.9989542594750355,0.9962701220676151,0.9703653039479756,0.9972530844023804,0.9939307334824438,0.9773844696080992,0.9998227636271555,0.997398226325341,0.9771975938164871,0.9996763885622648,0.997381441800667,0.9762998913643082,0.9977586715929575,0.9948958216865151,0.9794853973218762,1.0017273334466845,0.9991517182846836,0.9792556114567981,1.0023567820362718,0.9992681159753637,0.9762906567467952,0.9974394267786115,0.994637097930581,0.9762857995795137,0.9971604746531052,0.9944640247268081,0.9758672057895955,0.9942456604802828,0.9923783669484452,0.9758535803227931,0.9937733259441143,0.9919624568563832,0.975812814831163,0.9938619205990051,0.9921160416041264,0.9673913383658572,0.9953577694821533,0.9920826537662846,0.965711331394021,0.9942622841316263,0.99122149040292,0.9671956667239067,0.9953578208058524,0.9917430408712771,0.9692168443214788,0.9964531958462762,0.9931313151233644,0.9691938932243801,0.9961072872450409,0.9926992788285923,0.9624858405664974,0.9924382169938352,0.9885934397036432,0.9622619298967462,0.992438236982586,0.9882885494345826,0.9624607622672082,0.9916658402458112,0.9878412801354143,0.9594590275544885,0.9907308828986124,0.9879226287728333,0.9592758539269015,0.9907309725834555,0.9877730522011607,0.9592212393884657,0.9907309028530165,0.9875750047504586,0.9761376623703225,0.9990611306076619,0.9974006580681308,0.97306531235632,0.9984636346762209,0.9960085390039713,0.9630778969836381,0.9927514691421128,0.9896911527160858,0.9608468518689742,0.9912135441812202,0.9889384422927124,0.959977433365031,0.9907305416459687,0.988444825839035,0.9727299020100164,0.9981446763075548,0.9956815478227324,0.9728671796623618,0.9982633560190751,0.9960158990327863,0.9983132915005655,1.015837630256937,1.0170800774468416,6.0
0.9999905790789949,0.999992683639888,0.9999925271654638,0.9389242311107314,0.9526948556920267,0.9523542383121303,0.9864542299078334,1.0042750572963146,1.0011323126519904,0.9807231999234651,1.0000438740634081,0.9960869717977104,0.9802271282527716,0.999277267626308,0.9951878467915838,0.9794403007217733,0.9987197118915286,0.9947257180942711,0.9756027592189516,0.9968679092129913,0.9925777589487141,0.9747446879452419,0.9962010517683745,0.992034356224606,0.9719173095856825,0.9946932856092048,0.9898452039665445,0.9781447028502736,0.9968067909615588,0.9931415651969783,0.9779636961914754,0.9966714790145803,0.9931267799680976,0.9771256040480161,0.9947595216283817,0.9908073983264959,0.9801793335092462,0.9986637933487936,0.9948138293216053,0.9799652371678755,0.99927729660982,0.994928857780333,0.9771177135523363,0.9944361085324726,0.9905629819585176,0.9771134953586333,0.9941566634194554,0.9904041459461105,0.9767246228900904,0.9913294015250105,0.9885296628341885,0.9767120142726718,0.9909166789951447,0.9881502293184561,0.9766742056803328,0.9909470570458604,0.9882928683222219,0.9692595835821813,0.9929630783162231,0.9881002276751855,0.9677643337814238,0.9919576955223873,0.9872972843326056,0.9690833770042595,0.9929631295158284,0.9877600997254221,0.9708907517965149,0.9939683367164543,0.9890937950200259,0.9708691201149322,0.9936780984410124,0.9887024106838854,0.9648683265261945,0.9903063463211641,0.9848510531249229,0.9646658161974578,0.9903063662666439,0.9845678575733223,0.9648445633103879,0.9896451169842495,0.9841545228546885,0.9621690213745625,0.9887046311513258,0.9841957850047576,0.9619967708008764,0.9887047206502295,0.9840607835876535,0.9619544255956755,0.98870465106444,0.9838638668395369,0.976927821145224,0.9961147760723039,0.9931434191231762,0.9743056131158184,0.995732194687705,0.9917779137245275,0.9654041767411259,0.9905744481677017,0.9858697453097957,0.9634199395139302,0.9891514076022954,0.9851573006856602,0.9626489606265437,0.988704290606183,0.9846902382858382,0.9739838392153007,0.9954262225433478,0.9914629309485472,0.9741282106064801,0.9955410521767878,0.9917850010041438,0.9975601370009322,1.0122007553628836,1.0118340781478914,7.0
0.9999912912380468,0.9999929878247391,0.9999927317838634,0.943443597107455,0.9546350570466882,0.9534243587705378,0.9921338548110663,1.0066499534150044,1.0028005154184452,0.9868783461535987,1.002648233989943,0.9980864722721215,0.9864271891801775,1.0018973144239092,0.997283064230201,0.9856557987039765,1.00135851118664,0.9968275371624473,0.9822372236242004,0.9997624913815847,0.994801302802652,0.9814393580266834,0.9991268636509755,0.9942894344935773,0.9789267629054831,0.9977911807685915,0.9922526324407407,0.9844140260243152,0.9994953584234997,0.9953525943211318,0.9842383990170834,0.9993700945922703,0.9953395464954627,0.9834574666582755,0.9974709412185209,0.9931793630321961,0.9863851395532467,1.001296386753902,0.9969382681108141,0.9861879267792003,1.001897343483502,0.9970595932805623,0.9834507517530178,0.9971466426575702,0.9929489249324002,0.9834470942724286,0.9968690062945678,0.992803284591459,0.983084745988233,0.9941219319972374,0.9911150802813883,0.9830728909581283,0.9937641736591069,0.9907651970415183,0.9830378941772041,0.9937414887302894,0.9909014736441807,0.97656539596124,0.9962095386252708,0.9906199683715737,0.9752419681891363,0.9952849188590069,0.9898791465672779,0.9764088441386283,0.9962095899916794,0.9902841649131414,0.9780143857202687,0.9971339892780285,0.9915515292961032,0.9779937094437732,0.9968954544735681,0.991194736474913,0.9726538904593621,0.9937869058955675,0.987622018784116,0.9724713682834938,0.9937869259108314,0.9873623767511371,0.9726311330749625,0.9932219225259804,0.9869706362653451,0.9702595143578322,0.9922838909771917,0.9869936808424972,0.9700965389458301,0.9922839807977336,0.9868723807759229,0.9700670090980525,0.9922839109619471,0.9866804114812271,0.983224226919345,0.9988661712352452,0.9953538643018055,0.981030919509473,0.9986795351076481,0.9940395128538563,0.9731373241121075,0.9940159080267792,0.9885611168577249,0.9713820629403719,0.9926965450048947,0.9878945708438424,0.970702890184102,0.9922835492082114,0.9874572494486245,0.9807236553309158,0.9983873914689522,0.9937376562133672,0.9808718803970794,0.9984963284645351,0.9940463721867108,1.002365521461086,1.0142636927751276,1.0129731183205168,8.0
0.9999920217875456,0.9999933620838082,0.9999931132355692,0.9481187274418237,0.9570191956728769,0.9556979142001829,0.9859904043207155,0.9975326812582457,0.9938288918907251,0.9811510449173904,0.9937576661854228,0.9894466884160076,0.9807356424235115,0.9930322032578871,0.9887344300206915,0.9799816630897358,0.992512557037703,0.9882822102997825,0.9769295116572057,0.991124988323577,0.9863829604721678,0.9761782781069324,0.9905115653029897,0.9858953818414942,0.9739484072326934,0.9893383210616324,0.9840179659872852,0.9787911972326454,0.9907138715371481,0.9869076287146182,0.9786224334456103,0.9905988773399464,0.9868959731293163,0.9778839565346572,0.9887313307223525,0.9848827731042052,0.98069923339049,0.9924516414361105,0.9884188053448466,0.9805135949264611,0.99303223206045,0.988543771033225,0.977878167796242,0.9884044073680757,0.9846627264377869,0.9778749518868062,0.9881266875537221,0.9845272912838227,0.9775367952340271,0.9854995023066143,0.9830110470210377,0.977525679535702,0.9851993256159375,0.9826909541984492,0.9774931600265478,0.9851252551686677,0.9828178480009974,0.9718408630078965,0.9878891336920277,0.9824914576089132,0.9706659478958825,0.9870353983574728,0.9818096683710661,0.9716988950909348,0.9878891846289048,0.9821575482066974,0.9731338609092917,0.9887426761306272,0.983364945970473,0.9731141984987036,0.9885558042012101,0.9830434871247495,0.9683336101855848,0.985674926220892,0.9797297538361351,0.9681652956396064,0.9856749460724883,0.9794905606954353,0.9683120686103412,0.9852040321089018,0.9791276427003207,0.9662075131591646,0.9842477871492962,0.9791289882457387,0.9660535286665268,0.984247876240259,0.9790221669176846,0.9660306468706946,0.9842478069717837,0.9788307438629995,0.9776406101486841,0.9901487769846615,0.9869080498226691,0.9757938918083562,0.9900794623139174,0.9856486188871647,0.9687795839782656,0.9858657102523471,0.980595666647378,0.9672247341265725,0.9846340295326462,0.9799727815821369,0.9666220616044227,0.9842474481563791,0.979563648204927,0.9754963030631781,0.9897966170904778,0.9853553462226615,0.975651239956019,0.9899024769176105,0.9856553196355794,0.9954853313475223,1.0048363799355813,1.0034456078855278,9.0
0.9999926661607524,0.9999936431548002,0.999993465166802,0.952273330455437,0.958807523600141,0.957827121242209,0.9910806376901778,0.9997176682084935,0.9966778381590012,0.9866386496532027,0.9961466474687837,0.9926318028469413,0.9862571773013094,0.9954382299757044,0.9920038507340727,0.9855162713376833,0.9949389338442032,0.991560365786475,0.9828190392167825,0.9937515080371784,0.9898030824414218,0.9821163052555579,0.9931632077127587,0.9893439117943741,0.9801418568456499,0.9921344227190353,0.9876258495161442,0.9843656792507501,0.9931942914500865,0.9902809046944747,0.9842009062102902,0.9930879742266364,0.9902705558911755,0.9835057318800083,0.9912488635484625,0.9883967563841428,0.9862253362345729,0.9948713035732908,0.9917105656332375,0.9860520549637913,0.9954382588481081,0.9918470199260583,0.9835007769923939,0.9909238736687747,0.988188145361205,0.9834979611020868,0.9906495567848259,0.9880629038019563,0.9831804260988531,0.9881089416167749,0.9866906993901208,0.9831696915010277,0.9878577533464986,0.9863903412300085,0.98313957967931,0.9877389510228743,0.9865159857452922,0.9782733468483485,0.9908082775994567,0.9862169397694789,0.9772372974691343,0.9900210395787791,0.9855995467505829,0.9781457412785245,0.9908083286863963,0.9858901433811174,0.9794193699828037,0.9915953107013314,0.987023665121051,0.9794003124354622,0.9914533242964322,0.9867294989643814,0.9751512661540671,0.9887866996987343,0.9837095891813666,0.9749984798364362,0.988786719612771,0.9834943177214627,0.9751305045027494,0.9883940877211723,0.9831430481437876,0.9732723344301607,0.9874421044382194,0.9831482655430132,0.9731266055508008,0.987442193816582,0.98305505909343,0.9731121969047295,0.9874421243247148,0.9828694752394359,0.9832350905539325,0.9926829295069269,0.9902806588139975,0.9817569244396572,0.9927484072726555,0.9891027249267966,0.9755565129679978,0.9889456815919373,0.9844988491187173,0.97418328692568,0.98780001605252,0.9839262926892562,0.9736564440007833,0.9874417643517407,0.9835495833615484,0.9814711016908148,0.9924769180989456,0.9888203764813491,0.981629358051407,0.9925777922599689,0.989109255377576,0.9998505834183383,1.0067155436665398,1.0056836144884242,10.0
0.9999933121786935,0.999993947622931,0.9999938860232885,0.956455593908814,0.960748542480296,0.9604369322219247,0.9901500909931931,0.9960452353118894,0.9940280222096944,0.9860627830755675,0.9926733999879316,0.9903158328794813,0.9857085306028646,0.9919893777479672,0.9897703649066973,0.9849824424044146,0.9915079163960749,0.9893326690580884,0.9826012342230325,0.990490525583427,0.987715557767781,0.981940192626014,0.9899237228585699,0.9872806882883692,0.9801939605351125,0.9890290873663525,0.9857228078170488,0.983868354187083,0.9898242991295224,0.9881416974870538,0.9837077578834699,0.9897267130227878,0.9881324368294813,0.9830491235064213,0.9879257159165908,0.9863887126580312,0.9856809603390453,0.9914419681566347,0.9895006102358216,0.9855165334030839,0.9919894065203888,0.9896453731300753,0.9830448272827714,0.9876021822890305,0.9861892863639771,0.9830423280256515,0.9873305214177768,0.9860722434411396,0.9827416745675079,0.9848933456309023,0.9848276122076354,0.9827313684461711,0.9846900003209006,0.9845476267625078,0.9827030886083705,0.9845298333383355,0.9846685717696052,0.978532997592526,0.9878160660901104,0.9844262091721036,0.9776174986847814,0.9870900571532182,0.9838701578430381,0.9784176729573026,0.9878161170223911,0.9841064040214079,0.9795514199288335,0.988541868558117,0.9851690143166718,0.9795329587563903,0.9884407606317928,0.98490015369319,0.9757406974363885,0.9859717155826322,0.9821608526320709,0.9756003215159391,0.9859717354397848,0.9819680637237859,0.9757207564799562,0.9856520941243663,0.9816293673386215,0.9740761521637754,0.9846993489494277,0.9816352194053205,0.973938237978214,0.9846994380780637,0.9815547934080804,0.97392858485064,0.9846993687804124,0.981373812464733,0.9827600186240513,0.9893658799391305,0.9881406389799277,0.9816022564372323,0.9895236222855087,0.9870432789109582,0.9761133151542105,0.9861010479729135,0.9828774172781339,0.9748964473446818,0.9850339257631072,0.9823517279248282,0.9744349873886486,0.9846990098131613,0.982005447028526,0.981325570655443,0.9892610266369871,0.9867694253771703,0.9814887382583997,0.9893591930076153,0.9870496433149707,0.9982671566339305,1.002750660813525,1.0024239152271288,11.0
0.9999939165723423,0.9999942166147738,0.9999943271194096,0.9603907545165631,0.9624639615296259,0.9632121899353027,0.9948834979125167,0.9981347815506043,0.9975789516354696,0.9911270932638745,0.994952105429901,0.9942079099432892,0.9908000536323139,0.9942881002262789,0.9937363693444656,0.9900843879980169,0.993829770232883,0.9933149866565841,0.9879972374963454,0.9929663948585598,0.9918459285465131,0.9873772896440963,0.9924210214534667,0.9914367275896714,0.9858313024884133,0.9916506750768922,0.9900414569227173,0.9890016928853261,0.9922085054340858,0.9922141397216435,0.9888439474561613,0.9921189828504802,0.992205863464682,0.9882224094454586,0.9903634539021,0.9905951415715499,0.9907760961341853,0.9937567039185682,0.9934831393990134,0.9906216725803666,0.9942881290653833,0.9936433351691403,0.9882187133249324,0.9900453046100242,0.9904059815464633,0.9882165054961235,0.9897793582881492,0.9902973037587187,0.987931417394392,0.987440343906262,0.98917282738998,0.9879214131090731,0.9872798118298428,0.9889090880556356,0.9878949286435154,0.9870843265320492,0.9890293006222572,0.9843576810728525,0.990543774356972,0.988862097733133,0.9835506439023297,0.9898753038785667,0.9883687195404579,0.9842531436774061,0.9905438254295814,0.9885520556056502,0.9852609392181652,0.9912120413345817,0.9895376832224058,0.9852430876675159,0.9911488201506875,0.9892928317123426,0.9818625359599484,0.9888642204254806,0.9868435808202091,0.9817339578266512,0.988864240340746,0.9866745050077754,0.9818432863675531,0.9886099896341543,0.9863421879963736,0.9803842682048246,0.9876631961915722,0.9863537970679935,0.9802535748712736,0.9876632855873504,0.986284925181332,0.9802468248490397,0.9876632160820463,0.9861105189299414,0.9879070110219861,0.9917982969570319,0.9922122997379541,0.9870602535114722,0.992035626897002,0.9912043080322595,0.9822041679036988,0.9889669873394494,0.9874862655734594,0.9811222973446468,0.987973986143599,0.9870080236380449,0.9807206286454367,0.9876628560388258,0.9866924981756029,0.9867934728403024,0.9917827860654383,0.990939912791337,0.9869591966514519,0.9918763656906054,0.9912105416717046,1.0023769918998122,1.0045424956279616,1.0053230752218756,12.0
0.9999944945406983,0.9999945201571973,0.9999948062952208,0.9641544628803642,0.9644044028600552,0.9662605411461967,0.9872718465681617,0.9883706434816357,0.989265717307466,0.9837960202285796,0.9853666329917382,0.986209591295524,0.983489893195796,0.9847320423450123,0.9858066418483646,0.9827879958074922,0.9842926770696068,0.985398917014527,0.9809438100273216,0.9835424192377551,0.9840571427939127,0.9803566738044642,0.9830139247526354,0.9836673902791965,0.9789814174710036,0.9823496640517003,0.9824234516311943,0.9817345045547148,0.9827413174260029,0.9843788844420522,0.9815803573835966,0.9826599616805726,0.9843713719236689,0.9809870206208102,0.9809594058979394,0.9828801360774296,0.9834695468743455,0.984224179658143,0.9855716076768283,0.9833213531022762,0.9847320709069708,0.9857411092730065,0.9809837951033585,0.9806438717319355,0.9826984198413579,0.9809818159659519,0.9803811414855057,0.9825960744520109,0.9807105075789804,0.9781674319431652,0.9815783939267638,0.9807008696451615,0.9780467739300939,0.9813315891957429,0.9806758494509759,0.9778222265631066,0.9814478902345167,0.9776612608238755,0.9813312562906523,0.9813458666634616,0.9769438899667213,0.9807102853939246,0.980908006374362,0.9775645302400021,0.9813313068880012,0.9810415398418134,0.9784702123174237,0.9819520322949581,0.9819635226945955,0.9784530279693235,0.9819227899589934,0.9817415886337798,0.9754080508642465,0.9797900368322111,0.9795464303625043,0.975288272212112,0.9797900565645995,0.9793975270036352,0.9753896649692708,0.9795976043179863,0.9790781011957055,0.9740896648006665,0.9786389848806569,0.9790856427013767,0.9739649573899589,0.9786390734586026,0.9790270578183388,0.9739611463255898,0.9786390045892003,0.9788576830406175,0.9806601874208029,0.9823790509623798,0.9843761324165015,0.9800564119141403,0.982639785065323,0.9834373506955127,0.9757264373195261,0.9798677037132585,0.9801232437727158,0.9747565915778534,0.9789330497029853,0.979686070127356,0.974406790863067,0.9786386478397804,0.9793972729810222,0.9797965035854667,0.982393862980426,0.9831794045963196,0.9799674400722199,0.9824865137777069,0.983443416847102,0.9942561795000934,0.9945146555782406,0.9964294085636669,13.0
0.9999949694630806,0.9999947401350407,0.9999952127451611,0.9672585642358039,0.9658072505792247,0.9688570563323741,0.9909503013714797,0.9900733115079593,0.992512524038739,0.9877277232499572,0.9872245493853266,0.9897439078096301,0.9874439824200755,0.9866095423262993,0.9893984241820527,0.9867484010992825,0.9861910985856694,0.9890098822508775,0.9851268874114937,0.9855499926428857,0.9877894274623863,0.9845716310128491,0.9850377408077658,0.9874190713327583,0.9833442826895478,0.9844710491838313,0.9863135423933658,0.9857171504261022,0.9846982726437346,0.9880661344298324,0.985563833314536,0.984623902525499,0.9880593820920468,0.9850063413590131,0.9829712753245938,0.986680848574228,0.9874263802157393,0.986117346192238,0.9891746844793566,0.9872868178974797,0.9866095709426945,0.9893588940306861,0.9850035080520549,0.982662015146172,0.9865071707356983,0.9850017218277346,0.9824052686858997,0.9864109369516915,0.9847426572416373,0.9802836447140749,0.9854857670984474,0.9847332093543857,0.9801968405258853,0.98525046157711,0.9847096411884284,0.9799467063224799,0.9853673333904657,0.9821646204986908,0.9835352017338768,0.9853350452646555,0.9815288784221954,0.9829588494058694,0.9849504835959255,0.9820752264815702,0.9835352524446604,0.9850387686838789,0.9828871955496047,0.9841113660007268,0.9858954266429147,0.9828704215826651,0.9841123364640338,0.985691534102415,0.9801368887715536,0.9821224827463644,0.9837444902079753,0.9800273616503544,0.982122502525656,0.9836159378203678,0.980118994575832,0.9819817461229752,0.9832982989312624,0.9789575682627496,0.9810266604351475,0.9833169886480583,0.9788384048295111,0.9810267492285855,0.9832677651504308,0.9788390789314817,0.9810266801916753,0.9831055247908405,0.984644518889946,0.9843769902041039,0.9880625980974235,0.9842876391680043,0.9846748490523071,0.9871924274877876,0.9804284023709005,0.9821791481275255,0.9842593994669477,0.9795537436812157,0.9813019804523527,0.9838632774307572,0.979254473257628,0.9810263225743162,0.9836012666636563,0.9840346305498253,0.9844358870232324,0.9869411961802425,0.9842091601020285,0.9845261058334583,0.9871983795123253,0.9974591675395872,0.9959624880112923,0.9991091877968287,14.0
0.9999953935780109,0.9999949582441218,0.9999956195598634,0.9700360771648968,0.9672009696820619,0.9714750608797695,0.9942277082478483,0.9917636260150648,0.9957498126855742,0.9912318632133075,0.9890664855227524,0.9932488756546044,0.9909691787264844,0.9884721999726925,0.9929540750212622,0.9902788099545407,0.988074952959508,0.9925850646474688,0.9888549754056034,0.987529749175034,0.9914789155243897,0.9883290945798887,0.9870336756192498,0.9911265709406265,0.9872318665117584,0.9865565250395942,0.9901495396096321,0.9892660357868955,0.9866426983957671,0.9917108134541213,0.9891133334356539,0.9865752001014411,0.991704670494639,0.988587172473363,0.9849742679279978,0.9904291152846859,0.9909540622569333,0.9879965806341287,0.9927393324786733,0.9908227867963575,0.9884722286430818,0.992938199767383,0.9885846651922565,0.9846725134844091,0.9902631250096842,0.9885830414072481,0.9844226018912936,0.9901724204163554,0.9883330163887635,0.9823920121194034,0.989323512428825,0.9883237130542752,0.9823353854931453,0.9890978078523107,0.9883012192097048,0.9820640545876458,0.98921520411356,0.9861769533738572,0.9856977356388752,0.9892628769817357,0.9856131272705676,0.9851631983064307,0.9889273169892376,0.9860948619355455,0.9856977864609998,0.9889749971406281,0.9868228299026387,0.9862320916962664,0.9897700407135596,0.9868064091531186,0.986260434513736,0.9895822098400506,0.984343629146183,0.9844055366852974,0.9878613318587476,0.9842417334303987,0.9844055565105242,0.9877504896735949,0.9843261612814336,0.9843112583556838,0.9874345325782935,0.9832973440378024,0.9833637513408676,0.9874706732202817,0.9831834556848278,0.9833638403454117,0.9874301112314765,0.9831892182821117,0.9833637711444001,0.9872753615511847,0.9881938331671721,0.9863608604555582,0.9917064146561784,0.9880607033732244,0.9866818759020893,0.9909037005171579,0.9846151133314626,0.9844433283643628,0.9883223202094195,0.9838254935793198,0.9836215939265581,0.9879652011378836,0.9835740727562651,0.9833634126767746,0.9877287993904539,0.987814946816808,0.9864502571017348,0.9906595097763917,0.9879920969694548,0.9865376637173902,0.9909095345212814,1.000325122443264,0.9974008924568952,1.0018110157719395,15.0
0.9999958028081596,0.9999951833182708,0.999996035948411,0.9727222429670128,0.968645671039819,0.9741685703634222,0.9973806747762142,0.9935068892501422,0.9990534016026124,0.9945910466869503,0.990956348771464,0.9968068094919627,0.9943469297951204,0.9903846963147889,0.9965560354507692,0.9936627929190808,0.9900078872200548,0.9962073514959237,0.992416976510014,0.9895419809005288,0.9952139818196476,0.9919167096899973,0.9890594588154854,0.9948771839499478,0.9909372191200203,0.9886644101634978,0.9940265358713257,0.9926689057962182,0.9886378613557287,0.9953976812012341,0.9925167169725491,0.9885766438206622,0.9953920037457056,0.9920223234144805,0.9870331803328329,0.9942123849493667,0.9943338948781608,0.9899271829550874,0.996348347698422,0.994210121096809,0.990384725040613,0.996561276949433,0.9920199554327437,0.9867395461950018,0.9940520397769329,0.9920184053071455,0.9864965443808597,0.9939648523529888,0.9917787959775859,0.9845618594381789,0.9931837800435935,0.9917697130947025,0.9845342865111661,0.992969042718861,0.9917483493281274,0.9842437839104117,0.9930837502046201,0.98999342867474,0.9878751612082538,0.9932284654217782,0.9894935498095652,0.9873782774259373,0.9929399283484106,0.9899177543277459,0.9878752121425137,0.9929491572574426,0.9905709877812687,0.988371870169356,0.9936841434473207,0.9905549008958099,0.988425316770946,0.9935110931204005,0.988333631143842,0.9866924064945918,0.9920092408057312,0.9882389331808002,0.9866924263658458,0.9919155367734097,0.9883166507681587,0.9866421556539766,0.9916025248229964,0.9874021645864626,0.985697637917872,0.9916512347077053,0.9872926725027897,0.985697727133336,0.9916183857573617,0.9873032039230546,0.9856976577683636,0.9914712872789667,0.9915967465799881,0.9883908513088763,0.9953924606359487,0.9916618141752134,0.9887170304864048,0.9946573376316643,0.9885861915550128,0.9867123113813028,0.9924175154796212,0.9878697296349603,0.9859400215261552,0.9920970969295293,0.9876610086946683,0.9856972984512246,0.9918847935896815,0.9914219127202689,0.9884914385715856,0.9944189018791799,0.9916016764041976,0.9885761761593711,0.994663094233307,1.0030967683311576,0.9988918690476086,1.0045906644229374,16.0
0.99999615918404,0.9999954287707579,0.9999964347057,0.9750539917398652,0.9702237639393422,0.976756390458458,0.9878779641414248,0.9832227467134484,0.9899395945805638,0.9852548166400865,0.9808099919545998,0.987910381952161,0.9850261975224424,0.9802685538755572,0.9877045658501237,0.984345521842694,0.979906687327871,0.9873645026214083,0.9832448854817634,0.9794928209161519,0.9864537808887308,0.9827634081205514,0.9790198641709567,0.9861273168983486,0.9818881280037338,0.9786962552063833,0.9853822063607343,0.9833671107982932,0.9786018985885365,0.9866066055352198,0.9832165104602268,0.978547030417277,0.986601257686609,0.9827409080471642,0.9770635895370327,0.9854983542172913,0.9850152532896926,0.9798352139003956,0.9875065186302976,0.9848971258968032,0.9802685823079529,0.987729544834211,0.9827386018390257,0.9767744005582073,0.9853410218040595,0.9827370867281081,0.9765351818389759,0.9852556917525452,0.9825054173316794,0.9747146816469149,0.9845281096253693,0.982496629775064,0.9747132742624162,0.9843254631951512,0.9824759729868312,0.9744084410460045,0.9844337501778943,0.9810347539417709,0.9779657944502494,0.9846522843320967,0.9805870761197648,0.9775006969825576,0.984401047129919,0.9809647773189859,0.9779658448734846,0.9843769367671853,0.9815567603881918,0.9784307255554241,0.9850690156469141,0.9815411174334964,0.9785056347390659,0.9849105492881375,0.979520223071376,0.9768760407826872,0.983582501084181,0.9794327729708748,0.9768760604562164,0.9835031088210155,0.9795038900845562,0.9768658950281821,0.9831987980728757,0.9786776232636795,0.975915687757544,0.9832391570633346,0.9785721993771124,0.9759157760872902,0.9832130998914115,0.9785851654241896,0.9759157074109839,0.9830692236121212,0.9823036530028757,0.9783894375373083,0.9866005263495884,0.9825182744227494,0.9786837091541029,0.9859076176012107,0.9797536756031511,0.9768796585308722,0.9839442274959297,0.979095654593737,0.9761479435957117,0.9836498800656042,0.9789230915428839,0.9759153516610707,0.983455091759861,0.9822811661318985,0.9784612536587874,0.9856717961562467,0.9824657675414464,0.9785465421723007,0.9859132752127087,0.9933148742647184,0.988392997066543,0.9950519607960836,17.0
0.9999964065664708,0.999995597471533,0.999996732117055,0.9766707884977941,0.9713008431049969,0.9786863503185892,0.9897775112689979,0.9845305788849816,0.9922811514676004,0.9872919078504977,0.9822405233435425,0.9904340866886485,0.9870775932147999,0.9817201720628875,0.9902647885617352,0.9863968965139899,0.9813766925886948,0.9899383346207861,0.9854205280522409,0.9810223565747608,0.9890895250337793,0.9849607020645749,0.9805610092298476,0.9887754774061013,0.9841649561609462,0.9803077577267941,0.9881079650323842,0.9854257603642324,0.9801289431115628,0.9892295628095585,0.9852745566486419,0.9800803060425671,0.9892244866006251,0.9848210528145462,0.9786479936872551,0.988195217560845,0.9870680702694135,0.9813037012155451,0.9900731353285424,0.986956043059039,0.9817202005373267,0.9903068766165897,0.9848189271334177,0.9783664951226054,0.988043603483947,0.9848175052240069,0.9781339206873231,0.9879619474811915,0.9845941526780836,0.9763986857494985,0.9872907777576453,0.984585568045274,0.9764213552836156,0.9870976325480155,0.9845657962685557,0.9761016348571241,0.9872034758409907,0.9833881412686587,0.9796371470871703,0.98743145655678,0.9829840206485869,0.9792045769375421,0.9872084489030077,0.9833239669809976,0.9796371975965357,0.9871605324831318,0.9838631050229916,0.9800695538770348,0.9878180121047411,0.9838478039760395,0.9801654620960317,0.9876726745258686,0.9819914792529327,0.9786405864119757,0.9864716799816932,0.9819099983291473,0.9786406061210682,0.9864023365032958,0.9819754841622663,0.9786650356273617,0.9861026990456552,0.9812273247161409,0.9777225948743228,0.9861490929869705,0.9811253783571028,0.9777226833676694,0.9861293516941513,0.9811430977188847,0.977722614564187,0.9859883113330633,0.9843559778747716,0.9799522545941016,0.9892224057756466,0.9847265981906218,0.9802328754373769,0.9885578278340112,0.982209270346764,0.978630149828766,0.9868013021370852,0.981596368063978,0.977942078357092,0.9865290596280714,0.9814585590316773,0.9777222581553474,0.9863494564714034,0.9844938392093509,0.9800149590016899,0.988326195742255,0.9846816559267639,0.9800993862884746,0.988563387214089,0.9949629793068483,0.9894911964233012,0.9970194922489755,18.0
0.9999966434027013,0.9999957600800509,0.99999700522842,0.9782171358218479,0.9723417093836594,0.9804591074113486,0.9915994755501252,0.9857919295215483,0.9944375440999484,0.9892361456728338,0.9836167643576443,0.9927530169474591,0.989034293560728,0.9831179025604692,0.9926156536883768,0.9883537895316654,0.9827901238852627,0.9923021962382331,0.9874883516835804,0.9824874764171291,0.9915053971858145,0.9870479032955358,0.9820366465586726,0.9912029096671254,0.9863244223907879,0.9818473664567513,0.9906019468877687,0.9873890058098608,0.9815961109949856,0.9916373527591186,0.9872367690547126,0.9815527278475032,0.9916324862950131,0.9868057418361021,0.9801725789181408,0.9906690130356947,0.9890260601331216,0.9827186230293696,0.9924292622863933,0.9889192585694596,0.9831179310753889,0.9926729502227235,0.986803722204408,0.9798988420194139,0.9905222095640049,0.9868023579350955,0.9796727909546287,0.9904433761190227,0.9865865687646113,0.9780209940896382,0.9898200546626437,0.9865782069377603,0.9780662915789502,0.9896365260510714,0.9865591845908754,0.9777331161735755,0.9897384459201845,0.9856157865835473,0.9812313444077265,0.9899711560710907,0.9852502772521236,0.9808285327927929,0.9897723688555311,0.9855571786267455,0.9812313949992598,0.9897040977974194,0.9860488483772217,0.9816339947230942,0.9903318611926532,0.9860338075952917,0.9817486091907147,0.9901976501107604,0.9843235170585682,0.9803197904981859,0.9891054297775863,0.9842474908862114,0.9803198102411308,0.9890444524956549,0.9843078321308301,0.9803756524921092,0.9887498350943272,0.9836303816210823,0.9794399472958151,0.9888024825250776,0.9835315651648013,0.9794400359447154,0.9887885045505783,0.9835546872823946,0.9794399670203108,0.9886499894211274,0.9863100320407571,0.9814482527230873,0.9916292965193421,0.9868239751876932,0.981715748682569,0.9909875175059606,0.9845269966311426,0.9802965923027062,0.9894078647890676,0.9839533495618783,0.9796483372521944,0.9891550962448089,0.9838476869244601,0.9794396099849542,0.9889890090814485,0.9865957011551424,0.9815024538333244,0.9907601942216487,0.9867855435492833,0.9815850797511098,0.9909930076993874,0.9965392886884951,0.9905524603639063,0.9988267787761518,19.0
0.99999688021965,0.9999959372457303,0.9999973053524347,0.9797700273763625,0.9734816232613909,0.9824161048801138,0.9934092620647555,0.9871626122425302,0.9967892497363537,0.9911630078412875,0.9851053655089606,0.995266246963961,0.9909727872402367,0.984630583767022,0.9951573931957565,0.990294894481492,0.9843192002508357,0.9948591605182212,0.9895309235247318,0.9840581038593212,0.9941151387954423,0.9891074138466079,0.9836161229242718,0.9938231144838424,0.9884523786614424,0.9834875841708697,0.9932891806758352,0.9893389689751966,0.983183661535378,0.9942381966434245,0.9891864720722132,0.9831453091020688,0.9942334570975954,0.9887758183271934,0.9818247115642232,0.9933359120342777,0.9909659776023524,0.984250568077315,0.9949755818567548,0.9908636680619826,0.9846306123257592,0.9952283539285182,0.9887737766257827,0.9815594290780927,0.9931926493173919,0.9887724093309258,0.9813401740810347,0.9931153238542758,0.9885625759961576,0.9797825924528104,0.9925412909629318,0.9885543344606722,0.9798470201982065,0.9923643563868906,0.9885359459635036,0.9795059709911161,0.9924657002083306,0.9878068738560861,0.9829226576886267,0.992703550767052,0.9874770223913851,0.9825477444769282,0.99252833629831,0.987753357849679,0.9829227083673274,0.9924409300357685,0.9882011395058928,0.9832974118353189,0.9930386191563324,0.9881863579563698,0.9834293227129667,0.9929149085855113,0.9866110906317164,0.9820908084938826,0.9919302829411477,0.9865401132524603,0.9820908282725217,0.9918777560329163,0.9865957339287083,0.9821760366408556,0.991588017096608,0.9859798041303626,0.9812463317819298,0.991643456916232,0.985884127565754,0.981246420594404,0.9916348835673487,0.9859103240026107,0.9812463515428399,0.9914982255184499,0.9882560147951486,0.9830624701445184,0.9942292912282115,0.9888924988709203,0.9833013273561121,0.9936098906579656,0.9868013072433507,0.9820556797771058,0.9922053354446416,0.9862636650944614,0.9814448738188416,0.9919706660795325,0.9861857501449857,0.981245993848667,0.9918171399707859,0.9886683550011983,0.9830923593011293,0.9933865613244027,0.9888595848728793,0.9831725997439392,0.9936153417537149,0.9981222059749802,0.9917146606129009,1.0008217877357193,20.0
0.9999970903447286,0.9999961074781756,0.9999975747681679,0.9811472254460029,0.9745801471435218,0.9841752081926266,0.9950155233358615,0.9884785493219711,0.9988978272219816,0.992871741443645,0.9865267264643017,0.9975166639515448,0.9926921351575864,0.9860747609547418,0.9974326999316047,0.9920144694118904,0.9857779975082932,0.997147322784268,0.9913433677921921,0.9855481362355812,0.996448348147844,0.9909361147020853,0.9851141344337963,0.9961660324610415,0.990339924891652,0.9850352858306376,0.9956896404672383,0.9910637279315851,0.984696539915083,0.996563470584505,0.9909107434223079,0.9846624513644806,0.9965588214721155,0.9905154969257967,0.983399388130128,0.9957169055233479,0.9926864611365191,0.9857129982014812,0.9972541915221838,0.9925885375569814,0.9860747895553152,0.9975161116075892,0.9905134325280932,0.9831425641065845,0.9955771218757518,0.9905120619519928,0.9829300981130968,0.9955012467781634,0.9903073187758439,0.9814595757470149,0.9949655916581117,0.9902991686058469,0.9815410816778151,0.9947941918938131,0.9902813345053456,0.9811936005922718,0.9948947499011845,0.9897506588285774,0.9845118200349064,0.9951432660533921,0.989452837835986,0.9841591442568609,0.9949887174569584,0.9897013324069941,0.9845118707955129,0.9948838953380044,0.9901103701189363,0.9848643383712464,0.9954562229766218,0.9900958497452033,0.9850122340197095,0.9953424806001833,0.9886463733341504,0.9837439126329055,0.9944524314601976,0.9885817700888875,0.9837439324448596,0.9944079522643595,0.9886312747678336,0.9838549864567918,0.9941211982716447,0.9880632935401886,0.9829250947576279,0.9941779353631136,0.9879710116941386,0.9829251837221171,0.9941745461746717,0.9879996739229003,0.9829251145523763,0.9940386593420162,0.9899756940161892,0.9845974059916642,0.9965538439767451,0.9907292106889598,0.984804873428877,0.9959544899074756,0.9888199103335831,0.983698283815772,0.9947020796172589,0.9883111818968437,0.9831159456321986,0.9944831906971373,0.9882583545484245,0.9829247562459457,0.9943405528199528,0.9905084281750045,0.9845994468441817,0.9957343959342377,0.9907014117811115,0.9846780549887835,0.9959598999426849,0.9995260414258398,0.9928346372849968,1.0026150377489913,21.0
0.99999725396634,0.9999962562384072,0.9999977915605748,0.9822158765298896,0.9755398882657618,0.9855910181989945,0.9962728400504833,0.9896310775504408,1.0005965815045286,0.9942085857418606,0.9877750891247945,0.9993278976213416,0.9940376498282234,0.9873420518508812,0.999263356325518,0.993359646784675,0.987060390725122,0.9989910008560045,0.9927606053323276,0.9868601467980949,0.9983186120769448,0.9923674518681689,0.9864330978771585,0.998044767639698,0.9918180015900602,0.9864029679159001,0.9976071819607942,0.9924133857837708,0.9860280963424627,0.998439054489746,0.9922596872895264,0.9859980828688711,0.998434558488409,0.9918802155675991,0.9847865125030889,0.997639956201833,0.994032770020672,0.9869954318558273,0.9990856463612436,0.9939386633409314,0.9873420804881522,0.9993578183348122,0.9918782062592894,0.9845378205893438,0.9975043884718025,0.9918768693830478,0.9843320467433249,0.9974307111332636,0.9916784336521735,0.9829369043360542,0.9969247886630839,0.9916703654214339,0.9830338858304564,0.9967584128737654,0.9916532704776273,0.9826802500711297,0.9968578473346056,0.991272557172034,0.9859202192321983,0.9970865361963536,0.9909999626708998,0.9855897033225647,0.996945863496778,0.9912263592142497,0.9859202700654146,0.9968282799485149,0.9916053416691476,0.986250578072515,0.9973853699246444,0.9915910098216393,0.9864125978277672,0.9972799592175587,0.9902381312817949,0.9852158092742833,0.9964528220910723,0.9901784872526381,0.9852158291159202,0.9964133137569602,0.9902234272804991,0.9853531874063983,0.9961358294138201,0.9896916178763657,0.9844211249937742,0.9961831585970962,0.9896014310321892,0.9844212140938352,0.9961838979934154,0.9896330903422798,0.9844211448187016,0.9960474052417534,0.9913191792372135,0.9859502785259279,0.9984287888350957,0.992167686307929,0.9861286538097769,0.9978347078135033,0.9903986128133052,0.9851594932374018,0.9966837626519844,0.9899104118288271,0.984605044398162,0.9964742968314957,0.9898785570988368,0.9844207859662382,0.9963386382995607,0.9919499621110934,0.9859264214394251,0.9976174945442133,0.9921446341417248,0.986003749137488,0.9978400735127592,1.0006154057182146,0.9938131346587603,1.004058338753507,22.0
0.9999973654104807,0.9999963750989976,0.9999979428548988,0.9829367242311925,0.9763046936579557,0.9865771733700681,0.9971423893375165,0.9905574163286288,1.0017902484504442,0.9951375569522526,0.9887831374736887,1.0005992578795497,0.994973224272646,0.9883673380192526,1.0005529166733753,0.9942954065161014,0.988096686748958,1.0002854364777594,0.9937496181503725,0.9879233890967843,0.9996229887246485,0.9933699669358326,0.98750378535163,0.9993575233267139,0.9928544526319962,0.9875147042066675,0.9989371469661135,0.9933528786671479,0.9871052015365581,0.9997544576389886,0.9931982487587526,0.9870792208471738,0.9997499910312423,0.9928352502391468,0.9859069372225296,0.998986957886418,0.9949689391842192,0.9880345084969826,1.0003769759061685,0.9948777579964779,0.9883673666862065,1.0006569685117594,0.9928332540099246,0.985664604760846,0.9988542823623398,0.9928319291518646,0.9854639900519009,0.9987819505668115,0.9926393459275018,0.9841261852035321,0.9982918461856337,0.9926313545004827,0.9842372123566402,0.9981301209602065,0.9926149371106203,0.9838762930122491,0.998226771018389,0.9923416720657497,0.9870671718178873,0.9984275185636291,0.9920872316246081,0.9867557077762948,0.9982926768974171,0.9922993663517752,0.9870672227102614,0.9981691708123835,0.9926543947341865,0.987378477966323,0.9987211433546164,0.9926402399370844,0.987553262823232,0.9986233859512861,0.9913568283313806,0.9864174497042691,0.9978193964031657,0.9913012505023643,0.9864174695701587,0.9977817586656293,0.9913424098321816,0.9865772352914155,0.997513480957466,0.9908354153170805,0.9856448213185438,0.9975482631407386,0.9907471645432734,0.9856449105296169,0.9975520863984213,0.9907811702120131,0.9856448411681832,0.9974132410164183,0.9922513652750696,0.9870496901405228,0.9997433752145767,0.9931771185039343,0.9872043726761901,0.9991492351082049,0.9915066211309762,0.9863520300759235,0.9980409744745794,0.9910295939956602,0.9858217544660399,0.9978340466416296,0.9910159991818246,0.9856444818686032,0.9977009702844759,0.9929629238550971,0.9870057048982873,0.9989352759062868,0.993158431315277,0.9870813342384887,0.9991545554624864,1.0013503059221653,0.9945929250399898,1.0050636842525518,23.0
0.999997404694443,0.9999964619613553,0.9999980320587644,0.9831799278457263,0.9768595977342797,0.9871579349474279,0.9974688241213172,0.9912432600203803,1.0024965444217455,0.9955034384832341,0.9895368902209332,1.0013497678117835,0.9953453835338367,0.9891354088247172,1.001319818829961,0.994664305000006,0.9888737418168032,1.0010534668046431,0.9941576493496209,0.9887264159848894,1.0003772722248017,0.9937895006351725,0.9883139273789358,1.0001182413807914,0.9933021588917648,0.9883621329996002,0.9996952499057418,0.9937190164849428,0.9879159291072384,1.000538125368075,0.9935627993454639,0.987893479440781,1.0005338158720103,0.9932103960875237,0.9867535041178473,0.9997934688974394,0.9953414219116358,0.9888140339546493,1.0011457194361821,0.9952534451649513,0.9891354375138905,1.0014323225579216,0.9932084804829501,0.9865164827677851,0.9996639870506855,0.9932071990831277,0.9863203315462729,0.9995934967969503,0.9930191300843311,0.985031057889819,0.9991188070359979,0.9930111640312576,0.9851540129317349,0.99896022056255,0.9929953222067484,0.9847868868342465,0.9990558923643863,0.9928168374819962,0.9879474797437442,0.9991832659475626,0.9925776682879008,0.9876540942839196,0.9990476867154937,0.9927783514370231,0.9879475306815441,0.9989229862742186,0.993112674935693,0.9882407053295559,0.9994793996175628,0.9930985643577225,0.9884259814875385,0.9993867978411382,0.9918755227860145,0.9873487449486157,0.9985768168905458,0.9918244636809169,0.9873487648333247,0.9985389119936717,0.991861367289961,0.9875287970309767,0.9982811663957383,0.9913767191127213,0.9865968887668306,0.9982984925412687,0.9912903722569066,0.986596978064407,0.9983040514447227,0.9913284784554993,0.9865969086357278,0.99816311716853,0.9926056055024205,0.9878791682605164,1.000526463707473,0.9936023246775761,0.9880192517026372,0.9999110314197087,0.9920134600695734,0.9872750915958676,0.9987949193591545,0.9915447043804999,0.9867674632695074,0.9985853480977405,0.9915496018830793,0.9865965489877428,0.9984516479729206,0.9933907492290802,0.987823220045207,0.9996993769714511,0.9935883000730437,0.9878989684088352,0.9999162695914199,1.0015983822216428,0.9951587682089377,1.0056557696636086,24.0
0.9999973976407026,0.9999965146032929,0.999998057897612,0.9831137952645161,0.9771903828213879,0.9873215073256177,0.9974535360477947,0.9916710362580795,1.0027181688230271,0.9955098512618868,0.9900154339717194,1.001588033280109,0.995358180661134,0.9896271122612089,1.0015731989736163,0.9946708704300626,0.9893704045404907,1.001303178332376,0.9941902174225238,0.9892427103253718,1.0005991024753618,0.9938330920505786,0.988837094987586,1.0003463845011122,0.9933633229334042,0.9889141437111838,0.9999056497840614,0.993720290964063,0.9884387823537325,1.0007988839037283,0.9935619448033133,0.9884194021708121,1.0007947955612426,0.9932196849938919,0.987303829152409,1.0000698337945115,0.9953544911477895,0.9893162651861939,1.001402702663281,0.9952698715000728,0.9896271409645876,1.0016920672945862,0.9932177472192141,0.9870696876207115,0.9999412296436213,0.9932164578904326,0.9868758030087913,0.9998709502190547,0.9930345696701702,0.9856314178173224,0.999420955858268,0.9930265991342853,0.9857647323309974,0.9992645549965975,0.9930115647812443,0.9853921375324476,0.999361051943451,0.9928964658167837,0.9885249842072157,0.9993808364878342,0.9926667194212538,0.9882451878038728,0.999238559870572,0.9928626580708962,0.9885250351748522,0.9991177214033644,0.9931809719246821,0.9888046177584646,0.9996861320727535,0.993166996042918,0.9890001081869209,0.9995996966253927,0.991982961222784,0.9879661346054752,0.9987533404520779,0.991935924329774,0.9879661545026907,0.9987127804613634,0.9919690765162664,0.9881649833057357,0.9984678965802994,0.9914961762726832,0.9872279852352476,0.9984609544338823,0.9914116227228753,0.9872280745903339,0.9984670581576973,0.991453612427334,0.9872280051169481,0.9983231489685288,0.992591994305324,0.9884189583934258,1.0007867435122075,0.9936508439720456,0.9885468175501245,1.0001405590461,0.9921103314571144,0.9878848446431552,0.9989741992335862,0.9916414044243258,0.987393433407222,0.9987563055242794,0.9916623917827199,0.9872276452373345,0.9986182989048068,0.9934423517121223,0.9883538043405534,0.9999315936837857,0.9936405752943072,0.9884283965562584,1.0001457468259671,1.0015312065293178,0.9954961662155586,1.0058226278227873,25.0
0.9999973471058075,0.999996538888693,0.9999980355550055,0.9827595373216114,0.9773355403762216,0.9871687579038115,0.9971138716909945,0.9918850156851762,1.0025672854121097,0.9951767849922939,0.9902657883989807,1.0014285296275158,0.9950330980939266,0.9898899399263638,1.0014287819484737,0.9943381387723303,0.9896346734867962,1.001151025129847,0.9938638223972642,0.9895208014670133,1.0004021370753997,0.9935139485373637,0.9891205713850109,1.000152393765501,0.9930551190354866,0.9892204813089769,0.9996827125911056,0.9933813278107254,0.9887231727357444,1.000653963208642,0.993220609959529,0.988706591589561,1.0006500798039923,0.9928886505458716,0.9876081482908399,0.9999349384579055,0.9950296125985582,0.9895890712751664,1.0012640464829088,0.9949494275581957,0.9898899686373157,1.0015523798638604,0.9928867897962463,0.9873763287068575,0.999808142746379,0.992885539539484,0.9871844814710701,0.999739048844758,0.9927088323877029,0.985972477445287,0.9993071662681833,0.9927008913406649,0.9861158247503352,0.9991536801348683,0.9926865138616624,0.9857364057476065,0.9992495511841081,0.9925998299342984,0.9888510712371772,0.999136296540579,0.9923759713723717,0.9885816096127824,0.9989830943831829,0.9925697719159369,0.9888511222216959,0.9988686582098503,0.9928772378869888,0.9891203665060159,0.9994559168890444,0.99286334640419,0.9893246994965934,0.9993744959534975,0.9917079606649705,0.9883246285174411,0.9984728289817744,0.9916656085245346,0.9883246484219517,0.9984285714801001,0.9916943122111432,0.988540175963972,0.9981964648447622,0.9912241085219387,0.9875940892149688,0.9981609322044362,0.9911407258449754,0.9875941786036014,0.9981664263407556,0.9911878322805748,0.9875941091041385,0.9980197799726084,0.9922363358312678,0.9887188127745178,1.000641368608015,0.993335082147095,0.9888336828834791,0.999947149587851,0.9918230561329817,0.9882365543881688,0.9986996113782826,0.9913496455966252,0.9877580760349797,0.9984695504171927,0.9913839412173994,0.9875937490894121,0.9983249594531142,0.9931284917255933,0.9886424983957272,0.9997397155971982,0.9933275925443253,0.9887160731013765,0.9999523250039224,1.001170375814313,0.9956443532546105,1.0056670526581053,26.0
0.9999972687871521,0.9999965490868087,0.9999979734442362,0.9822208558749429,0.9773895362775725,0.986755076179417,0.9965692713120318,0.9919907129351127,1.0021087339469268,0.9946310372352599,0.9904040206952621,1.0009410719446346,0.9944936767804426,0.990037301077177,1.0009509933227256,0.9937933199781782,0.9897836438303907,1.0006671425185358,0.9933170443085533,0.9896891905500471,0.9998646502790464,0.9929739894860097,0.9892932231285635,0.9996174277454207,0.9925236183113821,0.9894218061715107,0.9991091681312766,0.9928305193644159,0.9888876779270668,1.0001733823752776,0.9926675638589515,0.9888738812356107,1.0001696162101446,0.9923455923751202,0.9877855679466265,0.9994590316024896,0.9944902738320698,0.989743735362035,1.0007906300414309,0.9944137405222594,0.9900373297923502,1.001077112228827,0.9923439089709567,0.9875557762751535,0.9993350956619214,0.992342745553093,0.9873659495827536,0.9992682187701155,0.9921714617186652,0.9861729598644285,0.9988458411008722,0.9921635733391091,0.986325889724582,0.9986957372420192,0.9921498768558944,0.9859383838616926,0.9987895930735561,0.9920783826113209,0.9890765105622806,0.9985341518651304,0.991859174993853,0.9888201858385403,0.9983658671591217,0.9920527195318779,0.9890765615585075,0.9982618264141876,0.9923496306045153,0.9893326655518049,0.9988724421723043,0.9923358552543107,0.9895452764051968,0.9987962269725963,0.9912029614527371,0.9885862167682961,0.99781862895614,0.9911648457315972,0.9885862366781577,0.997769545559114,0.9911893782037612,0.9888141299194174,0.9975467219895726,0.9907189002961482,0.9878727798837825,0.9974834333431627,0.9906364302660282,0.9878728692981068,0.9974876645222339,0.9906876982458723,0.9878727997786755,0.9973374063974391,0.9916697701206638,0.9888995084324596,1.000160218831252,0.9927975650502534,0.9890089396550101,0.9994125121664688,0.9913070182352618,0.9884931195725816,0.9980561466919192,0.990827311032018,0.9880316965988853,0.9978100457999903,0.9908742382425518,0.9878724396604677,0.9976563820413922,0.9925924933185248,0.9888191466878021,0.9992061946709948,0.9927929080083064,0.9888925523363239,0.999417657646151,1.0006215924235728,0.9956996027878982,1.0052454987008264,27.0
0.9999971705382128,0.9999965502172576,0.9999978969312863,0.9815517123346358,0.9773843928391455,0.9862476765286968,0.995874260054438,0.9920283621066492,1.0015353946070567,0.9939250422476533,0.9904701392812724,1.0003302898296151,0.9937942434849546,0.9901115521806371,1.0003493598771784,0.9930840651492153,0.9898579297566492,1.0000565326677224,0.9926045860589715,0.9897857701492941,0.9991998847912825,0.9922673060602847,0.9893933974540325,0.9989545749941481,0.9918239099886782,0.9895531164127169,0.998405207769854,0.9921139712078209,0.9889737876935003,0.9995644478072868,0.9919488347621344,0.9889625068562116,0.9995608559745046,0.9916341557021462,0.9878802631733482,0.9988520238427687,0.9937909418515027,0.9898244922476424,1.0001940841602652,0.9937181680156923,0.9901115808979094,1.0004771511699968,0.9916326068880735,0.9876513498928325,0.9987299225377049,0.9916315088107794,0.9874625222988942,0.9986645562910006,0.9914666957761781,0.9862862733280248,0.9982574550992767,0.9914588340293159,0.9864475287558625,0.9981099243659706,0.9914459769679921,0.9860528122600927,0.9982032306636895,0.9913869588936776,0.989233868180831,0.9977997132424233,0.9911716682434409,0.9889920151030157,0.997615440996839,0.9913651061796827,0.9892339191852662,0.9975222271313873,0.9916531357888254,0.989475548165821,0.9981577905183803,0.991639483244038,0.9896957287522893,0.998086593726615,0.9905262668276235,0.9887836853926741,0.9970302449883797,0.9904923212171456,0.9887837053066025,0.9969761015568263,0.9905128653975832,0.989025088023616,0.9967656955315999,0.9900429428232976,0.9880903256475766,0.9966693012786256,0.9899611451840129,0.9880904150820906,0.9966719276254274,0.9900168230898971,0.9880903455469694,0.9965183009688247,0.9909379807777774,0.9890004050666772,0.9995508302765428,0.9920928185148841,0.9891112427923328,0.9987499699024267,0.9906194107558934,0.9886851079276789,0.9972779289750591,0.9901346796613036,0.9882430552974498,0.9970149185830444,0.9901940404753178,0.98808998534744,0.9968516319390774,0.9918891987170961,0.9889227697072805,0.9985446809896672,0.9920905992630942,0.9889958155551785,0.9987550934626277,0.9999398323926557,0.995694571588348,1.0047284010399007,28.0
0.9999970836027712,0.9999965418297393,0.9999978091382429,0.9809585096054403,0.9773190652386097,0.9856651706833522,0.99526570341498,0.991989745284163,1.0008800048396786,0.9933069572058418,0.9904511409932116,0.9996332073812211,0.9931832378461406,0.9900984999919498,0.999659669054768,0.992462574749804,0.989842252546,0.9993574940701822,0.9919807575747274,0.9897930245455188,0.9984500342360878,0.9916489973118942,0.9894041453812498,0.9982065382197818,0.9912121014049466,0.9895902188821091,0.9976171849801916,0.9914861601173788,0.9889629318033542,0.9988648812674621,0.9913185424868604,0.9889531856530601,0.9988615112110558,0.9910135866094701,0.9878724615189631,0.9981506665035864,0.9931800379583196,0.9898161967673511,0.9995083181705272,0.9931113332413607,0.9900985287087979,0.9997889507436616,0.9910121686916671,0.9876438437458591,0.9980301251697449,0.9910111336328243,0.9874555339801389,0.9979661375698565,0.9908520696812968,0.9862864069867101,0.9975665017714125,0.990844200835704,0.9864546870511389,0.9974204909999789,0.9908321273294016,0.9860528727013501,0.9975133968211717,0.9907827435385855,0.9892933508877158,0.9969823535445304,0.990571410905449,0.9890639297016153,0.9967829738620532,0.9907638279076317,0.9892934018953079,0.996699542134016,0.991044265765476,0.989522596036212,0.9973593195120113,0.9910306975979764,0.9897492916562404,0.9972921869679069,0.9899369836805999,0.9888769179056286,0.9961609419469243,0.9899070135046237,0.9888769378215162,0.9961019976179931,0.9899236712562937,0.9891291850500188,0.9959010813754466,0.9894545786512676,0.9882002282466362,0.9957775376262524,0.9893738015994581,0.9882003176915551,0.995778764541687,0.9894333784035909,0.9882002481483508,0.9956219243617055,0.9902927228068517,0.9889977346836665,0.9988510792098263,0.9914763335971467,0.9891240517676022,0.9980023075099148,0.9900197590144774,0.9887739270115418,0.9964192028272101,0.9895303140997186,0.9883481666334912,0.9961406600110513,0.9896011404173244,0.9881998879069097,0.9959685383203528,0.9912741903556422,0.9889368905774557,0.997798102231324,0.9914758974911592,0.9890089286042563,0.998007432884936,0.9993354673431188,0.9956281606341552,1.0041347636957303,29.0
0.9999970184559374,0.9999965326757213,0.9999977220792433,0.9805100097757268,0.9772504309464478,0.9850862764756031,0.9948236131393964,0.9919420506364004,1.0002367582731027,0.9928583388982855,0.9904207857381665,0.9989502356795621,0.9927406801175299,0.9900724441746824,0.9989824059824796,0.9920121894637992,0.9898150820917684,0.9986720133989224,0.9915284608640497,0.9897860484635607,0.9977196066434835,0.99120136851698,0.9894013704249239,0.9974765559445429,0.9907726102962916,0.9896078659330813,0.996853961309744,0.9910303646422339,0.9889403833774908,0.9981770951742873,0.9908610186282568,0.9889325938754763,0.9981739355725884,0.9905624633350875,0.9878497581261386,0.9974585318532092,0.9927376070508787,0.9897935803702962,0.9988340739292596,0.9926723162567886,0.9900724728907347,0.9991128480386181,0.9905611681279518,0.9876210312046786,0.9973392988329116,0.9905601917701797,0.9874328919517683,0.9972765417905549,0.9904061241755326,0.9862657841801524,0.996881247594765,0.9903982280351727,0.9864401618314534,0.9967360794344692,0.9903868616371065,0.9860315593566401,0.9968289102402711,0.9903509099912343,0.9893293388511784,0.9961937948049473,0.9901436872319364,0.989110051728353,0.9959815534460874,0.990334571576379,0.9893293898607014,0.9959061875592081,0.9906077306274823,0.9895484474303855,0.9965870189585202,0.9905942154126541,0.9897807450867903,0.9965231335414095,0.9895229168706487,0.9889434982932398,0.995328291942018,0.989496986021455,0.9889435182105394,0.9952654152306579,0.9895096691590609,0.9892053568697975,0.9950722449452213,0.98904066507299,0.9882828998045555,0.9949243438845778,0.9889609015517627,0.9882829892573599,0.9949244173297235,0.989023775263539,0.9882829197080303,0.9947645943274954,0.9898248827870666,0.9889869293319042,0.9981629883704339,0.9910306148130065,0.9891238869767716,0.9972722942084097,0.9895951673184337,0.9888366112165347,0.9955952274543014,0.989102383740677,0.9884270918686595,0.9953028618246698,0.9891831576084205,0.9882825594348242,0.9951229869712293,0.9908293438252777,0.988937424134905,0.9970686442633824,0.9910328542339575,0.9890106075841826,0.9972773613801149,0.9988785887478328,0.9955583535359956,1.0035448313625157,30.0
0.9999969607140512,0.9999965314043495,0.9999976501320246,0.9801132655845933,0.9772347397705089,0.9846081613015116,0.9944319045226997,0.991952042243348,0.9997043358096899,0.9924680485674007,0.9904479896900975,0.9983854761223949,0.9923562014541202,0.9901018452846451,0.9984220917888984,0.9916224799800908,0.9898447339196078,0.9981052455280981,0.9911402146201779,0.9898374916633417,0.9971178606169631,0.9908180228337862,0.989456235844196,0.9968759425407133,0.9903993216649876,0.9896851692013178,0.9962269782089828,0.9906383935595069,0.9889735893583269,0.9976079520048831,0.9904678522614181,0.9889677270261187,0.9976048998701366,0.9901768377916272,0.9878806502072321,0.9968855492082466,0.9923531784038628,0.9898247391319667,0.9982752375006823,0.9922912868978109,0.9901018740015114,0.9985540922449914,0.990175644941276,0.9876515040541759,0.9967672524594394,0.9901747172474347,0.9874632421317786,0.9967054472024791,0.9900265905028878,0.9862948612355477,0.9963137357327293,0.9900186706906965,0.9864749307896734,0.9961694012830724,0.9900081264198598,0.9860595017337777,0.9962619841234113,0.989986787808702,0.9894262237549024,0.995546609491338,0.9897841942774683,0.9892178990979515,0.9953238899486682,0.9899734821048978,0.989426274769494,0.9952554592137377,0.9902379837007214,0.9896343678046216,0.9959529768612239,0.9902245507001065,0.9898719540067995,0.995892553205368,0.9891756840560808,0.9890712378246351,0.9946460956166447,0.9891531904103663,0.9890712577445745,0.9945799728695408,0.9891625631393954,0.9893430375422696,0.9943953117129489,0.9886976999578209,0.9884260418951065,0.9942255248575003,0.9886191683414113,0.9884261313612369,0.9942249294094846,0.9886847870255592,0.9884260618015523,0.9940625309542079,0.9894244905279967,0.9890323067966703,0.9975934448626812,0.9906490440805262,0.9891808877339034,0.9966717106555395,0.9892389496524517,0.9889603120651481,0.9949193329662177,0.9887453551043808,0.9885662056568367,0.9946160314313279,0.9888359722706098,0.9884257014746699,0.9944300906736137,0.9904486221994491,0.9889951177613533,0.9964686107548649,0.9906533691365821,0.989068806590028,0.9966767429481688,0.9984744329299026,0.9955424955623219,1.0030575961090422,31.0
0.9999969089771067,0.9999965264261073,0.9999976060519075,0.9797617803524502,0.9771956889356405,0.9843153927985198,0.9940705144961297,0.9919319178261666,0.9993774227793887,0.9921074269637352,0.9904425003257421,0.9980403164488505,0.9919982880034067,0.9900982691898768,0.9980804972293535,0.9912621799543405,0.9898435600334952,0.997761551153706,0.9907827260328224,0.989850677738154,0.9967474583629848,0.9904654765268721,0.989472704858284,0.9965073859766703,0.9900527693709528,0.9897179722306374,0.9958391321861351,0.9902778557846064,0.9889786697575733,0.9972672006212115,0.9901066701552494,0.988974846114418,0.9972642658497936,0.989822473694457,0.9878863598145177,0.9965490937752562,0.991995359689254,0.989822693576833,0.9979352572000731,0.991934927341422,0.9900982979066046,0.9982134258493351,0.9898213361796386,0.9876564216234516,0.9964310404042124,0.9898204342927707,0.9874676406870773,0.9963696251307714,0.9896760594538413,0.9863082136870408,0.9959963644145051,0.9896681231076992,0.9864936268045652,0.9958529163111017,0.9896580980552009,0.9860730089221873,0.9959469647138023,0.9896475403343336,0.989473199831592,0.9951444494348541,0.989448938512638,0.9892725101481031,0.9949143717443387,0.9896361263484272,0.9894732508486593,0.9948500790401292,0.9898942693127443,0.9896737072999757,0.9955604785095452,0.989880979071969,0.9899165805885523,0.9955042102341559,0.9888503766420524,0.9891390643982906,0.9942198711672096,0.9888308609264939,0.9891390843196465,0.9941514186974244,0.988837385201136,0.9894200943592038,0.9939741878537725,0.9883715344205293,0.9885005425075256,0.9937855659601987,0.9882936191582545,0.9885006319806694,0.9937844366908705,0.9883617710477313,0.988500562415536,0.9936200322615638,0.9890596100903457,0.9890509336276317,0.9972522823084632,0.9902984981969624,0.98919940660121,0.9963035262747237,0.9889058498600577,0.9890243887452785,0.9944970942337008,0.9884087963135944,0.9886385989512453,0.9941854229216935,0.9885068151462029,0.9885002020604028,0.9939947911443492,0.9900992945298626,0.9890147708568006,0.9961013844279178,0.9903045335786784,0.9890881540049697,0.9963085363681209,0.9981163313280969,0.9955028113916193,1.0027592458163381,32.0
0.9999968877451997,0.9999965255124584,0.9999975807660464,0.9796123560148999,0.9771838529818078,0.9841447643659896,0.9939396884053646,0.9919419006382998,0.999203151161978,0.9919849175972705,0.9904666179370005,0.997861086562412,0.991879145406037,0.9901246403300275,0.9979073349991542,0.9911418364041543,0.9898715509326771,0.9975858549397754,0.9906678602754795,0.9898928402068621,0.9965551332829059,0.9903554567275697,0.9895177874263691,0.996317733245287,0.98994958018734,0.9897790939646868,0.9956378913501053,0.9901584546272174,0.9890122742037076,0.9970958298688333,0.9899868856357891,0.9890102864362711,0.9970930510028401,0.9897091641947718,0.9879202971547142,0.9963838868714316,0.9918763383771014,0.9898508674315192,0.997764491025097,0.9918177143546568,0.9901246690474894,0.9980421069549644,0.9897081160013866,0.9876898951881437,0.9962666679063565,0.989707256450449,0.9875009375014928,0.9962061195200687,0.9895650225793677,0.9863478840411524,0.9958480398572517,0.9895570306528685,0.986537457980119,0.9957042995443853,0.9895473664542751,0.9861127716219728,0.9958008906417986,0.989552778409945,0.9895480923106477,0.994935235391174,0.9893582773651909,0.9893548544756341,0.9947008146646603,0.9895439771326758,0.9895481433316243,0.9946392250767149,0.989794352667884,0.9897411466234048,0.9953570182504906,0.9897812194742376,0.9899889947863723,0.9953048776908099,0.988769714665607,0.9892374134444429,0.9939975846489986,0.9887524912759098,0.9892374333678267,0.9939275681294192,0.9887569432672836,0.9895287769899015,0.9937591518092596,0.9882963559366725,0.9886076820192914,0.993553830881629,0.9882194053171672,0.9886077715023791,0.9935527656186813,0.988289426561458,0.9886077019295186,0.993386804859958,0.9889376014681923,0.9890966775847341,0.9970805966123655,0.9901906565997729,0.9892463059080674,0.9961146675692969,0.9888191404683893,0.989118539129762,0.994275929681084,0.9883228190302086,0.9887435414374688,0.9939590228546221,0.9884283078260718,0.9886073415343308,0.9937657009554163,0.989993133457185,0.9890632653252477,0.995913986645593,0.990197560112812,0.9891348276128437,0.9961196950984701,0.9979641734972174,0.9954908614322684,1.0025854258421454,33.0
0.9999968844867484,0.9999965326066464,0.9999975659851983,0.9795829975628841,0.9772262003601371,0.9840435048399051,0.9939413535602281,0.9920086504874633,0.9991091352340559,0.9919984635233613,0.9905457277915272,0.9977644800027863,0.9918952357400451,0.9902052781171812,0.9978164175295274,0.9911588096656447,0.9899517794378984,0.9974916638012834,0.9906904831551289,0.9899901140163687,0.9964501766489284,0.9903813971531614,0.9896166008698211,0.9962144144035198,0.9899848403391225,0.9898953512787628,0.9955275293272645,0.9901770531202023,0.9890941303744851,0.9970029661614601,0.9900051253187093,0.989093403501049,0.9970002534936999,0.9897341179326398,0.9879990824521139,0.9962930066621333,0.9918925771632318,0.9899327274791156,0.9976753319216998,0.991835220820495,0.9902053068369604,0.9979532840805935,0.9897331259910749,0.9877679920335016,0.9961761396182283,0.9897322927213644,0.9875786010287839,0.9961160593468029,0.9895932538231131,0.986424105519371,0.9957641561913303,0.9895852027020636,0.9866173315633918,0.9956199102764083,0.9895760345799528,0.9861880829519413,0.9957180023266382,0.989597331904252,0.9896788087312836,0.9948197191673379,0.9894079631801607,0.9894937025494306,0.9945827643240109,0.9895901084237794,0.9896788597590381,0.9945222991095555,0.9898331976471082,0.9898637305627368,0.99524515368873,0.9898201198549992,0.9901153084151403,0.9951953510024726,0.9888289392473207,0.9893907715843354,0.9938738730387575,0.9888133139561968,0.989390791510846,0.9938028952042098,0.9888162285885279,0.9896890210385428,0.9936383702625327,0.9883643954997465,0.9887714002886584,0.9934264767464321,0.9882885132339575,0.9887714897867649,0.9934259040231347,0.988359863676562,0.9887714202022323,0.9932587403455112,0.9889534407424352,0.9891868145590458,0.9969874671924457,0.99021805838366,0.9893461316196374,0.9960115117364153,0.988874186615259,0.9892690999719493,0.9941535280940732,0.9883808424001439,0.9889055736317838,0.9938338820487085,0.988493118968429,0.9887710597465496,0.9936394429535317,0.9900211832637437,0.9891636781858986,0.9958113491981825,0.9902261577073628,0.9892350643357861,0.9960165315340149,0.9979343749237265,0.9955341134090443,1.002482305973683,34.0
0.9999968894111055,0.9999965390464381,0.9999975640420959,0.9796105607616807,0.9772655028384675,0.9840278009324532,0.9939958256591567,0.9920668453808115,0.9991091146881,0.9920598654019175,0.9906125158284165,0.9977659655466018,0.9919591399594272,0.9902734401943108,0.9978236275795002,0.9912209479845937,0.9900174148289772,0.9974955204865872,0.9907569632264965,0.9900728332067983,0.9964474454100534,0.9904500611865619,0.9897006154155604,0.9962124355436021,0.9900593299809632,0.9899939697968781,0.9955217926144801,0.9902397351022744,0.9891581108232932,0.9970088175312796,0.9900671078241674,0.9891577520182785,0.9970062739215447,0.989802294337631,0.9880597231654555,0.9963011239325154,0.9919568001309627,0.990001988725469,0.9976839385541701,0.9919003884141946,0.990273468916051,0.997962881372347,0.98980135418712,0.9878279916200634,0.9961845959181178,0.9898005450985518,0.9876381989988049,0.9961249619533985,0.9896638100498815,0.986481182515,0.9957776375753037,0.9896557045872388,0.9866777628130404,0.9956329040872852,0.9896469098167064,0.9862441662984224,0.995732263021309,0.9896781999764934,0.9897897366161788,0.9948111877274465,0.9894925296841293,0.9896116401401786,0.994573166234229,0.9896717916941543,0.9897897876496802,0.9945125762332488,0.9899101373238353,0.9899676481247324,0.9952385622990388,0.9898970473597122,0.9902219777191311,0.9951898329214066,0.9889186293557505,0.9895219045232119,0.9938619749344717,0.9889036607775163,0.9895219244523936,0.9937902458641247,0.9889060107606167,0.9898271579421477,0.9936300825779271,0.9884621922750081,0.988911867014519,0.9934126955445542,0.9883868458217859,0.9889119565254981,0.9934126432660291,0.9884593229132039,0.9889118869309612,0.9932446034104112,0.9890109179568584,0.9892526325215308,0.996993383218299,0.990287991465627,0.9894310543373778,0.9960093913928566,0.988962132642794,0.9893973874755367,0.9941421176756611,0.9884708954651588,0.9890437803286022,0.9938209857322795,0.98858884330132,0.9889115264234306,0.9936260705422261,0.990091260423521,0.9892487304388418,0.9958093084933534,0.9902975375356888,0.9893209039526085,0.996014383147149,0.9979625494321557,0.9955742372311177,1.0024663694513418,35.0
0.9999969037698837,0.9999965460487839,0.9999975741974809,0.9797013585996199,0.9773084741990595,0.9840915740599444,0.9941190322839162,0.9921296038127436,0.9992033374255275,0.9921956072869123,0.9906854625529837,0.9978697745285522,0.9920968665349837,0.9903479025665511,0.997933895286676,0.9913590062040493,0.9900899689376996,0.9976030124300539,0.9909026032839691,0.9901625635193303,0.9965549025454818,0.990599900209604,0.9897927896142317,0.9963220594810132,0.9902133846253153,0.9900991704973539,0.995631712822187,0.9903790919862253,0.9892301069049648,0.9971190992665417,0.9902060878069775,0.9892302725182642,0.997116693244345,0.9899465502319901,0.9881288964102128,0.9964150929699108,0.9920947663483682,0.9900776635343862,0.9977961271596036,0.9920391272626446,0.9903479312904364,0.9980755836376617,0.9899455394772454,0.9878955790801462,0.9962970384978651,0.9899446951080247,0.987704350504174,0.9962363255352021,0.9898100497043957,0.9865513858922577,0.9959032256985414,0.9898019417669144,0.9867519667743248,0.9957592692915918,0.9897934086118788,0.9863138734476682,0.9958592460656682,0.989839022125992,0.9899063616608402,0.9949212693291153,0.98965747193822,0.9897345332069469,0.9946833181899534,0.9898329301405248,0.9899064127003829,0.9946216977190899,0.9900668239803174,0.9900780047887788,0.9953492325384209,0.990053878718897,0.9903360477342481,0.9953038568934922,0.9890908351761872,0.9896552689045539,0.9939730509632729,0.9890770774672264,0.9896552888364468,0.9939015433618844,0.9890781899377281,0.9899648847500723,0.9937415093380447,0.9886410442665045,0.9890554787382928,0.9935235095529674,0.9885664884301214,0.9890555682624075,0.9935242838840522,0.9886392530723902,0.989055498657662,0.9933553012399542,0.9891473655312709,0.989327806033097,0.9971036616960758,0.9904396984588708,0.9895248731999897,0.9961192511297634,0.9891312012145405,0.9895289801332765,0.9942524762160851,0.9886421891770615,0.9891840103625038,0.9939312156242386,0.9887658768588898,0.989055138097223,0.9937365186700964,0.9902436530214107,0.9893432256456438,0.9959197900346342,0.9904509752790389,0.989416172766455,0.996124193689841,0.9980551619069169,0.9956181023891241,1.0025314490025448,36.0
0.9999969227219402,0.9999965510031779,0.9999975920806128,0.9798234967419986,0.977338086657673,0.9842063773312241,0.9942736886495983,0.9921766429632136,0.9993568994506553,0.9923664130238412,0.9907424454861153,0.9980409223467125,0.9922680037099848,0.9904072202763122,0.9981118699362634,0.9915315717206956,0.9901491991506756,0.9977805358991902,0.9910909019023865,0.9902328222991984,0.9967343856316835,0.9907916077952172,0.98986468253213,0.9965033208542401,0.9904162528003619,0.9901819483503874,0.9958193893983968,0.9905533342517147,0.9892925964903753,0.9973036955032868,0.990380317860238,0.9892936449565087,0.9973014435440833,0.9901244690615909,0.9881922578173596,0.9966099153442932,0.9922661711963576,0.9901388489575541,0.9979770964577421,0.9922102637146092,0.990407249001903,0.9982554084767171,0.9901235351210823,0.9879586469368027,0.9964926858294256,0.990122727209131,0.9877673586997502,0.9964327952019479,0.9899913333187855,0.9866209019257647,0.9961176548027306,0.9899832652068515,0.9868259874473037,0.9959755033785228,0.9899751248049254,0.9863834824398511,0.9960759493781661,0.9900513375063453,0.9899984815202322,0.9951130601683176,0.9898751167284614,0.9898318223527056,0.9948774210687961,0.9900462356216608,0.9899985325645403,0.9948133850312038,0.9902733410927291,0.9901649549564359,0.9955389266508574,0.9902604727289572,0.9904258205918115,0.9954956715711701,0.9893193697628605,0.9897624210533208,0.9941749783666317,0.9893072089214031,0.9897624409873919,0.99410434565183,0.9893068267519783,0.9900782983364728,0.9939470081892063,0.9888755075942821,0.9891671351157464,0.9937257123866396,0.9888024132297085,0.9891672246500679,0.9937277345387441,0.9888746698778492,0.9891671550373895,0.9935577334875727,0.9893210687343332,0.9893956479431222,0.9972882081203848,0.9906328254826339,0.9895979080142677,0.9963005163824931,0.9893555422004939,0.9896335883955254,0.9944506788201802,0.988869550420413,0.9892952993384097,0.9941308642088281,0.9889978767774202,0.9891667944358401,0.9939374641877,0.9904370342441716,0.9894165398316587,0.9961013041778491,0.9906453656611649,0.9894900848763277,0.9963054310355193,0.9981797013173058,0.9956483491424913,1.002648542869674,37.0
0.9999969446307981,0.9999965583151187,0.9999976078527418,0.9799650192068676,0.9773837124659912,0.9843072964585918,0.9944513020387652,0.9922402491469253,0.9994944365143454,0.9925588580405558,0.9908148131543222,0.9981934345809358,0.99246328103399,0.9904816340043023,0.998272302456149,0.9917251433754494,0.9902218571235006,0.9979376585846502,0.9912972705311315,0.9903190027397202,0.9968944145018735,0.9910019097822476,0.9899536130360845,0.9966657408354979,0.9906331727720743,0.990279397388506,0.9959849544193893,0.99074778761163,0.989365683611306,0.997465416977638,0.990574548895396,0.9893671441611358,0.9974632502267958,0.9903221411619151,0.9882643802012928,0.9967783914139947,0.992461771894623,0.9902148994436483,0.9981401381469545,0.9924069991774579,0.9904816627320424,0.9984186362413806,0.9903212733232498,0.9880304093845023,0.9966618263482497,0.9903204966784566,0.9878389820224555,0.9966026236282718,0.9901903559347872,0.9866944164366421,0.9962976410209448,0.990182259658802,0.9869024933209554,0.9961554611503486,0.9901743280051405,0.9864567073253218,0.9962574431177377,0.99027502899608,0.9901045841181575,0.9952811307976691,0.9901027437117117,0.989942822406014,0.9950470039968353,0.9902704540031337,0.9901046351679494,0.9949812511730911,0.9904928702978515,0.9902661598634452,0.9957056966951765,0.990480026964815,0.9905291094329565,0.9956636180218823,0.9895536108502223,0.9898796319900012,0.9943495179112097,0.9895426905326514,0.989879651926448,0.9942797275664731,0.9895410307659541,0.9901987989612173,0.9941213883493151,0.9891110536718442,0.9892874559873223,0.9939011553967614,0.98903800269764,0.9892875455326099,0.9939037822455254,0.9891112565877447,0.9892874759114084,0.9937336791227595,0.989513870075483,0.9894716488173556,0.9974498883376828,0.9908451726765978,0.9896886582777471,0.996463507424193,0.989586572660908,0.9897494633978738,0.9946230935847077,0.989100946476694,0.9894157374408658,0.9943043645759585,0.9892322117883319,0.9892871152656882,0.9941119684461699,0.9906504893573147,0.9895083799291449,0.9962653417025604,0.9908591697402268,0.9895820865261795,0.996468379399384,0.998324000923585,0.9956949092735635,1.002751483611243,38.0
0.99999696908669,0.9999965664240003,0.9999976242353571,0.9801223868713913,0.9774341010642174,0.9844116031279007,0.9946517465765922,0.9923121430225398,0.9996405842128178,0.9927742343010209,0.9908937321308213,0.9983550765175794,0.9926790318365957,0.9905625053170104,0.998439963234265,0.9919426978945752,0.9903011130751899,0.9981028860582764,0.9915276685280485,0.9904087465144709,0.997067277111118,0.9912359298513503,0.9900456020442738,0.9968409643390502,0.9908744717267635,0.9903789199112792,0.9961674002677532,0.9909657241172052,0.9894454338789094,0.9976330010707138,0.9907924555405961,0.9894475704658764,0.9976309363976891,0.990541677478717,0.9883417587657266,0.9969492207600259,0.9926778264277343,0.9902973325420157,0.9983103979796151,0.9926227479432662,0.9905625340470855,0.9985879591398374,0.9905408745115318,0.9881074465898857,0.9968333151577241,0.9905401285591195,0.9879158917483367,0.9967747917809913,0.99041133350081,0.986769309660427,0.996474496793504,0.9904031807808676,0.986979581437495,0.9963314849634972,0.9903955024523171,0.9865309306122226,0.996435218266665,0.9905220381812402,0.9902109714655326,0.9954678891832205,0.990353110213724,0.990052815552161,0.9952359558921204,0.9905177913248306,0.9902110225208341,0.9951677679431851,0.9907363990861666,0.9903689410411973,0.9958904693534144,0.9907237205555945,0.9906349035251779,0.9958516477084429,0.9898108682240819,0.9899964663949142,0.9945459171023444,0.9898012040799137,0.9899964863337347,0.9944770259257332,0.9897983742838447,0.9903209132122485,0.9943207812433118,0.9893709750150356,0.9894081228153716,0.9940973691477717,0.989298366919228,0.9894082123716831,0.9941007414885463,0.9893720219802499,0.9894081427419128,0.9939303370608608,0.9897315083816953,0.9895560458068586,0.9976173919046738,0.9910809397572432,0.9897821285807495,0.99663926539369,0.9898405286068974,0.9898641526962306,0.9948159394821272,0.9893554117166519,0.9895343742305814,0.9944985350867559,0.9894907338452221,0.9894077820517932,0.994307121629852,0.9908872596420999,0.9896028373359104,0.9964420558846427,0.9910956841110313,0.9896758682544903,0.996644130214433,0.9984844668416025,0.9957463377118111,1.0028578949954883,39.0
0.9999969821687147,0.9999965698715014,0.9999976358632284,0.980206390874896,0.9774546706275922,0.9844860793018755,0.994759841000361,0.9923456469763636,0.9997423838838576,0.9928961007891546,0.9909319608695106,0.9984685706929719,0.99280189655613,0.9906018703727748,0.9985589090472828,0.9920690817803325,0.9903406538272548,0.998220978957044,0.9916587584206615,0.9904536875836071,0.9971866831201504,0.9913672855066357,0.9900895731247306,0.9969608945208431,0.9910147653528487,0.9904330248268329,0.9962929571679675,0.9910939064622176,0.9894868780312671,0.9977542544155311,0.990920797180717,0.9894898974996872,0.9977521893092628,0.9906728501593336,0.9883817223113277,0.9970755859588281,0.9928008237863111,0.9903376065944249,0.998431350854884,0.9927461131156077,0.9906018991039814,0.9987086707102902,0.9906720958098765,0.9881469568495388,0.9969600891265128,0.9906713726810594,0.987955148647837,0.9969020371530941,0.9905426114152988,0.986809497579624,0.9966094152484641,0.9905345256037625,0.9870239713929955,0.9964687536997897,0.9905267835242686,0.986570485192962,0.9965708828138682,0.9906683095287268,0.9902718312240829,0.9955963378105307,0.9905028733435687,0.9901173758878521,0.995365954644034,0.9906644739078605,0.9902718822825388,0.9952959879362829,0.9908790119461265,0.9904260999308244,0.9960175774381447,0.990866432864762,0.9906942842034432,0.9959808954963145,0.9899674042377625,0.9900670127047158,0.9946805941254463,0.9899588264695858,0.9900670326449731,0.9946124157869148,0.989954887674694,0.9903944683061848,0.9944555678382074,0.9895339619752362,0.9894854756153618,0.9942339469613094,0.9894622895758699,0.9894855651787652,0.9942382042084384,0.9895360177609315,0.9894854955434831,0.9940674089213636,0.9898604852276679,0.9896035570758582,0.9977384191208185,0.991212373917999,0.9898255190577169,0.9967589294803723,0.9899942489976653,0.9899334770949045,0.9949487191960573,0.9895110056497828,0.9896082360702566,0.9946328542600559,0.9896516509681561,0.989485134824799,0.9944424813030711,0.9910183759626948,0.9896459426093612,0.996561429359951,0.9912272230174783,0.9897187335112222,0.996763818471121,0.9985701283715045,0.9957673518795517,1.0029338655253148,40.0
0.9999969943896112,0.9999965662467,0.9999976418240052,0.9802851138033116,0.9774291502512477,0.9845231919368175,0.9948602661568241,0.9923240528442532,0.9998013010185313,0.9930077343626372,0.9909129002648428,0.9985365334226742,0.9929158459873113,0.9905844261312866,0.9986329071122697,0.992182951468087,0.9903221739904112,0.9982920329174695,0.9917792153311815,0.9904391393001752,0.9972590028612107,0.9914893882433935,0.9900758345752348,0.9970344459577192,0.9911423607773712,0.9904231334439992,0.9963696864470325,0.9912100656899836,0.989469245099529,0.9978284365987095,0.9910369313505095,0.9894729478246335,0.9978264395857666,0.990793559545496,0.9883622068049076,0.9971544065112915,0.9929150534335537,0.9903214553993976,0.9985076296600871,0.9928612427188309,0.9905844548619805,0.9987845794014045,0.9907928117562512,0.988126647930569,0.9970386719061921,0.9907920910102086,0.9879342170168531,0.9969805652693543,0.9906637418408482,0.9867902561972853,0.9966967302501357,0.990655596634138,0.9870063736869918,0.9965550532270763,0.9906479782436453,0.9865510210689188,0.996659467636507,0.9908012920481419,0.9902652053088403,0.9956758056974973,0.9906389789412055,0.99011246336296,0.9954471330739739,0.9907979137227116,0.9902652563669667,0.9953752035712045,0.9910086864132811,0.9904177602522193,0.9960955681024983,0.9909961428244913,0.990687385467857,0.9960598997690611,0.9901111490189527,0.9900669209629075,0.9947663803167642,0.9901037093890085,0.9900669409031759,0.994698832885132,0.9900986137469361,0.9903972268861346,0.9945414904822159,0.9896858220361454,0.9894889180731811,0.9943230910406091,0.9896153091075988,0.9894890076369719,0.9943282254807374,0.9896896389526131,0.9894889380013903,0.9941574553820729,0.9899766102592362,0.9895909683074314,0.9978124721614364,0.991335286476448,0.9898123066422799,0.9968326723100048,0.9901350420739363,0.989932227820028,0.995032810122198,0.989654561325254,0.9896103180690282,0.9947190219282575,0.989800359911724,0.9894885772811425,0.9945301149037851,0.9911417104259524,0.989633157300254,0.9966355863296099,0.991350537307643,0.9897055185537689,0.9968375650424097,0.9986503991238215,0.9957413766300233,1.0029717537075769,41.0
0.9999970027168436,0.9999965676315434,0.9999976465008169,0.9803365181188062,0.9774353783191229,0.9845514355193401,0.9949376501721264,0.992344404015775,0.9998532977380482,0.9930920572301377,0.9909428907522576,0.998596799282219,0.9929992495745686,0.9906174619065113,0.998698863443012,0.9922685346670651,0.9903529888354293,0.9983556205693576,0.991871561894122,0.990483251321143,0.9973213960465698,0.9915836276158718,0.9901207747871228,0.9970979612846423,0.9912441068669163,0.990482374883696,0.9964344842278713,0.9912963956632755,0.9895012606187488,0.9978957168215741,0.991123131950748,0.9895056004292084,0.9978938785342033,0.9908825575913185,0.9883932787250908,0.9972266572144369,0.9929987232854772,0.9903569273353172,0.9985776834761102,0.9929438954877052,0.9906174906381503,0.9988508770160796,0.9908818801484328,0.9881574791816838,0.9971116765111281,0.9908811928286927,0.9879650139515526,0.9970543155741103,0.9907546982304096,0.9868221157992668,0.9967788981258621,0.9907465311262664,0.9870403797763491,0.9966371718306701,0.9907391935271739,0.9865826455197054,0.9967429385939672,0.9909102205914929,0.9903367078881878,0.9957414380201306,0.9907524213037698,0.9901911842889695,0.9955133853312316,0.9909068235770877,0.9903367589500287,0.9954401631612311,0.9911132092642156,0.9904820440481849,0.9961610075955087,0.9911007386857764,0.9907532599279214,0.9961269023589059,0.9902325901737344,0.9901585388584672,0.9948349050832881,0.9902258115773793,0.9901585588006085,0.9947675273688682,0.990220096156345,0.9904925872746447,0.9946117373869151,0.9898176996539622,0.9895950806261451,0.9943918504484964,0.9897473496662849,0.9895951701996999,0.9943972783284666,0.9898231732225832,0.9895951005565313,0.9942269067035122,0.990062160883072,0.9896272877289856,0.9978797419500495,0.9914301410479681,0.9898577879139596,0.9968961888762546,0.9902547478269422,0.9900223253340243,0.9951001946680996,0.9897792372920824,0.9897123858651099,0.9947866156636228,0.9899302428445494,0.9895947397969552,0.9945981780242288,0.9912367363576521,0.9896788099681004,0.9966992562874777,0.991445765896986,0.9897510293495378,0.9969010836018014,0.9987028564168259,0.9957477887317923,1.0030006162242133,42.0
0.9999970103836737,0.9999965659769328,0.9999976402046593,0.980383774940316,0.9774227902761372,0.9845076987816336,0.9950091451259743,0.9923378080485112,0.9998197406736841,0.9931700254690782,0.9909409287376496,0.9985654052337659,0.9930774970501139,0.990615300949028,0.9986692308542994,0.9923484081185322,0.9903508897565225,0.9983253329019428,0.9919551478518381,0.9904899489680978,0.9972919361788519,0.9916693757332298,0.9901292899065682,0.9970696951746646,0.9913335114922691,0.9904976173972051,0.996407390996653,0.9913766410957349,0.9894989695680921,0.9978655576320794,0.99120327101698,0.9895039318689475,0.9978637608483935,0.9909648792001609,0.9883879011203125,0.9971966685382305,0.9930770358202162,0.9903546072137861,0.9985485567301586,0.9930222620829461,0.9906153296805918,0.998821922062318,0.9909642662678364,0.9881518216780061,0.9970823507680846,0.9909636095482887,0.9879592737749104,0.997025659511105,0.9908372757269995,0.9868117918987593,0.9967491570733045,0.990829014465534,0.9870306717817574,0.9966054499751509,0.9908218192769792,0.9865715797361558,0.9967135444290944,0.9910016365492085,0.9903584263014278,0.9957140618698367,0.9908450451522958,0.9902165308151809,0.995485816771701,0.9909984326144698,0.990358477364417,0.995412190384691,0.9912034098200186,0.9905001338431243,0.9961342329531692,0.9911910504886673,0.9907730863801012,0.9961022111440764,0.9903282141302355,0.9901900545036302,0.994808397005523,0.9903224168783964,0.9901900744464289,0.9947412743550234,0.9903157611206268,0.9905275023087826,0.9945868660576898,0.9899108755665844,0.989629915967948,0.9943624356136387,0.9898400724250631,0.9896300055447752,0.9943677672328857,0.989917127243974,0.9896299358990641,0.9941974887231171,0.9901416260845725,0.9896293390033124,0.9978494484936381,0.9915169007335062,0.9898674563418706,0.9968681987952607,0.9903478037490981,0.9900524599821795,0.9950723590349261,0.9898706836521696,0.9897470625705419,0.994757827627429,0.9900231067693378,0.989629575126306,0.9945690889279294,0.9913241141730439,0.9896890575635873,0.9966718350870795,0.9915334537315902,0.9897616009487823,0.9968730618838798,0.9987510810444638,0.9957349959493127,1.0029561009242978,43.0
0.9999970178030295,0.999996559260312,0.9999976277584106,0.9804299586237263,0.9773776541061394,0.9844236172363952,0.9950768802502028,0.9922901460247637,0.9997382009731903,0.9932388440103109,0.9908939202502787,0.9984808864700516,0.993147137184193,0.9905691347516559,0.9985878495852728,0.9924174372094946,0.9903018213757127,0.9982401851198678,0.9920243057032929,0.9904482911540214,0.9972039962903764,0.9917399565797959,0.990088930267907,0.9969818532033002,0.9914043039965096,0.990460814604676,0.9963175833102637,0.9914437134402283,0.9894469298339232,0.9977783269178492,0.9912698454801032,0.9894519322982647,0.9977765437442034,0.9910321240665761,0.988331788193145,0.9971062809866027,0.9931467875331895,0.9903091148395103,0.9984687909149378,0.9930923117576433,0.9905691634818756,0.9987412117574938,0.9910315395739528,0.9880951588225729,0.9969920780354758,0.9910308959451806,0.9879022281499422,0.996935606638444,0.9909060404547971,0.9867488632074461,0.9966565884750683,0.9908976980711323,0.9869684143165267,0.9965111939208652,0.990890795065247,0.986507656322405,0.9966209599310927,0.9910728403402199,0.9903256691828288,0.9956226763729833,0.9909166482849776,0.9901862011422378,0.9953940385115512,0.9910695921790671,0.99032572024415,0.9953200180300228,0.9912743514616552,0.9904649487410019,0.9960437370086859,0.9912619500963439,0.9907382010202331,0.9960113181624811,0.9903989139685948,0.9901643082028458,0.9947153682963746,0.990393013890611,0.9901643281451447,0.9946476869218495,0.9903865223279334,0.9905052249697351,0.9944959312477287,0.989985698398895,0.9896066689545808,0.9942698990467362,0.9899155359062393,0.9896067585294056,0.99427557270121,0.9899928253972925,0.9896066888852526,0.9941049376389034,0.9902045290917442,0.9895767578128979,0.9977622176043172,0.9915879086125274,0.989827965301752,0.9967799944260385,0.9904187463508964,0.9900253043156855,0.9949799330987505,0.9899409539633489,0.9897226128630822,0.9946651971704007,0.9900964320335783,0.9896063281205593,0.9944764835232958,0.9913947968763882,0.9896492212947069,0.9965833206604503,0.9916057720533369,0.9897236187249422,0.9967848025300728,0.9987982011784485,0.9956890094022736,1.0028704575464338,44.0
0.9999970128196043,0.9999965564678348,0.9999976202829927,0.9803945079571246,0.9773575328011915,0.9843731448130343,0.9950495062778278,0.9922751476687623,0.9996894130622794,0.9932146363223845,0.9908835945567614,0.998432835656982,0.9931241724714542,0.9905589554843571,0.9985421082615068,0.9923954368385799,0.9902920160645782,0.9981935022799098,0.9920002627809823,0.990445752654219,0.9971555161077164,0.9917181550082975,0.9900880476006804,0.9969346892964841,0.9913811281498724,0.9904664917202761,0.996268603662822,0.9914238004815624,0.989437883062538,0.9977331298234514,0.991249849634044,0.9894436001829908,0.9977314212385437,0.9910168480542357,0.9883206435142039,0.9970631538314296,0.9931238794016046,0.9902990527065175,0.998423877502304,0.9930700506367546,0.9905589842142687,0.9986962352294338,0.9910162509933158,0.9880831923712649,0.99694843856522,0.9910156005911295,0.9878895704692711,0.9968916653506513,0.9908924990028011,0.9867370265194105,0.9966193576406324,0.9908841296577394,0.9869580860653203,0.9964736890933922,0.9908774841355662,0.9864954919380793,0.9965845430866872,0.991049613700523,0.9903373864346663,0.9955717319319858,0.9908934408395944,0.9902012206500653,0.9953417624457346,0.9910464143633413,0.9903374374966213,0.9952683159488401,0.9912511909479559,0.9904733632751632,0.9959946117775866,0.9912389622984562,0.9907486334714911,0.9959651672171507,0.9903727615791488,0.9901849780062308,0.9946582435792628,0.9903661772968956,0.9901849979489683,0.9945895716816342,0.9903603529127707,0.9905277533056462,0.9944388671981662,0.9899629399276739,0.9896327869922319,0.9942130013098907,0.9898934067378785,0.9896328765695424,0.9942189530429081,0.9899701339825343,0.9896328069234586,0.9940474377225944,0.9901837937448011,0.989572155110923,0.9977169237821862,0.9915669311274912,0.9898281034949156,0.9967331317973551,0.990394380333591,0.9900452193676459,0.9949253597860018,0.9899156369282451,0.9897475611749829,0.9946093565487856,0.9900731507684134,0.989632446148751,0.9944200911660328,0.9913744668419608,0.9896499783409561,0.996537036509183,0.9915855898606891,0.9897245553139001,0.9967379114696068,0.9987621138406532,0.9956685392571525,1.0028190516691893,45.0
0.9999970049840975,0.9999965501553605,0.9999976181283772,0.9803409096439131,0.9773139516586337,0.9843579190811647,0.9949978882990628,0.9922348293495086,0.9996803144335262,0.993162399820713,0.9908447374940845,0.9984258860680765,0.9930742149569013,0.9905208699734033,0.9985387150812745,0.99234271650451,0.990252712420287,0.9981880745948613,0.9919460863170794,0.9904119586383292,0.9971482641322607,0.991663356769714,0.9900532405632433,0.9969273005603935,0.9913286772185405,0.9904418436490586,0.9962624245425363,0.9913701551874787,0.9893979429545913,0.997729886875311,0.9911956800006824,0.9894036316617351,0.9977281301922598,0.990965047449365,0.9882805375525016,0.997063654280882,0.9930740314757562,0.990261584436037,0.9984218691865153,0.9930213785888404,0.9905208987021954,0.9986939371799521,0.9909644745954396,0.9880426575038606,0.996949047778948,0.9909638353859022,0.9878487472125558,0.9968924643104506,0.9908435227775985,0.9866997770039768,0.9966307145610711,0.9908351390312805,0.9869223854976675,0.9964850530333678,0.99082887859808,0.9864583714347075,0.9965973163894934,0.990997719037211,0.9903195616209051,0.9955647887301792,0.9908416898260967,0.9901871711858534,0.9953340426267002,0.9909949750955628,0.9903196126819748,0.9952609414770974,0.9911989916680024,0.9904517625432518,0.9959887856853261,0.9911869496942672,0.9907290929002349,0.9959624946959875,0.9903206275300382,0.9901787205631044,0.994649561159686,0.9903141376335515,0.9901787405057427,0.9945804510348039,0.9903083441719105,0.9905258141166505,0.9944339243326715,0.9899077100813818,0.9896317112860253,0.9941993355001647,0.9898384421927889,0.9896318008633778,0.9942053709061205,0.9899141224016322,0.9896317312172632,0.9940326445409885,0.9901264226474633,0.9895322506454876,0.9977136052615718,0.9915116260021057,0.9897926054993677,0.9967254509387283,0.9903419503846388,0.9900372071725836,0.994916298248812,0.9898606174820288,0.9897453633328209,0.9945979888590163,0.9900187512493188,0.9896313704423855,0.9944075513443297,0.991318785085831,0.9896141372640318,0.9965289903258775,0.9915301802472039,0.9896886090336681,0.9967302493775857,0.9987075171388866,0.9956241646355127,1.0028035694573683,46.0
0.9999969985957765,0.9999965395955218,0.9999976153685713,0.9802977179530252,0.9772431180609642,0.9843388621828036,0.9949537869084936,0.9921601796182772,0.9996652568315098,0.9931193965436046,0.9907681795802208,0.998410952681614,0.9930308085146643,0.9904437523582241,0.9985239276267273,0.9923008613761916,0.9901758959031343,0.9981736468283509,0.9919034968243038,0.9903350947501929,0.9971344128460461,0.9916221378818374,0.989977414111822,0.9969139432531352,0.9912859650667368,0.9903655509689798,0.9962509481302955,0.9913282905369174,0.9893207581670235,0.9977154952171438,0.9911535485741891,0.9893267787879743,0.9977137072688077,0.9909252984798064,0.9882015325172073,0.9970496445698848,0.9930305692018968,0.9901840190732891,0.9984071015156523,0.9929777722350912,0.990443781084771,0.9986792225802857,0.9909247357164996,0.9879631754162035,0.9969349651941307,0.9909241008970429,0.9877689060274629,0.9968784137137205,0.9908047327321988,0.9866191386165689,0.9966193676421196,0.9907963369399301,0.9868431668447818,0.9964737221359113,0.9907902155509717,0.9863772963115383,0.9965863155778772,0.99095217260313,0.9902428068158999,0.9955529489692194,0.9907944030201834,0.9901097645479612,0.9953217917140535,0.9909495250228512,0.9902428578730371,0.9952485234597035,0.991155223802031,0.9903756590195381,0.9959777427696694,0.9911433503331732,0.9906547761103631,0.9959542462547497,0.9902699751043137,0.9901019974409283,0.9946363177057372,0.9902634552758869,0.9901020173820377,0.9945667688163252,0.9902577636224625,0.9904522581482551,0.9944229449916017,0.9898509468750638,0.9895504479243189,0.9941835380730063,0.9897813895911878,0.9895505374943983,0.9941893962625785,0.989857437418385,0.9895504678539382,0.9940163784685655,0.990082860831859,0.9894577782952554,0.9976990654744646,0.9914706507144722,0.9897174238696796,0.9967119393621647,0.9902913469415875,0.989959197249878,0.9949032763817321,0.9898046360090407,0.9896658398417646,0.9945836568985076,0.9899623380654821,0.9895501071083533,0.9943925547602672,0.9912777305942135,0.9895389036978256,0.9965154094267619,0.9914901000107516,0.9896144779923493,0.9967166989808548,0.9986635103697293,0.9955519972336675,1.0027841757639862,47.0
0.9999969962267267,0.9999965293660663,0.9999976115203739,0.9802809433012916,0.9771747053275418,0.9843124559368409,0.9949406646366541,0.9920870922457043,0.9996432265176535,0.9931004916171641,0.9906923625933132,0.9983872124635557,0.9930100556954994,0.9903679180997593,0.9984998342185382,0.9922811534926248,0.9901002101706786,0.9981498322049988,0.9918804846081707,0.9902570116884324,0.9971092863420636,0.9915983138538957,0.9898983820288328,0.9968884327411904,0.991260777433853,0.9902881446334026,0.9962258902294997,0.9913079095801157,0.9892452674227739,0.997691888100573,0.9911329536218,0.9892516898323142,0.997690137028282,0.9909057079459456,0.98812470909051,0.9970262832399374,0.9930098195085918,0.9901081710104443,0.9983834730653022,0.9929559083203062,0.9903679468240996,0.9986545687438628,0.9909051509623822,0.9878859064921837,0.9969114936708229,0.9909045184967357,0.9876912927243461,0.9968549330760879,0.9907860646184734,0.9865416376427293,0.9965993279103739,0.9907775155503248,0.9867643456837965,0.9964499733167921,0.9907716919689751,0.9862999160885002,0.9965672957694215,0.9909247746186176,0.990165421227054,0.9955272009516831,0.990765457281366,0.9900321746094707,0.9952955303090646,0.9909225541669759,0.9901654722802208,0.9952224946105123,0.9911292059417206,0.9902984773026697,0.9959527522220457,0.9911174304626483,0.9905786490977084,0.995930877875346,0.9902378412681655,0.9900244226035705,0.994608921834712,0.9902314272544074,0.990024442543131,0.9945391027518641,0.9902256582253339,0.9903769565425645,0.994396649709463,0.9898156958886771,0.9894697901221723,0.9941551659005222,0.989745653677584,0.989469879685023,0.9941607621461429,0.9898230406078007,0.9894698100501824,0.9939881311048943,0.9900605846222282,0.9893843658624929,0.9976754056767243,0.9914462176971403,0.9896377509028346,0.9966860268454667,0.9902589267050041,0.989880698984676,0.9948761363899314,0.9897681657233602,0.989585680912662,0.9945559381871085,0.9899266967154424,0.9894694493337115,0.9943645361959745,0.9912527400087112,0.989458707396272,0.99648898268724,0.991465571007806,0.9895344541321189,0.9966908011830271,0.9986464309526802,0.9954822914916874,1.0027572955097583,48.0
0.9999969887929538,0.9999965228381841,0.9999976139359465,0.9802308793698468,0.9771300384504429,0.9843277157442712,0.9948885283748228,0.9920443309186749,0.999666667065359,0.9930449031409558,0.9906512873261221,0.9984135859604883,0.9929545646150901,0.9903277743456549,0.9985278849175923,0.9922245532787378,0.9900601227537063,0.9981778548476291,0.991822427680856,0.9902186459085648,0.9971361957735005,0.9915417049518608,0.9898614066675091,0.9969163971981525,0.9912003801764643,0.9902529183520005,0.9962528568442968,0.9912503864505107,0.9892066150326004,0.9977226266775137,0.991075180868352,0.98921329959985,0.997720874874343,0.9908486427507767,0.9880873249940746,0.9970613106287164,0.9929544835879341,0.9900687724736381,0.9984126991935167,0.9929003593672562,0.9903278030688204,0.9986827442304087,0.9908481146314734,0.9878483717292188,0.9969468095301376,0.9908474958449128,0.9876537057242435,0.9968905467206206,0.9907294401887927,0.9865092296861739,0.9966443793225772,0.9907208955267593,0.9867334266135996,0.996495435906364,0.9907151243532188,0.986267923045223,0.9966135901513994,0.9908618608772243,0.9901324836744082,0.9955534982746087,0.9907012829866156,0.9900004797246611,0.9953215811536555,0.9908592497883982,0.9901325347258967,0.9952480291391482,0.9910678565866972,0.9902642965597733,0.9959797269867654,0.9910561594142197,0.9905452725814459,0.9959591474015248,0.9901697747484455,0.9899960021256711,0.9946349133154473,0.9901629835996905,0.9899960220646761,0.994564563051909,0.9901577405538258,0.9903528329626274,0.9944268848437104,0.989749784507533,0.9894405111650223,0.9941807250583892,0.9896804140479699,0.9894406007253079,0.9941866147776132,0.9897575117065804,0.9894405310924621,0.9940135600029948,0.9900010893195414,0.9893472070455807,0.9977060785264736,0.9913902212737622,0.9896016006619861,0.9967143562725255,0.9901917805740825,0.9898505322892162,0.9949017856725632,0.9896995114100282,0.9895562120354441,0.9945814607911395,0.9898597752813932,0.9894401703863218,0.9943900795572564,0.991197412775709,0.9894232379520627,0.9965179363012094,0.9914098168538681,0.9894984626438056,0.9967191254269442,0.9985954208452279,0.9954368043987845,1.0027728759886056,49.0
0.9999969866024743,0.9999965187457224,0.9999976116648519,0.9802151335590046,0.9771020071847839,0.9843119595339399,0.994877366836886,0.9920175939341807,0.9996551703247207,0.9930340256536986,0.9906252703090133,0.9984033716771962,0.9929462505556327,0.9903025779362163,0.9985207546780566,0.9922130476259463,0.9900336727619401,0.9981686982127874,0.9918106438833725,0.9901955531582615,0.9971249211125189,0.9915304173095458,0.9898387826865997,0.9969054172112894,0.9911889765113792,0.9902336044776683,0.9962411180882272,0.9912381245818,0.9891795452336622,0.9977151489718419,0.9910624401138064,0.9891860881033658,0.997713402755473,0.9908379829546831,0.9880606023378357,0.9970564198322505,0.9929462888915827,0.9900442325563831,0.9984065422271822,0.9928934940628251,0.9903026066586438,0.9986767343262339,0.9908374667147009,0.9878214296684794,0.9969419711902214,0.990836853410251,0.9876266145513548,0.9968858024235192,0.9907208759209285,0.9864849674235839,0.9966462697600601,0.99071230794146,0.9867100249368971,0.9964969842418722,0.9907068371033217,0.9862438464309788,0.996616419866111,0.9908510822369594,0.9901161943985534,0.9955412531973891,0.9906905503904173,0.9899859556931775,0.9953089681057656,0.9908491402170174,0.9901162454492175,0.9952357951993513,0.9910567017173508,0.9902462416898038,0.995967940020777,0.9910450471675103,0.9905276833333302,0.9959480744572897,0.9901581941637942,0.9899845353656075,0.994621051840883,0.9901513131356479,0.9899845553043946,0.9945504182370173,0.9901461588666195,0.9903427004149848,0.9944132906859378,0.989739207112419,0.9894321611269653,0.9941665239912949,0.9896700024314381,0.989432250686572,0.9941724741653413,0.9897472414291084,0.9894321810542549,0.993999239615288,0.9899854626810647,0.9893191203167156,0.9976986206087467,0.9913790310426086,0.9895792456415452,0.99670333980087,0.990180434320877,0.9898385236477687,0.9948885526710075,0.9896869480843675,0.9895466891751842,0.994567680103295,0.9898487643206827,0.9894318203508485,0.9943760590744533,0.9911862626452254,0.989400928982122,0.9965069530810402,0.991398897229764,0.989476332060147,0.9967081013558826,0.9985793948370237,0.995408258869311,1.0027568436966923,50.0
0.999996986010091,0.9999965125505307,0.9999976123751787,0.9802103738355964,0.9770602114230358,0.9843158423422504,0.9948765306596548,0.991974837864848,0.9996666003207381,0.9930358622404162,0.9905819840185922,0.9984178119654458,0.9929484628707603,0.9902590850492762,0.9985355538372506,0.9922188281134989,0.9899917236206253,0.9981869776935628,0.9918091738396305,0.9901512789828193,0.9971387477954611,0.9915279458653609,0.989794170054893,0.9969185765281676,0.9911863650045047,0.9901900143600487,0.9962555544895718,0.9912476673618696,0.9891395342887024,0.9977381696955291,0.9910718374595461,0.9891464048797156,0.9977364914866989,0.9908545611791747,0.9880222032233077,0.9970864326538019,0.9929484761682615,0.9900005744007359,0.9984212343756342,0.9928959507030146,0.9902591137704345,0.998691829075426,0.9908540577113164,0.987782909179363,0.9969721000596449,0.9908534504016525,0.9875880270852802,0.9969160635379626,0.9907389259808562,0.9864518203638286,0.9966858554272011,0.9907303101048115,0.9866770892062467,0.9965355283359912,0.9907250867066965,0.9862113518964758,0.9966574188725319,0.9908491658561163,0.9900726840581183,0.99555625211842,0.9906886847898594,0.9899422975117557,0.995324010437595,0.9908479202477212,0.990072735106549,0.9952508942008996,0.9910543790403803,0.990202878916527,0.9959829354796227,0.991042829843096,0.9904852782480839,0.9959647400776367,0.9901591464911839,0.9899418447887857,0.9946370320722618,0.9901532672316998,0.9899418647267209,0.9945668869786705,0.9901470712384415,0.9903004869434114,0.9944284607443271,0.9897373282134772,0.9893889229589433,0.9941813544697383,0.9896682624887826,0.9893890125146826,0.9941873461029566,0.9897458192369503,0.9893889428853723,0.994014108680668,0.9899938592148398,0.9892808814495294,0.997721636496326,0.9913762533333139,0.9895344000762536,0.9967162229706907,0.9901787982879304,0.9897956396067683,0.9949035919489604,0.9896839029473058,0.9895044959859637,0.994582517861176,0.9898462875133835,0.9893885821975426,0.9943909345713673,0.9911831162021711,0.9893557452585533,0.9965195005931863,0.9913963656923488,0.9894316869011616,0.99672097776183,0.9985745576846823,0.9953656823334247,1.0027608296886696,51.0
0.999996973762238,0.9999965148214163,0.999997615323781,0.9801289944434012,0.9770738810050789,0.9843355813621713,0.9947858720334358,0.9919968684250456,0.9996873097963664,0.9929435293775394,0.9906093131699142,0.9984410368376649,0.9928536823935357,0.9902885131579016,0.9985604974692002,0.9921281056604362,0.9900205393492314,0.9982131703822162,0.9917142792064004,0.9901847586485757,0.9971590164862899,0.991433285337227,0.9898279789013327,0.996939008211637,0.9910914156451217,0.9902301699086273,0.9962728454323052,0.9911589427820114,0.9891705040515771,0.9977685884910132,0.9909829902813647,0.9891776535488103,0.9977669829951115,0.9907699363750101,0.9880553197503177,0.9971229973472835,0.9928537347172316,0.990031681678463,0.9984486847239433,0.9927996723555973,0.9902885418799066,0.998715924013308,0.9907694406581896,0.987815941754347,0.9970087074928206,0.9907688369920995,0.987621012537871,0.996952728404706,0.9906571438748688,0.9864913727001455,0.9967339702688608,0.9906485621762935,0.9867182203466186,0.9965847678679954,0.9906436700019733,0.9862514952063892,0.9967068630393957,0.9907563618768531,0.9901187356243903,0.9955723056586527,0.9905968161381765,0.9899920198068813,0.9953394198228147,0.9907558735628004,0.9901187866752033,0.9952670693693297,0.9909602477407622,0.9902452595376063,0.9959996604061239,0.9909486664902766,0.9905274507797567,0.9959810256158838,0.9900678281449972,0.9899975239513242,0.994650655208132,0.9900618190620122,0.9899975438903919,0.9945802660422329,0.9900557345816327,0.9903569692087342,0.9944419184738584,0.9896480609353988,0.9894522685300811,0.99419369202716,0.9895790681842732,0.989452358091623,0.994199690149654,0.9896564387042776,0.9894522884578034,0.9940261021614673,0.9899044079770635,0.9893136318908536,0.9977520642356439,0.9912816746592531,0.9895683902044808,0.9967366343809595,0.9900878251242434,0.9898509926838717,0.9949179171906833,0.9895935221552644,0.989566025030642,0.9945957472965676,0.989757155031469,0.9894519277466006,0.994403665107273,0.9910886061902996,0.989389822486084,0.9965399436278115,0.9913018858309859,0.9894656831360402,0.9967413893452726,0.9984916238858379,0.9953796462110042,1.0027809455069685,52.0
0.9999970059797114,0.9999965140870805,0.9999976897198689,0.9803465719360777,0.9770672541814378,0.9848257343596309,0.9950102508986667,0.991998241500376,1.0002602370399887,0.9931636748711548,0.9906168592487682,0.9990422437624653,0.9930715652466904,0.9902931300243457,0.9991650933721383,0.9923469403041336,0.9900325195472182,0.9988213455973283,0.991928731430016,0.9901976371662681,0.9977804121843693,0.991651299661056,0.9898432067997018,0.9975606790177092,0.9912928906664219,0.9902470566738755,0.9969085012938996,0.9913751889563346,0.989188889349843,0.9983845473132743,0.9911986767724793,0.9891961052140487,0.9983829711258645,0.9909856430156575,0.9880839739926781,0.9977509347963612,0.9930714270394789,0.9900339552066723,0.9990542833831041,0.9930163416757947,0.9902931587464526,0.9993218020644894,0.9909851105924051,0.9878462659159102,0.9976370189091552,0.9909844908584021,0.9876526203299797,0.9975810376851164,0.9908708945846005,0.9865351888873745,0.9973655587434915,0.9908623245999437,0.9867630914933712,0.9972167215697437,0.9908571636047341,0.9862971215747524,0.9973388646702799,0.9909467099383388,0.9901392825359164,0.9962220847877582,0.9907800719989106,0.9900148918952569,0.9959978041394673,0.9909466054576108,0.9901393335878558,0.9959173754984094,0.9911574340142785,0.990263478763498,0.9966405779791576,0.9911458064154562,0.9905452980691748,0.9966211140038966,0.9902349898915521,0.9900248681856908,0.9953451137461196,0.9902272966028671,0.9900248881253678,0.9952824675879952,0.9902229709930213,0.9903867305946655,0.9951383681521125,0.9898081062049807,0.9894823929866505,0.9948661177016581,0.9897395080665663,0.9894824825512826,0.9948724449276694,0.9898171666929121,0.9894824129150592,0.9946983766253729,0.9901179035199563,0.9893327449706145,0.9983680146573527,0.9915025018064892,0.9895859891511597,0.9973609514777848,0.9902593287852045,0.9898773547399489,0.9955914369675251,0.9897507891389795,0.9895957603175226,0.9952683659523734,0.9899161915802156,0.9894820521914126,0.9950761783472819,0.9913112938931068,0.989409284351307,0.9971663968673076,0.9915233087313473,0.9894839696276629,0.9973656802648322,0.9987133003102489,0.9953729350352694,1.0032805670611047,53.0
0.9999970750297239,0.9999965125409666,0.9999978317408565,0.9808124050849623,0.9770543747797538,0.9857613113867418,0.9954947316008491,0.9919971765175364,1.0013547550966972,0.9936430893622122,0.9906251311449235,1.000190659675459,0.9935498101803407,0.9902956092950997,1.0003216314128274,0.9928275220768791,0.9900483020657372,0.9999837066460874,0.992391409789205,0.9902132236874371,0.9989666117250406,0.9921187735928232,0.9898615882648282,0.9987456901342696,0.9917265245973373,0.9902686040056867,0.9981215423468585,0.9918541142639149,0.9892155167845689,0.9995616742727865,0.991676626771862,0.9892226345525666,0.999560166305438,0.991467719098504,0.9881290534445331,0.9989506656776946,0.993549276810204,0.9900318004964413,1.0002125787860352,0.9934941835908581,0.9902956380172253,1.00048189675374,0.9914670646174563,0.9878942154884033,0.99883670700174,0.9914663890304418,0.9877026448414709,0.9987800890781644,0.9913507258549802,0.9866069813402377,0.9985697156168767,0.9913421728690971,0.9868359453605137,0.9984212302858012,0.9913366991265686,0.9863722287281192,0.9985435333649715,0.9913565997323108,0.9901657732606794,0.9974612272444032,0.9911754096680221,0.990044341468761,0.9972525077729003,0.9913562054469511,0.990165824314107,0.9971571819120832,0.9915819445219967,0.9902870067547147,0.9978637420166283,0.9915703560766422,0.990569204529404,0.9978446903864682,0.9905957471424602,0.9900587316906564,0.9966641322369774,0.990583965437915,0.9900587516311173,0.9966157490671247,0.9905837215265033,0.990421404652984,0.9964570208098009,0.9901579530152842,0.9895226174560614,0.9961467266118269,0.9900901459028874,0.9895227070249809,0.9961537261524851,0.9901679558302503,0.9895226373854216,0.995978696013999,0.9905917871553764,0.9893585961028885,0.9995452201467893,0.9919744134066246,0.9896078927443922,0.9985502586023521,0.9906307084803926,0.9899108892498876,0.9968735249273604,0.9900956071081074,0.9896336935227328,0.9965491650585685,0.9902644324868731,0.9895222766445084,0.9963568096779404,0.9917855460857335,0.989433535619493,0.99835865354892,0.9919956775787252,0.9895063123227641,0.998554970383998,0.9991879226148218,0.9953598736216155,1.0042342181169346,54.0
0.9999971381337427,0.9999965120084033,0.9999979619720616,0.9812371972271635,0.9770476045843803,0.9866186682315986,0.9959427449391074,0.9920065613765561,1.0023628619833755,0.9940884187843635,0.990646723606815,1.0012492958011434,0.9939942109535902,0.9903118307543319,1.0013876064455176,0.9932729993698205,0.9900775084819653,1.0010544477958156,0.9928261903180398,0.9902456113349737,1.0000625286013447,0.9925603539295413,0.9898983967774233,0.999842328501337,0.9921373019299288,0.9903093216174974,0.999243544826771,0.9922982264421606,0.9892557185597104,1.0006459810606558,0.9921199998589926,0.9892629423507573,1.0006444850751153,0.9919143096439783,0.9881866281528768,1.000056059972979,0.9939932659348886,0.9900437253243798,1.0012800919818678,0.9939383380680875,0.9903118594768746,1.0015511227917226,0.9919135643525855,0.987954556875832,0.9999423676349568,0.9919128477810814,0.9877650439165715,0.999885419766805,0.99179483027056,0.9866899341272655,0.9996803075292613,0.9917862673091585,0.9869193923589901,0.999531478578069,0.9917804806252521,0.9864584120548855,0.999654848568648,0.9917464680459966,0.9902129531856072,0.9986069639523807,0.99155258456064,0.9900952096094034,0.9984121356703579,0.9917455923730014,0.9902130042415889,0.9983032707080787,0.9919847123300184,0.9903304955257142,0.9989953367488585,0.9919732786574192,0.9906140786390586,0.9989785485043164,0.9909442128375572,0.9901163926671227,0.9978828429743979,0.9909293079692966,0.9901164126088445,0.9978475520379922,0.9909322532797813,0.9904811323269426,0.9976772894288075,0.9904909404946537,0.9895878111024402,0.9973260203906315,0.9904230265269568,0.9895879006778773,0.9973331667582148,0.9905013121871493,0.9895878310332487,0.9971572694545097,0.9910321911549954,0.9893993911142965,1.0006295061999768,0.9924211191977304,0.9896490501113061,0.9996516285918174,0.9909872612845888,0.9899677104998089,0.9980575683462195,0.9904269266655261,0.9896967862431485,0.9977304458690318,0.9905973987951037,0.989587470266088,0.9975370297810238,0.9922356881672101,0.989478071007988,0.9994639153761239,0.9924432489918327,0.989548512877089,0.9996563003063912,0.9996207514418246,0.9953530558527749,1.0051081582558126,55.0
0.9999971729959276,0.9999965153218142,0.9999980685567217,0.9814747069485983,0.9770664932015923,0.9873215179577666,0.9961802396815138,0.9920440462409876,1.0031793818133294,0.9943174168510828,0.9906974468601909,1.0021021218760058,0.9942218708812461,0.9903579247219844,1.0022464479714952,0.9935011626536346,0.9901370133739115,1.0019151096801087,0.9930416546745129,0.9903057658447517,1.0009418290226098,0.9927810906121408,0.9899618132367045,1.000721384698563,0.9923300082677087,0.9903775430275009,1.000141170081101,0.9925254459346782,0.9893279042896959,1.0015159234469446,0.9923471490190039,0.9893361490239668,1.0015143546642866,0.9921418499075082,0.9882734852967676,1.0009410973492079,0.9942205426919207,0.9900861160777733,1.0021405627976965,0.9941654841969364,0.9903579534458155,1.0024123528205318,0.9921410421220874,0.9880440406402508,1.0008278916952376,0.9921402980277864,0.9878565306443174,1.0007708468274978,0.992019805679417,0.9867966334260161,1.000565018735951,0.9920112105409921,0.9870261064622489,1.0004153443345583,0.9920051264242359,0.9865676954791472,1.0005396431724876,0.9919191048782572,0.990287657408663,0.9995223651558082,0.9917126685864073,0.9901737100108825,0.9993380635027072,0.9919185409764157,0.9902877084686063,0.999218961838195,0.9921697201311581,0.9904014013913435,0.9999001005586446,0.9921583849679828,0.9906859103143223,0.9998847855703962,0.9910751091605403,0.9902014780305347,0.9988562298125288,0.9910568579007772,0.990201497974061,0.9988318204533516,0.9910632096026794,0.9905680971133506,0.9986522098253116,0.9906074809415317,0.9896796701653379,0.9982622562297268,0.9905394569046287,0.9896797597496519,0.9982692804317962,0.9906179887664621,0.9896796900981204,0.9980921404252443,0.9912608880922812,0.9894796376996307,1.0014990986218186,0.9926460501083016,0.989715931350396,1.0005346326319575,0.9911268307449822,0.9900520321986032,0.9990020461396703,0.9905430496249379,0.9897872803986552,0.9986706392224588,0.9907143284905394,0.9896793292952089,0.9984751994078764,0.9924632943518562,0.9895475568732574,1.0003499632902524,0.9926684760592229,0.9896156245387561,1.0005392951060783,0.9998627121810376,0.9953723851761948,1.0058245692463104,56.0
0.9999971903361163,0.9999965098886126,0.9999981434713258,0.9815950977518878,0.9770284926607395,0.9878158090866658,0.9962905420857122,0.9920127709945689,1.00375198652275,0.9944137384519303,0.9906714846890347,1.0026978743842112,0.9943174119065146,0.9903270363163098,1.0028454898063597,0.9935950140609651,0.9901179589336014,1.002517089222943,0.9931207204901026,0.9902817986924319,1.001552614301468,0.9928651714314912,0.9899403616993508,1.001331998854729,0.9923839915927898,0.9903551120995904,1.0007616933085093,0.99261628861664,0.9893188274796303,1.0021263829205094,0.9924374100188154,0.9893274298466588,1.0021247923790588,0.9922320867796027,0.9882787934573983,1.0015650107590246,0.9943156508147699,0.9900512869056823,1.0027402322047116,0.9942608825320838,0.9903270650392016,1.0030128986377642,0.9922311962770028,0.98805143601714,1.0014517878290217,0.9922304145096694,0.9878654424251071,1.001394292931871,0.9921078263318991,0.9868239666519538,1.0011937145474394,0.9920992197802105,0.9870537112871539,1.0010437481796883,0.9920928597133665,0.9865978575979382,1.0011690021260962,0.9919518143602356,0.9902660698229243,1.000154509529917,0.9917324394435321,0.9901524559810739,0.9999775511381352,0.9919511455891783,0.9902661208818511,0.9998503410790397,0.9922155414586821,0.9903794786755248,1.00052539698182,0.9922043042224841,0.9906648792845134,1.0005115636563477,0.9910691531273187,0.9901819403657436,0.9995334071280287,0.9910487647244707,0.9901819603089538,0.9995184629324643,0.9910572730486048,0.9905495641637402,0.9993298862706343,0.9905834520026656,0.9896604007986978,0.9989027186857398,0.9905155613616933,0.9896604903817531,0.9989093175232943,0.9905942877175252,0.9896604207311969,0.998730605963899,0.9913493464634134,0.9894735608728404,1.0021094218727644,0.9927336824199495,0.9896972969933893,1.0011488313046655,0.9911264223807361,0.9900320864570897,0.999654416738859,0.9905191013532818,0.9897685550916003,0.9993172524961861,0.99069043688821,0.9896600599333587,0.9991187547112372,0.9925533873530765,0.989531280425315,1.0009669222641209,0.9927557852013075,0.9895963549095865,1.001153517778913,0.9999853227482971,0.9953337114882647,1.006328394193905,57.0
0.9999971907559078,0.9999965024340662,0.9999981870485948,0.9816007233924641,0.976977058048683,0.9881033155845168,0.9962837113920064,0.9919666704750418,1.0040863673392546,0.9943930062536487,0.990632186568437,1.0030424141617802,0.994296221446065,0.9902838887174354,1.0031926736781416,0.9935730032234361,0.9900849025411516,1.0028659803184896,0.993082628891693,0.9902473503367699,1.0019002837058197,0.9928319193410361,0.9899087838510139,1.00167892497105,0.9923251514687164,0.9903249533555627,1.0011111198531655,0.9925918439771566,0.9892947881039386,1.0024818838351393,0.9924123421932045,0.9893038137797007,1.002480343497071,0.9922082312749153,0.988267438835811,1.001930668568517,0.9942939642888817,0.9900050600079955,1.0030888701756782,0.9942397893803577,0.9902839174390342,1.0033605792691969,0.9922072583772339,0.9880418100702152,1.001817239253762,0.9922064387830754,0.9878570367671912,1.0017591943094686,0.992082688938632,0.9868324096731922,1.0015634801038917,0.9920740480126131,0.9870619083388145,1.0014126576625892,0.9920675604932729,0.9866089209016619,1.0015394330452463,0.9918749911484713,0.9902391394627285,1.0005093681008257,0.9916446351070446,0.9901273263669488,1.000336364997413,0.9918745329054633,0.9902391905203621,1.0002038013195702,0.992149804938182,0.990350746490649,1.0008772342954613,0.9921386681787076,0.9906370446322498,1.0008649693142406,0.9909609972869796,0.9901616957751374,0.9999191908408832,0.990938992033291,0.9901617157180173,0.9999119094265293,0.990949127251429,0.9905300970154205,0.9997160106904154,0.9904603610320004,0.9896463604955303,0.9992511896433659,0.9903930598728824,0.9896464500777967,0.9992571451179093,0.9904713310644119,0.989646380427852,0.9990761032587292,0.9913220230132253,0.9894524787231255,1.0024648569494568,0.9927036917242585,0.9896686432274302,1.001498883975856,0.9910224665719627,0.9900115261232053,1.00002014371955,0.990395158776221,0.9897530033854645,0.9996747971100894,0.9905674942974598,0.9896460196331931,0.9994717141246552,0.99252556216462,0.9895046447264388,1.0013193638323115,0.9927264762213692,0.9895685689215726,1.0015035369440402,0.9999910099585645,0.9952813475168153,1.0066214552132515,58.0
0.9999971678683103,0.9999965004363098,0.9999982028939601,0.9814495825188786,0.9769615239917853,0.9882084816797458,0.9961094953771567,0.9919627777782014,1.0042041848149117,0.994202541689951,0.9906339714159912,1.0031563968914332,0.994105745368351,0.9902826703269757,1.0033083236214955,0.993382467212741,0.9900914724595388,1.0029821345354288,0.9928708217686985,0.9902541023164364,1.0020048389922243,0.9926245730776634,0.9899184263386619,1.0017824999341838,0.9920923517298273,0.9903358956513685,1.0012073061231044,0.9923988213351096,0.9893082708023587,1.002601821377773,0.9922185599147765,0.9893175390902571,1.0026003214909884,0.9920163712565271,0.9882914242993212,1.0020564333450763,0.9941030362120618,0.9900014393482286,1.0032063518570409,0.9940496449075995,0.9902826990485022,1.0034758564655424,0.9920153740576976,0.9880676820541511,1.0019435123889977,0.9920145446130353,0.9878843799569639,1.0018855445222916,0.9918901090066686,0.9868708045833753,1.001687905717277,0.9918815079128698,0.987101351672357,1.0015382351978133,0.9918748803627211,0.9866490286713814,1.0016634977643712,0.9916230336060495,0.9902536309908007,1.0006032807609238,0.9913806972519134,0.9901439723658911,1.0004300588509731,0.9916234713404941,0.9902536820492692,1.0002959782738583,0.9919096383892094,0.9903630828841715,1.0009725995035221,0.9918985137454086,0.9906495197956403,1.0009605956379395,0.9906719773659497,0.9901832206697125,1.0000254047645782,0.9906472323499552,0.9901832406130974,1.0000231405669915,0.9906600839034334,0.9905517688856481,0.9998218415798973,0.9901599950881088,0.9896743116727929,0.9993224310141862,0.9900929133861489,0.9896744012580354,0.9993271962498305,0.9901713678413768,0.9896743316057757,0.9991437818820318,0.9911250024899646,0.9894675726007458,1.0025847649093487,0.9924993817592825,0.9896810836103656,1.001605407733907,0.9907405805192033,0.9900329915128852,1.0001134736958572,0.9900947883281344,0.9897799080624975,0.9997578005342916,0.9902675438882026,0.9896739707991321,0.9995488021560652,0.9923234864367928,0.9895191270526126,1.0014282338709328,0.9925222779429747,0.9895810938654654,1.0016100569269177,0.9998369603444962,0.9952655812795489,1.0067286436827034,59.0
0.9999971262135009,0.9999964973104729,0.9999982017984043,0.9811734894244192,0.9769384133174013,0.9882025308237571,0.9957966819690123,0.9919509228518405,1.0041880981266373,0.9938671903088936,0.9906311036794008,1.0031273570237493,0.9937706417162984,0.9902766976775365,1.0032786040977186,0.9930458019933317,0.9900948353763497,1.0029555593873571,0.9925093794768891,0.990259541809584,1.0019559560924212,0.9922671456536303,0.9899271802272329,1.0017316139764172,0.991709437726925,0.9903480433660458,1.001142024928353,0.9920587104905599,0.989320640440556,1.00258076047405,0.991877827360073,0.9893303327433403,1.0025793091327297,0.991675337317088,0.9883164764527517,1.0020438219464962,0.9937675780981718,0.9899929830519378,1.0031775767663809,0.9937149546753298,0.9902767263988494,1.003445021487957,0.9916743262457041,0.9880944567407484,1.0019314333160858,0.991673491814271,0.9879125149499003,1.001873598997631,0.9915485750268908,0.9869174786718841,1.0016855847480173,0.9915400107302167,0.987148941418042,1.0015370281615517,0.9915332753758092,0.9866983782617773,1.0016623389144454,0.9912219070651613,0.9902717595788545,1.0005303938505297,0.9909686588101413,0.99016584761611,1.000354370117168,0.9912225657501124,0.9902718106383335,1.0002203382973442,0.9915197100800428,0.9903774644897426,1.000904289817275,0.9915085461942421,0.9906635756523975,1.00089178331639,0.9902368837701273,0.9902116072398279,0.9999549618658736,0.9902097613284905,0.9902116271838506,0.999956393309833,0.9902250185618179,0.9905812054676219,0.9997524558569785,0.9897106150131159,0.9897115791028736,0.999214166165238,0.9896431985193758,0.9897116686919024,0.9992172109047315,0.989721767296834,0.9897115990366985,0.9990310046206359,0.9907816352995457,0.9894825469879986,1.002563655883605,0.9921447275015902,0.9896928481120661,1.0015568417518441,0.9903116579826375,0.990060951419651,1.0000329973434903,0.9896475344867001,0.9898145641667203,0.9996644982672311,0.9898200155206636,0.989711238214806,0.9994479328164683,0.9919704621510173,0.9895323398815755,1.001381377131959,0.9921686247286622,0.9895942575412133,1.0015614365783159,0.999555571433369,0.9952420958447676,1.0067225569797524,60.0
0.9999970819907561,0.9999964910103597,0.9999981833155913,0.9808795405926477,0.9768950810634353,0.9880818177669698,0.9954677222026039,0.9919119614573509,1.0040397626481679,0.9935191266162369,0.990598384977316,1.0029579600419338,0.9934235402518797,0.9902411776947561,1.0031073426983261,0.992697356368158,0.990067384441643,1.002785944891512,0.9921389758716652,0.9902314884081239,1.0017622695670123,0.9918994888112386,0.9899008537375249,1.0015353876894388,0.9913226576494901,0.990324529595365,1.0009301167849063,0.991707884704681,0.9893008022803098,1.0024132361563474,0.9915265548151594,0.989311052931095,1.0024117940808663,0.9913244002316454,0.9883062987865437,1.0018797142042721,0.9934203114023366,0.9899552222925839,1.003006741511585,0.9933685530349552,0.9902412064150063,1.0032723224279447,0.9913233329150487,0.988085414519966,1.001767085757875,0.9913224726819171,0.9879042597057077,1.0017087941073592,0.9911972728644027,0.9869236219645604,1.001525984624132,0.9911887146712094,0.9871553871897967,1.0013777387631304,0.9911819246678837,0.9867066022441344,1.001503274293983,0.9908210613370542,0.9902523234170525,1.0003093344576823,0.990559767965502,0.990148977569758,1.0001298329747454,0.9908214683032752,0.9902523744755973,0.9999959416016955,0.9911275122160424,0.9903554621724917,1.0006887847949204,0.9911163175786392,0.9906412948800373,1.000675901429417,0.9898141058943867,0.990197981769912,0.9997337085476321,0.9897864092679541,0.9901980017137166,0.999738848647926,0.9898021909482604,0.9905670603436589,0.9995301937846961,0.9892770533372093,0.989703134681235,0.9989588954935864,0.9892097693187551,0.9897032242698566,0.9989603057883627,0.989289657329847,0.9897031546149686,0.9987721122534056,0.9904293416587276,0.9894673327368516,1.0023959689298296,0.991778949613072,0.9896684337955074,1.0013623922410921,0.9898903944679164,0.9900475373644697,0.9998025141719018,0.9892122886061517,0.9898051966191256,0.9994225993549758,0.9893859334411239,0.9897027937947179,0.999199317245883,0.9916056507014385,0.9895087105831462,1.0011879816595746,0.9918031588280015,0.9895702730920053,1.0013669699996754,0.9992559967123256,0.9951979800166988,1.0065994970518861,61.0
0.9999970257146324,0.9999964822854734,0.9999981602086778,0.9805075293856509,0.9768364026764922,0.9879317658577698,0.9950419794474463,0.9918516480825079,1.003847218208752,0.9930702005323122,0.9905410761133844,1.0027410835785566,0.9929730716662438,0.9901807751529111,1.002886190198063,0.9922460750948154,0.9900138080993225,1.0025681250586673,0.9916676225447079,0.990177020356458,1.0015189870219956,0.9914318126250259,0.9898486159095577,1.0012904150334494,0.9908332489008226,0.9902714716098249,1.0006656975544346,0.9912542186264773,0.9892526222079454,1.0021980663554027,0.9910721632932287,0.9892627917191977,1.0021965875984988,0.9908715281614601,0.9882677857978536,1.0016689786216348,0.9929695346124768,0.9898923450319433,1.0027856212256414,0.9929173884551935,0.9901808038713826,1.0030485808246647,0.9908704587953484,0.9880483035359469,1.001556868860047,0.9908695989549198,0.9878682734951234,1.0014987648211078,0.9907431947521839,0.9869011570194652,1.0013203830495072,0.990734604749098,0.9871324845766078,1.0011714704458305,0.9907276943250481,0.9866862995060041,1.0012984445098343,0.9903169334184847,0.9902005828629491,1.000033440717593,0.9900469894271667,0.990098085911596,0.9998489410981555,0.9903174470617713,0.9902006339188788,0.9997168727000588,0.9906324363313481,0.9903028728658146,1.0004199112485344,0.9906212205371192,0.9905885193874857,1.000406827332676,0.9892825806657422,0.9901462324057949,0.9994484309186343,0.9892531087672529,0.9901462523486003,0.9994556620070553,0.9892705384932656,0.990513229590721,0.9992418860897299,0.988735108498969,0.9896529585045086,0.9986435954176299,0.9886673334029676,0.9896530480888668,0.998643056746946,0.9887489780497694,0.9896529784372919,0.9984530909296275,0.9899720638388746,0.9894194666411258,1.002180740830367,0.9913133992724782,0.9896183412800676,1.0011193028764245,0.9893635378468016,0.9899966342929158,0.9995130341365196,0.988670621574436,0.9897547249614108,0.9991213980381061,0.9888443012657642,0.9896526176342125,0.9988910555255023,0.991141427541604,0.9894597712827823,1.0009462512469023,0.9913384122487686,0.9895213280967259,1.001123835849872,0.9988768325871171,0.9951382040353757,1.006446495838281,62.0
0.9999969829589374,0.9999964807814864,0.9999981332007235,0.9802223338553914,0.9768251187340506,0.9877547691239033,0.9947274103844155,0.991847074687219,1.0036338848380666,0.9927368517686177,0.9905414319609139,1.002504289799022,0.9926387374715305,0.9901785522869487,1.002645927291538,0.9919107415158305,0.9900182928064033,1.0023317335251085,0.9913166415371298,0.9901824555348975,1.0012541695947972,0.9910848614077178,0.9898555926539219,1.0010254753317194,0.9904681098163434,0.9902803306482119,1.0003763747792171,0.9909161504668842,0.989263077995675,1.0019658165178789,0.9907335088395752,0.9892732064158016,1.0019644396877485,0.9905327994037072,0.9882884989923834,1.0014426373095315,0.9926349016272161,0.9898880594191131,1.0025457434981528,0.9925826855213705,0.9901785810053321,1.002805948143468,0.9905317448729987,0.9880703927878021,1.0013312363663638,0.9905308934650627,0.9878915004486487,1.001273500726873,0.9904053739984482,0.986940158700518,1.0011055540335922,0.9903968581304053,0.9871729472572667,1.0009587256751218,0.9903899803438653,0.986727456065742,1.0010847853903169,0.9899406578486134,0.9902135211681728,0.9997313464506755,0.9896635243779365,0.9901139632094278,0.9995413386836746,0.9899425867406898,0.9902135722247992,0.9994126237430971,0.9902629596185747,0.9903128723999659,1.000124884475562,0.9902514875967018,0.9905964304948599,1.0001079396822827,0.9888825400568523,0.9901652643038406,0.9991346829755805,0.9888513393045587,0.9901652842470628,0.9991435403763899,0.9888704055937605,0.9905308035238993,0.998926012487538,0.9883262620811026,0.98967917356175,0.9983002440575803,0.9882583572187554,0.9896792631487128,0.9982980215830545,0.9883402428375235,0.9896791934951128,0.9981055221318029,0.9896307884739153,0.9894293544701463,1.001948607621475,0.9909686580957752,0.9896268892710424,1.0008567920869653,0.9889680308338304,0.990016258966482,0.9991959243539386,0.9882631044816611,0.9897789455148502,0.9987923132147307,0.9884366840938666,0.989678832681542,0.9985547724940517,0.9907988858698247,0.9894702997387474,1.0006858992111987,0.9909931953073736,0.9895291638625585,1.0008613519473997,0.9985861957459908,0.9951267429756941,1.0062660659329683,63.0
0.9999969464792675,0.9999964787439549,0.9999981079197788,0.979979625202438,0.9768110222752681,0.987589333099576,0.9944567896107387,0.9918349219558376,1.0034324353974846,0.9924530746523644,0.9905321136706298,1.0022818233033015,0.9923550400382636,0.9901667360306647,1.002420234862131,0.9916261246273491,0.9900121045932848,1.0021085236555878,0.991019702649626,0.9901755308728316,1.0010090974535215,0.9907909656604365,0.9898498294669891,1.0007786938943437,0.9901607975757989,0.990274086932595,1.0001139296189767,0.9906312210077088,0.9892614142864575,1.0017452148875758,0.9904482105372757,0.9892714605390664,1.001743852749895,0.9902496376085891,0.9882947552464539,1.0012260701310458,0.9923510608802161,0.9898742449548688,1.0023199370439047,0.9922991419807972,0.9901667647486873,1.0025784061993686,0.9902486070501463,0.988077974615131,1.0011154768007442,0.990247768390616,0.9879001995552945,1.001058211202908,0.9901220704160703,0.9869591497569163,1.0008937647590976,0.990113563419494,0.9871921026279591,1.0007472749116333,0.99010665690482,0.9867480821165887,1.0008735636473698,0.9896252858856012,0.990208105760073,0.9994600942910793,0.9893432036882016,0.9901091501302628,0.9992664188895919,0.9896279001872073,0.9902081568164477,0.9991390282652606,0.9899525331191182,0.9903068549233288,0.9998588770620442,0.9899409977015514,0.9905899627066347,0.9998410785059588,0.9885533790751166,0.9901608299209994,0.9988596360664979,0.9885220137832564,0.9901608498641591,0.9988709129826041,0.9885412304969503,0.9905262886731481,0.9986508215181283,0.9879891354768092,0.9896755791867315,0.9979982198638113,0.987921533756101,0.9896756687735486,0.997994682172235,0.9880040611085029,0.9896755991200609,0.997800285149923,0.9893439022359758,0.9894269783882281,1.0017280451862973,0.9906763362546936,0.9896225174452005,1.0006112855113094,0.9886393045071308,0.9900118573481336,0.9989146470744522,0.9879250849187318,0.9897750309267859,0.9985016399975708,0.9880992447936102,0.9896752383070785,0.9982584132148172,0.9905072280958703,0.989466431966348,1.0004411094848282,0.9907015029320418,0.9895256965458603,1.0006158103983835,0.998338845911197,0.9951123941286399,1.0060974115283654,64.0
0.9999969274319953,0.9999964813466405,0.999998089495368,0.9798507952271271,0.9768271976610944,0.9874678437004074,0.9943229870139692,0.9918595796673354,1.0032924125623255,0.9923134256420836,0.9905624620619571,1.0021283835416472,0.9922173304961116,0.9901964546555581,1.0022674433945207,0.9914881995523179,0.9900463625374161,1.0019554265362627,0.9908704657954983,0.9902099720208134,1.0008389861385043,0.9906443711786347,0.9898851781644485,1.0006073586758355,0.9900039657790276,0.9903112394124143,0.9999307197076869,0.9904950586356236,0.989301321588682,1.0015951307612638,0.9903121316894772,0.9893117468110075,1.0015939003814722,0.9901161417667073,0.9883415662805761,1.0010800090466117,0.9922133271257876,0.9899034600532494,1.0021688865211253,0.9921626131823442,0.9901964833744282,1.0024246983140994,0.9901151169318465,0.9881258589767269,1.0009699095485811,0.9901142820319959,0.9879489559208904,1.0009128765407513,0.9899885932622842,0.9870173113577042,1.0007523516089913,0.9899801461967311,0.9872513331051503,1.0006074940855707,0.9899731727442158,0.9868075552802297,1.0007324970850848,0.9894632180642435,0.9902473119371098,0.9992703521888093,0.989177827195994,0.9901495070550815,0.9990737742077826,0.98946654459724,0.9902473629955298,0.9989473711744525,0.9897936971211263,0.990344910576612,0.9996733494659135,0.9897822145279214,0.990628570252569,0.999656499305777,0.9883808096544323,0.9902031194801533,0.998667409290201,0.9883489641992235,0.9902031394241883,0.9986808233266314,0.9883686487860511,0.9905685549236193,0.9984584512802946,0.9878107552895701,0.9897214691572701,0.997781715191882,0.9877438232856368,0.9897215587483957,0.997777249076936,0.9878257050797105,0.9897214890915577,0.9975805133347256,0.9892090498670466,0.9894692442739129,1.0015780198314708,0.9905314105834674,0.9896590286177468,1.0004414272252478,0.988467989555509,0.9900541564113103,0.9987169240736186,0.9877464894782746,0.9898195509096427,0.9982953951440959,0.9879211097586355,0.9897211282612223,0.9980469938929452,0.9903633297352623,0.9895038051813976,1.000272313766837,0.9905564937716967,0.9895620814678078,1.0004459568885558,0.9982075875766881,0.9951289108942682,1.0059735871629245,65.0
0.9999969106534897,0.9999964828728456,0.9999980789423304,0.979739182070315,0.9768368950182359,0.9873989559838837,0.9941985727632348,0.9918725916333371,1.0032072024127177,0.99218241962548,0.990579309990077,1.0020302584007277,0.9920882605527647,0.9902111051893442,1.0021684024556443,0.991358066327532,0.9900649621057124,1.0018575253857602,0.9907288136492092,0.9902316809991257,1.0007259705999978,0.9905041940199586,0.9899068747119034,1.0004926560359582,0.9898541741264524,0.9903366333947166,0.999805203558565,0.9903647512126483,0.9893224518662351,1.0014992459904077,0.9901816284047597,0.9893325140771372,1.0014980772815223,0.9899863199546367,0.9883687008667744,1.0009868958898813,0.9920840968609218,0.9899163528033906,1.0020697932592124,0.9920348243249635,0.9902111339086278,1.0023251475143165,0.9899852835979048,0.9881538307594607,1.000876991115123,0.9899844439845963,0.9879775733357371,1.0008199636598187,0.9898601349257091,0.9870546478241295,1.0006647086148386,0.9898517355729766,0.9872894679010351,1.000521138491393,0.9898448847323639,0.986846096254456,1.0006453627931193,0.9893096403782733,0.9902758633832595,0.9991394760700034,0.9890219012735529,0.9901799881573485,0.9989407082631013,0.9893134861305415,0.9902759144431653,0.9988148533899996,0.9896424470738376,0.9903715325391139,0.9995457755016399,0.9896309584776343,0.9906552582801205,0.999528943185492,0.9882189338020255,0.9902364651532886,0.9985368887921852,0.9881868029784003,0.9902364850980124,0.99855259991826,0.98820680257723,0.9906026180885116,0.9983288552542102,0.9876412137293712,0.9897569450988103,0.9976280437237146,0.9875749321481391,0.989757034693259,0.9976228698138591,0.987655428823437,0.9897569650338379,0.9974236326433663,0.9890779806900841,0.989487943692179,1.001482288341488,0.9903924669649768,0.989681278584102,1.0003278257481816,0.9883068447595116,0.9900872104283672,0.9985800575142937,0.9875791185375253,0.9898553846429542,0.9981508505210462,0.9877525644145565,0.989756604190119,0.997897896361645,0.9902249200916108,0.9895264656286905,1.0001593112358582,0.9904175513103461,0.9895843246541807,1.0003323555144636,0.998093841075127,0.9951388043503397,1.0059033544701006,66.0
0.9999969002410071,0.9999964877259622,0.9999980747773521,0.9796701417984245,0.9768688144511791,0.9873722343618786,0.9941201193969633,0.9919096031652715,1.0031702470254589,0.9920965708898433,0.9906179969549107,1.0019845742666713,0.9920043630420816,0.9902481943247464,1.002122977812804,0.9912710603007303,0.9901055009683992,1.0018112750847321,0.9906343477423768,0.9902715861823598,1.0006702209246483,0.9904106298760325,0.989946325961266,1.0004351235928906,0.9897518115444925,0.9903765260182679,0.9997409485447861,0.990276949216598,0.989365665461494,1.0014545028596702,0.9900938560359851,0.9893754923181872,1.0014534029760493,0.9898968136545407,0.9884172407811351,1.0009441024485788,0.9920000905654481,0.9899521638293461,1.0020248061953576,0.9919521785933073,0.9902482230450999,1.0022795507098297,0.989895821128138,0.9882035754017889,1.0008352223039148,0.9898950036207561,0.9880283850618986,1.0007788903016461,0.9897696679058927,0.9871106804087123,1.0006236010162217,0.9897612966663686,0.9873459144706063,1.0004807927466899,0.9897542879732046,0.9869030405800401,1.0006043532215472,0.9892023873976218,0.9903154507187,0.9990715426443397,0.9889117133778339,0.9902192747436427,0.9988712651354763,0.9892064743228517,0.9903155017806492,0.998745500629408,0.9895382131456675,0.9904114207285314,0.9994802846994894,0.9895267732430837,0.9906956970470393,0.9994643251805968,0.9880997521169004,0.9902758780234351,0.9984693824923773,0.9880664739567193,0.9902758979689595,0.9984868579220233,0.9880876227702422,0.9906421931637348,0.9982615110793742,0.9875185676551443,0.9897952159848653,0.9975433620247186,0.9874520771941562,0.9897953055828326,0.9975372953877705,0.9875331307550711,0.989795235920675,0.9973370076305286,0.9889907910385446,0.9895294472581093,1.0014376887602068,0.9902999324894137,0.9897209784337175,1.000271173829123,0.9881906465273185,0.9901265573743592,0.9985079007339693,0.9874578708610116,0.9898947609117995,0.9980730228919467,0.9876303429651743,0.9897948750627859,0.9978166763560625,0.9901326647109853,0.9895663445230994,1.0001030169324203,0.9903247497067073,0.9896236207149449,1.0002757189541354,0.9980234773767924,0.9951713411565652,1.005876096758817,67.0
0.9999969008644517,0.9999964956674293,0.9999980735339496,0.9796736815398697,0.9769212277765857,0.9873642521375365,0.994126548780195,0.9919690296272213,1.003159277210882,0.9921043435099625,0.9906803149776736,1.0019682075708936,0.9920156896986809,0.9903081626309895,1.0021067083484774,0.9912782507151935,0.9901678643034153,1.0017935622333158,0.9906421886748141,0.9903387437096103,1.0006503252299763,0.9904205135706537,0.9900143456557914,1.0004147527352096,0.9897581797325384,0.9904458144340714,0.9997175792726571,0.9902838679238881,0.9894280906993929,1.0014366376338406,0.9901007064546793,0.9894374131338297,1.001435636932202,0.9899030625330333,0.9884824100439622,1.0009254119871762,0.9920114349825233,0.9900102523745036,1.0020076510366376,0.9919656240606224,0.9903081913530772,1.002264004198292,0.9899020638931489,0.9882694291712725,1.000816739542283,0.989901244097211,0.9880947732262577,1.0007604567108888,0.989774038420427,0.9871786980734338,1.0006010866381374,0.9897656246385073,0.9874129809749748,1.0004571594778913,0.9897584202002152,0.9869715795805486,1.00058151542283,0.9892087355290092,0.9903861993496098,0.9990477735616149,0.9889179733145416,0.9902907735104909,0.9988476702308174,0.9892132223881944,0.9903862504152116,0.9987207951090631,0.9895445866595828,0.9904814192727271,0.9994569919487997,0.9895332117617246,0.9907664193025414,0.9994421549134545,0.9881020269907181,0.9903496514489935,0.9984515992448776,0.9880677618911854,0.9903496713960119,0.9984709685230682,0.9880899568460239,0.9907172101090941,0.9982453567152011,0.9875229230411746,0.9898700838198468,0.9975116346811724,0.9874559914801223,0.9898701734246439,0.9975047571701141,0.9875387197085121,0.9898701037571761,0.997304413660063,0.9889972239098298,0.9895877464990542,1.0014200791389682,0.9903116668751736,0.9897900181150097,1.0002523000596502,0.9881954645556867,0.9901998252634376,0.9984845343276378,0.987461262230087,0.9899697740275013,0.9980458206238304,0.987634173191614,0.9898697428717789,0.9977872160635793,0.990145702314529,0.9896365561316589,1.0000854605277905,0.9903366495974281,0.9896928729620595,1.0002568372340532,0.9980270959440802,0.9952247617214409,1.0058679529064987,68.0
0.9999969169532162,0.9999965047935425,0.999998072628574,0.979778331387613,0.9769814897755846,0.9873574499903677,0.9942541116458381,0.992036869437568,1.0031588373533793,0.992236555469206,0.9907531136925226,1.0019678638080873,0.9921476915606698,0.9903795244285606,1.0021058323289613,0.9914117460209891,0.9902429056364873,1.0017942567421676,0.9907794548064095,0.9904162337261178,1.0006493208237752,0.9905592481933629,0.9900920608579961,1.0004134372921225,0.9898984411480987,0.9905256990911583,0.999715782758281,0.990419978757164,0.9895063707395819,1.0014404147769784,0.9902372103978123,0.9895157798210574,1.001439505352364,0.9900409077690563,0.9885648936159607,1.0009334715214235,0.992143406852216,0.9900804647379392,1.0020070368797085,0.9920975220251169,0.9903795531527135,1.0022626127973628,0.9900400071747277,0.9883533625370741,1.0008266034926447,0.9900392356187563,0.9881800898735318,1.000771684860065,0.9899134308627525,0.9872655509535356,1.0006112055241994,0.9899050524760921,0.9875002270041544,1.0004681445397026,0.9898980088399734,0.9870589400526076,1.000591765396224,0.9893494807319917,0.9904680923299986,0.9990464126223978,0.9890590802516541,0.9903738766625236,0.9988471242595532,0.9893540806390041,0.9904681433998164,0.9987186235901511,0.9896850320279222,0.9905621020939842,0.999455348935943,0.989673647459166,0.9908472275544975,0.9994404436237,0.9882402869512288,0.9904353878388326,0.9984592432925441,0.9882054191390965,0.9904354077875811,0.9984807441034984,0.9882283329629836,0.9908053026112759,0.9982560813307313,0.9876589518527521,0.9899563608254238,0.9975043560739295,0.9875921228414025,0.9899564504380547,0.9974970756005928,0.987674441996734,0.9899563807644964,0.9972956456604716,0.9891363047782558,0.9896664195067018,1.0014239486800176,0.9904520233797194,0.9898683030394164,1.0002524451392965,0.9883352455586615,0.9902846038168809,0.9984853873054751,0.9875985381488677,0.9900559451488535,0.9980429716933816,0.9877708327201671,0.989956019847549,0.9977821500140628,0.9902873342151565,0.9897159800768327,1.0000869028625519,0.9904767923447486,0.9897708142128241,1.0002569961045433,0.9981337869112051,0.9952861794391138,1.0058610426608081,69.0
0.9999969317378317,0.9999965155641066,0.999998071283074,0.9798750867842543,0.9770530003275664,0.987348224511897,0.9943691789204696,0.9921148761079676,1.0031512806097216,0.9923582858231309,0.990836297923211,1.0019584982787526,0.9922691056488683,0.9904611621076168,1.0020954971945024,0.9915337939502868,0.990327382220654,1.001784270935728,0.9909106557105368,0.9905051174916237,1.000639408784699,0.9906930596307388,0.9901815660236784,1.0004035700007317,0.9900352164818265,0.9906166395485968,0.999705242989221,0.9905430961825569,0.9895927108572519,1.0014307813455108,0.9903607666841374,0.9896021114288652,1.0014298241222754,0.9901631260451608,0.9886536694321542,1.0009247134810701,0.9922648984196152,0.9901608652208806,1.0019965048877213,0.9922186879855671,0.9904611908341379,1.0022518439321622,0.990162261377833,0.9884429648760894,1.0008186283366012,0.9901615077638755,0.988270433388487,1.000764260298465,0.9900361874061044,0.9873565752213332,1.0006021813229644,0.99002781421863,0.987591007326708,1.0004591890238477,0.9900208347515256,0.987150295852433,1.0005826949821521,0.9894899144988195,0.9905610099472368,0.9990369757633016,0.9892014508598399,0.9904680857240468,0.9988388073396349,0.9894952436226894,0.9905610610218315,0.9987089736693552,0.9898232003408817,0.9906537282147081,0.9994450319652123,0.9898117473844883,0.9909384892998443,0.9994291445211116,0.9883834831714008,0.9905299151896098,0.9984590721755938,0.9883486554409918,0.9905299351402583,0.9984830655881524,0.9883714936792284,0.9908994671897445,0.9982550432502847,0.9878018416395908,0.9900503961847714,0.9974935012738292,0.9877350369773337,0.9900504858059027,0.9974858915183116,0.9878179511190673,0.990050416125736,0.9972841974906141,0.9892629172331668,0.989753405016093,1.001414257764393,0.9905873783258744,0.9899586416005542,1.000243626079922,0.9884783532578963,0.9903792786801507,0.99847908918549,0.9877411830036462,0.9901512144306357,0.9980345625258262,0.9879132596335471,0.9900500551745509,0.9977725587430802,0.9904234874006165,0.9898069970658663,1.0000789186285153,0.9906121227352964,0.989861098271077,1.0002481796674447,0.9982324202026154,0.9953590493728048,1.005851645493925,70.0
0.9999969441548857,0.9999965219178435,0.9999980751831505,0.9799572091803017,0.9770953766539008,0.9873738054687815,0.9944625862909325,0.992160006816095,1.0031821933592802,0.992454990246524,0.9908832241734825,1.0019906469316102,0.9923636761697592,0.9905065589551112,1.0021258911440827,0.9916315281851749,0.990374814489418,1.0018177102562749,0.9910117834930336,0.9905549956400258,1.0006724638950137,0.9907964799629362,0.9902327275211644,1.0004368967974326,0.9901366913201272,0.9906653757633891,0.9997377003955024,0.9906421877063651,0.9896408733982865,1.0014668076695197,0.9904599892190524,0.9896498398806466,1.0014658638179157,0.9902630067651429,0.9887049817669233,1.0009646348941346,0.9923594512259303,0.9902050386147326,1.0020268686146616,0.992311991183577,0.9905065876829504,1.0022812081337613,0.9902621311455456,0.9884946246277728,1.0008585720489114,0.9902613725990771,0.9883223462175645,1.0008041520301092,0.9901358718817989,0.987414096106546,1.0006480257044368,0.9901275560024333,0.9876491675605411,1.000506432657788,0.9901204845645151,0.9872085257228528,1.000629090124794,0.9895905408084066,0.9906087025069514,0.9990698203867109,0.9893018747397798,0.9905151151443555,0.9988723716925398,0.9895954643995293,0.9906087535839887,0.9987410040916715,0.9899243469270255,0.9907020838613744,0.9994776189698126,0.9899128834668243,0.9909869465614837,0.9994616377538589,0.9884793929235421,0.9905753979732856,0.9984976033202749,0.9884435970312031,0.9905754179248424,0.9985233042433358,0.9884673369732062,0.9909440884440686,0.9982918948402747,0.987897735735298,0.9900935132038964,0.9975241741861096,0.9878308914137344,0.9900936028288988,0.9975162815263339,0.9879140537054354,0.9900935331457215,0.9973142169062464,0.9893634197449491,0.9897992189705699,1.0014503885216546,0.9906926862737994,0.9900109883715198,1.0002783423310617,0.9885768084343473,0.990425111814104,0.9985138654514965,0.9878379262223327,0.990195842242319,0.9980674949686925,0.9880091789542575,0.9900931721789465,0.9978044104748893,0.9905301735255847,0.9898606128500992,1.0001150151900633,0.9907173584558402,0.9899133279500427,1.0002829007122818,0.9983161210126442,0.9954022259609479,1.0058777202794948,71.0
0.9999969527207148,0.9999965340854874,0.999998079426985,0.9800131474819048,0.9771756363734347,0.9874016878436903,0.9945295847365239,0.9922513066104239,1.003215027233015,0.9925282144778003,0.9909810478287997,1.0020230658650158,0.9924366737838412,0.9906034890980934,1.0021584143831133,0.9917091106805372,0.9904745345968364,1.0018506654709762,0.9910868926163184,0.9906590945401365,1.0007046290640353,0.9908740146570992,0.9903383863875731,1.0004695006529374,0.9902106705522365,0.9907714809643163,0.9997673291433211,0.9907248843310461,0.9897433292589279,1.0015005962079633,0.990543467570736,0.9897528295369955,1.001499574526477,0.9903496430620367,0.9888081441475297,1.0010002994240323,0.9924325548930676,0.9903012540460547,1.002059814001098,0.9923847731472761,0.9906035178287453,1.0023134776766103,0.9903487404536889,0.9885978909520695,1.0008939478076972,0.9903479690791073,0.9884256326171245,1.000839239354235,0.9902236225651153,0.9875182244371307,1.0006844468543141,0.9902153176179812,0.9877530508668998,1.0005430573501075,0.9902083788611303,0.9873128185986502,1.0006655776165903,0.9896631583309681,0.9907165126594114,0.9990983020015582,0.9893743774608397,0.9906239612800105,0.9989007833853171,0.9896669710010894,0.9907165637419938,0.9987682781582244,0.9899977992001736,0.9908088579441848,0.9995067765509634,0.9899863199752589,0.9910937846927311,0.9994906502136537,0.9885477233104735,0.9906856611158039,0.998527873627343,0.9885108339159007,0.9906856810695759,0.9985550665157694,0.9885354924105577,0.9910515949211839,0.9983177197492261,0.9879704392060051,0.990209987482909,0.9975485670918982,0.9879035042857799,0.9902100771184484,0.9975404290608993,0.9879869988668594,0.9902100074270795,0.9973381027041436,0.9894519998427984,0.9899062105649247,1.0014839636844401,0.9907721193054292,0.9901179750964813,1.0003122864264544,0.9886480541888766,0.9905364957492976,0.9985420648041322,0.987909868804256,0.9903106925154195,0.9980939073373633,0.9880818792403494,0.9902096464178665,0.9978297600943958,0.9906110085911927,0.9899688909765004,1.0001503376530239,0.9907970370980915,0.9900206419869635,1.0003168325375793,0.9983731488205054,0.9954840295044838,1.005906139029264,72.0
0.9999969652999242,0.9999965401227722,0.9999980830102414,0.9800957719627881,0.9772156577022785,0.9874248252199929,0.9946264399677751,0.9922957231172924,1.003245769892311,0.9926280110440656,0.9910267848760808,1.002053909964255,0.992536516074383,0.9906496197390012,1.002191376874205,0.9918094975173039,0.9905199575809025,1.0018817062192558,0.9911892996250652,0.9907075394115544,1.000734033049795,0.9909776097336075,0.9903867423229438,1.0004986689803823,0.990313271662277,0.9908200794642797,0.9997943573504336,0.9908260912177559,0.9897882971369572,1.0015324383829973,0.9906447841650977,0.9897974704759579,1.0015314404011881,0.9904510750218561,0.9888539504709037,1.001033255090683,0.9925325389737286,0.990347699807313,1.0020946387636385,0.9924845364367347,0.9906496484709961,1.0023463147331526,0.9904501831564059,0.988644014645651,1.000927174211886,0.9904494172019652,0.9884720340825511,1.0008726494951183,0.9903255731597169,0.9875648865261738,1.0007186321504913,0.9903172893674309,0.9877996056907948,1.0005776773747381,0.9903103937466808,0.9873596091897945,1.0006998544891021,0.9897667834983961,0.9907659186786171,0.9991260156323699,0.9894787559568284,0.9906741234161734,0.9989297017570729,0.9897705349264383,0.9907659697637309,0.9987955946220682,0.9901007591696845,0.9908575078206608,0.9995335311001025,0.9900891088296134,0.9911411714843007,0.9995147857414105,0.9886497115854158,0.9907367749662737,0.9985627097981966,0.9886119731508575,0.9907367949210704,0.9985913890512773,0.9886374732835497,0.9911030285862793,0.9983524437442539,0.9880763452332383,0.9902624007292059,0.997577686644343,0.9880093089197418,0.9902624903694768,0.9975693360754986,0.9880936391935501,0.9902624206744299,0.9973671713797574,0.9895540760106435,0.9899489948223988,1.001515913450564,0.9908766160818168,0.9901665961259807,1.0003421426792438,0.9887522541154854,0.9905874797208153,0.9985730842624594,0.9880143276543736,0.9903625145822083,0.9981240481930177,0.9881871794472131,0.9902620596461601,0.9978593712677659,0.9907159244123288,0.9900178613432836,1.0001806613542583,0.9909013643152726,0.990068971456231,1.0003467004731288,0.9984573712335585,0.9955248152950792,1.0059297336546067,73.0
0.9999969698707453,0.9999965497904103,0.9999980895337751,0.9801252190677399,0.9772789188324984,0.9874676848674818,0.9946636649160896,0.9923707386402344,1.0032968287099928,0.992671657661264,0.9911082909838516,1.0021091369123079,0.9925809460400252,0.9907299424870438,1.0022473716276372,0.9918545420453612,0.990601874640905,1.0019389755687365,0.9912382082046043,0.9907991168364241,1.0007921618471012,0.9910302794953206,0.9904810736457995,1.000557955871102,0.9903636865594191,0.9909171801976334,0.9998529770451815,0.9908744917274274,0.9898708097452322,1.001593760344957,0.9906932790669276,0.989879705415294,1.0015927586614948,0.9905037779798049,0.9889386864310105,1.0011008666548478,0.9925769523549269,0.9904270759638115,1.0021508705803701,0.9925294488603459,0.9907299712213629,1.0024025926766464,0.9905028757357971,0.9887288071373845,1.0009946798949099,0.9905021048607104,0.9885568484403623,1.0009400456377415,0.9903790894076475,0.9876554237370041,1.00079549419432,0.9903708379327302,0.9878902310570786,1.000655286769315,0.9903640109627209,0.9874508896174123,1.0007778048001212,0.9898187523585461,0.9908673947078417,0.9991854409682298,0.9895315529442875,0.9907781336111019,0.9989895152312754,0.9898227772872166,0.9908674457981858,0.998854875121562,0.9901517852509334,0.990956449638157,0.999592697650804,0.990140201743103,0.9912408846619919,0.9995751080547238,0.9886997253918763,0.9908446051090073,0.9986252111685446,0.9886608130749202,0.9908446250659785,0.9986549865510886,0.9886874048548423,0.991209817049842,0.9984129264429285,0.9881292768845953,0.9903759898927743,0.9976345474132232,0.9880620161672983,0.990376079543353,0.9976259534282703,0.9881465154247461,0.9903760098402933,0.9974235033454355,0.9896033426150097,0.9900299300434592,1.001577296623934,0.9909314336638823,0.9902629703724455,1.0004026957094778,0.988805354491766,0.9906957334615597,0.9986335580952168,0.9880680400268104,0.9904758101584259,0.9981827247324357,0.9882405408743384,0.9903756487705068,0.9979171291427635,0.990772213736659,0.9901156152794237,1.0002426473094304,0.9909564982196073,0.9901657306532425,1.0004072391368473,0.9984873999402949,0.9955893080267687,1.0059734238699716,74.0
0.9999969753276793,0.9999965575183297,0.9999980906464898,0.9801604195704027,0.9773298219513473,0.9874748059963043,0.9947078115485789,0.9924293119217495,1.0033068017125313,0.9927205795884156,0.9911690811610104,1.002120656388764,0.9926313497748283,0.9907904685189214,1.002261505978811,0.9919045157254234,0.9906618114868251,1.0019505722024187,0.9912900223843889,0.9908651298772364,1.0008050637467327,0.9910850009964153,0.9905495350449269,1.0005715910865165,0.9904148773591085,0.9909839303725714,0.9998653809454301,0.990926247802143,0.9899295130744792,1.0016060400481754,0.9907450621095896,0.9899380544118104,1.0016049515699441,0.9905578306201577,0.9889972239051436,1.0011147324332825,0.992627342317323,0.9904873908907734,1.0021663331739576,0.9925807520821239,0.9907904972549986,1.0024173000010044,0.990556984238584,0.988787850787521,1.001009431356829,0.9905562405558986,0.9886164237089116,1.0009555095575775,0.9904345161817875,0.9877120810987147,1.000809217235328,0.9904262397414322,0.9879458650582056,1.0006682438983878,0.9904196209034974,0.9875074632966357,1.000791630505964,0.9898689298094282,0.9909346682815781,0.999197908644614,0.9895809425920575,0.9908456848228926,0.9990020936273036,0.9898733059713336,0.9909347193753858,0.9988672736529848,0.9902025863989365,0.9910234455454121,0.9996051476126189,0.9901910030074784,0.9913080971234323,0.9995876635540466,0.9887454354213583,0.9909123526931429,0.9986400462004242,0.9887058967440726,0.9909123726514768,0.99867110631851,0.9887329948217796,0.991275854335847,0.998424747225252,0.9881722394873589,0.9904481797033753,0.9976423509254568,0.9881050163748432,0.9904482693604968,0.9976336519943222,0.9881883812562228,0.9904481996523506,0.9974301275769488,0.9896552045086537,0.9900864306329992,1.0015895702143605,0.9909880428099798,0.9903332502480032,1.0004174504425682,0.9888527428783618,0.9907641764999897,0.9986462790336206,0.9881126066676074,0.9905456085825534,0.9981932583634119,0.9882848856138484,0.9904478385562123,0.997926220203555,0.990830114808426,0.9901870977752154,1.000258662510376,0.9910130759771648,0.9902358914589845,1.0004219989593108,0.9985232928973975,0.9956411935176452,1.0059806868414751,75.0
0.9999969846673041,0.999996559192706,0.9999980909372747,0.9802212397065444,0.9773408025626498,0.9874760242350183,0.9947818133267022,0.9924422212220516,1.0033143035568262,0.9927983407400451,0.9911826896531586,1.0021292328676317,0.9927097820758536,0.9908035216642325,1.0022716026906366,0.9919845845676869,0.9906742793397764,1.0019588016713468,0.9913680446747389,0.9908820524959768,1.0008163470097842,0.9911652219029121,0.9905681883219487,1.0005834319275102,0.9904902475742333,0.9910014393358936,0.9998775410942203,0.9910075767437376,0.9899403312047659,1.0016132478168127,0.9908264723126144,0.9899486479182783,1.0016120434809963,0.990640517941112,0.9890065259900909,1.0011210978511342,0.9927057678233975,0.9904999999393651,1.002177344441609,0.9926595921651462,0.9908035504006875,1.0024276232095308,0.990639623777815,0.9887967140136362,1.001015039072752,0.9906388568125878,0.9886248242695671,1.0009605087603275,0.990517945411001,0.9877194741181803,1.0008157046917447,0.9905096759840959,0.9879527869459883,1.0006747683062107,0.9905031457829843,0.9875146816937977,1.0007981284108356,0.9899430726177115,0.990952430955523,0.9992117484371246,0.9896543006854828,0.9908635059116387,0.9990169903503939,0.9899475551907437,0.9909524820502514,0.9988809102669614,0.9902774916641313,0.991041149845348,0.9996180774233048,0.990265942348834,0.9913262778454405,0.999601196550011,0.9888158244048866,0.9909334208878727,0.9986602959117402,0.9887754724973757,0.9909334408466373,0.998692335452255,0.9888034846984863,0.9912993727847602,0.9984477464463156,0.9882423383808553,0.9904724184363901,0.9976550355098285,0.9881750974917253,0.9904725080957466,0.9976462027992955,0.9882578637125623,0.9904724383858633,0.9974419959011367,0.9897374019376416,0.9900965966612582,1.0015966828061074,0.9910697169817164,0.9903532263078318,1.0004302459638612,0.9889252061931356,0.9907842487774849,0.9986628675122936,0.9881833455932081,0.9905676798523255,0.9982080772971051,0.9883558468899692,0.9904720772807241,0.9979399027455194,0.9909128337502976,0.9902080440886181,1.0002724959555889,0.9910948102346651,0.9902559027519585,1.000434793667841,0.9985852976715076,0.9956523873665687,1.005981949332068,76.0
0.9999969866982387,0.9999965599026587,0.9999980926808596,0.9802342993994668,0.9773451891168338,0.9874872816043475,0.9947986670206889,0.9924487851231675,1.0033297040808429,0.9928150816894427,0.9911923019527198,1.0021448425249204,0.9927259711820275,0.9908112234149026,1.002286070367792,0.9920023804369824,0.9906850731808986,1.0019750251427781,0.9913839143622819,0.9908960042013633,1.0008332888728932,0.9911821248064275,0.9905827173917983,1.000600142815635,0.9905044868258871,0.9910186515303899,0.9998949956789543,0.9910271936856465,0.989952833673784,1.001630958806755,0.9908465076241671,0.9899615350297046,1.001629721934863,0.990660980314274,0.9890193431512898,1.0011414293309238,0.9927218546272036,0.9905061732881293,1.0021912471102876,0.9926755267988677,0.990811252151574,1.0024418298445343,0.9906600346382486,0.9888089957115395,1.0010345205347921,0.9906592425247133,0.9886365589780054,1.000979316762817,0.9905376269837807,0.9877358041100607,1.000843192638284,0.9905293920686408,0.9879692046200146,1.0007030391171043,0.9905227200602799,0.987531456531099,1.0008264260973492,0.9899566170230061,0.9909720414775676,0.9992300117949845,0.989666910170621,0.9908844280813309,0.9990354271463535,0.9899620080312245,0.9909720925733115,0.9988994840357781,0.9902914790633713,0.9910594487482334,0.9996361011036613,0.9902800053034222,0.9913453773240666,0.9996204785857562,0.9888245309818943,0.990957352239398,0.99868149051087,0.9887834174130298,0.9909573721986509,0.9987143874381803,0.988812209208643,0.9913243622397936,0.9984695752311762,0.9882494732306284,0.9904996266858462,0.9976694354016324,0.9881820734544561,0.9904997163477036,0.9976603989225933,0.9882642887153608,0.9904996466358768,0.9974555161837884,0.9897605169930791,0.9901127014563356,1.001614244730526,0.9910873199115053,0.9903683354553676,1.0004473777690486,0.9889358866784862,0.9908077502364299,0.9986815772746909,0.9881921797221348,0.9905938462955648,0.9982247823675492,0.988364094017956,0.990499285520664,0.9979554215026775,0.9909307030942104,0.9902233803609024,1.000289924865875,0.991112453677175,0.9902710390142667,1.0004519246220807,0.9985986152794164,0.9956568659004812,1.0059934325952251,77.0
0.9999969798674887,0.9999965597231181,0.999998095791834,0.9801897145383033,0.9773437681129491,0.9875082121841805,0.9947449631231439,0.9924487319545657,1.003350197888666,0.9927635210430718,0.9911930283814758,1.002165386014518,0.9926743232945017,0.9908127821610963,1.0023091496360927,0.9919525956543082,0.9906849117231995,1.0019946448837767,0.9913324567024764,0.990899425338851,1.0008549152648314,0.9911314805852428,0.9905866856378733,1.0006218597333851,0.9904522651403674,0.991023772739611,0.9999168576741461,0.9909787536300804,0.98995138804278,1.001649085925804,0.990798233006069,0.9899601147895511,1.0016477674276354,0.9906137743550276,0.9890156301639699,1.0011578274080557,0.9926703070636433,0.9905083982283028,1.0022166280844667,0.9926237512170063,0.990812810897815,1.0024647045051387,0.9906127910219839,0.988804814143302,1.0010502603738156,0.9906119804617957,0.9886319171311406,1.000994546448457,0.9904895143413306,0.9877286231642216,1.0008572317719884,0.9904812770516864,0.9879615098580213,1.0007169239754627,0.9904744895364672,0.98752390436515,1.0008401822759707,0.989904505750791,0.9909783718127895,0.9992526892382538,0.9896146822176676,0.9908914009606378,0.9990585424932097,0.9899102685380511,0.9909784229088672,0.9989221119649947,0.9902393082032344,0.9910651365664602,0.9996584249250512,0.9902278755116026,0.9913515601116879,0.9996435249558435,0.9887701121353221,0.9909658983563616,0.9987068779947964,0.988728273643183,0.9909659183157921,0.9987405195677949,0.9887577456753927,0.9913329207484061,0.9984939970926047,0.9881981586881253,0.9905102033998539,0.997691798383782,0.9881308795804415,0.990510293062704,0.997682694123611,0.9882133493664269,0.9905102233501056,0.9974777311549257,0.989713885296717,0.9901127004052122,1.0016322449827637,0.9910374241351337,0.9903728050035863,1.0004697582187607,0.9888833716199102,0.9908162916460627,0.9987054227770102,0.9881398077650582,0.9906041151195665,0.9982478938463489,0.988312331417336,0.9905098622308933,0.9979781478153966,0.9908814540922117,0.9902284603807887,1.000312949841788,0.9910625286922998,0.9902754395811201,1.0004743076304163,0.9985531643942919,0.9956554251195068,1.0060147547144107,78.0
0.9999969691582798,0.9999965604428734,0.9999980954637557,0.9801197919464212,0.9773486003895205,0.9875069101673818,0.9946606029476815,0.9924538800298894,1.0033410832610834,0.9926779096612358,0.9911966506316426,1.0021524427871997,0.9925891150313491,0.9908155184047476,1.0022968907489167,0.991868166969903,0.9906867368350999,1.001979104736357,0.9912428403817191,0.990903893204629,1.0008423306724832,0.991041527776755,0.9905912105871638,1.0006089508623068,0.9903592141152473,0.9910289448994857,0.9999036761024546,0.9908950576311167,0.9899506130765737,1.0016297211442697,0.9907146572264066,0.9899593685409686,1.0016283766999963,0.9905305980653881,0.9890106237268512,1.001132818596724,0.9925850414619999,0.9905104258170578,1.0022048185465893,0.9925388277856799,0.9908155471415474,1.0024525195057084,0.9905295786951349,0.9887993138614035,1.0010245941807816,0.990528750446262,0.9886259390499532,1.000968376192357,0.9904054764179663,0.987715025391458,1.000822754199453,0.9903972214059678,0.9879472541411993,1.0006819336278916,0.9903903420367061,0.9875092894518029,1.0008045513485306,0.9898093111418174,0.9909837912852536,0.9992393748232035,0.9895181790195893,0.9908968331116513,0.9990451039112587,0.9898151048044137,0.9909838423816222,0.9989085180175521,0.9901454456376536,0.9910705433895209,0.9996454139490045,0.9901340759560305,0.9913576469965093,0.9996315952356186,0.9886685766160096,0.9909713498215253,0.9986936520177668,0.9886257327649024,0.990971369781071,0.9987277240777093,0.9886561381637037,0.9913378885564603,0.9984791178094423,0.9880985635851569,0.9905159146341126,0.9976763937822026,0.9880315452367214,0.9905160042975145,0.9976672973510159,0.9881138012256091,0.990515934584487,0.9974619599053596,0.9896313415641836,0.9901126771166264,1.0016128354595415,0.9909480030871396,0.9903774804832463,1.0004575200295875,0.988784480029532,0.9908219400720465,0.9986917511694633,0.9880399253878631,0.9906100532325375,0.9982334138716253,0.9882125328975359,0.9905155734630526,0.9979632114091566,0.9907927000032903,0.9902337647960734,1.0003013628012343,0.9909727751358732,0.9902796115042146,1.0004620885711752,0.9984818832251567,0.995660348663055,1.006013401149498,79.0
0.9999969645533897,0.9999965583350757,0.9999980948656959,0.9800896709566115,0.9773347234812292,0.9875032187833894,0.9946244311526273,0.9924381890418615,1.0033347122196474,0.9926388522428277,0.9911784447292501,1.0021443552375766,0.9925481923624533,0.9907948826874701,1.002285448950453,0.9918303989115692,0.9906684036848844,1.0019715047651516,0.9911996642547432,0.9908842908430633,1.0008349900131628,0.9909992412589064,0.9905719539529667,1.0006022250896813,0.9903101263182277,0.9910074580251615,0.9998952400199825,0.9908595912791786,0.9899320977172652,1.0016234546569613,0.990679295201824,0.9899409184558442,1.0016221313301434,0.9904981577717991,0.988991459885953,1.0011285736999807,0.9925440535648444,0.9904878461761707,1.0021918394476772,0.9924968346483347,0.9907949114236686,1.002440218578433,0.9904970719114605,0.9887793923779261,1.0010192217754605,0.9904962111493593,0.9886052588284056,1.0009621203855064,0.9903746306240554,0.9876976705710053,1.000824962304063,0.9903663460537732,0.9879291575877417,1.0006833285244818,0.9903597088895676,0.9874922881767767,1.0008077299544706,0.9897551780508707,0.9909602941135848,0.9992299534118818,0.9894608829946717,0.9908719539546988,0.9990349750773193,0.9897611092493062,0.9909603452087438,0.9988989333666757,0.9900944309126148,0.9910484282410152,0.9996368240147697,0.9900831264881389,0.9913362381138588,0.9996241037109665,0.988600857903396,0.9909436171261644,0.9986809982885749,0.9885562402627248,0.9909436370851511,0.9987148613988738,0.9885883416220619,0.9913095281939426,0.9984646168419706,0.9880305901032801,0.9904848496427904,0.9976625172840979,0.9879640120780301,0.9904849393033837,0.9976535161848112,0.9880451408177232,0.9904848695925391,0.9974472621570133,0.9895965610739513,0.9900944677173169,1.0016065858123657,0.9909063805561367,0.9903585355605721,1.0004515825625133,0.9887214053358914,0.9907944628930779,0.99868039377438,0.9879732538892159,0.9905796834279348,0.9982209989796454,0.9881450332995415,0.9904845084824181,0.9979500873488011,0.99075194265016,0.9902156431638444,1.0002962708108354,0.9909311292221527,0.9902606139151848,1.0004561531151115,0.9984511767695947,0.9956462052891984,1.006009631994992,80.0
0.9999969656949754,0.9999965521837226,0.9999980946989537,0.9800975244390773,0.9772942389837681,0.9875018500805669,0.9946321673380757,0.9923916933431102,1.0033352497933214,0.9926445468111026,0.9911299582445072,1.0021429662394927,0.9925537641041172,0.990745107823672,1.0022835636179908,0.9918371351553569,0.9906188957076522,1.0019698307096203,0.991200845442416,0.9908358244470012,1.0008333833611065,0.9910022023843246,0.9905254293060747,1.0006010699117334,0.9903046191191894,0.9909561153708706,0.9998917220956606,0.9908667325242669,0.9898811143014872,1.001621270536162,0.9906864038192705,0.9898897429030105,1.001619884641363,0.9905059963096577,0.9889392142947745,1.0011260213324689,0.9925495389972541,0.9904370406852324,1.0021897804679902,0.992502397315392,0.9907451365584286,1.0024381659798445,0.9905048646661448,0.9887265596849772,1.0010158760728531,0.9905039814500103,0.9885518512530284,1.0009581642740881,0.9903816712858955,0.9876449099695688,1.0008238170374093,0.990373391065538,0.9878763576896994,1.0006822500689412,0.9903666447930458,0.9874394668116996,1.0008067578711426,0.9897453540178157,0.9909061693644,0.999225568313972,0.9894487163182084,0.9908160059508552,0.9990301850365484,0.9897507902416337,0.9909062204567683,0.9988940128347256,0.9900872719191814,0.9909961267772927,0.9996331170730398,0.9900760078731965,0.9912844787764143,0.999621101999863,0.9885820313505089,0.9908842191947353,0.9986750837011038,0.9885364796184319,0.9908842391525231,0.9987091866934789,0.9885694131862174,0.9912490642533384,0.9984561865704571,0.9880080239960009,0.990421196082482,0.9976542287651827,0.9879414439504791,0.9904212857373049,0.9976451105190852,0.988022018782676,0.9904212160309455,0.9974382802748839,0.989603405548228,0.9900423176970995,1.0016043780089385,0.990910510921586,0.9903133756424852,1.0004511162204395,0.9887050493538188,0.9907354987084708,0.9986748791757007,0.9879528880572889,0.9905174433247892,0.9982143081810235,0.9881232200791609,0.9904208549440651,0.9979426435790504,0.9907569065406955,0.9901712768833468,1.0002966293468716,0.990935953908914,0.9902164530621975,1.0004556485933258,0.998459174807695,0.995604939922029,1.0060082452810764,81.0
0.9999969597036795,0.9999965459113191,0.9999980962453933,0.9800594284065816,0.9772531093154326,0.9875125896935124,0.9945815979786802,0.9923431842126892,1.0033429665112206,0.9925924067842864,0.9910785458936721,1.0021477831881207,0.9925001146312398,0.9906920210537818,1.00228640541815,0.9917863683085827,0.9905644044324396,1.0019742345913185,0.9911446736285452,0.9907860909305372,1.0008380032095234,0.9909469107680574,0.9904766829952483,1.0006063845283506,0.990243632201237,0.9909066525625878,0.9998939928567978,0.9908152270446614,0.9898221742046522,1.0016241586145171,0.9906344296046882,0.9898299250503443,1.0016227058353848,0.990455199786105,0.9888782850872722,1.0011269107908625,0.9924957671073192,0.9903826143994638,1.0021919529314867,0.9924479338222373,0.9906920497869992,1.0024403250276774,0.990453990931217,0.988664797066308,1.0010154837634933,0.9904530700031353,0.9884892461682139,1.0009567618743604,0.9903301507250918,0.9875823047318135,1.0008241247465774,0.9903218718117681,0.9878137854570598,1.0006825831511712,0.9903150295925951,0.9873766378331409,1.0008069859481692,0.9896816563432047,0.9908569252940244,0.999227039442876,0.9893835286154075,0.9907668904277367,0.9990314255972396,0.9896868503919597,0.9908569763838585,0.9988951187982736,0.9900252370688395,0.990946754194421,0.9996350181970189,0.9900139469875694,0.9912351360193461,0.999622701221889,0.9885104115217279,0.9908349096330133,0.9986760371194069,0.9884636307555442,0.9908349295898111,0.9987101101732484,0.9884978001633157,0.9912007370303342,0.9984575045611108,0.9879374933955715,0.9903699048495684,0.9976533000210083,0.987870618019446,0.9903699944997629,0.9976439324230869,0.9879517024757598,0.9903699247970023,0.9974371850077981,0.9895481427807785,0.9899769466018496,1.0016074184269708,0.9908561590219048,0.9902653152633856,1.0004573863251567,0.9886366227417297,0.9906857901640349,0.9986757645316658,0.9878829032973148,0.9904667790187194,0.9982143902769883,0.9880528230817007,0.9903695637287635,0.9979422402061149,0.9907037363236479,0.9901243573776222,1.0003040415789985,0.990881785825609,0.9901686845675028,1.0004619072006586,0.9984203204677978,0.9955630107855311,1.0060191759008608,82.0
0.9999969536761946,0.9999965423327263,0.9999980961440395,0.9800209129222549,0.9772298607219669,0.987512608650066,0.994531218532643,0.9923143185748332,1.0033372121732635,0.9925414982713715,0.9910487596507236,1.0021400757532792,0.9924491877350816,0.9906604502552468,1.0022769535277092,0.9917373825997474,0.9905350745685917,1.0019669222719196,0.9910902288306046,0.990755485807617,1.0008298174330013,0.9908931988657985,0.990447185080717,1.0005980276494932,0.9901845084687874,0.9908731384302312,0.9998844898650345,0.9907675420089538,0.9897935040550109,1.0016170320814315,0.9905870115216238,0.9898015236543791,1.0016156089292338,0.9904082396020439,0.9888490599327878,1.0011199954623433,0.9924448450763917,0.9903496158965737,1.0021812841383204,0.9923969921308717,0.9906604789875487,1.0024307394576173,0.9904069903573193,0.9886350705648717,1.0010078663140163,0.9904060496445884,0.988459026487118,1.0009486004890369,0.9902831115174204,0.987553865270024,1.0008198741335952,0.9902747840053066,0.9877846710562814,1.000677111286542,0.99026798775643,0.987348407726337,1.0008032758540766,0.989620326646488,0.9908206542549199,0.9992173358404405,0.9893206278840534,0.9907288321613936,0.9990215059785164,0.9896259196444901,0.990820705342878,0.9988854955161843,0.9899652700544592,0.9909122703859616,0.9996255374750637,0.9899540039584902,0.9912010941890117,0.9996137055850034,0.9884438273725229,0.9907943132480738,0.9986657730101764,0.9883966068665726,0.9907943332040486,0.998700289428923,0.988431110028011,0.9911590786596686,0.9984446662495637,0.9878689138788485,0.9903273986219963,0.9976409132163279,0.9878023488948241,0.9903274882683246,0.9976315983785238,0.9878826119287338,0.9903274185685688,0.9974241731006938,0.9895023509057435,0.9899500538369922,1.0016002705112979,0.9908031034701745,0.9902366359042355,1.000449363898564,0.9885712255222724,0.9906456259148387,0.9986653946031008,0.9878151023784134,0.990424371469383,0.9982031915219474,0.9879846178467186,0.9903270575159024,0.9979304501954921,0.9906510178407869,0.990095995714698,1.0002963616035856,0.9908289856531056,0.9901404333508251,1.0004538678953672,0.9983810417476053,0.9955393033030165,1.0060191746101432,83.0
0.9999969588303049,0.9999965436802183,0.999998091534497,0.9800542829757584,0.9772389904706303,0.9874818387233455,0.9945727734097375,0.9923232337107448,1.0033045244226197,0.9925796232884029,0.9910578464100304,1.0021028773635487,0.9924861551031944,0.9906687714414295,1.0022391923909006,0.9917760316279332,0.9905441804746531,1.0019279520801265,0.9911243821558711,0.9907649890562094,1.0007903121603459,0.9909275241818979,0.9904574039126256,1.0005581250377857,0.9902147272833176,0.990881069581013,0.9998419496558661,0.9908072863467513,0.989802635008353,1.0015759371428663,0.9906270839081899,0.9898109355726371,1.0015744248730067,0.990448182807882,0.9888564807605581,1.001076245086133,0.9924816758987699,0.9903573247093354,1.0021437540765559,0.9924333671978651,0.9906688001739764,1.0023924675802474,0.9904468863308028,0.9886419604471668,1.0009633157701627,0.9904459225202844,0.9884653798107612,1.0009034215264978,0.9903225094018786,0.9875588479918097,1.0007732725282903,0.9903141261874547,0.9877890817837491,1.000629149212598,0.9903073233034008,0.9873531626957643,1.000756517347713,0.9896472949444881,0.9908274516746709,0.9991730816159777,0.9893454794231611,0.9907350197859763,0.9989764581938504,0.9896531496428402,0.9908275027629715,0.9988412657415877,0.989994222058477,0.9909196775877328,0.9995820985466941,0.9899828744325104,0.9912080731512202,0.9995691000792593,0.9884634202642872,0.9908008213661402,0.9986188034710951,0.9884154245634795,0.9908008413222424,0.9986534864919904,0.9884506152184105,0.9911649087472247,0.9983956119762635,0.9878855223345586,0.9903352537602756,0.9975905805270894,0.9878189738609994,0.9903353434073063,0.9975811975068845,0.9878980971985996,0.9903352737070044,0.9973728333884762,0.9895440916066313,0.9899610132133283,1.0015590282466345,0.9908379072448306,0.9902474149670928,1.0004097295424863,0.9885928699708834,0.9906524100458556,0.9986188403441967,0.987834341867473,0.9904319171030431,0.9981549283062513,0.9880026065583273,0.9903349126515092,0.997881142662454,0.9906860614205804,0.9901069758057683,1.0002569737420435,0.9908639871625697,0.9901515736562336,1.0004142194885013,0.998415065001705,0.9955486015593753,1.0059878206243424,84.0
0.9999969554568909,0.9999965430271076,0.9999980917187622,0.9800329909281391,0.9772349764996571,0.9874836534332975,0.9945436854301597,0.9923163616186924,1.0033017643741524,0.9925489331521378,0.9910517356074665,1.0020983125627339,0.9924558882259378,0.9906607952681058,1.0022330465385234,0.9917458241600571,0.9905389466025466,1.00192345446109,0.9910907622074259,0.9907596327487974,1.0007852067367613,0.990892873675943,0.9904518004217601,1.000552526691902,0.9901795038328236,0.9908762236455727,0.999835569403776,0.9907776865445013,0.989798668271174,1.0015717305166436,0.9905977509129572,0.9898071796985399,1.0015701847185448,0.9904182234284262,0.9888531353590726,1.0010727495629719,0.9924513284226224,0.9903478561369111,1.0021361942379499,0.9924034146848333,0.9906608240004187,1.0023864338361357,0.9904169028095874,0.9886383379606007,1.0009594072202235,0.990415927195022,0.9884614804796984,1.0008991892950079,0.9902923952269758,0.98755813632823,1.0007733419532465,0.9902839827819433,0.9877884998239089,1.0006286040595354,0.9902771935565612,0.9873527743682708,1.0007571486534044,0.9896118953206843,0.9908229491171353,0.9991663769328609,0.9893098905092418,0.9907306904006662,0.9989695982681293,0.9896179220425355,0.990823000205197,0.9988345488243541,0.989958928298626,0.9909150018325497,0.9995755809407378,0.9899475681762655,0.9912035832519714,0.9995625215502668,0.9884272944822654,0.9907977073212914,0.9986123699130407,0.9883791855267865,0.9907977272773281,0.9986476014926008,0.9884144218766769,0.9911613248413618,0.9983875935769432,0.9878502974986125,0.990334690975397,0.9975818259273718,0.9877836931356178,0.9903347806223711,0.9975723520746996,0.9878628878897756,0.9903347109221136,0.9973638514800882,0.9895171815439268,0.9899598017461568,1.0015546976477365,0.9908034834264047,0.9902417035358774,1.0004045817880927,0.9885570665941437,0.9906494873384039,0.9986116251563603,0.9877989443766317,0.9904306460552512,0.9981469864721153,0.9879674873749175,0.9903343498668444,0.9978727715822832,0.9906520946009191,0.9901016962932238,1.0002522723913734,0.9908294737368708,0.9901458052738116,1.000409073392555,0.9983933471653454,0.9955444992262017,1.0059896522371639,85.0
0.9999969618848723,0.9999965472587835,0.9999980909458721,0.9800744521312829,0.9772627676231945,0.9874780531035421,0.9945960338111192,0.992348723481892,1.0032994558738262,0.9926055163561365,0.9910863227748204,1.0020966741776787,0.9925130810348266,0.9906946824857705,1.0022312613887352,0.9918061173620758,0.9905737857421086,1.001923494147814,0.9911461399300262,0.9907973867882487,1.0007834699036817,0.9909471687155563,0.9904897415313979,1.0005497165041686,0.9902357384960655,0.990916286107952,0.9998338316847176,0.9908413721379331,0.9898338713233332,1.0015734597337864,0.9906615311715244,0.9898424016946253,1.001571964949468,0.9904865656473715,0.9888887497842567,1.0010768186578667,0.9925085449748979,0.9903811833892388,1.002134090685818,0.9924609553962584,0.9906947112190652,1.0023847995811408,0.9904852231759467,0.9886737248602766,1.0009631146869655,0.990484236884452,0.9884966329578473,1.0009026101384686,0.9903621123368719,0.9875954362936128,1.0007801114889459,0.9903536426853237,0.9878256550253358,1.0006340679110572,0.9903470990218711,0.9873903172113779,1.000764476636684,0.9896698982103228,0.9908648078048136,0.999165123697711,0.9893684659172309,0.9907735757573044,0.9989684000703474,0.9896768167983897,0.9908648588950304,0.9988338223028,0.9900158430692556,0.9909558338141379,0.999574065083021,0.9900044834142657,0.991244798715755,0.9995611789627342,0.9884854507379809,0.9908424202852572,0.9986117742864835,0.9884369954226669,0.9908424402421941,0.998647359113475,0.9884725358970197,0.9912059263121414,0.9983860411225065,0.987908001662895,0.9903812938756233,0.9975786970407623,0.9878413991436991,0.9903813835268183,0.9975691794772485,0.9879201588019659,0.9903813138232797,0.9973602484727576,0.9895816643572097,0.9899951233966116,1.0015564762266413,0.9908580171262859,0.9902798561005292,1.000401913749523,0.9886161409280295,0.9906942458607266,0.9986105007730146,0.9878579415550962,0.9904775216302076,0.9981448821322384,0.9880257528894989,0.9903809527510112,0.9978701639945929,0.9907066856137949,0.9901398787915991,1.0002496760581516,0.9908844192940214,0.9901846124812498,1.0004063801103866,0.9984356235096316,0.9955728285365373,1.0059839578676681,86.0
0.9999969614806489,0.999996546763336,0.999998089882181,0.9800730126786134,0.977260215025012,0.9874716338075606,0.99458852357162,0.9923411634762233,1.0032867579306595,0.9925975782235313,0.9910772395099937,1.002078613117307,0.992504343054312,0.9906837587759607,1.002210709865188,0.991799866073738,0.9905638072745349,1.0019018498949543,0.9911359668753305,0.9907864744222276,1.0007667703769352,0.9909359602514984,0.9904782522066286,1.0005327371570418,0.9902235033103665,0.9909037832444852,0.9998174911424644,0.9908368371262478,0.989822591863925,1.0015464490606742,0.9906573479609467,0.9898314250391725,1.0015448600650856,0.9904830376994647,0.9888735503612689,1.001042171500536,0.9924997167101054,0.9903687871901224,1.0021119657231505,0.9924518051435606,0.9906837875089418,1.0023639340947856,0.9904816492521,0.9886581123739102,1.0009277348279755,0.9904806405791458,0.9884805832892435,1.0008666396552255,0.9903575631024563,0.9875709085392114,1.000730740531368,0.9903489993407254,0.9878004814078406,1.0005824678209885,0.9903424314372009,0.9873646739226477,1.0007135375179286,0.9896555131295348,0.990850686940764,0.9991488231829504,0.9893523747030002,0.9907583670048775,0.9989519235336721,0.9896630916149137,0.9908507380302535,0.9988179164595681,0.9900027816398861,0.990942800821535,0.9995577847315634,0.9899914238607254,0.9912322151142083,0.9995451177739402,0.9884644610649901,0.9908283180610967,0.99859470799827,0.988414976455553,0.9908283380177498,0.9986301761476781,0.9884515612229697,0.991192676065252,0.998369496873022,0.9878866098472098,0.9903672850844438,0.9975593636993008,0.987820250265214,0.9903673747343723,0.9975499302198034,0.9878978112915161,0.9903673050318182,0.9973401235729876,0.9895796670240259,0.9899863627545908,1.0015292907647415,0.9908469171849682,0.990268030237943,1.000385369245808,0.9885978216612493,0.9906797975063647,0.9985935275564138,0.9878384787880765,0.9904637145322509,0.9981268313110834,0.9880052883865014,0.9903669439646505,0.9978514788186208,0.9906960255405598,0.9901284664103089,1.0002335614912325,0.9908726932178176,0.9901719269941988,1.0003898682768515,0.9984341358020312,0.9955702043298563,1.0059773938434735,87.0
0.9999969580558759,0.9999965460296388,0.9999980922398465,0.9800520283248536,0.9772559468550228,0.9874880192005366,0.9945565600191919,0.9923326966402052,1.003298541825158,0.9925655576811068,0.9910677205933415,1.0020882727727165,0.9924713522014892,0.9906729961348384,1.0022184944068122,0.9917675812799328,0.9905547278462558,1.0019095230698147,0.9911058289542144,0.9907746122374658,1.000778098227593,0.9909050820648889,0.9904664690735537,1.0005438965110924,0.9901946786334953,0.9908885907706712,0.9998300311457967,0.99080624397553,0.9898141439297691,1.0015523588654411,0.9906270831885807,0.9898232424046233,1.001550663916703,0.9904535034389745,0.9888643565094402,1.0010460462386543,0.9924666751965707,0.9903570294973285,1.0021187623733454,0.9924182700248289,0.9906730248675109,1.0023713346715852,0.9904520736618343,0.9886485671086107,1.0009309597206635,0.990451044891289,0.9884706629434736,1.0008693376270512,0.9903272786097852,0.9875605186434969,1.00073102071767,0.9903186868078883,0.9877908580785063,1.000582291383458,0.9903120535189346,0.9873540068036349,1.0007134208287565,0.9896264397216135,0.990832736264374,0.999162290096652,0.9893228711445311,0.9907387680953894,0.9989660558984816,0.9896345194646732,0.9908327873529271,0.9988317077467647,0.9899738443925606,0.9909264983614686,0.9995704526342455,0.9899624025418337,0.991215673407802,0.9995566714607741,0.988432378810928,0.9908073189056745,0.9986105710642939,0.9883822214710207,0.9908073388618984,0.9986461347652529,0.9884195129985266,0.9911727859119086,0.9983863532414113,0.9878576573129592,0.9903428950355301,0.9975754531481433,0.9877918992462859,0.9903429846832182,0.9975662845047323,0.9878689936538045,0.990342914982405,0.9973561851430672,0.989551577713826,0.989980405322719,1.0015350164917889,0.9908164210566763,0.9902563205115124,1.000397080414153,0.9885674750516742,0.9906583477016777,0.9986087400607729,0.9878082617474556,0.990439871447587,0.9981425065702119,0.9879756105201996,0.9903425539242612,0.9978673796440194,0.9906661855165483,0.990117390075499,1.0002459045111711,0.9908414939668033,0.9901592527123715,1.0004016159548885,0.9984127204289863,0.9955658366024479,1.0059940680529291,88.0
0.9999969664666785,0.9999965497632605,0.9999980887246775,0.9801070767405521,0.9772809895149999,0.9874645483644611,0.9946221416069485,0.9923583789948367,1.003273767094895,0.9926334306337481,0.9910945497263417,1.0020617684694488,0.9925399447248673,0.9906985651757819,1.0021911808260606,0.9918349887919604,0.9905805839561014,1.0018811135579975,0.9911769512441938,0.9908042045586438,1.0007534147993686,0.99097666443852,0.9904969360503244,1.0005194088599343,0.9902683470996546,0.9909192228306213,0.999806443313971,0.9908738248617964,0.9898385908242957,1.0015216746721365,0.9906946407694247,0.9898475132948006,1.00151997238165,0.9905213201421924,0.9888875448134299,1.0010119024464612,0.992535214742067,0.9903815903744286,1.0020904193353002,0.9924873340318613,0.9906985939091975,1.0023443077711884,0.9905198590730646,0.9886714757424976,1.0008963166219371,0.9905188150608499,0.9884932725739801,1.000834291633446,0.9903953039992788,0.987580789764267,1.0006913718463282,0.9903866444421194,0.9878113592257478,1.0005411821188304,0.9903801168171305,0.9873738607950009,1.000673284590547,0.9897028489325105,0.9908641575611877,0.9991399590536879,0.9894004105661938,0.9907706319203353,0.9989442759738847,0.9897118784594646,0.9908642086513588,0.9988100321281165,0.9900485606836649,0.9909574770881073,0.9995472895978593,0.9900370878788584,0.9912468624263908,0.9995332227065432,0.9885087470375822,0.9908395923327106,0.9985892128190351,0.9884576725282819,0.9908396122895832,0.9986246836968581,0.9884958497085092,0.9912049171799417,0.9983642584690772,0.9879432197083398,0.9903757360186825,0.9975573169257324,0.9878782288826814,0.9903758256693374,0.9975485079204709,0.9879554591796598,0.9903757559662176,0.9973385629852596,0.989619068942012,0.9900037504375709,1.0015043603867129,0.9908885968493137,0.9902873935976202,1.000373039044884,0.9886462409754513,0.9906906790662904,0.9985879238396953,0.9878902073441381,0.9904727376870611,0.9981228583365018,0.9880593674553568,0.9903753948961248,0.9978484897624774,0.9907389282437782,0.9901489839065788,1.0002224087168616,0.9909134940877214,0.9901901402835765,1.0003775815855587,0.9984688367504011,0.9955913474042011,1.005970150514282,89.0
0.9999969711400989,0.9999965461521451,0.9999980894444782,0.9801391454474316,0.9772579206202827,0.9874694960466862,0.9946531867830062,0.9923274712541027,1.0032778655712815,0.9926616422495371,0.9910599092619291,1.0020652710362412,0.992567648616833,0.9906622355592979,1.0021923115569644,0.9918615351137198,0.9905449684377549,1.0018844343737665,0.9912041383975182,0.990766603053188,1.0007579804048254,0.9910042243585021,0.9904599074735332,1.0005242395210834,0.9902925297705201,0.9908770084306151,0.9998108003845746,0.9908998880068961,0.9898015668420079,1.0015257017422985,0.9907203723654432,0.9898098081427971,1.0015239094406854,0.9905478985618233,0.9888520451231699,1.001017461904178,0.9925628599867414,0.9903439092965315,1.0020899407217256,0.99251477720237,0.990662264291663,1.0023452226042304,0.9905464771347808,0.9886363101519509,1.0009025084687397,0.990545452395787,0.9884584656958014,1.0008409978623352,0.990422038104202,0.9875475034612218,1.0006981703119033,0.9904133407081095,0.987778968486844,1.0005473096130313,0.9904068771972042,0.9873407218597593,1.0006803503444568,0.9897248280449096,0.9908177927575216,0.9991442699476198,0.989420950905341,0.9907216542113578,0.998948519060923,0.9897339941750724,0.9908178438452891,0.9988144818024579,0.9900718924197316,0.9909137251570835,0.9995516035830924,0.9900604008226699,0.9912033971520183,0.9995374137890739,0.9885238572204607,0.9907854429578573,0.9985920712923855,0.9884719055794323,0.9907854629136283,0.9986274381295912,0.9885108674028806,0.9911493171272518,0.9983647128247589,0.9879559110675464,0.9903141091934692,0.9975612247550295,0.987890478742784,0.9903141988384874,0.9975522048181338,0.9879683336968517,0.9903141291397485,0.9973425245941377,0.9896426467776811,0.9899621318040097,1.001508449544305,0.9909166061527441,0.9902507651077886,1.0003782775294918,0.9886636695352252,0.9906371196079282,0.9985920306900338,0.9879049121976916,0.9904142372308937,0.9981269647709594,0.988072307695022,0.9903137680923594,0.9978525990612365,0.9907674304503044,0.990112827636344,1.000228135034068,0.9909417003061567,0.990153863714741,1.0003828063190239,0.9985015009249424,0.9955678122175645,1.0059751856279153,90.0
0.9999969711594848,0.9999965454298197,0.9999980895751532,0.9801407175493863,0.9772539217080102,0.9874710142425002,0.9946481676751492,0.9923180540856216,1.0032740218460552,0.9926497405642715,0.9910488410552656,1.002056055469639,0.9925553403740613,0.9906492587450396,1.002180506745444,0.9918484326310375,0.9905328836923455,1.0018738497459183,0.9911850068142525,0.9907549612637635,1.0007455910223026,0.9909853337743424,0.9904487199781988,1.000511802342259,0.9902657420942161,0.9908627664088829,0.9997932808160155,0.9908865114641302,0.9897880112967811,1.0015138449612895,0.9907068246612869,0.9897958239213118,1.0015119639151344,0.9905347029841888,0.9888384946824545,1.001004119939267,0.9925504734692278,0.9903294054287097,1.0020762624038417,0.9925022836818763,0.9906492874770318,1.0023332695823624,0.9905332623065031,0.9886226041308078,1.0008888677182637,0.9905322282138517,0.9884445910472529,1.0008271135962117,0.9904106184689601,0.9875338229272014,1.000683722103603,0.9904018023310357,0.9877647907250268,1.0005301176791044,0.9903957079525031,0.9873271028360843,1.0006661911437598,0.9896941729623336,0.9908017148029415,0.9991245871022096,0.9893880322106885,0.9907046068217071,0.9989279732408962,0.989703185451233,0.9908017658898643,0.9987947271325772,0.9900435862585553,0.9908986166010193,0.9995328071873517,0.9900319423652036,0.9911875071623802,0.9995164503335935,0.9884855658766483,0.9907669825878032,0.9985697356989371,0.988433172845881,0.9907670025431933,0.9986052662769466,0.9884725144532946,0.9911298171636821,0.9983407951430463,0.9879114840119624,0.9902949794844118,0.9975355374317499,0.9878453592438399,0.9902950691276593,0.9975261972886837,0.9879228751319478,0.9902949994302968,0.9973160587553115,0.9896280904557262,0.989945971540761,1.0014965915472054,0.9908980045470371,0.9902399179921548,1.0003660106597443,0.9886265511677546,0.990619081938361,0.9985699128443882,0.9878643918794785,0.990395286066942,0.9981032909001537,0.9880298136775026,0.990294638390039,0.9978279247664513,0.9907490013319067,0.9901021391749827,1.0002160414315333,0.9909233137460025,0.990143390040221,1.0003705247626924,0.9985030793078081,0.9955637128486262,1.0059767107817745,91.0
0.999996971562198,0.9999965454741683,0.9999980926203045,0.9801444295845345,0.9772545750769253,0.987491486369904,0.9946475281101964,0.9923165538090476,1.0032942233163256,0.9926488897795664,0.9910474620060109,1.0020743761632276,0.9925555179421914,0.9906481290566216,1.0021996052450246,0.9918483059941421,0.9905307025713613,1.001889892087107,0.9911818380239587,0.9907536002413412,1.0007649839604857,0.9909826735600764,0.9904477263515037,1.0005315814233633,0.9902589892497776,0.990860448832427,0.9998120155085795,0.9908871852016155,0.9897846662378124,1.0015264672676834,0.9907075805043739,0.9897923679440441,1.0015243467193564,0.9905362221306983,0.9888337057881212,1.0010128790727026,0.9925508088312803,0.9903284752633809,1.0020955697443028,0.9925029599003241,0.9906481577885854,1.0023526781757086,0.9905347839867291,0.988617853261973,1.000897675884245,0.9905337511411932,0.9884398768941605,1.000835959117323,0.9904113824107794,0.9875243372629405,1.0006832804206194,0.9904024667450089,0.987755203288291,1.0005274396655661,0.9903963891030252,0.9873170201772764,1.0006649024592758,0.9896860170310934,0.990798533060677,0.999143734062544,0.9893789419251441,0.9907008796936317,0.9989474381400519,0.9896951546159876,0.990798584147434,0.9988140189234439,0.9900362820423525,0.9908959802396171,0.9995515627516249,0.9900245800121473,0.9911849372545352,0.9995345353886191,0.9884741337871622,0.990763652192837,0.9985915356330607,0.9884215589766867,0.9907636721481602,0.9986273731765225,0.9884611806064229,0.9911282449826523,0.9983651531146631,0.987896047090976,0.9902898078195781,0.997553438679964,0.9878292348579245,0.9902898974623523,0.9975437847963946,0.9879070906821706,0.9902898277653575,0.9973336615113236,0.9896296130772029,0.9899431357567278,1.0015089536890827,0.9908956643981831,0.9902391852371066,1.0003861078636895,0.9886155521321051,0.9906150367248642,0.9985898761915754,0.987851332876341,0.9903904986332602,0.9981223553686404,0.9880154932667691,0.9902894667270067,0.9978464204174371,0.9907470411326968,0.9901017726166491,1.0002365085601492,0.990920888419514,0.9901425889345555,1.0003906242070062,0.9985068458437315,0.9955643679387656,1.0059975638364345,92.0
0.9999969733837618,0.9999965477192803,0.9999980964227589,0.9801568110987517,0.9772694451287817,0.9875166566490108,0.9946600404100729,0.992333241591562,1.0033222782869695,0.992661884343998,0.9910654936777717,1.0021026749275557,0.9925693449483101,0.9906658922522874,1.002228305801453,0.9918634391672589,0.9905492883983117,1.0019187093509005,0.9911910760142062,0.9907724774513509,1.0007931853558631,0.9909927161682207,0.9904676045397501,1.000560122680333,0.9902633515275422,0.9908781749815241,0.9998382019751799,0.9909046653107758,0.9898040511167144,1.0015556486360198,0.9907251811765841,0.9898118665905686,1.0015535008986602,0.9905567585003797,0.9888536181714794,1.001042809921839,0.9925646323777404,0.9903460236800088,1.0021241543386807,0.9925172889996731,0.9906659209847688,1.0023817068275782,0.9905552868016557,0.9886375211261842,1.000927098298065,0.9905542376705447,0.9884592726062245,1.0008649629166553,0.9904313736109169,0.9875457699200018,1.0007127227109711,0.9904224127882245,0.9877775262088182,1.0005560668200242,0.9904163163198088,0.9873385105535654,1.0006944093650039,0.9896888999637506,0.9908152219127908,0.9991696761395481,0.9893808532485339,0.9907169148015263,0.9989733042494083,0.9896981456402559,0.9908152730003997,0.9988401014157959,0.990040062600317,0.9909133228080662,0.9995775069813515,0.9900282975375927,0.9912023550388844,0.999559757735751,0.9884752299950147,0.9907785922549025,0.9986192766998399,0.9884232034050693,0.9907786122105219,0.9986558839623477,0.9884622811380004,0.9911430649964228,0.9983929665246498,0.9878897201256691,0.9903026173670175,0.9975767413407711,0.9878224391047185,0.9903027070109256,0.9975668833386601,0.9878999842956732,0.9903026373130487,0.9973563908501455,0.9896481229088269,0.9899636283824945,1.0015380720794462,0.9909062490396021,0.9902597364755428,1.0004149789054229,0.9886152216174919,0.9906300255058887,0.9986155862517495,0.9878482782494329,0.990404331813614,0.9981470096376135,0.9880105685196345,0.9903022762701322,0.9978704323169483,0.9907580698100057,0.9901227504414234,1.0002658064435774,0.9909318507715525,0.990163747692189,1.0004194715737382,0.9985194604436796,0.9955795229222807,1.0060232146930608,93.0
0.9999969759751257,0.9999965506351673,0.9999980980854388,0.9801741270315204,0.9772889080601385,0.9875277359389427,0.9946787640806675,0.9923541988769617,1.0033339652068989,0.9926786773957317,0.9910860164159164,1.0021142140953874,0.9925852618074577,0.9906875029122594,1.0022408995105017,0.9918811903147112,0.9905694351293248,1.0019296067916577,0.9912042695921722,0.9907920933705756,1.0008045759490807,0.9910065553176818,0.990487478855748,1.0005720681680996,0.9902713932197619,0.99089581627167,0.9998474359831032,0.990922805146714,0.9898236519753972,1.0015651062651711,0.9907432994983614,0.9898313532788965,1.001562902296551,0.9905755518422149,0.9888729450776923,1.001050374367733,0.9925806147097903,0.9903685048253504,1.0021381034988843,0.9925326309653899,0.9906875316453732,1.0023939166466498,0.9905740604323447,0.9886567249722346,1.0009343709479697,0.9905730017529641,0.9884783324163173,1.0008719917186433,0.9904481704926053,0.9875640502150528,1.000715276434614,0.9904391110240784,0.9877956306837609,1.0005563942206523,0.9904328683673372,0.9873566819451374,1.0006966605973278,0.9896960681055866,0.9908313685924919,0.9991794280241924,0.9893878534796273,0.9907322249587416,0.9989838360568057,0.9897047097459433,0.990831419680925,0.9988495203455865,0.9900477434859603,0.9909303060044066,0.999586603344179,0.9900358562592869,0.9912189328516443,0.9995672126312714,0.9884828569536196,0.9907941666329183,0.9986337856496632,0.9884311775904802,0.9907941865888488,0.998671007136806,0.9884700138613208,0.9911602976385273,0.9984101833986134,0.987894964029935,0.9903162992028066,0.9975880604696085,0.9878280502101286,0.990316388847936,0.9975784002325179,0.9879046916173235,0.990316319149109,0.9973673070117999,0.9896663905654934,0.9899830100971837,1.0015474790293837,0.9909203304460049,0.9902797883098733,1.000427224673722,0.9886219031844043,0.9906449255892876,0.9986273981672947,0.9878542401133302,0.9904184248139705,0.9981586215869286,0.9880160901101656,0.990315958101274,0.9978819117227807,0.990772518224531,0.9901431504483984,1.0002784045327433,0.9909459182570054,0.9901838517069242,1.00043171492685,0.9985371063694046,0.9955993545142134,1.0060345020969779,94.0
0.9999969719943571,0.9999965546964493,0.9999981006620277,0.9801485844565334,0.9773159063340676,0.9875454510716607,0.9946455900839876,0.992383822070836,1.003348420887134,0.992639829614772,0.9911165193948934,1.002127289389645,0.9925451351906953,0.9907180064246747,1.002253187567434,0.9918415487556009,0.9906011605393247,1.0019423674283343,0.9911606941935628,0.9908219531891309,1.0008160217608146,0.9909627705959624,0.9905180376776682,1.0005826727522944,0.9902233421889134,0.9909230154242875,0.9998568231533547,0.9908837456413357,0.9898571429954724,1.0015782047191748,0.990704439293941,0.9898650405251619,1.0015759186652669,0.9905365095982442,0.9889079290087317,1.0010645058681893,0.9925405131381307,0.9903990087814913,1.0021504688113239,0.9924917181636586,0.9907180351586764,1.0024056744783616,0.9905350650546445,0.9886921494171951,1.000949247089771,0.990534029215677,0.9885142177983613,1.0008874638085836,0.9904070432121215,0.9876007484162095,1.0007282519451894,0.9903978844186228,0.9878320216870022,1.000567121076953,0.9903914848141169,0.9873936523450981,1.000709839754253,0.9896454025884142,0.9908563660138838,0.9991881191015632,0.9893355533720212,0.990755907383379,0.9989923054593313,0.9896541083906816,0.9908564171035911,0.9988582917978417,0.9899986673172663,0.9909566183976032,0.9995954714698989,0.9899866834665947,0.9912450508926175,0.9995748565514458,0.9884251159410942,0.9908166372000118,0.9986411040966539,0.9883724280648799,0.9908166571563871,0.9986780124869328,0.9884122877541077,0.9911826615712869,0.9984178443644408,0.9878350143345156,0.9903362655226571,0.9975942360889818,0.9877679424965342,0.9903363551695559,0.9975845191469996,0.9878440071988299,0.9903362854693527,0.997372923347622,0.989628845022222,0.9900182691491062,1.0015604408121948,0.9908766809062309,0.9903108620351675,1.0004376209735084,0.988566778446332,0.9906674393447298,0.9986353927479896,0.9877969688786226,0.9904396535963836,0.9981658227270617,0.9879571818308931,0.9903359244143913,0.9978886404829855,0.9907285615342278,0.990173923984884,1.000288510649512,0.9909026124457246,0.9902155009973209,1.0004420885247527,0.99851106068171,0.9956268668476217,1.0060525361579273,95.0
0.9999969577140196,0.9999965585144945,0.9999981096902039,0.9800560030722534,0.977340928184877,0.9876064150871756,0.9945307979818387,0.9924137679154464,1.003406945663952,0.99252014002391,0.9911458445037412,1.0021851462988836,0.9924258381362987,0.9907480011707229,1.0023126801802138,0.9917192536576844,0.9906293291951798,1.0019981704379326,0.9910380728158953,0.9908516952175862,1.00087438367605,0.9908401984530252,0.9905478219578945,1.000640834584889,0.9900975592986674,0.9909527660967243,0.9999147792208932,0.9907599201228721,0.9898836389359854,1.0016320928461944,0.9905803770707318,0.9898911241204843,1.0016297807362504,0.9904112474456602,0.9889341229551665,1.0011155420639821,0.9924211597003735,0.9904295393701322,1.0022110398660833,0.9923726989780054,0.9907480299055983,1.0024653396387038,0.9904098484930436,0.9887187839235626,1.0010010096419988,0.9904088348966409,0.9885413139045981,1.0009398055016256,0.990280731585184,0.9876240017370549,1.0007725737709503,0.9902715337652919,0.9878559156517575,1.0006107478244504,0.9902650424765534,0.9874164206213112,1.0007533954255694,0.9895167677059407,0.9908858304225442,0.9992454789468583,0.9892049255538619,0.9907850825926834,0.9990491397201797,0.9895258722660348,0.9908858815137703,0.9989159362737352,0.9898717854898503,0.9909863719885718,0.9996532294609453,0.9898597912245827,0.9912753555183564,0.9996327680542789,0.9882888737470834,0.9908460973421945,0.9986973820499828,0.9882354800010335,0.9908461172991636,0.9987341419405344,0.9882761211120199,0.9912130545682819,0.9984760607129585,0.9876943099199127,0.9903647011539117,0.9976468935839177,0.9876267667977974,0.9903647908033806,0.9976369617881199,0.9877022627997186,0.9903647211011791,0.9974247954582568,0.9895034777567303,0.9900421509477341,1.001614399493804,0.9907540632334515,0.9903407033852926,1.0004957057083563,0.9884323410763431,0.9906965200510522,0.9986912703068277,0.9876598342590382,0.9904684543449731,0.9982202785870519,0.9878181971390783,0.9903643600358671,0.9979422070977734,0.9906057910590881,0.9902036373041011,1.0003464457435192,0.9907800314923744,0.9902454641718542,1.0005001675891085,0.9984166710885451,0.9956523771746981,1.0061146335774203,96.0
0.9999969554526228,0.999996558137926,0.9999981085707426,0.9800423812324062,0.9773392137924617,0.9875997621274949,0.994508947494321,0.9924073567215083,1.0033929773895744,0.9924951434833803,0.9911367641344866,1.0021657907636488,0.992401157677555,0.9907369249264532,1.0022909795006982,0.9916933706714098,0.9906204786310856,1.0019782170115479,0.9910101878934827,0.9908391216325494,1.0008505323134131,0.9908124928376298,0.990535107156685,1.000616976711094,0.9900655890290505,0.9909349278080205,0.9998857661779572,0.99073335825024,0.9898751197421672,1.0016115811663615,0.9905538280914332,0.989882551073185,1.001609211188335,0.9903835624434859,0.9889263442504258,1.0010945094360404,0.9923963718970646,0.9904168662260586,1.002187252253119,0.9923482886812074,0.9907369536610137,1.0024437972477669,0.9903821689741598,0.9887110729863572,1.0009800689991455,0.9903811580687842,0.9885336697793153,1.00091893571045,0.9902537113069988,0.9876174210274921,1.0007520948180686,0.9902444124214099,0.9878486736622526,1.0005878906735344,0.9902381248598012,0.9874101006887448,1.0007333640535008,0.9894828260710434,0.990863501604865,0.9992132576106793,0.9891696356606776,0.9907600177234419,0.9990150877819595,0.9894921804915614,0.9908635526949128,0.9988839225820773,0.9898390381767188,0.9909667791207304,0.999622741923788,0.9898269508048275,0.9912556292433111,0.9996011085322469,0.9882490092097281,0.990814146916389,0.9986541578603843,0.9881947135744122,0.9908141668726925,0.998690595769265,0.9882357908648325,0.9911718478007048,0.9984205070697615,0.9876563747346925,0.990334723775629,0.9976094193159388,0.9875890452929862,0.9903348134223025,0.9975995938036618,0.9876642109642311,0.9903347437222735,0.9973871640517943,0.9894773996415331,0.9900340062220596,1.0015938156547497,0.9907262276539127,0.9903279232875097,1.0004717715154234,0.9883950107579502,0.9906683325476865,0.9986538919828132,0.9876219449195694,0.9904387574583736,0.9981829059438645,0.9877802083445765,0.9903343826682223,0.9979047924679936,0.9905777870213941,0.9901906900935393,1.000322359327149,0.990752013877169,0.9902325078236321,1.0004762396197273,0.9984027655383872,0.9956506082413801,1.0061078280640952,97.0
0.9999969612717821,0.9999965544886038,0.9999981095736143,0.9800813130038848,0.9773154895764437,0.987606129102282,0.9945514765166774,0.9923781963716671,1.003402345019622,0.9925372738399001,0.9911060862689111,1.0021744790374212,0.9924423940174362,0.9907059099494551,1.0022988415700094,0.9917349985924081,0.9905904015848159,1.001985819283431,0.9910539664223561,0.9908053106171468,1.0008603430407845,0.990855618315236,0.9905001487781105,1.0006259999540021,0.9901103448002473,0.9908987783065264,0.9998976907986026,0.9907736763755551,0.989845909248938,1.0016174363785144,0.9905943421951301,0.9898535708939119,1.0016150351952224,0.9904210062637296,0.9888971050836974,1.0010979030245362,0.9924375716679897,0.9903855815629106,1.0021949603173956,0.9923890159543985,0.9907059386831174,1.0024512791688496,0.9904195679650445,0.9886814626188444,1.0009827730752117,0.9904185352584463,0.9885036594641842,1.0009210802740731,0.9902914750769786,0.9875890122573288,1.0007557814672026,0.9902820935729956,0.987819751112294,1.0005896116148902,0.9902759433997474,0.9873818814398929,1.0007373991695263,0.9895288474743258,0.9908252906042383,0.9992276358489612,0.9892158284755992,0.9907205247186,0.9990308220756359,0.9895392437913585,0.9908253416923097,0.998899068349227,0.9898842659435718,0.9909298501537971,0.9996354297303953,0.9898721051312787,0.9912187659724953,0.9996129161649621,0.988295452150705,0.990775455535502,0.9986749912681715,0.9882410307698397,0.990775475491026,0.9987115750432225,0.9882824733564993,0.9911368685715471,0.9984474106311462,0.9877059194522172,0.9902934139124087,0.9976287718343527,0.9876389135627963,0.9902935035553339,0.9976190924021309,0.987714263839393,0.9902934338582183,0.9974068032337877,0.9895192029204201,0.9900066409159526,1.0015995761337417,0.9907686025234955,0.9902922915960832,1.0004801941901693,0.9884416834751676,0.9906281317262163,0.9986718806860911,0.9876694725288859,0.9903969936939294,0.9982015712966558,0.9878288495842128,0.9902930728192633,0.9979237870968769,0.9906191791204003,0.9901541036672379,1.0003298820703341,0.9907945101089869,0.9901971437284437,1.000484651670778,0.9984424372829692,0.9956264171764835,1.006114323916071,98.0
0.9999969560021376,0.9999965540180952,0.9999981107374781,0.9800480605760892,0.9773128035687356,0.9876147153142827,0.9945063848971364,0.9923721360848872,1.0034049413137622,0.9924913719790014,0.9911023314635586,1.0021744811347935,0.9923956787482411,0.9907029036916728,1.0022993609829456,0.9916890959154633,0.9905870592008563,1.0019846113803184,0.9910082002574978,0.9908034886531294,1.0008580499275148,0.9908102373792295,0.990498557482553,1.0006243205012328,0.9900643919112041,0.9908975170948827,0.9998917888642022,0.9907292041206341,0.9898431607826133,1.0016152862810301,0.9905501019584858,0.9898510665995591,1.001612854843798,0.9903776662032076,0.9888937966387914,1.0010945265223374,0.9923909528794626,0.9903831742521699,1.0021963950129975,0.9923417402066543,0.9907029324252531,1.00245142252101,0.9903762444130556,0.9886782777537563,1.000979644614203,0.9903752197268766,0.9885006121707793,1.000918155179529,0.9902471183695705,0.9875835554106207,1.0007481370041074,0.9902376537475691,0.9878135182085588,1.0005799666134259,0.9902314672154575,0.9873762667983231,1.0007295138042989,0.9894834422158828,0.990824972596827,0.9992203568439296,0.9891707118681795,0.990720962675415,0.9990232032306136,0.9894939860780675,0.9908250236848684,0.9988918920479883,0.9898384837473101,0.9909287761419867,0.9996284448968134,0.9898261285189266,0.9912168367958479,0.9996032348325212,0.9882488120717599,0.9907770408141536,0.9986663518659734,0.9881938438337123,0.9907770607697045,0.9987027925228563,0.9882358365747113,0.9911377241565721,0.998438706511287,0.9876640979184423,0.9902973690814211,0.9976208566060354,0.9875963547082737,0.9902974587246803,0.9976108069219077,0.9876735397565437,0.9902973890273056,0.9973995224635293,0.989476791406918,0.9900063301306598,1.0015973169189631,0.9907235147573482,0.9902908217908283,1.0004789735739295,0.98839646402176,0.990630013344053,0.998663640129555,0.9876264808509009,0.9904007415324412,0.9981934233175656,0.9877864996193543,0.9902970279870044,0.9979157483737272,0.990574714145973,0.9901532376302039,1.0003292457502506,0.990748869990299,0.9901949551830095,1.0004834579664577,0.9984085212792115,0.9956236649673051,1.006123048470942,99.0
0.9999969701651646,0.9999965512746035,0.9999981046220171,0.9801411110738637,0.9772954828017492,0.9875735523908938,0.9946155795709782,0.9923477088898335,1.0033640632019032,0.992600353217938,0.9910749871072455,1.0021315801228863,0.992504317292216,0.9906737776127184,1.0022543331711165,0.9917990351534044,0.990559343342205,1.001941411111645,0.9911155005519053,0.9907730558787463,1.0008151564348235,0.9909182471095281,0.990468305538846,1.0005818067368863,0.9901678242015637,0.9908629659645734,0.9998478634648507,0.9908399988314324,0.9898149069640578,1.0015715670148035,0.9906609095363222,0.9898226686644871,1.0015690321924398,0.9904896597473444,0.9888653794512167,1.0010506084424993,0.9924994287034475,0.9903526226433218,1.0021497501041572,0.9924502951645059,0.9906738063454565,1.002406331613179,0.9904882159897848,0.9886496428798615,1.0009353807248451,0.9904871805732817,0.9884717489606057,1.0008736171786687,0.9903588029398227,0.9875552959435495,1.000704053229494,0.9903492850862577,0.9877847752206167,1.0005345634068816,0.9903431198744036,0.9873481042954984,1.0006856166365887,0.989583634232113,0.9907864628201616,0.9991755634124467,0.989269406623969,0.9906798668996684,0.9989780535545454,0.9895933268975543,0.9907865139062053,0.998846585277363,0.9899406678837253,0.9908928523350857,0.9995842162275751,0.9899283015523663,0.9911816437597583,0.9995591562811831,0.9883460654781031,0.990732863752946,0.9986210186178569,0.9882914175731675,0.9907328837075977,0.9986578736208523,0.988333054550949,0.9910919851296557,0.9983921915078684,0.9877552590692649,0.9902507605567669,0.9975728293504972,0.9876871553643805,0.9902508501957639,0.9975625828395628,0.9877640486153572,0.9902507805017018,0.9973510042202721,0.9895876891134948,0.9899775217456248,1.0015535037907997,0.9908315952471672,0.9902607024758392,1.000436537150721,0.9884928991073026,0.9905864709501544,0.9986177090247377,0.9877202987882631,0.9903548117127849,0.9981466286958084,0.987878808972182,0.9902504194785675,0.9978683611250417,0.9906828585641471,0.9901231587649358,1.0002868901545527,0.9908567697455778,0.9901646745437458,1.0004410276572573,0.9985033681665897,0.9956059881884685,1.006081113154279,100.0
0.9999969798153975,0.9999965467473594,0.9999981006228968,0.9802052389010164,0.9772663771469664,0.9875468361494458,0.9946876887717101,0.9923095561630306,1.0033362951537417,0.9926758180223073,0.9910362038630194,1.0021050542902794,0.9925785818824795,0.9906349874583467,1.0022279905806448,0.9918759223294236,0.990521136402279,1.001914969499273,0.9911943590903857,0.9907326378306452,1.0007901524019498,0.990997836614473,0.9904282017427922,1.000557030979234,0.9902479599212466,0.9908198943031165,0.9998243877061228,0.9909173394772409,0.9897775317990386,1.0015446564848993,0.990738474090618,0.9897854693783124,1.0015420469327698,0.9905666579355596,0.9888281418451135,1.0010234498540254,0.9925734843643935,0.9903138270505419,1.0021240622377532,0.9925239963228896,0.9906350161899639,1.0023796079417382,0.9905651958100756,0.9886122263733965,1.000907936568014,0.9905641514264055,0.9884341450612034,1.0008459465009838,0.9904356645165259,0.9875189654029926,1.0006781047424351,0.9904261173566328,0.9877481770952063,1.0005078762416235,0.9904199682481234,0.987311934414402,1.000659942507526,0.9896661820518406,0.9907406140113427,0.9991538762748973,0.9893531879736293,0.9906321253777608,0.9989572347663869,0.9896762896046085,0.990740665095013,0.9988252225892817,0.9900217330271658,0.9908488962174812,0.9995615184019623,0.9900093735762256,0.9911385831172815,0.9995368968055981,0.9884323019450544,0.9906829263916198,0.998602120287618,0.9883777350234784,0.9906829463452591,0.9986392225980132,0.9884192898698558,0.9910410806176942,0.9983729962630609,0.9878452482385838,0.9901993399374691,0.997555359189643,0.9877772867595164,0.9901994295717793,0.9975451486130756,0.9878549966221212,0.9901993598813603,0.9973341260979088,0.9896665580653854,0.9899415975147158,1.001526466358138,0.9909112564815036,0.9902208239758753,1.000411752011988,0.9885789256043641,0.9905369264286488,0.9985982879752787,0.9878078516375756,0.9903034878273586,0.9981281383427109,0.9879675442919887,0.9901989988771048,0.9978503852797007,0.990762475509531,0.9900832227585451,1.0002620831054059,0.990936465216727,0.9901249467199605,1.0004162365390115,0.9985687222339902,0.9955762982825465,1.0060538906459862,101.0
0.9999969808430942,0.9999965444471429,0.9999981109655842,0.9802123203165469,0.9772505414082512,0.9876145883595161,0.9946947953762955,0.9922958847163932,1.0034175660010223,0.9926861781930406,0.9910240212197112,1.0021884900403464,0.9925907050007777,0.9906232580586563,1.0023136847186453,0.9918866668383715,0.9905096888870194,1.001998799451985,0.9912069607982882,0.9907215907563496,1.0008746132692627,0.9910105615727152,0.9904170682857787,1.0006412710928683,0.9902623835669382,0.9908096818248974,0.9999100684140624,0.990929056505038,0.9897671469144017,1.0016294157775627,0.9907503470305887,0.9897752336880631,1.0016268160584103,0.990579079912688,0.9888184767527206,1.0011096091525808,0.9925855575879824,0.9903024603475888,1.0022105802573968,0.9925372147785216,0.9906232867899349,1.0024660391377282,0.990577616290291,0.9886025654373294,1.0009940922193734,0.9905765711906698,0.9884244875147016,1.0009320979009722,0.9904481373462456,0.987511217620227,1.000767165805561,0.9904385713435514,0.9877401598296056,1.0005964433527363,0.9904324506817408,0.9873044794577688,1.0007494599009907,0.9896827251006044,0.9907305437479377,0.99924055567574,0.9893707858787048,0.9906219190324806,0.9990442293902556,0.989693237540324,0.9907305948310844,0.9989122262670891,0.9900369769576556,0.9908389620061513,0.9996477382415939,0.9900246422034283,0.991129738790684,0.9996238723810662,0.9884494252058734,0.9906717676556469,0.9986891277281744,0.9883942749139342,0.9906717876090583,0.998726038542984,0.9884364181808649,0.9910290448866063,0.9984598927847395,0.9878661695367783,0.9901888181828128,0.9976434726636227,0.9877980027777159,0.9901889078161545,0.9976331356904997,0.9878765109679446,0.990188838126489,0.9974226016883585,0.989679630028751,0.9899325960802104,1.0016111931918255,0.9909238234451782,0.9902096642791729,1.0004958077716914,0.9885975636488312,0.9905261238661085,0.9986858387015054,0.9878274482796368,0.990292263286356,0.9982159822908334,0.9879879851077956,0.9901884771261326,0.9979383408349798,0.9907747283347581,0.9900717750792261,1.0003458619127914,0.9909493790061435,0.9901143576002372,1.0005002698836667,0.9985759359940232,0.9955601789420038,1.00612296136213,102.0
0.9999969221375518,0.9999965897113602,0.9999980542753889,0.979814308556198,0.9775472579842529,0.9872423653594439,0.9942827876228735,0.9926482738442985,1.0029723998236701,0.9922758474360047,0.9913762617093538,1.0017434025142053,0.9921803776309936,0.9909738627576418,1.0018668626158331,0.9914758148271305,0.990862336373787,1.001554965534708,0.9907998078954171,0.9910742522757858,1.0004289529549397,0.9906038966400147,0.9907698978118694,1.000195737070841,0.9898576496609501,0.9911616777051507,0.9994637867815322,0.9905178100640459,0.9901203847768798,1.001187375785219,0.9903390980489071,0.9901283369696956,1.001184775381388,0.9901672101850701,0.9891733638821403,1.000670305855159,0.9921751932823581,0.9906517561775895,1.0017619115201102,0.9921269173409899,0.9909738914990855,1.0020195615048706,0.9901657688605018,0.9889575438697238,1.0005549324151248,0.9901647345946162,0.9887795735492504,1.0004930520433184,0.9900371177753584,0.9878703084810813,1.0003343909628992,0.990027534105706,0.9880989242740943,1.0001635119103327,0.9900215448514054,0.987664170518561,1.0003175612939883,0.9892774875297254,0.9910819991034026,0.9987931108690361,0.9889648598340152,0.9909730554906214,0.9985963248732108,0.9892887368750252,0.9910820502046518,0.9984648939845918,0.989632022393678,0.9911907361611956,0.9992007380672051,0.9896195564891309,0.991481445861439,0.9991755513272854,0.9880396617184273,0.9910234565093853,0.998238995992933,0.9879833603008885,0.9910234764698722,0.9982754606934623,0.988026630219314,0.9913794355226806,0.9980094009278383,0.9874599328035911,0.9905424043525635,0.9971934156455775,0.9873920374292204,0.9905424940178782,0.9971832176079264,0.9874700569010418,0.9905424243033539,0.9969720810437902,0.9892683081590471,0.9902848182371603,1.0011692088622717,0.9905172724903106,0.990562605821149,1.000050299656063,0.9881908033862372,0.9908783398627266,0.998237014515411,0.9874215651083453,0.9906460716554503,0.9977665622531139,0.9875817887582163,0.9905420631742243,0.9974886046266532,0.9903683854947442,0.9904247991217626,0.9999003722078289,0.9905427394156915,0.9904672384850679,1.000054763150215,0.9981704388776825,0.9958626748483931,1.0057435178974927,103.0
0.9999967288360159,0.9999966693033893,0.9999979229315278,0.9785252146629065,0.9780704406314349,0.9863871846852337,0.9928573923606885,0.9932605689788447,1.0018982771972909,0.9908485334327353,0.9919867256696692,1.0006643694830457,0.9907528166451084,0.9915838367725007,1.0007876282728942,0.9900465960788134,0.9914723234576257,1.0004726630252094,0.9893739149292001,0.99168214269022,0.9993480101872904,0.9891783710797547,0.9913781409858244,0.999114834121035,0.9884323738340702,0.9917653396828818,0.9983806841024777,0.9890876668716732,0.9907296786479769,1.000100583352833,0.9889093409443029,0.9907379770023275,1.0000980204652565,0.9887339094508212,0.9897795845274393,0.9995763905925217,0.9907477698904521,0.9912613380689735,1.0006816927592224,0.9906991054904583,0.9915838655316394,1.000940944996126,0.9887323322244204,0.9895624398051299,0.9994584161025397,0.9887312319544701,0.9893830705667482,0.9993944101399512,0.9886035851313374,0.9884733833729337,0.9992354267325421,0.9885939753583157,0.988701385756028,0.9990645943223785,0.9885879862844109,0.9882669317249745,0.9992179316287274,0.9878503590626204,0.9916823259653343,0.9977078750919148,0.9875362683773784,0.9915714563399074,0.9975105764161507,0.9878623974524962,0.9916823770975137,0.9973790682260258,0.9882059906020876,0.9917929888810524,0.9981163856856204,0.9881933132944614,0.9920830823100035,0.9980891079140849,0.986606336508739,0.9916193885110658,0.9971519106928941,0.9865490214424378,0.9916194084835429,0.9971881759359953,0.9865932823725286,0.9919741688881787,0.9969227049327324,0.9860287601595344,0.9911371641613841,0.996103920648687,0.9859610018110175,0.9911372538804756,0.9960938152875525,0.9860388221765032,0.9911371841241394,0.9958817330352344,0.9878413406635741,0.9908969720538063,1.0000824305664813,0.9890920613472639,0.991171035635496,0.9989695282699825,0.9867601239778983,0.9914747583396802,0.9971502915089774,0.9859904745861408,0.9912405654304595,0.9966787365396457,0.9861507007465243,0.991136822778424,0.9963999235229312,0.988943831540053,0.9910337091159521,0.9988197809425136,0.9891169990430028,0.9910749850464454,0.9989740148029922,0.9968567654164051,0.9963960040645893,1.0048715663422896,104.0
0.9999964867004791,0.9999967384105749,0.9999977841056192,0.97692028927924,0.9785260299446817,0.9854903075487842,0.9910382769023226,0.9937841830373988,1.0007352887172025,0.9890310756554895,0.99250842236635,0.9995043043445323,0.9889353604916213,0.9921057256195924,0.9996288480082628,0.9882281253033097,0.9919944205642102,0.9993139072094945,0.9875600810103567,0.9922014299305151,0.9981880119150368,0.98736593873536,0.9918989789449405,0.9979551132975624,0.9866197461040294,0.9922789459688957,0.9972202501359362,0.9872682201369285,0.9912523567778523,0.9989431550361242,0.9870900516833061,0.9912605010524648,0.9989405261173715,0.9869120382256604,0.9903038047884778,0.9984213153003827,0.988930501013679,0.9917833805858594,0.9995227260263418,0.9888815105906188,0.9921057543938702,0.9997830758013132,0.9869104773851481,0.9900865568078365,0.9983030709410916,0.9869093851726404,0.9899071227602231,0.9982388380092535,0.9867807244845289,0.9890027021188359,0.9980868427007656,0.9867711259484159,0.9892305529435608,0.9979170653635862,0.9867649950613978,0.9887969399209772,0.9980700276654658,0.9860387946822791,0.9921911873622576,0.9965475303655427,0.9857249730031247,0.9920774661142133,0.9963509675260526,0.9860517222315897,0.9921912385206423,0.9962181423483605,0.9863937348236751,0.9923047017550998,0.9969556746564835,0.9863808766494693,0.9925944619527823,0.9969268799087226,0.9847953782640558,0.9921202144308677,0.995995561209144,0.9847380677846956,0.9921202344134131,0.9960324113205178,0.9847823247876187,0.9924741410545365,0.9957674465759657,0.9842197675322342,0.9916315660388431,0.9949453569526469,0.9841521497713211,0.991631655802586,0.9949353672980851,0.9842307605755377,0.9916315860115319,0.9947229852937803,0.9860229101552286,0.9914187184889023,0.9989250614319785,0.9872804477809646,0.9916928364196437,0.9978100005550474,0.9849491551178026,0.9919759305775179,0.9959919790653231,0.9841799163285344,0.9917364761019287,0.9955205303619166,0.9843406104075647,0.9916312244859841,0.9952415733878954,0.9871330809360431,0.9915562167316382,0.9976605889721927,0.9873055108648175,0.9915970500606724,0.9978144727233748,0.9952210749824905,0.9968603827338889,1.003956970380785,105.0
0.9999962966549287,0.9999968196564242,0.9999976616035516,0.9756588595895732,0.979062408449255,0.9847004895628342,0.989617042020264,0.9943941373680997,0.9997147026729389,0.9876176897346849,0.9931199370990753,0.9984913829967158,0.9875213747951027,0.9927162002557235,0.9986168343519441,0.9868151953627236,0.9926050932026018,0.9983031352055055,0.9861555803633051,0.9928176378654967,0.9971808992982255,0.985963302167218,0.9925170623209721,0.9969483505265494,0.9852213434715341,0.9928962716995692,0.9962175781980547,0.9858568937185331,0.9918618143471231,0.9979346942093887,0.9856789248394504,0.9918696094017561,0.997932010420901,0.9855018013819759,0.9909129883309288,0.9974166715903253,0.987516593117298,0.992393023028944,0.998509950473309,0.9874671076351828,0.9927162290477044,0.998772178620136,0.9855002313018386,0.9906952145574057,0.9972977023226374,0.9854991344286592,0.990515313113241,0.9972329097831434,0.9853717665212475,0.9896143989030641,0.9970900067908578,0.9853622707035461,0.9898437010626258,0.9969235648900175,0.9853561878854193,0.9894087357482831,0.9970736842309579,0.9846454642564855,0.992809170592364,0.9955477553312609,0.984334003427285,0.9926957338295175,0.9953528965892482,0.9846597663633176,0.9928092217825887,0.9952186258506182,0.9849972659374299,0.992922400303882,0.9959541112465251,0.9849843244739356,0.9932127452992292,0.9959252899176607,0.9834067904592316,0.9927364080337805,0.9950033046546513,0.9833493742766889,0.9927364280287233,0.9950410451647451,0.9833937349482489,0.9930895046088609,0.9947760888381711,0.9828343351279458,0.9922460648328574,0.9939516857466004,0.9827671484782806,0.992246154652148,0.9939421195259067,0.9828454290240388,0.9922460848179063,0.9937291067616326,0.9846129047886457,0.9920261837717168,0.9979166933811252,0.9858788414538768,0.9923121583618622,0.996803315157573,0.9835608446102949,0.9925924608008238,0.9949970435739058,0.9827935442966315,0.9923512790699981,0.9945262839552418,0.9829546223978638,0.9922457230686375,0.9942476122322568,0.9857321366049517,0.9921759945810728,0.9966540953420376,0.9859046992358599,0.99221760539152,0.9968077366672918,0.993935502481436,0.9974070776921641,1.0031515531305157,106.0
0.999996154860287,0.9999969049816856,0.99999756626467,0.9747175310546551,0.9796264371826676,0.9840890309436465,0.9885566100782563,0.9950300828677128,0.998915161855558,0.9865676922739623,0.9937580403614859,0.9977091940150092,0.9864681254681872,0.9933535629515395,0.997836404102314,0.985767366667046,0.9932415440531386,0.9975258146278793,0.9851153772129876,0.9934627527408866,0.9964115301768024,0.9849242662273481,0.9931629475325127,0.9961794931544705,0.9841869222871857,0.9935454638247848,0.9954568375701582,0.9848130326235236,0.9924958795060106,0.997162587684499,0.9846354958803218,0.9925030715801748,0.9971599139626666,0.9844608836357521,0.9915459953103616,0.9966524791483287,0.9864635543446215,0.993029793278814,0.9977299039040898,0.9864117505541893,0.9933535917620053,0.9979925164143054,0.9844594037977126,0.9913282718093425,0.9965342869674728,0.9844583503426115,0.9911485925541492,0.9964702033566762,0.9843321137190202,0.9902468519498294,0.9963340868358976,0.9843227149791893,0.9904774798504309,0.9961707087240482,0.9843166848895077,0.9900409077042753,0.9963183607101385,0.9836168101582915,0.9934617229669938,0.9947933464452322,0.9833085680705952,0.9933502867400653,0.9946022476092337,0.9836316050569689,0.9934617741908341,0.9944646190802219,0.9839650379814279,0.9935729519058386,0.9951956573009133,0.9839519736103537,0.9938636242146703,0.9951661136660525,0.9823818691055716,0.9933940738269131,0.9942630444967561,0.9823228511537713,0.9933940938350886,0.9943014281136981,0.9823689748758148,0.9937495001702273,0.994040869798159,0.9818230594797546,0.9929058187810452,0.993214062359289,0.9817556914160391,0.9929059086599669,0.9932049521376795,0.9818350186650778,0.9929058387793642,0.9929926106092685,0.9835718906158516,0.9926566772494082,0.9971447995370826,0.9848406308037941,0.9929586116493507,0.9960344964035044,0.9825400242124759,0.9932491786431863,0.9942530671250135,0.981779674334729,0.9930100284693173,0.9937851917054599,0.9819422758999727,0.9929054767899289,0.9935082117172269,0.9846943910954112,0.9928227549018572,0.9958853444072825,0.9848667510595481,0.9928645153709016,0.9960388977013633,0.9929761659303356,0.9979819283070974,1.0025279769826487,107.0
0.9999960506633454,0.9999969824208096,0.9999974932548965,0.9740266890705039,0.9801395662076919,0.9836238079958084,0.9877725791649405,0.9956017510638213,0.998296659331339,0.9858030930439647,0.9943259153347722,0.9971153172670422,0.9857026535026234,0.9939200441336421,0.9972472605020086,0.9850065965527635,0.9938066462240447,0.9969367064651101,0.9843659088817444,0.9940303198405158,0.9958384439918243,0.9841751621866824,0.9937302238407332,0.9956068812968698,0.983444179952466,0.994109005388351,0.9948986393510332,0.9840559699300417,0.9930569721843056,0.9965761304401847,0.9838795227955396,0.9930636548357564,0.9965733776539004,0.9837025813877733,0.9921022775854689,0.9960705720480223,0.9856984774734432,0.9935951594633613,0.9971411719597219,0.9856454606614485,0.9939200729605514,0.9974059046780281,0.9837011412883383,0.9918838475740172,0.9959522811997895,0.9837001063345548,0.9917036702127712,0.995888254887077,0.9835712979374428,0.9907965063182598,0.9957549059064315,0.983561910435154,0.9910268354358422,0.9955922046969365,0.9835555395832493,0.9905897452558049,0.9957394297734117,0.9828792807822236,0.9940218837601255,0.9942456305789154,0.9825740599420713,0.9939084075446811,0.9940606348111746,0.9828941396194213,0.9940219350127948,0.9939179268561668,0.9832242643233771,0.9941351524095491,0.9946411184131849,0.9832110163463831,0.994425626786541,0.9946097623447,0.9816486223619201,0.9939489382899317,0.9937371314488332,0.9815881388946545,0.9939489583092481,0.9937771344157879,0.9816357825531801,0.9943047303322523,0.9935169741981388,0.9811027177470454,0.9934568100880816,0.992695297930932,0.9810352362969024,0.9934569000166765,0.9926870541444316,0.9811152243378448,0.9934568300974528,0.9924757607845909,0.9828216284707756,0.9932149050531405,0.9965584519756142,0.98409190012151,0.9935258116949647,0.995461640762611,0.9818105682425968,0.9938038937391863,0.9937221281520695,0.9810571996284136,0.9935608275552783,0.9932599582581937,0.9812208987430316,0.9934564679079575,0.9929861990146366,0.9839455762675753,0.9933897537888903,0.9953121190559215,0.9841176994179838,0.9934313031342533,0.9954660559504741,0.9922720924054783,0.9985048692992892,1.0020534917029642,108.0
0.9999959831823149,0.9999970555020407,0.9999974397086181,0.9735787755303196,0.9806241098412878,0.9832842269393908,0.9872659908666395,0.9961399994628035,0.9978411731751345,0.9853248174274182,0.9948612638528797,0.9966934535938724,0.9852221148350495,0.9944537915341489,0.9968314518434451,0.9845338779112851,0.9943380654235968,0.9965197874371553,0.98391140579433,0.9945676934961998,0.9954476420575813,0.9837206169616253,0.9942664286945165,0.9952173181641287,0.983002637230624,0.9946453177030419,0.9945306343316033,0.9835910492114813,0.9935827067460926,0.9961617686107681,0.9834162993851121,0.9935890728523713,0.9961590374767574,0.9832391808471521,0.9926190372892139,0.9956601142294867,0.9852184896451502,0.9941276261092711,0.9967264855450685,0.9851631536019629,0.9944538203765587,0.996992888275655,0.9832377632624861,0.9923993817191824,0.9955413438034149,0.9832367380374983,0.9922182508987667,0.9954771309266185,0.9831045469275569,0.9912987289722011,0.9953413346010409,0.9830951811570405,0.9915290110695323,0.9951794791633061,0.9830883481830622,0.9910900794725253,0.9953253208792192,0.9824487556572105,0.9945569650296536,0.9938933112374865,0.9821496223717455,0.9944426102024855,0.9937166465090644,0.9824643116434174,0.9945570163098583,0.9935679013040721,0.982786942044871,0.9946711120002152,0.9942790496603007,0.9827736027595132,0.994962175776588,0.9942472248581179,0.9812317439597544,0.9944814452804691,0.9934141357962903,0.981170094316832,0.9944814653104719,0.9934567871855855,0.9812188483208876,0.9948355351629404,0.9931929090167471,0.9807054592626621,0.9939889434576414,0.9923845848498887,0.9806387213225365,0.9939890334341726,0.992377975495973,0.9807183630924785,0.9939889634776796,0.9921677975490644,0.9823677863272371,0.9937394133195612,0.9961442530255543,0.9836374006726576,0.9940613469016386,0.9950719496240823,0.9813967478240722,0.994337092055681,0.9933926850578904,0.9806562326661307,0.9940933006434297,0.9929390424597623,0.9808216689741511,0.9939886010951186,0.9926703902212808,0.9834910324094122,0.9939251381398346,0.9949221596206906,0.9836625999287799,0.9939659927936862,0.9950763961284476,0.9918156132625731,0.9989986706631063,1.001707129536108,109.0
0.9999959413324806,0.9999971084657264,0.99999739105981,0.9733010269917642,0.9809764338930843,0.9829739244783324,0.9869517955223055,0.9965241146718526,0.9974362246999855,0.9850436304616982,0.9952453795437071,0.9963291710683113,0.9849384532367962,0.994834926342019,0.996473036333863,0.984259980158601,0.9947169247393087,0.9961631671813407,0.9836555559551251,0.9949607206912062,0.9951199285025655,0.9834669319483699,0.9946619192111412,0.9948915609984417,0.9827587458320364,0.9950386922481461,0.9942281990438651,0.9833261029873102,0.9939539648904507,0.995810127252,0.9831531818217178,0.9939595862057614,0.995807455008839,0.9829761746006704,0.9929803548632321,0.9953158810273691,0.9849354749978227,0.9945063763288368,0.9963684874674337,0.9848775249886629,0.9948349551955068,0.9966376811256454,0.9829748322700718,0.9927595299413974,0.995197346446787,0.9829738420287218,0.9925776115844104,0.9951335971931924,0.9828404894257982,0.9916439485734488,0.994998517785117,0.9828311321410436,0.9918739920885781,0.9948370478273625,0.9828241522459406,0.9914332376021088,0.9949826308525452,0.982215385233018,0.9949503520295794,0.9936080389114906,0.9819223220448008,0.99483589224655,0.9934404015745408,0.9822309969698347,0.9949504033300055,0.9932851871372721,0.9825470801151595,0.9950646037501208,0.9939830899491638,0.9825336488433088,0.9953562166460691,0.9939506570422015,0.9810096796643676,0.9948713032088229,0.9931605113275279,0.980946470347557,0.9948713232466305,0.9932062093540841,0.980996662850439,0.9952223047685019,0.9929362775960977,0.9805010449638735,0.9943784221698463,0.9921446729217844,0.9804339409669531,0.9943785121813512,0.9921394586073367,0.9805139225176615,0.9943784421976677,0.9919310917294246,0.9821148029459389,0.9941068932567172,0.9957928969178161,0.9833851641325249,0.9944585288398049,0.9947464031982546,0.9811787917490785,0.994728204879759,0.9931323656799526,0.9804506952654222,0.994482667701041,0.9926880764789732,0.9806166932173748,0.9943780796742473,0.9924249450773613,0.9832393908057363,0.9943227983417675,0.9945970061431292,0.9834109790039718,0.9943640888813697,0.9947508140117937,0.9915325547566666,0.9993576911017127,1.0013906690108259,110.0
0.9999959236680905,0.9999971194541271,0.9999973338116798,0.9731848756112204,0.9810535655874737,0.9826030844503013,0.9868148906302919,0.9965846842089585,0.9969800150204361,0.9849418135255265,0.9952977682759214,0.9959161801984406,0.9848355507159892,0.9948828444941593,0.9960655015479634,0.9841645315748028,0.9947623393968171,0.9957573868959619,0.9835812642335161,0.9950136497058139,0.9947484889379596,0.983391997606219,0.9947141556418051,0.9945214188134448,0.9826979011561934,0.9950868983199921,0.9938870799625705,0.9832401964138809,0.9939892953572919,0.9954090052412101,0.9830692246155929,0.9939938840236384,0.9954063966135928,0.9828920361456253,0.9930032125413037,0.9949216610223169,0.9848332405931935,0.994550718118759,0.9959604832950922,0.9847734731020097,0.9948828733490688,0.9962337734839654,0.9828908010670386,0.9927811099877952,0.9948037832115648,0.9828898609872126,0.9925983903223583,0.9947409094918828,0.9827542977877328,0.9916453426194554,0.9946020082895684,0.9827448998828955,0.9918741961754662,0.99443945140245,0.98273769921242,0.9914320205120136,0.9945859978169644,0.9821633417117754,0.9949942787085717,0.993286605026343,0.9818755043448355,0.9948771121381668,0.9931294234227703,0.9821785354131705,0.994994330011197,0.9929665590048471,0.9824896020684285,0.9951112371997491,0.9936493423419532,0.9824760704981668,0.99540320897981,0.9936159403345945,0.9809681858439582,0.9949058621708813,0.992876929888469,0.9809038063599641,0.9949058822093313,0.992926355168549,0.980955113668615,0.9952547815323691,0.9926510923521277,0.9804712506761051,0.9944049175888904,0.991874282121886,0.9804044126552921,0.9944050076024618,0.9918709304326174,0.9804827207124088,0.9944049376171717,0.9916635399344678,0.9820415060458925,0.9941365988115529,0.9953921166433494,0.9833102601848142,0.9945104077095138,0.9943760669460293,0.9811403672896186,0.9947636098612791,0.9928397497955014,0.9804228778568493,0.9945119547276445,0.9924057113552178,0.9805871968146878,0.9944045750854303,0.9921486606316315,0.9831642253582354,0.9943743423246864,0.994226360151442,0.9833358314260554,0.9944156549130023,0.9943804902072642,0.9914141582577275,0.9994361749425142,1.0010125712368663,111.0
0.9999959314966783,0.9999970983522272,0.9999972725153822,0.9732366210776723,0.9809190979025478,0.9821994875123982,0.9868756477041931,0.9964039699962877,0.9965127691698535,0.9850375959464952,0.9951089991063354,0.995498095022927,0.9849307577361275,0.9946903034705442,0.9956541076084912,0.9842673219723295,0.9945680264183469,0.9953499871189823,0.9837028755550199,0.9948247130035056,0.9943736645672491,0.9835132573237072,0.9945247864039128,0.9941478943198878,0.9828301123845693,0.9948918726971933,0.9935434288325299,0.9833527228507346,0.9937869692930769,0.995010600621866,0.9831839545898167,0.9937907220889656,0.9950081535297377,0.9830052523849978,0.9927904091176442,0.9945363357238507,0.9849292096128202,0.9943551599350359,0.9955500306656623,0.9848677662145369,0.9946903323199017,0.9958256898091494,0.9830040707537082,0.9925662754544593,0.9944182107269764,0.9830031543525412,0.9923820272533007,0.9943555332363466,0.982867617434776,0.9914197683553447,0.994231169018567,0.9828582695676483,0.9916491421216055,0.994069765619892,0.9828510244142167,0.991204699882705,0.9942168694819138,0.982305192623854,0.9947941660182188,0.9929652562614213,0.9820233395142535,0.9946739402973491,0.992820313123369,0.9823195100144441,0.9947942173104533,0.9926480849416512,0.9826254884961915,0.9949141838190867,0.9933138089345164,0.9826117890255268,0.9952058106360615,0.9932781685982818,0.9811249280234908,0.9946984159123947,0.9926017454195595,0.981059894343959,0.9946984359466129,0.9926554479624818,0.9811120039835798,0.995048996356431,0.9923794223053128,0.9806398064755837,0.994189293008357,0.9916102662052655,0.9805730453814103,0.9941893830020678,0.9916087746382558,0.9806499497051969,0.9941893130322194,0.9914027461310055,0.9821683222099008,0.9939297639586001,0.9949941053597481,0.9834314363377221,0.994320871607618,0.9940021073517259,0.9812987550967495,0.994555487965288,0.9925520216966952,0.9805927663380114,0.9942978906560057,0.9921289268057797,0.9807560646749784,0.9941889505804656,0.9918783184946061,0.9832847412500387,0.9941840907678761,0.9938517969997372,0.9834575771681106,0.9942270199673005,0.9940064970751685,0.991466893666728,0.9992989863979936,1.0006011842492102,112.0
0.9999959438356129,0.9999970579517542,0.9999971890975564,0.9733186800371884,0.9806590137302821,0.981649252719648,0.9869701199614698,0.9960705259455618,0.9958804324126487,0.9851707747747682,0.9947712185379254,0.9949149855908083,0.9850654617547382,0.994349236715425,0.9950794947220568,0.9844066888602468,0.9942236957337935,0.9947764311587723,0.9838664074294095,0.9944929517136485,0.9938349594241427,0.9836770888073247,0.994193162160829,0.9936112667044908,0.9830091525312706,0.9945598762596377,0.9930364855138636,0.9835009932941312,0.993433170164464,0.99444428430525,0.9833344423118405,0.9934360236662774,0.9944419843632226,0.9831528305656916,0.9924242076927416,0.9939804982504727,0.9850647049238803,0.9940114647022121,0.9949772471409999,0.9850027946310397,0.9943492655549226,0.9952548043221666,0.9831517660028807,0.9921983797559942,0.9938630570754541,0.9831509040344565,0.9920130130320167,0.9938013661652818,0.9830142303074176,0.9910347860213209,0.9936822840945605,0.9830049142395899,0.9912644211692895,0.9935215265859522,0.9829975063223737,0.990817227770425,0.9936687934487075,0.9824982741115024,0.9944622501327792,0.9924811068005602,0.9822247883235339,0.9943421815725099,0.9923485207383557,0.9825122457580551,0.9944623014078371,0.992167282884314,0.9828098954637353,0.9945821110947829,0.9928151363676573,0.9827960240616512,0.9948732174188765,0.9927770817583836,0.9813361811447178,0.9943662638359858,0.9921618136929229,0.9812694388949309,0.9943662838634674,0.9922192016807104,0.9813233320507085,0.994717139362141,0.991941017470465,0.9808744580674525,0.9938566036175773,0.9911864354267697,0.9808075731367908,0.9938566935808728,0.9911867506444126,0.9808846762627448,0.9938566236346739,0.990983166519538,0.9823309608988968,0.9935711526171144,0.9944281682648556,0.9835955087388127,0.993989409834971,0.9934653964711144,0.9815144251031628,0.9942232156487479,0.9921018939418939,0.9808249844949986,0.9939650484706135,0.9916907407324848,0.9809895496184468,0.9938562613054154,0.9914473148206592,0.9834486808797394,0.9938523943367107,0.993314993636939,0.9836216227660585,0.9938956337007844,0.9934697849023841,0.9915505143828635,0.999033717426212,1.0000403477735174,113.0
0.9999959671207825,0.999997011699133,0.9999970966982478,0.9734728043809142,0.9803615440042085,0.9810386686919915,0.9871491332652153,0.9956894604281272,0.9951841890916023,0.9853901321570628,0.994387761450463,0.9942682122778939,0.9852839892368382,0.993962055117448,0.9944384110101082,0.9846338225207472,0.9938339747540363,0.9941390881801123,0.9841183578035229,0.9941173583690462,0.9932352797977391,0.9839294527128347,0.9938184984659336,0.9930139208639964,0.9832791334019768,0.9941857949183396,0.9924712669482376,0.983738709377964,0.9930343925269275,0.9938134947222348,0.9835744908417058,0.9930366317494007,0.9938113090626971,0.9833921505371935,0.9920121238501798,0.9933593663607252,0.9852839674637538,0.9936213039154216,0.9943374569552497,0.9852202752132776,0.9939620839457453,0.994616165819616,0.9833911289092542,0.9917839871244777,0.9932414637492915,0.9833902853135371,0.9915968353543585,0.9931798278050995,0.9832510909930012,0.9906033758516503,0.9930656683364897,0.9832417385064444,0.9908321653595185,0.9929037690101987,0.9832340519403399,0.9903834314359397,0.9930529507658569,0.9827823606645647,0.994089458378097,0.9919393133235451,0.9825168863805666,0.9939701738544007,0.9918190113169878,0.982796615792151,0.9940895096338821,0.9916293259029544,0.9830852843230885,0.994208535742612,0.9922586757396317,0.9830713223410759,0.9944996930060122,0.9922193983676227,0.9816383112293527,0.9939961658854826,0.9916642668121283,0.9815699450703234,0.9939961859054703,0.9917254093697273,0.9816255502057395,0.9943475939287055,0.9914452989412391,0.9811990317327124,0.9934886032752257,0.9907040188130118,0.9811329094759762,0.9934886932049507,0.9907065707202335,0.9812082465356415,0.9934886232848551,0.9905043191459832,0.982583857906703,0.9931695540797654,0.9937976480363739,0.9838485273413916,0.993615391318568,0.9928683053582372,0.9818207468655298,0.993852892818749,0.9915938489644895,0.9811477843102198,0.9935966148623308,0.9911942445756247,0.9813133342589113,0.9934882610908018,0.9909578555000886,0.9837020887575451,0.9934786256695458,0.992718309115132,0.983874978240571,0.9935222391463315,0.9928726717976756,0.9917075902380187,0.9987303190456606,0.9994180175571326,114.0
0.9999960391966591,0.999996966757774,0.9999970228691362,0.9739477237155216,0.9800730009779872,0.9805446383212877,0.9877041350831323,0.9953197567937602,0.994649493746034,0.9859816914789418,0.9940143008739272,0.9937824477941566,0.9858756539688752,0.9935847989921017,0.9939576895807749,0.9852317039687494,0.9934548729915929,0.9936631943712504,0.9847393349912906,0.9937490193805452,0.9927953269156656,0.9845521792514,0.993451256897051,0.9925776880086127,0.983912556443054,0.9938160189346035,0.9920627361209906,0.98434606359681,0.9926471350334588,0.9933453603090218,0.9841839087837703,0.9926486938062888,0.9933432994789815,0.9840009266980284,0.99161356513926,0.9929026535720236,0.9858763119264916,0.9932410116750929,0.9938575395152998,0.9858114954623479,0.9935848278094854,0.9941378686856097,0.9839999485657521,0.9913833617607705,0.9927844633706604,0.9839991237773635,0.991194619256103,0.9927229914847725,0.9838583125524791,0.9901890436472179,0.9926165598036242,0.9838489787304545,0.9904182076293924,0.9924548950049539,0.9838410676920714,0.9899669837758979,0.9926048003366907,0.9834273256951113,0.9937188476463544,0.9915533530611583,0.9831691148372786,0.9935992057956353,0.9914453853848858,0.9834404480671728,0.9937188988829744,0.9912464821563695,0.9837231117518874,0.9938382828546489,0.9918582673056848,0.983708974290211,0.9941286829935176,0.9918162713371771,0.9823014385941033,0.9936248743346063,0.9913231070693307,0.9822322381524569,0.9936248943470736,0.9913884611645501,0.9822887020112664,0.9939756683696389,0.9911041158681564,0.9818813461458504,0.9931188737878599,0.9903783783606629,0.9818160696208335,0.993118963683857,0.9903832234756764,0.9818896187055964,0.9931188937899864,0.9901824078626892,0.9832044971017581,0.9927787048625446,0.9933297970785419,0.9844721005627567,0.9932488721510627,0.9924326975978299,0.9824860388704548,0.9934818587583655,0.9912417540331828,0.9818276348898793,0.9932257289374781,0.9908541191248544,0.981994679994877,0.9931185317317719,0.990624949246846,0.984326517307559,0.9931128035855242,0.9922836051509841,0.9844985800253027,0.9931558874347349,0.9924370605516551,0.9921916580124455,0.9984360248637193,0.9989145782721445,115.0
0.9999961144797499,0.9999969292142838,0.9999969867811186,0.9744447700979753,0.9798313796415702,0.9802990125535467,0.9882782940415109,0.9950152062975267,0.9944031239730647,0.9865887385680959,0.9937039326620039,0.9935854177868783,0.9864808430249911,0.993269208280388,0.9937611701558072,0.9858439338245552,0.9931411185012021,0.9934768539587852,0.9853755629795896,0.9934382211578258,0.9926457742831417,0.9851896774489524,0.9931407929277836,0.9924316960688259,0.9845599219739433,0.9934994616590208,0.9919467227251066,0.9849669136170645,0.9923284845902162,0.9931688335911943,0.9848067573546421,0.9923297297642032,0.9931669706114711,0.9846225592745558,0.9912868738721176,0.9927402814801988,0.9864820077462321,0.9929212429734051,0.9936595871977281,0.9864151913189252,0.9932692370886419,0.9939427317191493,0.984621610754389,0.9910549174716223,0.9926217979291003,0.9846207984135218,0.9908648160246164,0.9925604191460614,0.9844802380458274,0.9898529773573786,0.9924679249946483,0.9844709622723832,0.9900833776883844,0.992307543978323,0.9844630221403701,0.9896295006852608,0.992457757237093,0.9840811845592405,0.9933976290650331,0.9914596275473142,0.9838273231331647,0.9932752441865248,0.9913637577226281,0.9840928059560942,0.9933976802850325,0.9911557889213104,0.984372944605282,0.99351980784181,0.9917503366202443,0.9843586554905492,0.993809601447029,0.991705959532962,0.9829642393865954,0.9932954762389885,0.9912731116639519,0.982893933076327,0.9932954962447766,0.9913425006689831,0.9829515247171876,0.9936457046706391,0.9910540248879883,0.9825537555522583,0.9927816218799046,0.9903433742303936,0.9824885300670585,0.9927817117450938,0.9903501695085563,0.9825606979890206,0.9927816418751757,0.9901509722143034,0.9838383927313222,0.9924586418349812,0.9931535573986094,0.985110047989626,0.9929386437870785,0.9922871242861799,0.9831517116805442,0.9931526904080354,0.9911813124047563,0.9825016513168172,0.9928908028936755,0.9908052914212623,0.9826673482372824,0.9927812799410398,0.9905831216624976,0.9849649464111951,0.9928029683064851,0.9921386108224117,0.985136089825436,0.9928451040696838,0.9922915110298309,0.992698260871387,0.9981896119700077,0.9986643384366054,116.0
0.9999962335518304,0.9999969102080031,0.9999970219147631,0.9752320971398242,0.9797091307946061,0.98051945215688,0.9891786318364998,0.9948612470907284,0.994712307878672,0.9875256451729462,0.9935487138395906,0.9939468268466641,0.9874184778304489,0.9931115444782103,0.9941269294365377,0.9867884883093762,0.9929833997998783,0.9938481806784064,0.9863408597547026,0.9932855787850731,0.9930577978042507,0.9861552688090734,0.9929881974929473,0.992846392484542,0.9855377650735898,0.9933458792397829,0.9923962735912777,0.9859206865791942,0.9921671477890591,0.993548292651348,0.9857624202220309,0.9921684197868232,0.9935465070185094,0.9855791224740147,0.991117789089177,0.9931320130286025,0.9874201920737666,0.9927616234146661,0.9940262230087116,0.9873528524338363,0.9931115732819107,0.9943104446150047,0.9855782937258185,0.9908853967351791,0.9930149683673475,0.9855775381436351,0.990695213814125,0.9929550081538249,0.9854367179749718,0.989669349080607,0.9928618529029836,0.9854274396540267,0.9898999676745115,0.9927010876002794,0.9854194914846717,0.9894439412913696,0.9928520344687563,0.9850679063829111,0.993243051378778,0.9919345323697748,0.9848190874623108,0.9931199836360417,0.9918517889084623,0.9850792434761133,0.9932431025907739,0.9916348384526789,0.9853541949512192,0.9933659134599647,0.9922094911425339,0.9853398651671742,0.9936560540028386,0.9921643977471727,0.9839634458083879,0.9931388315492279,0.9917977410467668,0.9838928598830811,0.9931388515518346,0.991871643239528,0.9839509302711973,0.9934920542006663,0.9915831290058807,0.9835601956750948,0.9926195436940325,0.9908803035398516,0.9834946259623008,0.9926196335443613,0.9908888908578642,0.9835660518057162,0.9926195636859977,0.9906918212505362,0.9848046190769268,0.9922984854510992,0.9935330840274862,0.9860757784736349,0.9927861371324999,0.9927018973772103,0.9841515700647187,0.9929948283091335,0.9916923945054648,0.983508875445836,0.992729357376131,0.9913281082776357,0.9836741096259078,0.9926192018117114,0.9911130276971108,0.9859305586766404,0.9926503538214312,0.992553474985607,0.9861018494860245,0.9926926485670393,0.992706284586663,0.9935007113362929,0.9980649394386015,0.9988892042007305,117.0
0.9999964281621817,0.9999969080031841,0.9999971504643661,0.9765220973733809,0.9796965574452038,0.9813523548105746,0.990633696207089,0.994838174312124,0.9957497362704911,0.9890082404790678,0.993523340451844,0.9950356463020008,0.9888996186394323,0.9930832785689925,0.9952164933784658,0.9882771673005909,0.9929555860592558,0.9949477722573399,0.9878443651597364,0.9932618601106147,0.994196651163383,0.9876584131540167,0.9929650314469151,0.9939879665224328,0.9870478632750888,0.9933207586332106,0.9935710863528642,0.9874155516370602,0.9921358049892088,0.9946577564143843,0.9872583525934393,0.9921365921341262,0.9946560624458609,0.9870763117297318,0.991082211547883,0.9942562252379358,0.9889016845022616,0.9927310435059119,0.9951155235152024,0.9888328577573465,0.993083307371885,0.9954006534903169,0.9870754901708736,0.9908490407404386,0.9941392351334518,0.9870747370530627,0.9906582629286331,0.9940794845457295,0.9869315559327376,0.9896284546705992,0.993995389572687,0.9869222938831151,0.989859738640562,0.9938345704223169,0.9869140199891564,0.9894022490248772,0.9939867962423141,0.9865835477573018,0.9932162259132623,0.9931338230044677,0.9863382138041693,0.9930919199773657,0.9930635464267699,0.9865936790708352,0.9932162771238482,0.9928379998912136,0.9868664317206887,0.9933403265398801,0.9933937602199171,0.9868521316174653,0.9936313914647626,0.9933488750603222,0.9854864134627889,0.9931090258841216,0.9930420516022727,0.985414999184315,0.9931090458861057,0.9931198523426772,0.9854739936143747,0.9934634707113577,0.9928289476026697,0.9850929347050794,0.9925843185345592,0.9921419899283824,0.985027429042567,0.9925844083815476,0.9921525460504217,0.9850982351977631,0.9925843385257812,0.9919579376009872,0.9863063789080839,0.9922645679644665,0.994642731364174,0.9875794373870375,0.9927633463335052,0.9938440786424463,0.9856766579220535,0.9929645256872194,0.9929259610550953,0.9850409502685642,0.9926962481933853,0.9925743047257495,0.98520610708256,0.992583976664949,0.9923670505166036,0.9874347264233846,0.9926281609753603,0.9936964578012694,0.9876054153444694,0.9926696690873438,0.993848475783576,0.9948154336084819,0.9980520817229903,0.9997383992981759,118.0
0.9999966374799044,0.9999969164160374,0.9999973270580197,0.9779131854739298,0.9797534778453552,0.9825041919815094,0.9921841007309176,0.9948967571160335,0.9971490033443918,0.9905838847554174,0.9935817333430487,0.9964816628905254,0.9904762074809278,0.9931391082188754,0.9966640447028716,0.9898555773408968,0.9930122188401795,0.9964015358632995,0.9894425531043959,0.9933232254305238,0.9956905289553846,0.9892570225804554,0.9930265084086585,0.9954850961533387,0.9886544217953891,0.9933836227331577,0.9950997584384701,0.9889978451643261,0.9921898907030702,0.9961188542063452,0.9888414223135967,0.9921904681104315,0.9961172434974124,0.9886594118142882,0.991132501354808,0.9957282116493517,0.9904784417025662,0.9927848225174786,0.996562576940163,0.9904098878975668,0.9931391370233927,0.9968494994011983,0.9886585916768549,0.9908989774988138,0.9956114248520969,0.9886578386377046,0.9907079457650552,0.9955519326563174,0.9885134113766956,0.9896719780831216,0.9954712172378042,0.9885041615251875,0.9899038971537931,0.9953102117447972,0.9884957109623389,0.9894447897179393,0.995463154469633,0.9881971129127038,0.9932798347817504,0.9946861804314977,0.987956409089787,0.993155773641914,0.9946279726351567,0.9882056353319238,0.9932798859956032,0.9943938932621306,0.9884756968796242,0.9934036908396555,0.994931653937262,0.988461452968235,0.9936957983613219,0.9948873176124411,0.9871122074360816,0.9931736071793154,0.9946377240277375,0.9870406231447171,0.9931736271825887,0.9947194107712798,0.9870998314298979,0.9935284205927133,0.9944247353573162,0.9867283873127977,0.9926494047468114,0.9937545329566647,0.9866631031368165,0.9926494945996156,0.9937670138379694,0.9867333878776557,0.9926494247393283,0.9935748623220223,0.9878935726517197,0.9923175327284908,0.9961039475897222,0.9891783635697025,0.9928249134294103,0.9953417814681339,0.9873028811617343,0.993028957064994,0.9945114863409695,0.9866738093232416,0.9927612630185237,0.9941718698296425,0.986840424274718,0.9926490628550728,0.9939721130292319,0.9890340233717195,0.9926902265152657,0.9951948762732179,0.9892041876029968,0.9927309302011312,0.9953461925302396,0.9962331213797447,0.9981100670917946,1.0009126477816361,119.0
0.9999968112479989,0.9999969348331169,0.9999974834860501,0.9790674627300342,0.9798750611990001,0.9835256984380663,0.9934739815162253,0.9950353829655307,0.9983857978876501,0.9918923268186102,0.9937207084233001,0.9977575456680677,0.9917835077585067,0.9932765411971181,0.9979414582862621,0.9911662758436781,0.9931517892538229,0.9976850067707446,0.9907686440912766,0.9934627856925418,0.9970033346533176,0.9905838648802295,0.9931659457592341,0.9968009823955406,0.9899859165819999,0.9935226954242058,0.9964387267333549,0.9903125342145187,0.9923303195737219,0.9974100230969147,0.9901568047939194,0.992331350294099,0.9974085130176015,0.9899763984947377,0.9912712388410558,0.9970307920921315,0.9917855916851387,0.9929210218855891,0.9978404391499541,0.9917166165621857,0.9932765700056252,0.9981274951738572,0.9899755930697204,0.9910377115713351,0.9969144504295046,0.9899748468408753,0.990846734161794,0.9968553677227447,0.9898310806585288,0.9898074127463111,0.9967795723597752,0.9898218271478354,0.9900396902414079,0.9966180960750323,0.9898134696976468,0.9895797371271683,0.9967723370657094,0.9895324264594889,0.9934186975264077,0.9960432803140402,0.9892943461774248,0.9932945885188711,0.9959946480478042,0.9895396594216129,0.993418748747404,0.9957539029715289,0.9898086390812003,0.9935426015262748,0.9962772080451823,0.9897942907541915,0.9938343137670607,0.9962309837627783,0.9884555672144602,0.9933115286066346,0.9960297577969858,0.9883844295043884,0.9933115486126763,0.9961150045129405,0.9884431589689473,0.9936654029561238,0.9958151100560054,0.9880750160667068,0.9927864372138849,0.9951599433015709,0.9880098509709927,0.9927865270790384,0.9951739953497829,0.9880797646218991,0.9927864572091495,0.9949838087453662,0.98921323543548,0.9924616815017275,0.9973950810859971,0.9905053596105171,0.9929642813392551,0.99665809203836,0.9886450973313934,0.9931672601552144,0.995894939899222,0.9880188349450915,0.9928991864950919,0.9955650774350912,0.9881862034571484,0.9927860952751568,0.9953714602923714,0.9903612668245263,0.9928299918460303,0.9965117017661973,0.9905310374377886,0.9928700340824955,0.9966625146602105,0.9974094860609315,0.9982339906666962,1.0019540170140944,120.0
0.9999968990653482,0.9999969486402166,0.9999975422936761,0.9796475518197805,0.9799660719930977,0.9839074384455857,0.9941379961853669,0.9951401279194572,0.9988622224996931,0.992564313970238,0.9938212374437363,0.9982609050092757,0.9924550291575327,0.9933756297455828,0.9984445658107051,0.991838056473182,0.9932513121050403,0.9981940368338307,0.9914484373667336,0.9935598719595963,0.9975321534041474,0.9912641966779846,0.9932633351916846,0.997331718786949,0.9906652069016879,0.9936162318066797,0.9969861690056754,0.9909825036955309,0.9924283894760952,0.9979229294052049,0.9908265627728219,0.9924293767372916,0.997921541616568,0.9906447070546741,0.9913676145871307,0.9975490120576574,0.9924573244368787,0.9930189579093703,0.9983423212739535,0.9923877006037771,0.9933756585569613,0.9986313709721254,0.9906438795685465,0.9911337580511116,0.9974323754401624,0.9906431223660793,0.9909424708898341,0.9973730876575679,0.9904995744510652,0.9899009739525654,0.9972999600825011,0.9904902926377094,0.9901330968361369,0.9971376142427517,0.9904819920478445,0.9896729555914757,0.9972931447264516,0.9902087960951838,0.9935091366582278,0.9966024922715782,0.9899687753176115,0.993383113838942,0.9965597843900785,0.9902157091113231,0.993509187883891,0.9963153600371515,0.9904867987861036,0.9936349543142717,0.9968290494654328,0.9904724151884534,0.9939267036308074,0.9967822056779,0.9891243362953244,0.9933960159248894,0.9966096540418361,0.9890524454784695,0.9933960359326341,0.9966965363016144,0.9891119530921052,0.9937499692031418,0.9963952441060672,0.9887408831639976,0.9928638613282755,0.9957490275060716,0.9886761076568705,0.9928639512004442,0.9957642607359877,0.9887448386548641,0.9928638813250996,0.9955746791814537,0.9898817705123577,0.9925592432516743,0.9979081019687539,0.9911859605854996,0.993061889412356,0.9971890615016057,0.9893158171088482,0.993251715222649,0.9964704899638296,0.9886854244956542,0.9929789949819087,0.9961466940944977,0.9888519646369331,0.9928635193628531,0.9959568949968567,0.9910420542729435,0.9929278030206019,0.9970429734811384,0.991211544597852,0.9929675275406702,0.9971934893228124,0.9980007306354154,0.9983267579701708,1.0023432277789972,121.0
0.9999968969836105,0.9999969619709888,0.9999975235707363,0.97962893236775,0.9800525831582184,0.9837824804572163,0.9941401264467885,0.9952452052946548,0.9987268382464594,0.9925650493288584,0.99392662881173,0.9981410728784201,0.9924559216596367,0.9934799117708164,0.9983259568370002,0.9918370308152823,0.9933581538430585,0.9980802684718062,0.9914479220732832,0.9936662869652846,0.9974209551399583,0.9912641198158336,0.9933706501812812,0.9972209709311117,0.9906621220063928,0.9937240825473863,0.9968815780632365,0.9909794198693039,0.9925373339937698,0.9978147302192892,0.990823034318297,0.9925387300862607,0.9978133482915525,0.990641774442941,0.991478409698803,0.9974494766938894,0.9924580963195675,0.9931223524181034,0.9982228970490482,0.9923887787523521,0.9934799405852052,0.9985141076350516,0.9906410093999263,0.9912448587128926,0.997333686748237,0.9906402823702846,0.9910539518861768,0.9972751171944436,0.990497038043366,0.9900158777344581,0.9972092015507465,0.9904877522554845,0.9902482355706165,0.9970468759817958,0.9904795079599739,0.9897883587086028,0.9972035275000958,0.9902057981205975,0.9936182364566979,0.9965033184569729,0.9899646636696056,0.993492984603814,0.9964629295934475,0.990214472816338,0.9936182876880025,0.9962182602034348,0.9904837413964357,0.9937432828241275,0.9967264804945164,0.9904693289633433,0.9940350184416386,0.9966793364553592,0.9891186096045167,0.9935051753884327,0.9965193306579206,0.9890471086930337,0.9935051953983913,0.9966072490609984,0.9891061953526488,0.9938581540471011,0.9963041010095931,0.9887312438132888,0.9929729194746106,0.9956614884216638,0.9886664423617347,0.9929730093567454,0.9956770702866214,0.9887356447279435,0.9929729394736516,0.9954881078992901,0.9898753767946208,0.9926702906632529,0.9977998092580183,0.9911862567467243,0.9931698320878457,0.9970782109093754,0.989309090587378,0.9933612706569692,0.9963778056255149,0.9886742907772894,0.9930884393322512,0.9960561919373462,0.9888416262939362,0.992972577471268,0.9958678917652136,0.9910422920133042,0.9930356370039908,0.9969320323134871,0.9912121766339451,0.9930760360035622,0.9970826167818975,0.9979818382362423,0.9984149655117465,1.0022158956250533,122.0
0.9999968092502344,0.9999969652730384,0.9999974828872291,0.9790474897378114,0.9800720331871162,0.9835198158243459,0.9934820706096174,0.995277765401771,0.9983907465106898,0.9918967682805921,0.9939594292214818,0.997807995276467,0.9917874136204241,0.9935121886515793,0.997994970124855,0.9911664029648402,0.9933930128030067,0.9977504834973224,0.9907693482431537,0.9936996099637144,0.9970842420320056,0.9905868038030102,0.99340550382791,0.9968843106476827,0.9899752681802754,0.9937590694963758,0.9965422369390383,0.9903056487646091,0.9925751762259015,0.9974873925295774,0.990148646226398,0.9925775149381916,0.9974860888745785,0.9899680977854182,0.9915170828032447,0.9971256556897112,0.9917892599436237,0.9931542106012341,0.9978917703818484,0.9917203818014402,0.9935122174668852,0.9981844807092333,0.989967353379049,0.9912834709936158,0.9970099624111574,0.9899666362793245,0.9910925622727513,0.9969514966946347,0.989824853155516,0.9900573566685067,0.9968910123274852,0.9898155454770525,0.9902894755960449,0.9967283847476973,0.9898075211991841,0.9898302418127707,0.9968861207965818,0.9895128007172928,0.9936544383419315,0.9961620495474749,0.9892673207498881,0.9935298477415048,0.9961202521489391,0.989522494244492,0.9936544895751372,0.9958772625148279,0.989794531144221,0.9937788229977084,0.9963865635971731,0.9897801503791881,0.9940709759761469,0.9963402271076847,0.9884147372292834,0.9935448416598078,0.9961742973709626,0.9883433313070911,0.9935448616705946,0.9962617871399965,0.98840243139272,0.993899403039227,0.9959621894163104,0.9880178711197806,0.9930137932239487,0.9953109032788365,0.9879520672755981,0.9930138831099561,0.9953257829939205,0.9880226435573197,0.9930138132238512,0.9951370253628066,0.9891979526634979,0.9927144266338257,0.9974723163445809,0.990509558757811,0.9932057043312934,0.9967414310681076,0.9886049268260517,0.9934002932990912,0.9960326182289496,0.9879620450125488,0.9931296241143934,0.995708392734366,0.9881290138010985,0.9930134512058706,0.9955187112993229,0.9903656634806969,0.9930715659500264,0.9965951871915572,0.9905359967046318,0.9931127544628048,0.99674580240462,0.9973892466144556,0.9984348402529599,1.001948067011991,123.0
0.9999966721831622,0.9999969549385722,0.99999742567864,0.9781423275701915,0.9800015151134702,0.9831524259108418,0.9924421554717932,0.9952078646779015,0.9979106160878817,0.9908393465716923,0.9938849822874861,0.9973211479882007,0.9907300646112975,0.9934387154649146,0.9975124435826035,0.9901020352873663,0.9933176751732512,0.9972627344110524,0.989699531402825,0.9936233589260609,0.9965855977330699,0.9895152207205415,0.9933280245957538,0.9963833306166568,0.9889010395689669,0.9936864621331619,0.9960381282787493,0.9892337561745845,0.9924985619028016,0.9969982640382109,0.9890753005089956,0.9925010752044581,0.9969971154460232,0.988893576200997,0.9914395070543413,0.9966336005589548,0.9907315546781887,0.9930815168111176,0.9974107427843527,0.9906633446930704,0.9934387442780714,0.9977034225909999,0.9888928714033183,0.9912059469015346,0.9965182419770674,0.9888921734776612,0.9910151741293726,0.99646007753206,0.9887510854869608,0.9899775806838299,0.9963962211331596,0.9887417355562488,0.9902089293889326,0.9962328068757822,0.988733858674698,0.9897503005173384,0.9963910976488369,0.988433421922908,0.9935842935142176,0.9956526948776598,0.9881849034685402,0.9934609522010314,0.9956078651593185,0.9884431034609147,0.9935843447438607,0.9953666827834283,0.9887183513379261,0.993707428445274,0.9958809784551891,0.9887041152187327,0.9940008744599801,0.9958372785826097,0.98732980008448,0.9934798376897068,0.9956550168671063,0.9872590434989886,0.9934798576992236,0.9957416165975226,0.9873175531612093,0.9938350730317923,0.995444860141258,0.9869254790754562,0.9929533020098166,0.9947841038149114,0.9868592514321416,0.9929533918905787,0.9947981769046389,0.9869310956863244,0.9929533220085522,0.9946091630666958,0.9881167796322418,0.9926386223801019,0.9969832923932953,0.9894369395502629,0.9931274855938808,0.9962392902932844,0.9875182761684423,0.993335015222471,0.9955148571435916,0.9868682836409179,0.9930683707969236,0.995186348010657,0.9870364945355544,0.992952960011697,0.9949942656310462,0.9892915260812188,0.9929918943105582,0.996091456233877,0.9894635082528339,0.9930348453401093,0.9962436466470908,0.9964666696739749,0.9983630157689314,1.0015734202700017,124.0
0.9999965411839684,0.9999969357124572,0.9999973585017999,0.977277286474463,0.9798735273236663,0.9827189937158252,0.9914482881517466,0.9950673938924792,0.9973580061126774,0.9898279452799666,0.9937361732502519,0.9967552648959314,0.9897176058363139,0.9932889556782796,0.9969470484138274,0.9890849324315105,0.9931686944994799,0.9966957867321333,0.988675551257636,0.9934670491737798,0.9960029675776387,0.9884910018527147,0.9931715175255326,0.9958002642456465,0.9878697502476526,0.99352620554617,0.9954440775710719,0.9882072398755095,0.9923493439352504,0.9964285280018297,0.988047483372037,0.9923522968717131,0.9964274920939055,0.9878610006455467,0.9912894480883222,0.9960590619151444,0.9897187009590066,0.9929309965385222,0.9968445584053053,0.9896505484755402,0.9932889844870786,0.9971389124883056,0.9878603536219054,0.9910560257638676,0.9959443061168037,0.9878596836373491,0.9908654963771135,0.9958866724440102,0.9877189504457276,0.9898254355175168,0.9958190009813253,0.987709600070889,0.9900566895394498,0.9956558458605629,0.9877017812897908,0.9895978982474358,0.9958134876055819,0.98739449765048,0.993420982520483,0.9950506416149405,0.9871411969305601,0.9932959033500616,0.9950018631019948,0.9874046806380894,0.9934210337417407,0.9947634773232904,0.987684108322192,0.993545854946684,0.9952836422393243,0.9876697888156045,0.9938386070019195,0.9952389280963594,0.9862798609577353,0.993311309536701,0.9950394051233228,0.9862098461569223,0.9933113295428502,0.9951248260762188,0.986267629616516,0.9936664694075034,0.99483002100738,0.9858628298732627,0.9927792511707634,0.9941612622936804,0.9857964137148932,0.992779341035932,0.9941744936111484,0.9858692480124079,0.9927792711660267,0.9939849305916467,0.9870820641726381,0.992492175512164,0.9964135451920364,0.9884123923555939,0.9929707724792077,0.9956561151663793,0.9864664002535424,0.99316651771097,0.994901993868984,0.9858052893370608,0.9928959840322954,0.9945689911669243,0.9859736219023366,0.992778909231977,0.9943742232608984,0.9882670077197779,0.9928352144894882,0.9955081518056847,0.9884387230419623,0.9928779269016964,0.9956604766279314,0.9955849818947045,0.998232590948854,1.001131470933799,125.0
0.9999964244678405,0.9999969207042974,0.9999972958862394,0.9765055201320771,0.9797729105842613,0.9823142191443321,0.9905672727004122,0.9949599834058522,0.9968474174158612,0.9889398278929069,0.9936241529615811,0.996235549090536,0.9888310993465002,0.9931767554017122,0.996430695452514,0.9881940307936043,0.9930556104520242,0.9961762837756293,0.9877809066586017,0.9933535532968205,0.9954693295642842,0.9875977795775309,0.9930585676408256,0.9952669608139864,0.9869723267529279,0.9934139426283511,0.9949012747794452,0.987310784336349,0.9922347327751397,0.9959079592181643,0.9871496850132685,0.9922377848654089,0.9959070607063428,0.986964228500148,0.991173730755308,0.9955361466598812,0.9888318011625361,0.9928186525111721,0.9963285098421868,0.9887653044669027,0.9931767842072422,0.9966243491473582,0.9869636369780889,0.9909404212557852,0.9954219684366192,0.9869629938034117,0.9907501083319729,0.9953648473165332,0.9868218195120476,0.9897070641681747,0.995292413038152,0.9868125196128487,0.9899391362523601,0.9951308162845657,0.9868045956983061,0.989479051493987,0.9952861752850529,0.9864939302510222,0.9933097516540504,0.9945013135826283,0.9862385600205943,0.9931852945105367,0.9944491605370058,0.986504653920556,0.9933098028696143,0.9942130982108945,0.9867854762977076,0.9934340017854462,0.9947384000593834,0.9867711605019635,0.9937268151346119,0.994694025938196,0.9853742237683563,0.9932006786904232,0.9944777332592675,0.9853045297779626,0.9932006986943742,0.9945617640453567,0.9853620209527073,0.9935561338811144,0.9942694560740107,0.9849563388942022,0.9926684830996484,0.993596260758171,0.9848896623427605,0.9926685729549672,0.9936086682255358,0.9849652001485351,0.9926685030927195,0.9934197283210268,0.9861768302608712,0.992377654195109,0.9958930842784355,0.9875191825033582,0.992858121698513,0.9951227354318235,0.9855599154926037,0.9930557667729442,0.9943434849873474,0.9848937889932536,0.9927850329775444,0.9940074772443503,0.985065016461292,0.9926681411983413,0.9938109632447485,0.9873739027893079,0.9927226595502667,0.9949747239652443,0.98754570112106,0.9927656673512611,0.9951270795249793,0.9947983841241993,0.9981300729836995,1.0007187620292137,126.0
0.9999963240657254,0.9999969112894335,0.9999972470288642,0.9758418776492913,0.9797092203761454,0.9819995367720411,0.9898083687291764,0.9948945519554869,0.9964453294002926,0.9881754092673359,0.993557044025466,0.9958282645580623,0.9880677982369491,0.9931091388803195,0.9960251279431361,0.98742791297306,0.9929891317719625,0.9957707204630177,0.9870109368979326,0.993286117021486,0.9950516621046053,0.9868278022880217,0.9929912894383025,0.994849072358654,0.9862012586609338,0.993348562979804,0.9944769115961856,0.9865421854430446,0.9921691736225036,0.9955039224290415,0.9863803089112004,0.9921725388174841,0.9955030342592242,0.9861969752659316,0.9911090455945463,0.9951345042184272,0.9880683116018428,0.9927506300187567,0.9959225366255324,0.9880028159399196,0.9931091676838752,0.996220116372201,0.9861964498175718,0.9908760085251631,0.9950211173103307,0.9861958386390711,0.9906860656699277,0.9949646729390281,0.9860559378502949,0.9896442921149448,0.9948945456737005,0.9860466657308586,0.9898767668700543,0.9947338837294695,0.986038888648077,0.9894164657838669,0.9948886532588598,0.9857202745745524,0.9932459016365247,0.9940713704286447,0.9854634879054853,0.9931222893171556,0.9940162628329278,0.9857309226753621,0.9932459528488249,0.9937820145058369,0.986013422254285,0.9933693067855929,0.9943120952454514,0.9859991522427125,0.9936625887854038,0.9942687163908723,0.9845995736410751,0.9931381817795839,0.9940382054056924,0.9845309876435747,0.9931382017822974,0.9941217239588374,0.9845873402872074,0.9934929101324633,0.9938294519473473,0.984177432801543,0.9926082125439519,0.9931516852755866,0.9841106010242877,0.9926083023939416,0.993163504381034,0.9841874310835789,0.9926082325358371,0.9929744692638938,0.9854033368403766,0.9923142846676463,0.9954889704740003,0.9867493651755126,0.9927909083237333,0.994704968508877,0.9847823958046036,0.992993565315253,0.9939054797631851,0.984112186696672,0.9927239261554006,0.9935664444353862,0.9842853207553447,0.9926078706629218,0.993368136151721,0.9866044181310692,0.992655769811484,0.9945571395827448,0.9867759246612465,0.9926986001232997,0.9947093049166565,0.9941219848646385,0.9980651917025095,1.0003978942206833,127.0
0.9999962517700214,0.9999969063252381,0.9999972110595896,0.9753641198490844,0.9796756954998449,0.9817682679389514,0.9892611007510415,0.9948601395793287,0.9961485473152883,0.9876276330203686,0.9935188572223932,0.9955321035989216,0.9875208015695215,0.9930707446022204,0.9957303980814894,0.986879542128895,0.992952114470972,0.9954781705457107,0.9864622527796827,0.9932433418867601,0.994749408559409,0.9862778026264449,0.9929467966160166,0.9945457621436091,0.9856542945903239,0.9933041763935542,0.9941722800372677,0.9859936450923683,0.9921338537117161,0.9952155133573561,0.9858313132760628,0.9921374184148617,0.9952146989696871,0.9856511495413512,0.9910759749224225,0.9948520973200911,0.9875212319792648,0.9927120698385437,0.9956276712860977,0.9874563497968852,0.9930707734046553,0.9959263469389635,0.9856506171186264,0.990842693955178,0.9947384300456906,0.9856500024643475,0.990652539837701,0.9946817791692389,0.9855121185274442,0.9896183320475366,0.9946233486778051,0.985502848276452,0.9898507316599989,0.9944628815078002,0.9854953308065131,0.9893914459026748,0.99461888770282,0.9851710270075693,0.9932000001550407,0.9937635588850343,0.9849125888032418,0.9930754104699893,0.9937066213683405,0.9851822170550163,0.9932000513649808,0.9934739600460619,0.9854655822085686,0.9933243825958286,0.9940063241311639,0.985451323759173,0.9936178837697893,0.9939633514536658,0.984048469550545,0.9930895835787421,0.9937244830203439,0.9839807261193099,0.9930896035804823,0.993807815031369,0.984036191068141,0.9934433700773018,0.9935147762744236,0.9836211523105927,0.9925582402572078,0.9928345800554286,0.9835540439833168,0.9925583301027138,0.9928460040517629,0.9836316581402345,0.9925582602480946,0.9926568301104289,0.9848518289162939,0.9922799515288956,0.9952006010419523,0.9861985975347263,0.9927453489772747,0.9944010638166065,0.9842291187684057,0.9929453499947093,0.9935926278007636,0.9835552661566399,0.9926743996237432,0.9932516865664983,0.9837289556340844,0.9925578983932383,0.9930522250202173,0.9860528069031326,0.9926093952233278,0.9942523540408699,0.9862248005113277,0.9926525779885468,0.9944054165706304,0.9936350407432818,0.99803104002095,1.0001620737586654,128.0
0.9999961964252103,0.999996914594367,0.9999971883268031,0.9749984957594788,0.979729841280569,0.9816241766695151,0.9888409815270306,0.9949242196234286,0.9959538110169635,0.9872141248967949,0.993581719607041,0.9953432434452464,0.9871102773745496,0.993134819017201,0.9955463715296237,0.9864665485741217,0.993016586540255,0.9952918154072806,0.9860534266872785,0.9933024720146577,0.994560540813016,0.9858681193951898,0.9930053792925634,0.9943565281373843,0.9852502297551258,0.9933600327071309,0.9939850064283576,0.9855817997414116,0.9922006530063237,0.995031009415928,0.9854196987532304,0.9922048047158607,0.9950302573941333,0.9852403552035656,0.9911432638450997,0.9946701644813117,0.98711068808536,0.9927771141384012,0.9954452569700583,0.9870476314359875,0.9931348478214971,0.9957440112653652,0.9852398671888389,0.9909102724245584,0.99455707192283,0.9852392741233432,0.9907204516983612,0.9945008933908468,0.9851030633782613,0.9896859705957819,0.9944430230866499,0.985093801394966,0.9899184077287905,0.9942829059946588,0.9850865012601544,0.989459124170994,0.9944387167761051,0.9847669640598935,0.9932530779461517,0.9935760935095844,0.9845084459400746,0.9931268010014767,0.9935191278344224,0.9847783210886849,0.9932531291588222,0.9932864665258865,0.9850615105358603,0.9933791476222418,0.9938189085536567,0.985047215381608,0.9936725385787519,0.9937756027613737,0.9836461275716876,0.993137440056402,0.9935372545069495,0.9835790716930704,0.993137460059101,0.9936208637863058,0.9836337995701855,0.9934903165725374,0.9933264756714814,0.9832176822025669,0.9926027545769708,0.9926471434818812,0.9831502990159227,0.9926028444264798,0.9926584312189295,0.983228999887631,0.992602774568747,0.9924696269578978,0.9844418588316947,0.9923507837701273,0.9950160400859328,0.9857888259448963,0.9928035877663477,0.9942117599992273,0.9838250093896238,0.9929935763793886,0.9934051128016181,0.9831500211369768,0.9927192082863772,0.993064315926887,0.9833248786361367,0.9926024126977688,0.9928648376371167,0.985642992634045,0.9926675889634269,0.9940629246482166,0.9858149223399687,0.9927106886372139,0.9942161165193566,0.9932623860776113,0.998086239362254,1.0000151105223258,129.0
0.9999961947632093,0.9999969368734226,0.9999971764868107,0.9749844376453574,0.9798764721029914,0.9815463206996793,0.98883991620606,0.9950934170765469,0.9958630153524526,0.9872186922401724,0.9937533051353057,0.9952615509578737,0.9871156794938297,0.9933089025059284,0.995469016650725,0.9864735865565327,0.9931895388957024,0.9952133971212943,0.98605951427078,0.9934741205251848,0.9944814748790246,0.9858740622566681,0.9931765099201627,0.9942775978362359,0.9852566105853473,0.9935314155436963,0.9939072009525949,0.9855911426410455,0.9923755782531785,0.9949543325179299,0.9854295693829179,0.9923802162539124,0.9949536335685518,0.9852506352592233,0.9913182710723114,0.9945959143231252,0.9871163364186382,0.992953196335328,0.9953706738735051,0.9870533500345949,0.9933089313152801,0.995667179946433,0.9852501823480203,0.9910855596216203,0.9944833175256591,0.9852496063481476,0.9908960361909646,0.9944275390310061,0.9851138576570247,0.9898600529990915,0.9943680879767403,0.9851046267334056,0.9900929825586064,0.9942088422922855,0.9850973577143328,0.9896330079560994,0.994363554746191,0.9847740316037298,0.9934242566494355,0.9934993940400914,0.9845165446323227,0.9932978638636906,0.9934432614379909,0.984784270743273,0.9934243078709206,0.9932093850033573,0.9850681477791725,0.9935504421736534,0.9937414462033032,0.9850538149902391,0.9938437857885398,0.9936977401507121,0.9836540160059649,0.9933066117097894,0.9934620386761046,0.9835863406876002,0.9933066317158868,0.9935455405465298,0.9836416245717615,0.9936584729817245,0.9932497403681172,0.9832323493086212,0.9927716086917023,0.9925763785816412,0.9831648964082548,0.9927716985564449,0.9925878648654931,0.983244429992475,0.9927716286868683,0.9923996175592668,0.9844547056543953,0.9925286978908856,0.9949393311522462,0.9857945846852016,0.9929744226839212,0.9941326135718039,0.9838345344015063,0.9931631606911803,0.9933307945761689,0.9831619163425794,0.9928873154308188,0.9929916725294478,0.9833386363324441,0.9927712667545371,0.99279311847367,0.9856484543888827,0.9928380968044799,0.9939834525222676,0.9858206849417146,0.9928815531340546,0.994136968893692,0.9932481166439205,0.9982357022761233,0.999935748940842,130.0
0.9999962203386487,0.9999969581998801,0.999997170472281,0.9751506404745622,0.9800180329511942,0.981505006749443,0.9890440163306264,0.9952511628380918,0.9958239213178711,0.9874294184831104,0.993911661416607,0.9952317199347421,0.9873266114713972,0.9934679849818541,0.9954406156193953,0.9866847006762313,0.9933483089987453,0.9951858105049493,0.9862767852198353,0.993631336592276,0.9944574731036154,0.9860903104833297,0.9933332647545203,0.9942534853425861,0.9854785419523451,0.9936859994976004,0.9938874374664022,0.9858044612601423,0.9925349419024215,0.9949280659739933,0.9856434768892495,0.992539688024086,0.994927390059744,0.9854639177730842,0.9914773439833702,0.9945715334711066,0.987327435147799,0.9931128598203088,0.9953432024348715,0.9872642805162933,0.993468013795829,0.9956389396613686,0.9854634530833034,0.9912445484645128,0.9944587432710482,0.9854628713435857,0.9910549211803341,0.9944028029332214,0.9853277377164069,0.9900183789683064,0.9943435768550238,0.9853184972135811,0.9902510412733849,0.9941840687112845,0.9853113172095483,0.9897912784885288,0.9943390679553941,0.9850002210973506,0.9935771680097712,0.993483826910714,0.9847450122671833,0.9934499793744237,0.9934301844471363,0.9850109151460281,0.9935772192391154,0.9931948594363225,0.9852916832400633,0.9937041494334463,0.9937227886835723,0.9852771861762383,0.9939963563225801,0.99367660610457,0.98388730438347,0.9934565089874346,0.9934557442023332,0.9838200144253677,0.9934565289965344,0.9935401781180155,0.9838749057973252,0.9938084628118,0.993243304143302,0.9834690493244097,0.9929172852212204,0.9925736020178603,0.9834019855626471,0.9929173750990452,0.9925856859764365,0.9834812384774377,0.9929173052192967,0.9923975928282815,0.9846723515651131,0.9926893607976919,0.9949130561037133,0.9860107086522999,0.9931309090071295,0.994108423175924,0.9840668247120369,0.9933130203021855,0.993322134549184,0.9833974652440022,0.9930345634517573,0.9929857210756124,0.9835746216538945,0.992916943234276,0.9927888162520638,0.9858644412885229,0.992994400745082,0.9939591214052013,0.9860365162168963,0.9930376400298115,0.9941127943844393,0.9934175683365347,0.9983799701468238,0.9998936619590255,131.0
0.9999962204771236,0.9999969776786215,0.9999971679461335,0.9751515030184028,0.9801476861422697,0.9814906933445098,0.989044131136697,0.9953939549097088,0.9957969681292704,0.9874414202373861,0.9940548616279231,0.9952162642998943,0.9873392918689381,0.9936102160676074,0.9954243456688676,0.9866988332088603,0.9934917647891603,0.9951728957884747,0.986298900820007,0.9937733319137003,0.9944528789105672,0.9861122175428646,0.9934738313040989,0.9942491942904838,0.9855062913975483,0.9938266524121672,0.9938914374240142,0.9858219037263107,0.9926787607738736,0.9949161371248035,0.9856617368347367,0.9926836863648196,0.9949155531105554,0.9854816127375797,0.9916199093678095,0.9945605733203727,0.98734031097049,0.9932543153863472,0.9953258665507887,0.987277221686187,0.9936102448857154,0.9956229806612367,0.9854811165298559,0.9913868540872608,0.9944472575046126,0.9854805194683269,0.9911969423166458,0.9943908857406087,0.9853449683730449,0.9901584385674901,0.9943297795077533,0.9853356773362931,0.9903900595435545,0.9941689749252947,0.9853284952903975,0.9899311754122326,0.994325105100255,0.9850312851074625,0.9937165441987709,0.993493283504673,0.9847781035627509,0.9935885258153494,0.9934424540416414,0.9850417795590409,0.9937165954352807,0.993205061081427,0.9853207081146939,0.9938443554677127,0.9937289228249064,0.9853062138324804,0.9941367781776485,0.9936829143435438,0.9839228552333372,0.9935938936691907,0.9934746731743529,0.9838550189121454,0.9935939136810407,0.993559706388712,0.9839104690233259,0.9939462976620888,0.9932626699548321,0.9835131102331407,0.9930523534112213,0.9925979648194712,0.9834458208503027,0.9930524433011652,0.9926104812603089,0.9835259005788439,0.9930523734119943,0.9924232435531728,0.9846951923033966,0.9928340978446205,0.9949012256896751,0.9860318935352039,0.9932706152722731,0.99410353879815,0.9841037923665112,0.9934502219600757,0.993339329684245,0.9834396775547769,0.9931701124649275,0.9930062230939128,0.9836179386735249,0.9930520113781656,0.9928112733561714,0.9858847176134674,0.9931332042881119,0.9939533584931804,0.9860573635534241,0.9931768657108275,0.9941079283829746,0.9934184506458343,0.9985120944870877,0.9998790296703723,132.0
0.9999962093737618,0.9999969947977256,0.9999971708844726,0.9750787809480126,0.9802609531322317,0.9815131773513052,0.9889565951996029,0.9955218310847427,0.9958084357310176,0.9873661566204052,0.9941854287102287,0.9952411222627584,0.9872662037266745,0.9937397334160487,0.995449244372743,0.9866256723828258,0.9936237506255212,0.9952009570860415,0.9862332785329018,0.9939045380482983,0.9944897666829294,0.9860456072161456,0.9936038523434501,0.9942855838458922,0.9854472455723977,0.9939580297491958,0.993938383433024,0.9857523901819188,0.9928127915422498,0.994946494615085,0.9855933014127485,0.9928181883783489,0.9949460085463907,0.9854116276839319,0.991753544162054,0.9945939285067882,0.9872674706314842,0.9933829927455542,0.9953496759879866,0.9872052532219208,0.9937397622379185,0.995648720842643,0.9854111125238407,0.9915202808252199,0.9944802573037272,0.9854105062130457,0.9913301587661548,0.9944236010905829,0.9852736136151135,0.9902919418148121,0.9943638320054407,0.9852643258049839,0.9905235786247675,0.9942031687939613,0.9852569613836064,0.9900646590355444,0.9943592259015184,0.984975784292545,0.9938477986671531,0.993546144050167,0.9847248067391072,0.9937195998758898,0.9934982351864969,0.9849859821107534,0.9938478499104085,0.9932586881788017,0.9852630359729936,0.9939757904745188,0.9937783251610102,0.9852485915045411,0.9942687251028229,0.9937332030453984,0.9838733779675966,0.9937261747277831,0.9935378888852765,0.9838051657811853,0.9937261947422811,0.9936237678753821,0.9838610053779125,0.9940790507314344,0.9933263769411952,0.9834721183705771,0.9931859433709891,0.9926654910722181,0.9834048287180182,0.9931860332729205,0.9926786184388132,0.9834848102678396,0.99318596337443,0.9924917047165631,0.9846322686365673,0.9929702034809845,0.994931663210665,0.9859645620243344,0.9933999527816594,0.9941391570060588,0.9840552884182026,0.9935823111321845,0.9934001485040745,0.9833974239427546,0.9933032382035298,0.9930700869137384,0.9835767695893982,0.9931856012923199,0.9928769618119824,0.9858162422181025,0.9932614341631067,0.99398787522013,0.9859902180113471,0.9933064610611901,0.9941435363126975,0.9933443217934053,0.9986275354830376,0.9999018924941321,133.0
0.9999962538655808,0.9999970036532083,0.9999971789923642,0.9753712465489767,0.9803203021116224,0.9815626469065913,0.9892997588707659,0.9955853379377939,0.9958847617061333,0.9877201397044507,0.9942508474976874,0.9953290149547709,0.9876209036989595,0.9938050532695357,0.9955377925263423,0.9869814769520313,0.9936880954389005,0.9952900975134162,0.9865963167398848,0.9939724425591772,0.9945899646915155,0.9864094268972652,0.9936724814653558,0.9943869852905962,0.9858143992279991,0.9940257379998787,0.9940466030824434,0.9861119627624351,0.9928755775308669,0.9950357246707834,0.9859536057963049,0.9928809870841724,0.9950353453904524,0.9857724847407673,0.9918130604472775,0.9946826757955249,0.9876223872123482,0.9934482334581081,0.9954386236471204,0.9875602208361935,0.9938050820933121,0.9957373626969954,0.9857719551586055,0.9915795153181903,0.9945687461041612,0.9857713416307035,0.9913891280262377,0.9945119086033406,0.9856336195459643,0.9903441258970895,0.9944450314925445,0.9856243108055907,0.9905754025917141,0.994283739852123,0.985616859564672,0.9901159430050793,0.9944395404447591,0.985346576378733,0.9939153256996391,0.9936599961620202,0.9850977514694285,0.9937870105726204,0.9936148698055897,0.9853566454295365,0.99391537694636,0.9933736150501201,0.9856315897196871,0.9940434340036506,0.993888702535894,0.9856171485328981,0.994336393543499,0.9938435397924988,0.9842495822381961,0.9937926420876242,0.9936614385120839,0.984181200389077,0.9937926621034461,0.9937482628343418,0.984237171312545,0.9941449988595479,0.9934488260726069,0.9838540161437097,0.9932515068262755,0.992794237426244,0.983787053909823,0.99325159673404,0.9928081552709126,0.9838661881928539,0.9932515268310145,0.9926212422441638,0.9849965813277533,0.9930327844462138,0.9950210262073999,0.9863288451411435,0.9934690626624134,0.9942408433792482,0.9844319507545668,0.9936489895958436,0.9935216885411537,0.9837788576160761,0.9933691773823023,0.9931949141332665,0.9839586316835993,0.993251164725411,0.9930037737577819,0.9861809163528819,0.9933308997957363,0.9940899680262416,0.9863545771744697,0.9933756500465195,0.9942452207799366,0.9936424404378332,0.9986880066357461,0.9999523757499117,134.0
0.9999963540358401,0.9999970105333212,0.9999971968639725,0.9760284631516766,0.9803660930976588,0.9816690463050225,0.9900784676809052,0.9956355472841506,0.9960633628820027,0.988511749999566,0.9943056269577355,0.9955187759174823,0.9884146218465085,0.9938583763075314,0.9957271425059172,0.9877746797150443,0.993742929484639,0.9954810780038221,0.987399763640258,0.9940323835847982,0.9947930761500262,0.9872139118783692,0.9937331817226848,0.9945917204121388,0.9866249008342305,0.9940886636667479,0.9942588230385134,0.9869082916722831,0.992930484392347,0.9952269792925807,0.9867508925045095,0.9929363029049413,0.9952266712823742,0.9865683237474467,0.991865022425169,0.9948740268160802,0.9884163115412288,0.9935003911644636,0.9956269966559386,0.9883550489169146,0.9938584051328591,0.9959271989595982,0.9865677186854666,0.9916305759379633,0.9947588981491589,0.9865670680779158,0.9914392812027722,0.9947011379339329,0.9864301998324925,0.990392036190617,0.9946358606799837,0.9864209392812124,0.9906242973184707,0.9944756356424634,0.9864135288388415,0.9901631691138201,0.9946301336228934,0.9861621041640978,0.9939807639676949,0.9938781931511346,0.9859162186072911,0.9938539661383554,0.9938359283626385,0.9861721298361171,0.9939808152177791,0.9935930831289145,0.9864440296564027,0.9941073551275342,0.994103248368044,0.9864296134789902,0.9944004568589516,0.9940582182436712,0.985071521487142,0.9938620818729413,0.9938889091596759,0.9850024997159648,0.9938621018901527,0.9939762587028941,0.9850591238164037,0.9942149071596168,0.9936763607405686,0.9846867761422367,0.9933230555942887,0.9930287728244863,0.9846200068490919,0.9933231455084612,0.9930434019824288,0.9846992015054635,0.9933230756004551,0.9928571463077324,0.9857988628427201,0.9930898547939125,0.9952122782028352,0.9871338927746619,0.9935302584956457,0.9944460875449616,0.9852555492532875,0.9937182389242305,0.9937477694059891,0.9846095961087395,0.9934409322569513,0.9934247044667528,0.9847905704758326,0.9933227134690414,0.9932359603682103,0.9869866003008699,0.9933926602117238,0.994295914610001,0.9871595405116801,0.9934366772487925,0.9944504739305818,0.9943123823389658,0.9987346693007807,1.0000610121858895,135.0
0.9999964468479606,0.9999970049940616,0.9999972157135041,0.9766387207097708,0.9803303341903113,0.9817830326715217,0.9907947730972942,0.9955911043241134,0.9962470338873244,0.9892377976821368,0.994261578303969,0.9957147558729535,0.9891425991792487,0.993813156286148,0.9959234887147241,0.9885012011458258,0.9936983457002948,0.9956795999155521,0.9881348433590609,0.9939897551984933,0.9950011337285631,0.9879499706923982,0.993691346878772,0.994801114719338,0.9873638388982922,0.9940451686841884,0.9944751531135964,0.9876357997939461,0.9928851253332625,0.9954276263368342,0.9874789469776639,0.992890836390802,0.9954274004806186,0.9872938742705109,0.9918184234599227,0.9950774926750646,0.989144397130675,0.993454233993269,0.9958230494941529,0.9890841027422935,0.9938131851101707,0.9961239850898498,0.9872932137402533,0.9915831738487495,0.9949614650926687,0.9872925357276267,0.9913911003270877,0.9949030393262375,0.987155768261235,0.9903458034463425,0.9948450708266373,0.9871465522290386,0.9905789978052016,0.9946857992238516,0.9871390924878034,0.9901168370914347,0.9948399426223898,0.9869029859571721,0.9939364035995535,0.9940995664595907,0.9866583695049661,0.9938090289244421,0.9940596681772653,0.9869125955561858,0.9939364548473362,0.9938154066169833,0.9871837265093857,0.9940635717824087,0.994321620222315,0.9871693648094563,0.994356890702309,0.9942770889342148,0.9858164165126052,0.9938161465679385,0.9941189497662256,0.9857475233189883,0.9938161665842112,0.9942072251191074,0.9858040087443208,0.9941689832714176,0.9939058103625543,0.9854312104713306,0.9932745453726237,0.9932615944576938,0.9853644185729383,0.9932746352823127,0.9932767710071696,0.9854425108897885,0.9932745653777926,0.9930903235668229,0.9865299638194694,0.9930438287495625,0.9954130217187527,0.9878704315785197,0.9934889507448336,0.9946558419144558,0.9860001150182783,0.9936722990696613,0.9939756435898894,0.9853562480789598,0.993393829144,0.9936548231793769,0.9855360547658935,0.9932742032644357,0.9934674939941849,0.987723553969666,0.9933517216010419,0.9945061806133703,0.9878962489605547,0.9933955814525873,0.9946602224382168,0.9949344287002074,0.9986982043135713,1.0001773705278134,136.0
0.9999965285011148,0.9999969960648954,0.9999972228649482,0.9771744086091297,0.9802716923770459,0.9818202157906599,0.9914311089138172,0.9955225731940263,0.9963419248669934,0.9898860182920072,0.9941963151586198,0.9958204334593052,0.9897919671860363,0.9937467095134066,0.9960292775013702,0.9891534448916993,0.9936333523253269,0.9957889640689866,0.9887900617557119,0.993928933057918,0.9951162842437742,0.9886054741580731,0.9936305945702871,0.994917343377723,0.9880234518401222,0.9939880644525516,0.9945965355453199,0.9882925289428406,0.9928205200978815,0.9955400783038142,0.9881363469715388,0.9928265352053458,0.9955398978010924,0.987953852834632,0.9917522173415049,0.9951945386271195,0.989793791458208,0.9933868403104295,0.9959286956305768,0.9897341392992646,0.9937467383355045,0.9962299477820392,0.9879531948099839,0.9915165792558428,0.9950784778662872,0.9879525175331539,0.9913241899340781,0.9950201001589604,0.9878175179376183,0.9902776749482922,0.9949661048849296,0.9878083230859688,0.9905114298372143,0.9948072079921904,0.9878010697577911,0.9900483695064439,0.994961438404873,0.9875658895221958,0.9938825071052669,0.9942248906848532,0.9873239278650422,0.9937571006399444,0.9941870641735956,0.9875741796276218,0.993882558350266,0.9939408941550498,0.9878446157938671,0.9940077072286606,0.9944446035699881,0.9878303061569476,0.9943010553081467,0.9944004867750367,0.9864851101077691,0.9937663691894227,0.994251016793562,0.9864158217425963,0.9937663892046884,0.994339721831045,0.9864726984126294,0.9941193677445642,0.9940375043745618,0.9861065756651078,0.9932272485137794,0.9933982040092509,0.9860389936090601,0.993227338419146,0.993413487030106,0.9861184556486181,0.993227268517988,0.9932282177880378,0.9871912177218847,0.9929814943062257,0.9955254294975971,0.9885261407360101,0.9934282452538871,0.9947724045010108,0.9866698382685763,0.9936224559902204,0.9941067462398665,0.9860306493978894,0.9933463190766632,0.993788322616522,0.9862112835354828,0.9932269064220398,0.9936025594026798,0.9883796193294698,0.9932913153827616,0.994623183472927,0.988551641911113,0.9933343910019331,0.9947768058453663,0.9954804893541618,0.9986384256716399,1.0002154484231516,137.0
0.9999965324310494,0.9999969772575461,0.9999972167501331,0.977200261796285,0.9801474308951303,0.981777799597686,0.9914628771701255,0.9953814327997329,0.9963034349541484,0.9899257531986241,0.9940555107102909,0.9957950813336145,0.9898329773305136,0.9936089270559325,0.9960095890250479,0.9891951562751835,0.9934925384577622,0.9957670737306717,0.9888348296238457,0.9937884732405764,0.9950988318304497,0.9886495194477085,0.9934892118467731,0.9948993338125985,0.9880719861278342,0.9938488814317851,0.9945866004561379,0.9883378348994233,0.9926796938023297,0.995521833113676,0.9881819601618989,0.9926858041698564,0.9955216689457959,0.9880029590048329,0.9916105929101838,0.9951818810031529,0.9898350589477124,0.9932514761085113,0.9959132437034058,0.9897757215513856,0.9936089558740422,0.9962104799921587,0.9880023835846258,0.9913752339433806,0.9950669732586211,0.9880017460878543,0.9911832575398737,0.9950096020842876,0.9878658054492252,0.9901340171232654,0.9949547571616496,0.9878565326840645,0.9903664978698538,0.99479378734531,0.9878492627855768,0.9899046479972088,0.9949505891978601,0.9876163618626156,0.9937439179133727,0.9942187960290081,0.9873756419146591,0.9936186798304654,0.9941824812256947,0.9876243542168542,0.9937439691512298,0.9939352465351893,0.9878939337672299,0.99386894977507,0.9944366787474731,0.9878798108671837,0.994163258571346,0.9943951615083995,0.986540092810019,0.9936281924701453,0.9942507375215209,0.986471111967905,0.993628212482626,0.9943401840975977,0.9865276582237839,0.9939809108104637,0.9940365544684503,0.9861629793500135,0.9930898912608898,0.9933992635622075,0.9860948220546613,0.9930899811537983,0.993414641225766,0.9861749341116657,0.9930899112623268,0.9932298718877607,0.9872390132881971,0.9928421448486311,0.9955071513864642,0.9885695756420017,0.9932863394286022,0.9947537287012835,0.9867240316343945,0.9934843933397188,0.9941048115892896,0.9860867843830298,0.9932087132039511,0.993787732771661,0.9862680229271128,0.9930895492165523,0.9936028000798478,0.9884220175018681,0.9931484090317917,0.9946035743363233,0.988595285882615,0.9931927543979056,0.9947581202311625,0.9955068405296685,0.9985117750324632,1.0001722557351815,138.0
0.999996483401972,0.9999969532518295,0.9999971938287421,0.9768783944887863,0.9799892701037849,0.9816300812841111,0.9910837505854644,0.9952001665512131,0.9961136891171588,0.989544633655121,0.9938694599226124,0.9956122670865994,0.9894523335455613,0.9934234339470913,0.9958286179640313,0.9888128185516534,0.9933065403487914,0.9955867332760366,0.9884517484780425,0.993596994803599,0.994919579247573,0.9882650893844668,0.9932962201849048,0.9947197989325457,0.9876862574918341,0.993653819006229,0.9944101238119327,0.9879559918483015,0.9924937753184032,0.9953443539311945,0.9878001238137876,0.9924999560127521,0.9953442225758832,0.987621906444919,0.9914244980416496,0.9950086771023618,0.9894544607861829,0.9930664294574462,0.9957335998264676,0.989395329044176,0.9934234627598257,0.9960296196074625,0.9876213660556372,0.9911890327946176,0.994894122174851,0.9876207452807282,0.9909970553094489,0.9948371000040819,0.9874868232959814,0.9899488176430957,0.9947876615670784,0.9874775364388673,0.9901812493247161,0.9946264189439119,0.9874705529623152,0.9897195736047427,0.9947843341226484,0.987228708260677,0.9935458054794004,0.9940439668614658,0.9869868455109205,0.99341871217703,0.9940083238403499,0.9872365282153803,0.9935458567070411,0.99376058823096,0.9875074816110296,0.9936726926259402,0.9942610398945402,0.9874934412256237,0.9939668956827709,0.9942205184196501,0.9861489479691797,0.9934253288432284,0.9940777780468638,0.9860796105580684,0.9934253488516183,0.994167348831042,0.9861364838406459,0.9937775572277571,0.9938629060912969,0.9857715493953709,0.9928825940058394,0.9932280857657908,0.9857031249173012,0.9928826838799485,0.9932435961343825,0.9857835009451051,0.9928826140030924,0.9930589050757643,0.9868575832715651,0.992657250034125,0.9953296775971036,0.9881845778051723,0.9930923749519452,0.994573963433445,0.9863338266023078,0.9932817290679731,0.9939318100508845,0.9856956306805966,0.9930030656106312,0.9936156103527646,0.9858767996282148,0.9928822520330348,0.993431214964152,0.9880366336210223,0.9929540945983512,0.9944234257742198,0.9882097882339427,0.9929980193621302,0.9945783840781888,0.995178741480517,0.998350565453316,1.000021631663486,139.0
0.9999964465436981,0.9999969358694307,0.9999971710371995,0.9766346473517656,0.9798736217520284,0.9814809135778811,0.9908071825633135,0.995072405605422,0.9959344327652284,0.9892679606914566,0.9937434376016923,0.9954386685085901,0.9891769928351056,0.9932975045682552,0.9956565286003125,0.9885353815448178,0.9931818168834885,0.9954153863169538,0.9881750089651296,0.993472846794426,0.9947489902698659,0.9879888813522884,0.993172900459963,0.9945492649065353,0.9874092135965337,0.9935313498433554,0.994242228127657,0.9876786915725009,0.9923709324087813,0.9951751898143442,0.9875229243973119,0.9923777100106209,0.9951750978834663,0.9873449543581876,0.9913015829558309,0.9948427846847544,0.9891791114329243,0.9929405746277714,0.9955620942640706,0.989120794217007,0.9932975333773331,0.995857998065197,0.9873444033905557,0.9910656856886627,0.9947278896259757,0.9873437771944528,0.9908733382278101,0.9946706439448965,0.9872100883178403,0.9898279892433814,0.9946274277723116,0.9872006868277968,0.9900585671311789,0.9944632864150239,0.9871938644394059,0.9895993108045451,0.9946252962850717,0.9869515567432622,0.9934245843291879,0.9938772018212497,0.9867098773758552,0.9932981797958182,0.9938418707171033,0.9869588562586697,0.9934246355505896,0.9935936336774411,0.9872304278788988,0.9935507827038725,0.9940940029440005,0.9872165414275557,0.9938453712671372,0.9940555476961346,0.9858729611770932,0.9933070733126446,0.9939114908937594,0.9858035069587279,0.9933070933186595,0.994001148963612,0.9858604441150763,0.9936584196559326,0.9936953263957528,0.9854993901931266,0.9927693236695001,0.9930631556529512,0.9854312199607624,0.9927694135333929,0.9930789765004542,0.9855113309318073,0.992769343664481,0.9928940175019288,0.9865811833204687,0.9925385496261249,0.9951604103568239,0.9879087489358447,0.9929696184624546,0.9944033777650901,0.9860581654112323,0.9931638322368983,0.9937658214397586,0.9854213143626382,0.9928883651038312,0.9934499986605031,0.9856043806937004,0.9927689817355688,0.9932659099767945,0.9877608147600908,0.9928313549898632,0.9942528242025751,0.9879341046974096,0.992875399684639,0.994407793161434,0.9949303117023389,0.9982327109769381,0.9998695739748663,140.0
0.9999964065876995,0.9999969187051179,0.9999971529221993,0.9763718780228541,0.9797601869484354,0.9813641444731408,0.9905000317242405,0.9949438951259365,0.9957850051370073,0.9889590562934781,0.9936109364987465,0.9952943308013085,0.9888678535303711,0.9931648778679666,0.9955122557135581,0.9882260679016985,0.9930493107391698,0.9952736922125801,0.9878640215206245,0.9933363850495919,0.9946072632892634,0.9876763911186349,0.9930348324363614,0.9944069496071763,0.9870970189367461,0.9933940158392924,0.9941037077216697,0.9873693591586469,0.9922384234809248,0.9950360416419655,0.987213219048313,0.99224525339507,0.9950360102423327,0.9870378782505125,0.9911693091399164,0.9947072514458496,0.9888698767354493,0.9928078475841836,0.9954180168053415,0.9888115854666857,0.9931649066731948,0.9957136176397889,0.9870373517729346,0.9909333922118477,0.994592620899956,0.9870367373239798,0.9907410883592092,0.9945356244821093,0.9869015520749312,0.9896968300863455,0.9944938413254936,0.9868921106180145,0.9899268913698746,0.9943287495453088,0.9868851440926486,0.9894683789847802,0.9944921137011786,0.9866369630634276,0.993286340848268,0.9937396392862012,0.9863943386199825,0.9931593180597951,0.9937046768218576,0.986643277141155,0.9932863920625552,0.993455518096732,0.9869173429900775,0.9934131574392706,0.993956276953229,0.9869036150133406,0.9937080304677728,0.9939198985269886,0.9855564631551049,0.9931673601203974,0.9937756173498168,0.985487161187552,0.9931673801236047,0.993865462640627,0.9855439595140237,0.9935190560044179,0.9935599010508301,0.9851812432364666,0.9926278305502296,0.9929271018369425,0.9851127553958761,0.9926279204013436,0.992942927342114,0.9851933866678986,0.9926278505423661,0.9927580856314299,0.9862697630712848,0.9924067170617967,0.9950212908542693,0.9875956336612954,0.9928305293500062,0.9942607546122609,0.9857412664636336,0.9930239770847252,0.9936292791335076,0.9851025693263779,0.9927472896735222,0.9933136794033767,0.9852863129782325,0.992627488664921,0.9931297489804269,0.987447196083368,0.9926918002154493,0.9941097079361025,0.9876202309543447,0.9927351347892807,0.9942652149645628,0.9946624638706654,0.9981170967936716,0.9997505105166691,141.0
0.9999963616539521,0.9999969120316861,0.9999971384076899,0.9760770624372992,0.9797165007069338,0.9812732127256856,0.9901508716339537,0.9948925325801027,0.9956551856206937,0.9886088094772779,0.9935557710508299,0.9951662686404812,0.9885158258218016,0.9931092050336179,0.9953826606302864,0.9878740428112246,0.9929924979942863,0.9951460636859415,0.9875160943532247,0.9932791892488817,0.9944813932354023,0.9873287686964303,0.9929770494314161,0.9942819604981286,0.9867500251146729,0.9933361665997841,0.9939795015796162,0.9870164754259454,0.9921792321649147,0.9949083534084562,0.9868597294850677,0.9921856495433572,0.9949082483472125,0.9866869110701896,0.9911091652312608,0.9945798638496834,0.9885176705341023,0.9927517688692864,0.9952880793694003,0.9884586229678435,0.993109233837231,0.9955833597107633,0.9866863840770527,0.9908731482152927,0.994465140432638,0.9866857693421202,0.9906807664417455,0.9944080801999842,0.9865489149546739,0.9896345850711982,0.9943625228877818,0.9865394717886591,0.9898648298495765,0.9941975203125936,0.9865322894685752,0.9894058307668275,0.9943602683919871,0.9862883441319972,0.9932283513836364,0.9936154356011008,0.9860449713643973,0.993101406365906,0.9935804901021957,0.9862941856899483,0.9932284025949436,0.9933310911802729,0.9865697327232182,0.9933550901787429,0.9938321205610166,0.9865560468125891,0.9936491629498739,0.9937959800941888,0.9852054582834109,0.9931078014028577,0.9936514727779171,0.9851362173833667,0.9931078214048695,0.9937414974186248,0.9851928958217223,0.9934585753975856,0.9934343807473418,0.984826998402751,0.9925659526836397,0.9928030447026003,0.9847584430277234,0.9925660425291667,0.992819010558651,0.9848387673778153,0.9925659726745328,0.9926337840038171,0.9859126503473131,0.9923447415524909,0.994893617975346,0.9872480169417582,0.9927723357652428,0.9941360037936411,0.9853901271547385,0.9929647932639722,0.9935052272417286,0.9847490826427012,0.9926868385226862,0.9931896098169465,0.9849325693283049,0.9925656108195897,0.9930057427700899,0.987099932188356,0.9926339658225909,0.993985243641504,0.9872722477461067,0.9926763433792067,0.9941404866320844,0.9943619390014761,0.998072562160724,0.9996577430700703,142.0
0.999996363900997,0.9999969164167873,0.9999971469611536,0.9760921884799617,0.9797451379296817,0.9813298089446584,0.9901663008484887,0.9949266005790423,0.9957196457198234,0.9886238210198214,0.9935904565719568,0.9952323387971744,0.9885296805062668,0.9931424013420695,0.9954459780299456,0.9878900163995847,0.9930279631745995,0.9952135777444883,0.9875298894091334,0.9933142208541003,0.9945493486718446,0.9873430465415036,0.9930129725826564,0.9943503377918843,0.986761983215123,0.9933708614718401,0.9940483204255436,0.987033699316358,0.992215824100921,0.9949766263390154,0.9868769148491743,0.992222682564054,0.9949765672007559,0.9867067977987605,0.9911454033042152,0.9946491090336264,0.9885312721072819,0.9927837736075086,0.9953498792304069,0.9884719731621207,0.9931424301466419,0.9956461637165678,0.9867063219864408,0.990909872709862,0.9945352159002042,0.9867057321923228,0.9907180000856481,0.9944788214883632,0.9865696605741292,0.9896678592433369,0.9944275543923785,0.9865601874791289,0.9898977977748644,0.9942618206567979,0.986553151843988,0.9894387663075401,0.994424865900742,0.9862989304628395,0.9932632899552021,0.9936848511221344,0.9860546946959816,0.993136701031801,0.9936501216052768,0.9863047249444985,0.993263341168316,0.9934007535647429,0.9865811697897651,0.9933896726152731,0.9939011567594682,0.9865675159218751,0.9936827400094604,0.9938649571130818,0.9852130491762267,0.9931425162186839,0.9937216766539152,0.9851437264735572,0.9931425362213977,0.9938118117652678,0.9852004669245196,0.9934932698225393,0.9935041460665119,0.9848307760756388,0.9925985877889338,0.9928732893510959,0.9847619281717194,0.9925986776374242,0.9928893372888282,0.984842008252965,0.9925986077804861,0.9927038447985577,0.9859296420641629,0.9923839932580902,0.9949618396276795,0.9872628032664185,0.992808832981894,0.9942046351575703,0.9853979390126537,0.9929995164891721,0.9935753224161558,0.9847544660696539,0.9927208863798626,0.9932597333331167,0.9849372225191185,0.9925982459136082,0.9930759848555594,0.9871151281824757,0.992670872820101,0.9940542588789174,0.9872874518061646,0.9927133754712721,0.9942090977115159,0.99437735103024,0.9981017574558547,0.9997154261037109,143.0
0.9999964384970709,0.9999969282890332,0.999997181499582,0.9765822549126457,0.9798225438569035,0.981549997020646,0.9907424921579334,0.995019308992051,0.9960136351959752,0.9891981637256252,0.9936849431947655,0.9955318752503329,0.989104730866575,0.9932379400970389,0.9957461673126279,0.9884624272324632,0.9931233141926725,0.9955145592978485,0.9881043577852817,0.9934097119202592,0.9948524583379846,0.9879182858446154,0.9931094984293043,0.9946538901309263,0.9873352065984126,0.993466421502026,0.9943538467728251,0.9876048245083566,0.9923124256073146,0.9952794640770811,0.987447848544865,0.9923193912236266,0.9952794695346616,0.9872771855868961,0.991243652703367,0.9949544417206989,0.9891064512811817,0.9928801541043283,0.9956507613459343,0.9890473511223626,0.9932379689043798,0.9959462248705724,0.9872767414716724,0.9910085720192394,0.9948412075826235,0.9872761671739363,0.9908171314405829,0.994785326479173,0.9871397807833896,0.9897682168615906,0.9947345386119318,0.9871303286735812,0.9899988104928173,0.9945692608839799,0.9871232337692519,0.9895392953812973,0.9947319929219575,0.9868704225348015,0.9933593914653465,0.9939916652463943,0.9866254152684135,0.993233321221798,0.9939575298341236,0.9868755728498869,0.99335944268342,0.9937077166065377,0.9871537393586632,0.9934852553960699,0.9942072084503015,0.9871401441572031,0.9937774179656037,0.9941711554206302,0.9857806153174756,0.9932385809989229,0.994030288416471,0.9857109151894039,0.9932386010035743,0.9941203317849813,0.9857680642621156,0.9935904059997859,0.9938134545767898,0.985396777270261,0.9926915090802687,0.9931839756237603,0.9853277964288855,0.9926915989371745,0.9932002341657835,0.9854076973350915,0.9926915290736933,0.9930147363429901,0.9864991873222279,0.9924805537605913,0.9952647172873933,0.9878385056544164,0.9929060600101934,0.9945083179791927,0.9859664736195111,0.993095145834669,0.9938838904447831,0.985321231734279,0.992815114211667,0.9935692270464264,0.9855036178464737,0.9926911671729213,0.993386132395543,0.9876909769600785,0.992768238631651,0.994358161334553,0.987864003945099,0.9928117388008861,0.9945127386155227,0.9948768940317049,0.9981806748637656,0.9999399908650133,144.0
0.9999965237273984,0.9999969451996705,0.9999972280794274,0.9771431282591113,0.9799332531871896,0.9818495783495945,0.9913966922410586,0.9951497643862158,0.9964006526055228,0.9898546428349082,0.9938177217061104,0.99592367908951,0.9897617791759514,0.993372240232008,0.9961394826427229,0.9891172704185835,0.9932555793865503,0.9959060885684797,0.9887658335590197,0.993545269373098,0.995248936813149,0.9885811039212051,0.9932465513588822,0.9950515094725961,0.9879993939367161,0.993603019120594,0.9947534455159913,0.9882598640312179,0.9924439472136992,0.9956709938324005,0.9881026497746932,0.9924507685459198,0.9956710137270066,0.9879337688932194,0.9913749970593487,0.9953458590428546,0.9897635561843262,0.9930156716621207,0.9960454849188224,0.9897046981691969,0.993372269043245,0.9963393906113845,0.9879332339784674,0.9911394061791139,0.9952314026716271,0.9879326156489936,0.9909473487635675,0.9951744969510067,0.9877973106081941,0.9899000623867786,0.9951257629090008,0.9877878517988795,0.9901307768830819,0.9949601886360233,0.9877808880324607,0.9896711869024233,0.9951232384515547,0.9875349078509813,0.993497671431854,0.9943928918654168,0.9872903080669523,0.9933729368303141,0.9943596648768848,0.9875395318791915,0.9934977226570612,0.9941092614698054,0.9878180418314706,0.9936221996908877,0.9946072701248388,0.9878044489371369,0.9939128977741842,0.9945704213477716,0.9864438894179303,0.9933799324257271,0.9944335756631636,0.9863734597658779,0.9933799524332286,0.9945233179824877,0.986431370735362,0.9937328574498159,0.9942174394062007,0.9860646599701037,0.992833987704698,0.9935912801830583,0.9859957956312831,0.9928340775745117,0.9936078947617334,0.9860756418343383,0.9928340077009953,0.993422581291123,0.9871526448619098,0.992611032534685,0.9956562692184946,0.9885021454209553,0.9930440792034403,0.9949064617887554,0.986631631053256,0.9932360501674685,0.9942876782823177,0.9859876468104698,0.9929572141006443,0.993974526825665,0.986171181183004,0.9928336457482378,0.9937924371846935,0.988355332117116,0.9929069490183374,0.9947570695888442,0.9885278530800569,0.9929499505777845,0.9949108768575471,0.9954485963775793,0.9982935356052927,1.0002454811135342,145.0
0.99999660068214,0.9999969621903885,0.9999972696405175,0.9776490877738393,0.9800442455523658,0.9821167955676862,0.9919894296196364,0.9952814906802858,0.9967476219774245,0.9904526024346104,0.9939536432191397,0.9962782064807097,0.9903608810147974,0.9935092612802787,0.9964954231945531,0.9897151814682643,0.9933925303720176,0.996262212390869,0.9893698350315343,0.993684931644464,0.995609449063733,0.9891859736454803,0.9933873736262034,0.9954125473409013,0.9886080862661754,0.9937456129731737,0.9951194001289186,0.9888572339875845,0.9925823856503565,0.9960284392649288,0.988699985604099,0.9925893203951359,0.9960284249815441,0.9885306827175669,0.9915151765774455,0.9957055418675653,0.9903626844483631,0.9931535723985571,0.9964023739190716,0.9903044652889661,0.993509290095486,0.9966954674475155,0.9885301034789549,0.9912794573053442,0.9955905761392536,0.9885294637238207,0.9910871953041464,0.9955332251191056,0.9883945152424642,0.990044499336133,0.9954898897989107,0.988385043738233,0.9902751838026445,0.9953238775408728,0.9883781325316723,0.9898161840258148,0.995488013378349,0.9881477548449019,0.9936430580139624,0.9947625773880562,0.9879048165327583,0.9935201391901837,0.9947306874054979,0.9881537289619398,0.9936431092466751,0.9944804224248415,0.9884283577712024,0.993765770460034,0.9949748927798487,0.9884148896949241,0.9940559939612299,0.9949391784874395,0.9870619664694507,0.993528455388465,0.9948094378304079,0.986992272247759,0.993528475398964,0.9948997772675969,0.987049525706283,0.9938833340355743,0.9945952243739135,0.986682330382489,0.9929811754181869,0.9939679462610405,0.9866134729717829,0.9929812653013386,0.9939848336241917,0.9866934361326417,0.9929811954174526,0.993799751630085,0.987749827105042,0.9927503298704206,0.9960136277938417,0.9891075658893637,0.9931856791921592,0.9952677072068443,0.9872477643543982,0.9933837790133799,0.9946612060419112,0.9866045128524994,0.9931050814842425,0.9943494089928592,0.9867885893157768,0.9929808334109759,0.9941682475049839,0.9889610112166815,0.9930487941408203,0.9951186407043179,0.9891338933804753,0.9930923302524992,0.9952720941213958,0.9959643341800222,0.9984066894199408,1.0005179754827418,146.0
0.9999966055667708,0.9999969614242853,0.9999972833013057,0.977682177591988,0.9800390035313488,0.9822068218544352,0.9920219029379013,0.995276903207193,0.99685211184452,0.9904872905631563,0.9939439979115554,0.9963918217032102,0.9903960124243876,0.9935009976274864,0.9966104994334355,0.9897481772632688,0.993383334844647,0.996377899039879,0.9894095807079041,0.9936678913126503,0.9957299278271395,0.9892266790223272,0.9933707375375818,0.9955341135082331,0.9886485957025023,0.9937216051276493,0.995246421074615,0.9888873300170098,0.9925738430941768,0.9961460263595062,0.9887297063772291,0.9925805144710566,0.996146035670937,0.9885582008354449,0.9915093494631853,0.9958258578619595,0.9903978686223366,0.9931464142258242,0.9965185817538592,0.9903398229993544,0.9935010264424555,0.9968105713972645,0.9885576161676417,0.99127374828421,0.995710897454043,0.9885569739158339,0.9910815739748412,0.9956535267840175,0.9884214435679484,0.9900448492558925,0.9956164492247337,0.9884119448722748,0.990275085703586,0.9954497124358553,0.9884049882183344,0.9898174108291934,0.995615500674642,0.9881874755957358,0.9936127081879813,0.9948927660702578,0.9879439515253455,0.993485770377699,0.9948620186104609,0.9881934878219105,0.9936127594191321,0.9946108446396373,0.9884686158799092,0.9937394396178337,0.995103801653802,0.9884554016736613,0.9940302285623993,0.9950713498480224,0.9871044332522868,0.9934898555475569,0.994944370941229,0.9870358506264697,0.9934898755572747,0.9950354152928943,0.9870919854463047,0.9938450408413427,0.9947300043580858,0.9867193142167531,0.9929343676220594,0.9941028138359338,0.986650638955827,0.9929344575009439,0.9941199382081891,0.9867303510617752,0.9929343876203734,0.9939346760792294,0.9877773302437372,0.9927397295532023,0.9961313013218913,0.9891486799960201,0.9931692764336794,0.995389696182156,0.9872873440878657,0.9933450547249805,0.9947943671144738,0.9866419426190817,0.9930612762790291,0.9944834179447796,0.9868254473511011,0.9929340256310851,0.9943027945964504,0.9890027211433334,0.9930329907429487,0.9952412106499948,0.9891749069178022,0.9930756730558398,0.9953940933265927,0.9959980415654418,0.998401353244444,1.0006097382978274,147.0
0.9999965490646391,0.9999969601795373,0.9999972659802826,0.9773105131015808,0.980030678559489,0.9820980726340595,0.9915863926747842,0.9952680846311139,0.9966961569417986,0.9900484545909991,0.9939322408538479,0.9962365514482165,0.9899582271840165,0.9934872478067132,0.996452755338641,0.9893071286035753,0.9933729758507057,0.9962244560947109,0.988969249466144,0.9936517435382249,0.9955742571877949,0.988786526810814,0.9933539246960319,0.9953789292091262,0.9882059909041118,0.9937027927631712,0.9950906087495078,0.9884440910532267,0.9925655087552403,0.9959946543750013,0.988286231861598,0.9925723451830697,0.9959947281734095,0.9881131436558462,0.9915036274314624,0.9956773077553859,0.9899599855962866,0.9931310698352662,0.9963581317178782,0.9899027416682988,0.9934872766212764,0.9966533726249099,0.9881125423957796,0.9912679193490621,0.9955620321921305,0.9881118921742376,0.9910756253542097,0.9955043941666692,0.9879762058575842,0.9900461666873622,0.9954757894877465,0.9879667686574588,0.9902775202976295,0.9953107968251201,0.9879597173075908,0.9898194706018583,0.9954755941601215,0.9877427989082181,0.9935917291716642,0.9947361089550203,0.987497533084038,0.993463513248027,0.9947044059627028,0.9877496055772004,0.9935917804017361,0.9944544370386503,0.9880252453217389,0.9937197386956421,0.9949480406547208,0.9880121830380926,0.9940102576215504,0.9949174223612453,0.9866568064913862,0.9934653532758146,0.9947852948029153,0.9865888662473402,0.9934653732850387,0.9948765346129351,0.9866443175354455,0.9938203280420914,0.9945701694118431,0.9862620916118844,0.9929039226154,0.9939401296904159,0.9861931995279838,0.9929040124915173,0.9939571522561739,0.9862721464553672,0.992903942613097,0.9937710033195419,0.9873326302276773,0.9927322198748535,0.9959799744310062,0.9887083979102257,0.9931520044174807,0.9952346053449569,0.9868380639086971,0.993320638278703,0.9946350901829818,0.9861885532459148,0.9930343956257872,0.994322603547978,0.9863696860108755,0.9929035806349529,0.9941411691623269,0.9885626093839007,0.9930158956460787,0.9950862122774675,0.9887338843668628,0.9930572649456098,0.9952390453035286,0.9956191981454294,0.9983928713006381,1.0004987915909886,148.0
0.9999965198297869,0.9999969494053175,0.9999972437971908,0.97711654210318,0.9799591077226114,0.9819527585502009,0.9913688305011484,0.9951890703069528,0.9965225598168467,0.9898270067156049,0.9938491776517793,0.9960631754748525,0.9897388610813371,0.9934050546182449,0.996282194961618,0.9890815905706518,0.9932908243085213,0.9960498158778937,0.9887483725703663,0.9935624000186584,0.9954006215992293,0.9885661809283124,0.9932645105861502,0.9952055888057193,0.9879846106162974,0.9936088632371336,0.9949186552940413,0.9882160557481151,0.9924846773049877,0.9958190927708878,0.9880579882426058,0.9924918897147583,0.9958191463757016,0.9878830484938772,0.9914232484829923,0.9955005152428618,0.9897404592427079,0.9930495728718992,0.9961886004365705,0.9896847450292162,0.9934050834304216,0.9964837296816523,0.9878824218954897,0.9911872604855937,0.9953847837413594,0.9878817593249906,0.9909946831447941,0.9953267833346988,0.9877447377117711,0.9899678633238945,0.9952999267564981,0.9877353776993475,0.9902005729396287,0.9951369952090623,0.9877280579140894,0.9897412239301059,0.9952995269814345,0.9875215227581,0.9934938525341115,0.9945653861735253,0.9872763447224893,0.9933632187866843,0.9945342601568897,0.9875283270790104,0.993493903759154,0.9942832847220922,0.9878039419905832,0.9936242797848576,0.9947770077004541,0.9877910597239663,0.9939147426087839,0.994748566572977,0.9864381196749492,0.9933613478000894,0.9946181715221472,0.986371178106272,0.9933613678072267,0.9947095043215682,0.986425782718793,0.9937198214866811,0.9944072511759405,0.9860439435813145,0.9927882542258151,0.9937733430362239,0.9859751890481814,0.9927883440914831,0.9937902952534979,0.9860561882285211,0.9927882742211848,0.9936051243125538,0.9871030575555181,0.9926535131034309,0.9958043098181307,0.9884880693781362,0.9930625303512063,0.995061315967104,0.986616718287107,0.9932152106885938,0.9944660156726122,0.9859662786430302,0.9929222928556971,0.9941546467454158,0.9861489750474298,0.9927879122851282,0.9939739239479463,0.9883423882380343,0.9929265252710434,0.9949129961763522,0.9885135998082033,0.9929678196907014,0.9950657547710753,0.9954215103449671,0.9983199354300082,1.0003506634558734,149.0
0.999996503627054,0.9999969430072073,0.9999972160008026,0.9770069275991174,0.9799162151433934,0.9817686325743319,0.9912583096126079,0.9951432134158289,0.9963139583610718,0.9897125763784221,0.9938028767547121,0.9958490188231945,0.9896240094976624,0.9933581495668461,0.9960670876854826,0.9889666219176511,0.9932449051975254,0.9958353829843811,0.9886306825242777,0.993515896468502,0.9951806162030421,0.9884477773362385,0.9932170557316337,0.9949851458005813,0.9878668434663109,0.9935647669446638,0.9946951803805179,0.9881003044082035,0.9924393124388315,0.9956038354190211,0.9879419609693454,0.9924468883769278,0.995603944574594,0.9877682334106201,0.9913773520580691,0.9952837458707023,0.9896254222523799,0.9930021844559223,0.9959728477314209,0.9895697796925842,0.9933581783776559,0.9962685362158509,0.9877675476858403,0.9911407295291802,0.9951669974643939,0.9877668562527557,0.9909475016715324,0.9951081899524334,0.9876305874473856,0.9899228054635812,0.9950841861700954,0.9876212322857626,0.990155536821661,0.9949214083377909,0.987613993611287,0.989696272099707,0.99508389649943,0.987403056377649,0.9934518495677913,0.9943382746603902,0.9871574167826883,0.9933225071783841,0.9943047655399092,0.9874099763787212,0.9934519007906871,0.9940557054723156,0.9876859431024054,0.9935809854226106,0.9945525863625512,0.9876732418712731,0.9938714316969962,0.9945263486294853,0.9863183102004774,0.9933216776982975,0.9943811445124041,0.9862513796696363,0.9933216977046455,0.9944717762170308,0.9863058174325139,0.9936780076000494,0.9941663738504533,0.9859245870792761,0.9927518085374176,0.9935363430158523,0.9858552288542336,0.9927518983998461,0.9935528141681617,0.9859376581155378,0.992751828532067,0.9933679914724111,0.9869857531273655,0.9926105648227461,0.9955890053773963,0.9883692709285059,0.9930144557794921,0.9948407432821231,0.9864969423353032,0.9931764123993649,0.9942323750392298,0.9858460189969409,0.9928860987581536,0.9939193664880058,0.9860294401657327,0.9927514666090579,0.9937378033007126,0.9882233917133202,0.9928782260039046,0.9946922077747836,0.9883942199819771,0.9929188744220306,0.9948452158544452,0.9953098377632483,0.998276232028075,1.0001630090471667,150.0
0.9999964917978311,0.9999969328304572,0.9999971885361348,0.9769269409352258,0.9798491248189771,0.9815867617613291,0.9911777335691009,0.995066408887464,0.9961077752703493,0.9896277228814575,0.9937238695461156,0.9956357754742811,0.9895384266128014,0.9932788626979479,0.9958528077716614,0.9888806467227843,0.9931652988283316,0.9956202841714927,0.9885433178094432,0.9934349073935855,0.9949618864490238,0.9883600208898915,0.9931356818390036,0.9947658128356841,0.9877791638585539,0.9934832963220132,0.9944736487804239,0.9880134067913342,0.9923588407102378,0.9953860506369426,0.9878547680773325,0.9923666181282311,0.9953861741682881,0.9876820102641057,0.9912949550898443,0.9950618005698518,0.9895397682487341,0.9929226738374853,0.9957581080534427,0.989483812380987,0.9932788915064558,0.9960539792944696,0.9876813297903411,0.9910582259492052,0.9949450520084748,0.9876806407880739,0.990864918061398,0.9948862664434133,0.9875467630861926,0.9898356519104442,0.9948566861958916,0.9875373922129098,0.9900680630667544,0.9946935086139921,0.9875304846252176,0.9896085481960271,0.994855735984678,0.9873141043462152,0.993370185600059,0.9941138953279497,0.9870680967015464,0.9932408107758439,0.9940788462987159,0.9873203962664231,0.9933702368187606,0.9938303952501893,0.9875978007853667,0.9934993538488431,0.9943302444804594,0.9875852294835233,0.99378937723172,0.9943053946304196,0.9862294717178312,0.9932397487092434,0.9941509515762093,0.9861629530070288,0.9932397687139497,0.9942411480086194,0.9862169289198104,0.9935958686673075,0.9939350633931601,0.9858326776845084,0.9926690326130114,0.9933042164011946,0.9857631877217109,0.992669122467991,0.9933204353307175,0.9858458990121652,0.992669052606003,0.9931353190759729,0.9868971181322829,0.9925315401267152,0.9953711640126868,0.9882812555484097,0.9929328487217328,0.9946211655041352,0.9864070524764306,0.993094569065201,0.9940037668479065,0.9857541263546619,0.9928040862119079,0.9936891383463264,0.9859376690829957,0.9926686907129948,0.9935066620736439,0.9881350388163638,0.9927962613924725,0.9944722951054775,0.988306073140581,0.9928370574719584,0.9946256465720152,0.995228347414669,0.9982078488548984,0.9999776511121533,151.0
0.9999964613082252,0.9999969334147761,0.999997169691454,0.9767244981917502,0.9798520653627674,0.9814641498970135,0.9909520182282139,0.9950736327554559,0.9959568048132844,0.9893970136674687,0.9937343213531027,0.9954811328063112,0.9893051755337198,0.993291079045353,0.9956990273930347,0.9886496990865791,0.9931762564380217,0.9954644326887073,0.9883093637639516,0.9934486698885171,0.9948029516408462,0.9881248073510395,0.9931481743515579,0.9946059936929499,0.987546325234936,0.9935033809489895,0.9943124873484106,0.9877814204378271,0.9923705291562532,0.9952277026736375,0.9876227833613779,0.99237881193874,0.9952278251068222,0.9874490816692498,0.9913053215700427,0.9948997040046286,0.9893064946477039,0.9929363021496562,0.9956062893792963,0.9892490529057273,0.9932911078542107,0.9958992449680493,0.9874483932630453,0.9910684211420975,0.9947827355607403,0.9874477003452263,0.9908749553329973,0.9947237832166379,0.9873125618860618,0.9898431103734092,0.9946889503581623,0.9873031208518447,0.9900742618017274,0.9945240297481062,0.9872961285370208,0.9896158260478068,0.994687539879577,0.9870833876512337,0.9933957738204436,0.9939509127434386,0.9868386856601853,0.9932697955956751,0.9939146080312184,0.9870897283485737,0.993395825040488,0.9936669653046413,0.9873658117158137,0.9935215454253755,0.9941687968461574,0.9873534031772631,0.9938115200811167,0.994145965015279,0.9860046879662165,0.9932746933749853,0.9939851993546941,0.9859391362671274,0.9932747133804112,0.994075479789731,0.9859921729275046,0.9936321114032125,0.9937703607523126,0.9856078528606462,0.9927131290121132,0.9931334974144352,0.9855385330113974,0.9927132188711701,0.9931496611041782,0.9856205934555701,0.9927131490060142,0.9929637179606584,0.9866652930134799,0.9925466177153046,0.9952126973147735,0.9880454348980015,0.9929445313894947,0.9944609949573907,0.9861797427133722,0.9931289862816542,0.9938373684365585,0.9855278172113454,0.9928443750941569,0.9935206956903254,0.9857133944748933,0.992712787096583,0.9933369666097032,0.9878987054337769,0.9928074333364406,0.9943115933669252,0.9880699950649966,0.9928483338621018,0.9944654913850447,0.9950220342652806,0.9982108647476459,0.9998526485145566,152.0
0.9999964227147199,0.9999969339944894,0.9999971541662632,0.9764700225246827,0.9798557226688133,0.9813652793151764,0.990657342474001,0.9950787724949229,0.9958233375164907,0.9890989008759032,0.9937380741971475,0.9953453220971449,0.989007235376421,0.993295453949108,0.9955643129452383,0.9883508429858595,0.9931797526480746,0.99532765926452,0.988007824939038,0.9934507437261368,0.9946646421196151,0.9878239874976903,0.993150838193275,0.9944681244497808,0.9872411936847693,0.9935036562769535,0.9941716872251637,0.9874825944891324,0.9923736544177274,0.9950894848068088,0.9873237985004955,0.9923820729201084,0.9950895968622829,0.987151452071876,0.9913074022974868,0.9947593462507438,0.9890084899428979,0.992941174832199,0.9954721979896224,0.9889512648497816,0.9932954827580941,0.9957647209510526,0.987150717468682,0.9910700589217746,0.994641575700744,0.9871500020796643,0.9908761326387994,0.9945819755372225,0.9870161479639947,0.9898438744059749,0.9945465406563978,0.9870066071057811,0.990073223944466,0.9943791111474188,0.9869998889811472,0.98961670280954,0.9945452589492969,0.9867764292004951,0.993394754895924,0.9938083951323969,0.9865306499110268,0.9932680821318295,0.9937710370833351,0.9867827302266707,0.9933948061159229,0.9935240749696539,0.9870599975837652,0.9935212210278762,0.9940275518153738,0.9870476870038408,0.9938106982578938,0.9940057707927206,0.9856951217068345,0.9932718181161388,0.9938388559942367,0.9856296889351617,0.9932718381215091,0.9939288593763845,0.9856825733534953,0.9936294395737291,0.9936234808400278,0.9852967227355007,0.9927071941737126,0.9929865008244024,0.9852272305429701,0.9927072840322361,0.9930025121358006,0.9853096782011966,0.9927072141674942,0.9928164859856267,0.9863654221180603,0.9925505600997678,0.9950744441928545,0.9877449691295239,0.9929475499748078,0.994323356102306,0.9858698804224414,0.9931260286398178,0.9936919632597628,0.9852167467357176,0.9928398911565499,0.9933745875294386,0.9854022844036885,0.9927068522602109,0.9931904689829957,0.987598666586382,0.992810867951342,0.9941742993857708,0.9877697625366356,0.9928516567194029,0.9943278403455404,0.9947626557295278,0.9982145971516712,0.999751808459183,153.0
0.9999963834687726,0.9999969361766272,0.9999971450884123,0.9762116545307962,0.9798696318788362,0.9813092685209267,0.9903558227423038,0.995096926678335,0.9957379080842511,0.9887949223665965,0.9937565865172713,0.9952619228780946,0.9887021015811168,0.9933149277336728,0.9954816645941855,0.9880457257118225,0.9931993432185797,0.9952451560496278,0.9877036078643004,0.993468518292538,0.9945809200410577,0.9875192736961186,0.9931679914848429,0.9943838576942753,0.9869375944310517,0.9935218708510299,0.9940887255134782,0.9871769625747844,0.992394805051187,0.9950081527272842,0.9870181316205597,0.9924034331828014,0.9950082807936944,0.9868454684795747,0.9913299733385086,0.9946797428173103,0.988703296862966,0.9929614179723263,0.9953905794203067,0.9886454823902452,0.9933149565432223,0.9956817507291974,0.9868447223298751,0.991092533384282,0.9945617398499784,0.9868440013738389,0.9908985063145717,0.994501946069536,0.9867095640602586,0.9898703417935862,0.9944706838497224,0.9867000382285698,0.990100050214445,0.9943037678381342,0.9866932244426927,0.9896436220511958,0.9944698093206141,0.9864733321259409,0.9934134244314817,0.9937253952048488,0.9862278628561759,0.9932870601569739,0.9936877991091351,0.9864796200666398,0.9934134756524468,0.993440891834171,0.9867566173282397,0.9935395820781504,0.9939448928726953,0.9867444328853329,0.9938289198051949,0.9939246587916706,0.9853934505899217,0.9932917968747151,0.9937548807361151,0.9853281527423816,0.9932918168804891,0.9938448262129185,0.985380873624388,0.9936498157119115,0.9935391143805968,0.9849951209190304,0.9927276402996829,0.9929018846003932,0.9849260558238124,0.992727730160061,0.9929181075410046,0.9850075759997574,0.9927276602938773,0.9927313741432814,0.9860598811119203,0.9925733740484659,0.9949930802574289,0.9874398468472655,0.992964324780649,0.9942386794150899,0.9855678701040723,0.9931458462022653,0.9936082975719663,0.984914931608053,0.992860511787572,0.993290466906489,0.9851008845502154,0.992727298379125,0.9931061132244996,0.9872929841922781,0.9928271153100479,0.9940890478374143,0.9874648391644435,0.9928686874936594,0.9942431531507588,0.9944993025981537,0.9982287852058712,0.9996946490944988,154.0
0.9999963455812846,0.9999969374824484,0.9999971415821552,0.9759629203010367,0.9798779074765072,0.9812902973517211,0.9900613327717701,0.995108207023148,0.9956940030119041,0.9885005360202687,0.9937664103717501,0.9952230764440534,0.9884058528681199,0.9933235934807723,0.99544011926918,0.9877515375868886,0.993210010703173,0.9952091405666876,0.9874102730931559,0.9934763541234721,0.9945457786759833,0.9872262068491061,0.9931767283256628,0.9943490399367662,0.9866441121662404,0.9935271206503344,0.9940567590931153,0.986883833749625,0.9924066949265994,0.994976000143747,0.9867248365741994,0.9924152471265164,0.9949762531377835,0.9865547160970577,0.9913443470426306,0.9946527770057253,0.9884069292042607,0.9929691570441829,0.9953476444471908,0.9883482054528802,0.9933236222905697,0.9956396284349748,0.9865539442971032,0.9911067240829905,0.9945343442566251,0.9865532109402652,0.9909124969600224,0.9944741924879936,0.9864188295530668,0.9898916731777637,0.9944520709576149,0.9864093397735096,0.9901221750269217,0.9942862159073242,0.986402486613879,0.9896657362536811,0.9944521178121835,0.9861804591234701,0.9934162863179197,0.9936952885733852,0.9859350115807918,0.9932883963524319,0.9936582385487499,0.9861872839665842,0.9934163375390316,0.9934111356721571,0.9864634028364977,0.9935439696810985,0.9939140852927418,0.9864513816491259,0.9938335809509308,0.9938960126112807,0.9851000399209132,0.9932906422431227,0.9937257933677606,0.985034487991732,0.9932906622488695,0.9938156078269896,0.9850874355765913,0.9936491427927249,0.9935096557539433,0.9847033491861524,0.992721575468384,0.9928750677755823,0.9846344035297638,0.9927216653281808,0.9928914354282423,0.984716138907304,0.9927215954624483,0.9927048226559277,0.9857652748772707,0.992583694678937,0.9949611235592417,0.987147272188144,0.9929736085077829,0.9942041846200421,0.9852751313389131,0.9931444961385977,0.9935797025056438,0.9846221504336251,0.992855910133913,0.9932627499543714,0.984808580768144,0.9927212335500368,0.9930788999193545,0.9870009707209814,0.9928369689929063,0.9940550355259755,0.987172340169392,0.9928780483239577,0.9942086546334339,0.9942457544753742,0.9982372290342023,0.9996752382198492,155.0
0.9999963684956323,0.9999969409799762,0.9999971568534338,0.9761140184863641,0.9799007404120573,0.9813889856949647,0.9902357750003543,0.9951355774213225,0.9958186206128833,0.9886789568068097,0.9937936423729677,0.9953537449453965,0.988586493474731,0.9933511542052255,0.9955728359373927,0.9879329103788893,0.993238023105652,0.9953414163942067,0.9875866687009928,0.9935018623853883,0.9946814195323793,0.9874027533714842,0.9932027087158085,0.9944854787088665,0.9868169625806188,0.9935509397696317,0.9941951395955044,0.9870672923535876,0.9924358336694418,0.99510923219127,0.9869084910665261,0.9924446483680109,0.9951094966268472,0.9867404972623721,0.9913736982257911,0.9947874458779608,0.9885875066110305,0.9929969808006645,0.9954808375840786,0.9885302255207793,0.9933511830158235,0.9957732165005809,0.9867397029440274,0.9911359341433288,0.994668711609705,0.9867389586491936,0.9909415435237138,0.9946083102620443,0.9866036068123762,0.989921698491544,0.9945862499649454,0.9865941421411909,0.9901528893469442,0.9944210473231593,0.9865871289422101,0.989695740583418,0.9945861294789273,0.9863517066317411,0.9934383292599588,0.993835157618862,0.9861054196908453,0.9933092263737585,0.9937984473333525,0.9863581510761552,0.9934383804822108,0.9935510522427152,0.9866356748183482,0.9935672255814316,0.9940535373005197,0.9866238392805571,0.9938574208664572,0.9940378975411214,0.9852687964155593,0.9933102150049227,0.9938662393676814,0.9852030452691027,0.9933102350110617,0.9939560203571985,0.9852561648657635,0.9936692654201557,0.9936495396996873,0.9848710995459399,0.9927380543863125,0.9930171187544976,0.984801786441071,0.9927381442475806,0.993033472799579,0.984883738663089,0.9927380743807035,0.9928470881917405,0.9859500607520074,0.9926145238092378,0.995094308091034,0.9873242375588691,0.9929998440063492,0.9943411714787557,0.9854444168661832,0.9931638457649793,0.993720464583552,0.9847907914865779,0.9928733680663527,0.9934041326149851,0.9849767903408555,0.9927377124623679,0.9932206573087667,0.9871787059101965,0.9928639633660493,0.9941927730465923,0.987349300909565,0.9929042354673294,0.9943456438315896,0.9943997635209996,0.9982605079365114,0.9997758636374192,156.0
0.9999964637781967,0.9999969480569372,0.9999971908929216,0.9767404492641371,0.9799471759772879,0.9816040147294064,0.9909710008354686,0.9951897501474816,0.9961179791987159,0.9894196513617491,0.9938501167336328,0.9956591968428321,0.9893283670019738,0.9934080211866596,0.9958794441382912,0.9886745595340288,0.9932954190133098,0.9956482873559058,0.9883319459274463,0.9935598155979266,0.9949918780574573,0.9881490428392504,0.9932614048904813,0.9947970267909197,0.9875642272517554,0.9936092831652734,0.994508832420894,0.9878100945726876,0.9924945604982512,0.9954179944307641,0.9876514872100021,0.9925034976655067,0.9954182575028896,0.9874840742118755,0.9914336463239195,0.9950991501470415,0.9893293918831372,0.9930541618975749,0.9957880338748327,0.9892727974831629,0.9934080499989085,0.9960800772556717,0.9874833094317944,0.9911961813369475,0.9949810129616501,0.9874825794331243,0.9910020935372856,0.9949210989450938,0.9873457481842282,0.9899833447647389,0.994899222128605,0.9873362649069527,0.9902145502568288,0.9947333958488963,0.9873290859097386,0.9897576060520885,0.9948993647842078,0.9871010114255667,0.9934970244780081,0.9941508039358963,0.9868560397943753,0.9933681433456201,0.9941148011317593,0.9871071923287503,0.9934970757032827,0.993867132485253,0.9873837451967165,0.9936256991145145,0.994368188075968,0.9873720120039592,0.9939158689614348,0.9943535550018741,0.9860216421380877,0.9933684965234133,0.9941830017816545,0.9859560193993785,0.9933685165307209,0.9942729416927939,0.9860088952855266,0.9937264952157203,0.9939631826166562,0.9856273843503757,0.9927963277862759,0.993338888206932,0.9855574774319256,0.9927964176527877,0.9933551752563965,0.9856409626725648,0.9927963477818338,0.9931700393033714,0.986694121867526,0.9926740800015403,0.9954030160149575,0.9880709310313521,0.9930590133606043,0.9946531061102436,0.9861969752876099,0.9932225552300986,0.9940380809804962,0.9855456094630596,0.9929319895923696,0.9937235858810117,0.9857324185412222,0.9927959858423789,0.993541292814588,0.9879258595974185,0.9929235611493032,0.9945052515930534,0.9880963273856875,0.9929638352140125,0.9946575640141943,0.9950383001888352,0.9983078432385296,0.999995207625756,157.0
0.999996554579672,0.9999969562688183,0.9999972305285606,0.9773381559881505,0.9800011003143239,0.981857207884424,0.9916681579442262,0.9952525171704405,0.9964563505957209,0.9901227715210348,0.9939146252333224,0.9960036550301783,0.9900318040391877,0.9934726438088188,0.9962237810916004,0.9893791109934018,0.9933604673537043,0.9959931977390866,0.9890404315245781,0.993625044110526,0.9953438843817438,0.9888573173674563,0.9933263476064318,0.9951490129351549,0.9882765518494527,0.9936758080527401,0.9948678731354055,0.9885157947473225,0.9925603861423496,0.9957631479850856,0.9883574955509734,0.9925694759689896,0.9957633660582911,0.9881899143038044,0.9914995315461542,0.9954449665891151,0.9900329531597076,0.9931188757538071,0.9961324498008556,0.9899763312271664,0.9934726726229426,0.9964242821474555,0.9881891039889629,0.9912617331919951,0.9953262446615029,0.9881883517768917,0.9910672715267056,0.9952658581844229,0.9880496009400977,0.9900501273785962,0.9952449013005462,0.9880400449952812,0.9902804449548102,0.9950770637109126,0.988032690832764,0.9898246459361385,0.9952453428785439,0.9878153030341277,0.9935638593471994,0.9945128251970106,0.9875713440366668,0.993434856305041,0.9944774714189215,0.9878215912874017,0.9935639105759252,0.9942298569886439,0.9880968832066782,0.9936926559802459,0.9947291541687264,0.9880854270695558,0.9939843497071792,0.994718318416146,0.9867393481817776,0.9934351193951128,0.9945461969775912,0.9866739322110828,0.9934351394037597,0.9946363431506859,0.9867265004028657,0.9937923669103464,0.994323652832271,0.98634565923521,0.9928627418431837,0.9937054361721732,0.9862763966811551,0.992862831715686,0.9937222437742025,0.9863583793870456,0.9928627618400749,0.993536595981156,0.9874019724135735,0.9927413131835099,0.9957480574111349,0.9887789553550018,0.9931238125735605,0.9950048946463002,0.9869141844905777,0.9932894838851561,0.9944018467200042,0.986264399406688,0.9929992438848525,0.9940885610779973,0.9864509108434978,0.9928623998764923,0.9939070935444201,0.9886334513451449,0.9929879322845413,0.9948567488891344,0.9888044141232574,0.9930286640278485,0.9950093532930695,0.9956475433935548,0.9983628117267404,1.0002534331133635,158.0
0.9999966231594135,0.9999969601426762,0.9999972553392499,0.9777900125867592,0.9800273471640433,0.9820152518216726,0.9921926132530701,0.9952794432307517,0.9966712291393337,0.990650882414674,0.9939395972278482,0.996218344575581,0.9905595157092306,0.9934957155839655,0.9964354180288442,0.9899080444973931,0.9933853401689893,0.9962078430485993,0.9895723505394382,0.9936472748598173,0.9955607647023949,0.9893884376749796,0.9933480351455414,0.9953651897905423,0.9888113743631324,0.9936948981962522,0.9950876336108418,0.9890460111601731,0.9925851131432546,0.9959777714642594,0.9888878673289823,0.9925941498695211,0.995977885352919,0.9887212160279053,0.991524063657071,0.9956601635081798,0.9905606445372601,0.9931404269903275,0.9963419945983973,0.9905038183905126,0.9934957443987608,0.9966356567466267,0.9887203455456497,0.991285761100231,0.9955405797688222,0.9887195639872165,0.9910907540964278,0.9954795009804742,0.9885816186635158,0.990075543897107,0.9954616465590469,0.9885720294758416,0.9903057398408014,0.9952928855868561,0.9885648071319485,0.9898501970104645,0.9954624356937094,0.9883515018041842,0.9935804746744183,0.99473418320414,0.9881081880930759,0.9934500435663192,0.9946994602990684,0.9883580237448854,0.9935805259039889,0.9944518391261042,0.9886322419223829,0.9937106994609752,0.9949495374505024,0.9886208192453073,0.9940019311107915,0.9949387418548966,0.9872799825282266,0.9934486181520571,0.9947695426664045,0.9872154146786588,0.9934486381609657,0.9948602293384977,0.9872670344203344,0.993805140695229,0.9945443617780383,0.9868859333071738,0.9928730068005043,0.9939317340438325,0.9868167526361747,0.992873096673878,0.9939487331719343,0.9868988819993344,0.9928730267975887,0.9937634702333643,0.9879335963619036,0.9927666985407566,0.9959625333405208,0.9893096036875044,0.9931452095955885,0.99522060172754,0.9874526543622371,0.9933032778097971,0.9946248572131898,0.9868044121693722,0.9930115190794356,0.9943130374236712,0.9869907246795584,0.9928726648304981,0.9941325568650113,0.9891632993808732,0.99300853812557,0.9950717938585512,0.9893352434937067,0.9930502787684644,0.9952250535738315,0.996108111399141,0.9983895492422894,1.0004146285000686,159.0
0.9999966204968521,0.9999969623163616,0.9999972496557714,0.9777720471113116,0.9800418854348553,0.9819779672562412,0.9921742108882974,0.9952952431942309,0.9966268033709099,0.9906366940335148,0.9939550280382886,0.9961729649240524,0.9905446673630557,0.9935104716353633,0.996388674661792,0.9898959105770702,0.9934000932773894,0.9961621870836014,0.989560791054899,0.9936626785569466,0.9955160841463111,0.9893762041959393,0.9933637028112797,0.9953200777503934,0.9888031511334613,0.9937097130398613,0.9950443584934352,0.9890353204357798,0.9925988844517634,0.9959307773149512,0.9888772059812739,0.992607927752358,0.9959308521588928,0.9887126314760811,0.9915362477102687,0.9956113439774207,0.9905458280035659,0.9931546431082728,0.996294411420443,0.9904885501915597,0.99351050045059,0.9965887251173603,0.9887117040884187,0.9912973956792691,0.995490825470423,0.9887108947899168,0.9911018153250915,0.995428997812875,0.9885746458107673,0.9900852501655957,0.995409909296332,0.9885650165806792,0.9903152173397616,0.9952402236320497,0.9885580508277053,0.9898596159323083,0.9954104642458154,0.9883455460670715,0.9935946993062759,0.9946911588874338,0.9881032585837459,0.9934638742742415,0.9946561364205234,0.9883526471643668,0.9935947505365796,0.9944092440414999,0.9886249112567536,0.9937253181000856,0.994906620553729,0.9886135883146734,0.994016699753822,0.9948971000929342,0.9872778758906877,0.9934602819562764,0.9947242967459035,0.987213834651111,0.9934603019654142,0.9948151725681935,0.9872647369433797,0.9938144335096611,0.99449438419723,0.9868843343591238,0.9928834664175276,0.9938891809519343,0.9868149000229353,0.9928835562918186,0.993906093636249,0.9868978599088336,0.9928834864148157,0.9937213500982133,0.9879229804886387,0.9927804942831037,0.9959154990697455,0.9892974716436458,0.9931610441937976,0.995175535824175,0.9874492559426474,0.9933159059788578,0.9945810409329034,0.9868021059096695,0.9930232030681092,0.9942697893746987,0.9869886839586379,0.9928831244440308,0.9940897031117925,0.9891512583046561,0.9930244422684711,0.99502680334275,0.9893231236393718,0.9930661235314815,0.9951799873845727,0.9960898086042042,0.9984043635860316,1.0003766202822715,160.0
0.999996573472346,0.9999969510418675,0.9999972250652441,0.9774622087373736,0.9799675708100422,0.981819154524942,0.9918147359096048,0.9952103850498287,0.9964235495301923,0.9902777132525566,0.9938668822713852,0.9959700310405167,0.9901845171082387,0.9934223061781504,0.9961850151629194,0.9895368426292058,0.9933121767945953,0.9959609620271598,0.9892035491130152,0.993570633552883,0.9953111423624162,0.9890200828497193,0.9932723162884453,0.995115944462207,0.9884457233428199,0.9936128523451409,0.9948377937685285,0.9886740195532815,0.9925113029363709,0.995730760605651,0.9885156013871275,0.9925202087853607,0.9957308814007638,0.9883495234496767,0.9914502413438231,0.9954129030553804,0.9901857097618039,0.9930664619211137,0.9960905523835586,0.9901276743006886,0.9934223349908217,0.9963847800207717,0.988348611273523,0.9912113998845532,0.9952925262357621,0.9883478093216373,0.9910158640001339,0.9952308279612848,0.988213545556346,0.990003282906628,0.9952174397839119,0.9882038767307675,0.9902330536739344,0.9950469233764235,0.9881972187558968,0.9897782069970873,0.9952189048905574,0.9879857406185824,0.9934941738473679,0.9944828591700373,0.9877422567402545,0.9933612892705622,0.9944471917854812,0.9879924632718036,0.9934942250724808,0.9942003951504701,0.9882665633013273,0.9936268522007942,0.9946992507229561,0.9882552128908584,0.9939172800167496,0.9946890582244557,0.9869171860075313,0.9933552646418163,0.9945142336165471,0.9868538763918765,0.9933552846488335,0.9946052100166733,0.9869040129997371,0.9937100261626707,0.9942838334937013,0.9865187925817388,0.9927741499637246,0.9936771735211753,0.9864489822964714,0.9927742398280889,0.9936938021998615,0.9865323917458543,0.9927741699588027,0.9935091025546038,0.9875595779297915,0.9926916816186233,0.9957155734787572,0.988941727745488,0.9930700405893883,0.9949717169423659,0.9870866774795668,0.9932106412484295,0.9943709136442058,0.9864371340627894,0.9929146516726616,0.9940589193148084,0.9866235083010763,0.9927738080279987,0.9938782947040025,0.9887960581266875,0.9929339677463132,0.9948234466866259,0.988967470534569,0.9929752769937451,0.99497616168124,0.9957739941474247,0.9983286179536521,1.0002146836235504,161.0
0.999996533356702,0.9999969418910634,0.9999971975257359,0.9771967478246144,0.9799068733814249,0.9816397434507351,0.9915135113388917,0.9951427076855552,0.9962034498544082,0.9899746580759954,0.9937971939675181,0.9957483203819025,0.9898820223906446,0.9933518989049107,0.9959631890365694,0.9892340260667356,0.9932433028467156,0.9957415959464483,0.9888971242417519,0.9934988213111354,0.9950842301266886,0.9887133819432925,0.9932001031609249,0.9948887376274351,0.9881374431619004,0.9935398615399889,0.9946071715708319,0.9883693288819025,0.9924436113672945,0.99551362751237,0.9882105222234469,0.9924525087317981,0.9955137640730463,0.9880443135990726,0.9913849054373719,0.9951991324135976,0.9898830772096395,0.9929954794308363,0.9958679923815719,0.9898256194537922,0.9933519277155352,0.9961634351453968,0.9880433950800922,0.9911458636210255,0.9950785456641417,0.9880425899562342,0.9909501511197732,0.995016695810499,0.9879085768192588,0.9899448482549503,0.9950124696102063,0.9878989056415239,0.9901751959232808,0.9948421132572218,0.9878922818771578,0.9897205821611488,0.9950150570182639,0.9876750757199164,0.9934205194214434,0.9942493902418996,0.9874302258098471,0.9932873642044047,0.9942123106574782,0.9876817265878773,0.993420570642759,0.9939664271009281,0.9879573660701944,0.9935534683762253,0.9944674905589327,0.9879460163873132,0.99384322433934,0.9944570878290925,0.9866031140744852,0.9932807663747902,0.9942758507542893,0.9865400332180636,0.9932807863803083,0.9943664125687571,0.986589925018016,0.9936366091390254,0.9940454719139471,0.9862023173790769,0.9926979186463813,0.993437159905932,0.986132334960976,0.9926980085038547,0.9934535107009164,0.9862160952659352,0.9926979386399261,0.9932687349117191,0.9872522262917164,0.9926236952070995,0.9954984585281668,0.9886348046163588,0.9929975583618256,0.9947443919006181,0.9867720166501316,0.993135703993063,0.9941335999434775,0.9861202478423156,0.9928382237776902,0.9938204405346391,0.9863071237862786,0.992697576736875,0.9936390478691676,0.9884890022489283,0.9928613482764116,0.9945959500883274,0.9886603955297613,0.9929026126954785,0.9947488429752882,0.9955034364374746,0.9982667596333302,1.0000317764120514,162.0
0.99999649668832,0.9999969354834394,0.9999971699683987,0.9769537482176276,0.9798642732995706,0.9814599217814735,0.9912400143663919,0.9950956879100817,0.9959844351639874,0.989697205124113,0.9937492621172546,0.9955224844525145,0.9896031494214854,0.9933031566917366,0.9957359958553488,0.9889558392538822,0.9931947953620599,0.9955142316013679,0.9886172511411114,0.9934510805093208,0.994852896611945,0.9884333931670697,0.9931521171319404,0.9946571971565186,0.9878571959937634,0.9934932697890423,0.9943719509587823,0.9880885819488444,0.9923942728059866,0.9952833327454599,0.9879294418009543,0.9924033573542267,0.9952835275866317,0.9877618730030325,0.9913338238316471,0.9949640382566368,0.9896039964119386,0.992946088888944,0.9956400773278484,0.9895460504212303,0.9933031855009452,0.9959359691895711,0.9877609557088031,0.9910946435255434,0.9948433562600112,0.9877601510895215,0.9908988194728862,0.9947814477964129,0.9876236905998987,0.9898895217640505,0.9947688320788826,0.9876139279310253,0.9901188708720533,0.9945963169770643,0.9876070911400507,0.9896648593183806,0.9947706459962872,0.987393213616773,0.9933752305152324,0.9940109272154646,0.9871472434224566,0.9932429952652697,0.993972077260426,0.9874001820957192,0.9933752817342245,0.9937277022581935,0.9876764987444605,0.993507259454143,0.9942309986291611,0.9876651537013926,0.9937964386606829,0.994220477440499,0.9863177567803437,0.9932371063821657,0.9940308966996769,0.986254743895702,0.993237126386812,0.994120904214274,0.9863045258172491,0.9935935981805719,0.9937998791283077,0.9859122186983283,0.9926526254737322,0.9931899237065474,0.9858423894683895,0.9926527153271429,0.9932061355192574,0.9859253684684686,0.9926526454663727,0.9930205735170501,0.9869695008127842,0.9925756400442032,0.9952681672970216,0.9883546689823366,0.9929494018124885,0.9945127820041616,0.986486498898695,0.993091780719411,0.9938903465746187,0.9858319865836862,0.9927945677661612,0.9935753294696362,0.9860177507358608,0.9926522835796852,0.9933929324860744,0.9882088135101287,0.9928131239078749,0.9943642402173762,0.9883800710002134,0.9928542270497146,0.9945172412669968,0.9952557795901648,0.9982233471090342,0.9998484554769617,163.0
0.99999647291315,0.9999969275579039,0.9999971441121264,0.9767954679230415,0.9798118297853904,0.9812900069849558,0.9910661653183493,0.9950367524387225,0.9957844090799621,0.989520486458826,0.9936877023509887,0.9953183110404876,0.9894254002727602,0.9932387114107801,0.9955273463763333,0.9887773795901492,0.9931333387367565,0.9953107856531658,0.98844079337908,0.9933877345049531,0.9946454491291837,0.9882572542819646,0.9930892098738106,0.9944498306276691,0.9876814140744707,0.9934280482206223,0.9941626763019508,0.9879087251972165,0.9923329696296087,0.9950814463923665,0.9877490899092931,0.9923419546593897,0.9950817151010098,0.9875827171201592,0.9912738879997341,0.9947641246597058,0.9894260716348853,0.992879334754068,0.9954280482383903,0.9893678147269191,0.9932387402181136,0.9957271691167707,0.9875817841042966,0.9910344663413997,0.994643117236664,0.9875809717674625,0.9908384089859265,0.9945809586947266,0.9874446227453013,0.9898338150036569,0.9945735550441893,0.9874348203191914,0.9900631812580022,0.9944002151918291,0.9874280410666598,0.9896097019020024,0.9945761037053338,0.987218347323414,0.9933083392571629,0.9938002684650261,0.9869725409298793,0.993175059672265,0.9937603667210622,0.9872260436807001,0.9933083904727072,0.9935171904075094,0.9875010845906509,0.9934414125316462,0.9940213955850651,0.9874898156080137,0.99373067347117,0.9940118670823542,0.986146694851183,0.993166959070168,0.9938160782626427,0.9860849016850828,0.9931669790733998,0.9939063708855558,0.9861332636699692,0.9935211878341839,0.9935802017893616,0.9857379630971442,0.9925818702999222,0.9929750937559636,0.9856689951599173,0.9925819601469309,0.9929915466218889,0.9857508779270111,0.9925818902911375,0.9928052085619649,0.986786596502605,0.9925137203689957,0.9950663586532181,0.9881787191076441,0.9928867583961767,0.9943055453375227,0.9863123466318713,0.9930225540578453,0.9936767589036963,0.9856565897653028,0.9927242548813164,0.9933611862628745,0.9858430156710117,0.9925815284302353,0.993178466492945,0.9880331135352162,0.9927507023664883,0.9941572054798117,0.9882041981575441,0.9927917356769237,0.9943099985057526,0.9950944790729764,0.9981698983341948,0.9996752579006666,164.0
0.9999964503673395,0.9999969245113287,0.9999971232330108,0.9766453596419705,0.9797913199989252,0.981153089937875,0.9909014039884427,0.9950153057694221,0.9956215631200885,0.9893560409588261,0.9936660025328814,0.9951554298007722,0.9892602526920807,0.9932178657156071,0.9953654158008993,0.9886117112533069,0.9931114245246478,0.9951477446719775,0.988279546386388,0.9933662009239376,0.9944815723745778,0.9880950839677238,0.9930669753058949,0.9942849954069958,0.9875251892725083,0.9934079565931073,0.9940003252512358,0.987741773732787,0.9923107473019925,0.9949183049943849,0.9875817903150051,0.992319730101042,0.9949186647153122,0.9874158412601528,0.9912516705628802,0.9946003046028307,0.9892608946894897,0.9928591725092345,0.9952669911884482,0.9892022680071003,0.9932178945223358,0.995565153778529,0.9874148981905804,0.9910121095485911,0.9944790812305453,0.9874140809416043,0.9908159142941254,0.9944167525242672,0.9872781781625827,0.9898117516143479,0.9944087912950678,0.9872682872508566,0.9900402436956944,0.9942333576071932,0.987261666730909,0.9895877966579982,0.9944115474735096,0.9870671727467911,0.9932893345652879,0.9936392647882949,0.986824117943879,0.9931566614372072,0.9935998730452883,0.9870754808994072,0.9932893857798607,0.9933564070583044,0.9873468205386955,0.993421801377035,0.9938598212495219,0.9873356410099864,0.9937113662325155,0.9938515506035016,0.9860067545042998,0.9931490337227126,0.9936575690865126,0.9859465069220982,0.9931490537255871,0.9937485531731993,0.9859932373844397,0.9935032312819903,0.9934198667158892,0.9856001786763225,0.9925634347457555,0.9928176763036994,0.9855321205234361,0.992563524591115,0.9928344666054196,0.985613987586781,0.9925634547366043,0.992648186104234,0.9866173153862086,0.992491097574529,0.9949033130587507,0.9880160270728298,0.992864102090588,0.9941402240717747,0.9861684226414305,0.9930046420268421,0.9935171918725508,0.9855150806126377,0.992706793389694,0.9932025116972295,0.9857033203000158,0.9925630928823426,0.9930204577880131,0.9878697290760152,0.9927273579230295,0.9939912028028649,0.9880415283616063,0.9927691465168936,0.9941446743376735,0.9949415085185278,0.9981490031675667,0.9995356900251438,165.0
0.9999964003355414,0.99999692484397,0.9999971159612254,0.976317084568975,0.9797934875393677,0.9811105095113386,0.9905115738784216,0.9950183169563696,0.9955423180891102,0.9889650862817198,0.9936670064638639,0.9950769594340183,0.9888688188598109,0.9932204093697976,0.99528916047645,0.988219806095583,0.9931112447904511,0.9950675148761162,0.9878887473476798,0.9933652992948807,0.9944047544007735,0.987705972933033,0.993067992403934,0.9942093475038319,0.9871318796034054,0.9934029457058084,0.9939237770024891,0.9873483895720697,0.9923088553050207,0.9948353240866076,0.9871881344214744,0.9923177530071491,0.9948357320132245,0.987021640606411,0.9912478815268819,0.9945127847928982,0.9888694182011142,0.9928629482237199,0.9951924401650634,0.9888105788911726,0.993220438176608,0.9954889491325493,0.9870207015466493,0.9910083895109822,0.9943915835327571,0.9870198863418211,0.9908122642874823,0.9943292618677267,0.9868835361274702,0.989802298515937,0.9943113215541705,0.9868736018962695,0.990030738829923,0.994135032757981,0.9868669740145006,0.9895776122698116,0.9943129151795456,0.9866713926454413,0.9932807768989582,0.9935625985476889,0.9864265848656429,0.9931459267897446,0.9935229409270575,0.9866800903182633,0.9932808281130914,0.9932799207926198,0.9869525692329097,0.9934154207049618,0.9937833501943861,0.9869414315944045,0.993704957950405,0.9937756774578774,0.9856063168865239,0.9931357808630031,0.9935794132843835,0.985545952144611,0.9931358008656079,0.9936702466879584,0.9855927501104969,0.9934906928282292,0.9933409491557235,0.9851957952528624,0.9925437470222034,0.9927396429956059,0.9851277078376129,0.9925438368657572,0.9927564048209174,0.9852092016986893,0.9925437670126489,0.9925698539811094,0.986222065482564,0.9924883660656946,0.9948204202234556,0.9876279070487771,0.9928662947198856,0.9940652306615562,0.9857683099108335,0.992991099417277,0.9934397381302622,0.9851125179541704,0.9926897621352019,0.9931248564092536,0.985299441331382,0.9925434051656631,0.9929427021779877,0.9874827160722307,0.9927306485434979,0.9939171874354424,0.9876535203086269,0.9927715288483674,0.9940696723099919,0.9946068755135032,0.9981512150519543,0.9994921869206636,166.0
0.9999964143903232,0.9999969376419486,0.9999971315974355,0.9764095084632567,0.9798772849009961,0.9812128131763206,0.990619674758649,0.9951170082108127,0.9956647327781549,0.9890751971379016,0.9937691717148766,0.9952001264674798,0.9889795818921542,0.9933232971369337,0.9954137059038621,0.988328288177806,0.993212664115174,0.9951893927333614,0.988003555922338,0.9934726803006457,0.9945294306382044,0.9878225874057469,0.9931772694197724,0.9943352565303838,0.9872497611900307,0.993512890402586,0.9940484921437205,0.9874550080594778,0.9924091953116362,0.9949556331795555,0.9872945213904732,0.9924179335351785,0.9949560204764708,0.9871266109853087,0.9913475926593825,0.9946307696351285,0.988980184192821,0.9929664140757976,0.9953176666935498,0.9889217310898786,0.9933233259467306,0.9956138106382998,0.9871256697718314,0.991108187703674,0.9945095831813284,0.9871248536011858,0.9909121282836966,0.9944472569967172,0.9869876339498589,0.9898995060197605,0.994423831142184,0.9869776858009678,0.9901284969754742,0.9942473511003016,0.9869709602117247,0.9896744058181722,0.9944247406113149,0.9867927051985251,0.9933932020116336,0.9936877554836644,0.9865498985080626,0.9932599775808871,0.9936482525141941,0.9868015315111391,0.9933932532315612,0.9934054253973771,0.98707176707201,0.9935262201879036,0.9939081500834602,0.9870606129958197,0.9938152739686976,0.9939000615508511,0.9857335147501299,0.9932509075583368,0.9937037284395265,0.9856735344618234,0.9932509275632574,0.9937948951788071,0.9857197276453651,0.9936035765775737,0.9934598837067209,0.9853274612669607,0.99266292509125,0.9928681149298803,0.9852598920767925,0.9926630149455856,0.9928852052756424,0.9853411448865821,0.9926629450840959,0.992698791546933,0.9863272667804585,0.9925879445085376,0.9949407257946946,0.9877454331363396,0.9929767611286976,0.9941916999327219,0.9858945978394785,0.99310713867769,0.993565372252493,0.9852417419769768,0.9928084248237558,0.9932516698346844,0.9854301814332658,0.9926625831936841,0.9930703333586438,0.9876011385293972,0.9928419881901958,0.9940444983972171,0.9877715649544576,0.9928827520334264,0.9941961124962723,0.9947010885501144,0.9982366405874341,0.9995964746870258,167.0
0.9999965081296263,0.9999969409251472,0.9999971771260865,0.9770279816173294,0.9798992683392598,0.9815052778688008,0.9913328079341464,0.995140539376598,0.9960464259258076,0.98978771889463,0.9937918074460579,0.9955843581316702,0.9896933386036922,0.9933461216539567,0.9957982645809541,0.9890392029052514,0.9932341860267563,0.9955737577355203,0.9887162111901343,0.993495413496856,0.9949162559404126,0.988534351455104,0.993199469500086,0.9947219419760499,0.9879625654982281,0.9935359622691514,0.9944369388707074,0.9881635691599956,0.9924291080254636,0.9953405915469964,0.9880026209945901,0.9924372810813548,0.9953410188165399,0.9878335933171317,0.9913683268796609,0.9950163266047728,0.9896940333855611,0.992989389541975,0.9957021521342148,0.989636159237635,0.993346150464418,0.995998620290004,0.9878326248736966,0.9911288647743303,0.9948949126844281,0.9878317955032028,0.9909326980888724,0.9948323867232577,0.9876941247929036,0.9899219190249207,0.9948104612571391,0.9876840548470478,0.990149432999391,0.9946307263037142,0.9876774060904335,0.9896972710951181,0.9948120239563542,0.9875060818975324,0.9934166384822676,0.9940774379796926,0.9872633959077074,0.9932836656866855,0.9940382102560336,0.9875151500144215,0.9934166897034,0.9937959499502802,0.9877847974221933,0.9935494050849338,0.9942970855841843,0.9877736718312139,0.9938383263362022,0.9942890629226563,0.9864480351022429,0.9932745889016129,0.9940935877609147,0.9863884630905702,0.9932746089070061,0.9941851455814295,0.9864340960720421,0.9936263894119243,0.9938458302418471,0.9860385094100258,0.9926867629804456,0.9932601293212893,0.9859710832025839,0.9926868528369188,0.9932774403927925,0.9860512264196889,0.9926867829737671,0.9930907812391665,0.9870321543071195,0.9926032482957972,0.9953258487781252,0.9884569127369653,0.9929986283433061,0.9945783716852443,0.9866081182840206,0.9931311739205647,0.9939558041709915,0.9859545506994551,0.9928328996898758,0.9936427579940877,0.9861420671248127,0.9926864210747444,0.993461915308921,0.9883124149189357,0.9928636722436518,0.9944311080535789,0.9884831543083662,0.9929047540396206,0.9945827807144549,0.9953314688988474,0.9982590397293879,0.9998947201269357,168.0
0.999996615252924,0.999996945811062,0.9999972298114429,0.9777343826189868,0.9799315941382686,0.9818438678363873,0.992149385206601,0.9951772533958486,0.9964890795187089,0.9906073785904419,0.9938277226286856,0.9960316571521782,0.9905130890087114,0.9933822823002201,0.9962452822927068,0.9898592833040137,0.9932710347643611,0.9960219854477805,0.9895393800008512,0.9935284314634797,0.995368142026894,0.9893567630060383,0.9932314807812606,0.9951735129869141,0.9887875702540552,0.9935665785007188,0.9948931456122919,0.9889858132132953,0.9924673051266321,0.9957914359777129,0.9888249527897994,0.9924755772212059,0.9957918410527946,0.9886587695840939,0.9914079819278512,0.9954713468095074,0.990513874854185,0.9930257464972794,0.99614927816697,0.9904558954693007,0.9933823111117333,0.9964453878279985,0.988657759782626,0.9911683471276052,0.9953495023785429,0.9886569103249402,0.990971948112101,0.995286613042408,0.9885187913898561,0.9899653883281191,0.9952698354717971,0.9885087099165967,0.9901934340863381,0.9950896955159162,0.98850200792641,0.9897411541060517,0.9952720292385432,0.9883339493182094,0.9934450271535126,0.9945371651098063,0.9880930834110074,0.9933106273389465,0.9944995522103345,0.9883427258690266,0.9934450783760986,0.9942562896575797,0.9886109181628366,0.9935792208528994,0.9947547991948338,0.9885998653576333,0.9938684164821904,0.9947475207666303,0.9872840258866212,0.9932993299364701,0.9945583860665208,0.9872256058010528,0.9932993499423521,0.994650862331513,0.9872699265606668,0.993650184443712,0.9943064475486091,0.9868730273742364,0.9927085582035095,0.9937289389655806,0.9868056888577678,0.9927086480619076,0.9937464707843213,0.9868860040638513,0.9927085781972588,0.9935604830097293,0.987854527926391,0.9926416519024222,0.9957766355500971,0.9892787035093251,0.9930300439114053,0.9950295527120404,0.987441179250802,0.9931563004042646,0.9944199118872694,0.9867883379367415,0.9928559820182983,0.9941089837175927,0.9869760066307414,0.9927082162904852,0.9939294854947311,0.9891334169099958,0.9928943308506989,0.9948816987889273,0.9893048195684824,0.9929359310871658,0.9950339729305223,0.9960514774739248,0.9982919870441824,1.0002400060371277,169.0
0.9999966911815692,0.9999969514781649,0.9999972751489119,0.9782354745934263,0.9799686664987898,0.982136956143166,0.9927263080222891,0.9952212544949437,0.996863051407779,0.9911771642957775,0.9938726297686079,0.9964076897070492,0.9910815973446438,0.993428631940776,0.9966222251570943,0.9904267247809678,0.9933159228103586,0.9963980111032719,0.9901043383043888,0.9935742857062313,0.9957446939853808,0.9899216184475648,0.9932778136930268,0.9955500887335379,0.9893474477536779,0.9936119662939304,0.9952680929972981,0.9895523565758823,0.9925121662471117,0.9961691396728785,0.9893913045598333,0.9925201732794765,0.9961695473365954,0.9892247361027917,0.991454300563595,0.995851580793406,0.9910824504146662,0.9930732503300878,0.9965278687780655,0.9910235866950048,0.9934286607536384,0.9968216408778099,0.9892236645678335,0.991214288636321,0.9957289297721058,0.9892227851232522,0.9910174491898012,0.995665373055464,0.989085736439989,0.9900164089936685,0.9956566736538109,0.9890756411331281,0.9902448722711957,0.9954761343256227,0.9890690827271723,0.989792722481899,0.9956597913823136,0.98889248133437,0.9934903073149538,0.9949122564137145,0.988651373845828,0.9933559551653863,0.9948748351195313,0.9889001422130556,0.9934903585398647,0.9946312598290539,0.9891702716564678,0.9936244534137044,0.9951296386157473,0.9891591869783812,0.9939130944174368,0.9951215649865612,0.9878393566599295,0.9933431360817586,0.9949323494679291,0.9877803495285684,0.9933431560885153,0.9950245407736842,0.9878251557277669,0.9936941554874003,0.9946779211972608,0.9874288263161496,0.9927496052228485,0.9941070393665192,0.987361960287697,0.9927496950849185,0.9941249136271078,0.9874410744831563,0.9927496252174144,0.9939386471952864,0.9884196078025732,0.9926846485689749,0.9961543831509443,0.9898437653574046,0.993076705395384,0.9954062384512278,0.9879980773250956,0.9932000403566152,0.9947956290062382,0.9873446657993545,0.992897716402211,0.9944858111972384,0.987532048864948,0.9927492632958514,0.994306980423168,0.9896985374539993,0.9929410621815292,0.9952585428324948,0.989869778448504,0.9929823600084201,0.9954106690510359,0.9965622151246333,0.9983297813654903,1.0005388599013614,170.0
0.9999966912160704,0.9999969517049307,0.9999972786390915,0.9782357790327747,0.9799699455465882,0.9821599217884941,0.9927260531142845,0.9952239111018429,0.9968897969806209,0.9911769430454512,0.9938742285856202,0.9964373445582408,0.9910801714346312,0.9934307943027757,0.9966518143212066,0.9904251055998562,0.9933177256687402,0.9964287964754281,0.9901074593933815,0.9935746681159577,0.9957755938424433,0.9899248200374714,0.9932777302662262,0.9955812006656087,0.9893528098045031,0.993611433851186,0.9953003488675038,0.9895491468605225,0.9925142668990055,0.9962020366516481,0.9893877771789462,0.9925220225407615,0.9962024636286705,0.98922066424954,0.9914584648076696,0.9958875746099957,0.9910810619154969,0.9930758635958988,0.9965579249198396,0.9910214099013473,0.9934308231157016,0.9968508403758038,0.9892195824122268,0.9912184160992021,0.9957647864505461,0.9892186980029858,0.9910215253954595,0.9957011107861039,0.9890825677326756,0.9900258432488377,0.9956995568736745,0.9890724347956301,0.9902541451176406,0.9955181471760535,0.9890660377666151,0.989802870108056,0.99570371026843,0.9888998880286594,0.9934890974810897,0.9949457721500623,0.9886602308056386,0.9933543728481435,0.994909141648778,0.9889071853128915,0.993489148705932,0.9946646871833497,0.9891764208960635,0.9936236160931571,0.9951623681161383,0.9891653401155563,0.9939120409950102,0.9951542404208186,0.9878509570692529,0.9933404199943245,0.9949680112231855,0.9877922191645157,0.9933404400010221,0.9950603402128466,0.9878366983129155,0.9936923739214579,0.9947125000108508,0.9874443079773763,0.9927439839488089,0.9941458446370373,0.9873779682126242,0.9927440738103431,0.9941639411875781,0.9874572964303656,0.9927440039432555,0.9939780749866455,0.9884139822592608,0.9926846693472453,0.996187364057901,0.9898468058374963,0.9930763271635672,0.9954373037139789,0.9880090012476279,0.9931969451788549,0.994831373112867,0.9873570761610623,0.992892539876441,0.9945229763500495,0.9875460953558944,0.9927436420238511,0.9943449863338475,0.9897014724133838,0.9929405821689259,0.9952895155446697,0.9898729122268922,0.9929820405935598,0.9954417324300366,0.9965625235615355,0.9983310908408098,1.0005622693267782,171.0
0.9999966284489209,0.9999969468183819,0.9999972535593001,0.9778222491043231,0.9799373788438035,0.9819993986673929,0.9922458241730628,0.995188394501901,0.9966746098844712,0.9906982517758832,0.9938378842348822,0.9962209059606589,0.990602327603061,0.9933945862816956,0.9964369997230023,0.9899452807345376,0.993281129027001,0.9962120118199101,0.9896319560309518,0.9935382674523006,0.9955570047839131,0.9894496905390469,0.9932416074364541,0.9953627098199769,0.9888807051475463,0.9935747837551506,0.9950809696637085,0.9890669696104325,0.9924773079363041,0.9959845747906754,0.988905216549611,0.9924849684852909,0.9959849686449675,0.9887371064186291,0.9914218555533574,0.9956692492854948,0.9906030202555406,0.9930397647455859,0.9963434057491373,0.9905442233355828,0.9933946150935716,0.996636778597367,0.9887359674676892,0.9911813034377672,0.9955454796664268,0.9887350553355971,0.9909838806995297,0.9954810033391157,0.9885977945801336,0.9899918000205765,0.9954826105872661,0.9885876197110023,0.9902197151549907,0.9953003335853681,0.9885811127740064,0.9897692229379411,0.9954870804722374,0.9884292825257508,0.9934524352502832,0.9947255945808274,0.9881905670667733,0.9933177816407068,0.994688706801117,0.9884366215478784,0.9934524864732365,0.9944441938121854,0.9887048897578586,0.9935868828286755,0.994942637533485,0.9886937940688502,0.993874925048259,0.9949342928063128,0.9873862601532137,0.9933045404740838,0.9947480329416263,0.9873287317026075,0.9933045604800596,0.9948408806682281,0.9873719356211456,0.9936572592483043,0.9944914569150519,0.9869791938105121,0.9927085236813467,0.9939240021244208,0.9869137061325362,0.9927086135396788,0.9939422970258551,0.9869921338917083,0.9927085436750805,0.9937558537997194,0.9879293492074791,0.9926473207889599,0.9959698844638072,0.9893718810544911,0.9930403668181458,0.9952189153750264,0.9875411866199995,0.9931607555622857,0.9946104777239809,0.9868897164715441,0.992856496732902,0.9943016626626279,0.9870802749997382,0.9927081817685734,0.9941233931155067,0.9892267941750627,0.9929048645040681,0.9950712838508136,0.9893979901898553,0.9929460254270048,0.9952233454497956,0.996141019684844,0.998297905123813,1.0003985550496743,172.0
0.9999965876022306,0.9999969435240585,0.9999972211980589,0.9775511121379918,0.9799151956014696,0.9817879812028708,0.9919433086489259,0.9951653293474622,0.9964179130536285,0.9903928009870027,0.9938148569205825,0.9959556390518427,0.9902961655522415,0.9933717634881895,0.9961718683437158,0.9896405100432336,0.9932569144697236,0.9959447963236108,0.9893224596959469,0.9935169988782583,0.9952841353568105,0.9891408529642288,0.9932212132008257,0.9950897415016748,0.9885691946553299,0.9935545412430561,0.994801872208836,0.9887605969305822,0.9924513779349518,0.9957137837181878,0.9885983798817544,0.9924590947732356,0.9957141331535754,0.9884312558871556,0.9913935713587682,0.9953932443641547,0.990296786049369,0.9930171056265806,0.9960783251950011,0.9902376888015757,0.9933717922994041,0.9963716904958662,0.9884301477672194,0.9911531954775074,0.9952698604228576,0.9884292506052432,0.9909559797030657,0.9952057040456521,0.9882921244023122,0.9899565819479098,0.9951960721709225,0.9882818604208239,0.9901831495840628,0.995011632584724,0.9882754802265634,0.989733312592873,0.9951995102237415,0.9881158074659631,0.9934332345440474,0.9944418263947131,0.9878759985291775,0.9932992807922515,0.994402428587094,0.9881230716238503,0.9934332857660196,0.9941598235512704,0.9883926235087436,0.9935669822332253,0.9946617365975042,0.9883815269463084,0.9938547377927388,0.9946533573666754,0.9870703212127329,0.9932866659084526,0.9944540864850538,0.9870129588686011,0.993286685914073,0.9945464791368074,0.9870557773513563,0.9936373315435295,0.9941923851098785,0.986661401627193,0.9926939012280345,0.9936289311294296,0.9865959490981829,0.9926939910850822,0.9936469047331935,0.9866742054473434,0.9926939212214829,0.993460075917389,0.9876201246762876,0.9926222025066574,0.9956990038254164,0.9890634553071385,0.9930205338262381,0.994946057851194,0.987224904236584,0.9931437165773234,0.9943197964211753,0.9865718801022364,0.992841432133205,0.9940089360056419,0.9867627757140388,0.9926935593201494,0.9938294848236148,0.9889186540210827,0.9928852826521085,0.9947986285471455,0.9890900196016391,0.9929267985529535,0.9949504646178022,0.9958646965952506,0.99827530569454,1.0001830255908057,173.0
0.9999965624147586,0.9999969333834553,0.9999971940490369,0.977383122678535,0.9798477981420193,0.9816091064432053,0.9917606480272371,0.9950911400854814,0.9962098147246489,0.9902001003044245,0.9937369537823089,0.9957423536325751,0.9901043004177461,0.9932950861531344,0.9959616776063628,0.9894460839681263,0.9931783690160261,0.9957312819710461,0.9891183434432376,0.9934361189124971,0.9950623528004259,0.9889366598873341,0.993140630461009,0.9948672749538009,0.9883560490590109,0.993470952412476,0.9945728869400997,0.9885637664494611,0.992371909727328,0.9955007231523106,0.9884007884175896,0.9923793455812335,0.995501085020779,0.988235030289874,0.9913149897193776,0.9951807944336334,0.9901047242693464,0.9929414092398685,0.9958697239645328,0.9900464727954115,0.9932951149621254,0.9961621643423095,0.9882339904689619,0.9910751064840536,0.995058418075899,0.9882331264824642,0.9908784386071289,0.9949950898970036,0.9880969177737521,0.9898785988846192,0.994984277194497,0.9880865977629402,0.9901043286494512,0.9947984625989056,0.9880804153748366,0.9896555400597564,0.9949880180403663,0.9878977136831377,0.9933472501596814,0.9942085469359397,0.9876546900249986,0.9932118040682342,0.9941666126994425,0.9879053821748989,0.993347301377228,0.9939262395925982,0.9881775848122207,0.9934824901158581,0.9944312383345376,0.9881665372152588,0.9937703333704875,0.9944235348720376,0.9868426822306362,0.9931965871409006,0.9942107682732192,0.9867850374094087,0.9931966071447097,0.9943022901214151,0.986828042875678,0.9935474043805098,0.9939470821499716,0.9864267454354949,0.9925988139754701,0.9933832258226668,0.9863613250527301,0.9925989038239311,0.9934008204200093,0.9864389110534943,0.9925988339670073,0.9932132688080082,0.9874184974399876,0.9925411950786817,0.9954859801334288,0.9888593475465609,0.9929401614784753,0.9947234696169809,0.9869980374933952,0.9930535770363332,0.9940795491346487,0.9863395376305047,0.9927480795375941,0.9937662841484626,0.9865290301819082,0.9925984721002571,0.9935853677972224,0.9887144323209806,0.992804783260475,0.9945759007638578,0.9888860416060885,0.9928465446694594,0.9947278721660593,0.995693507541304,0.9982066238468719,1.000000704990977,174.0
0.9999965397435819,0.9999969206611792,0.9999971692736878,0.9772324909378712,0.9797638814330731,0.9814461114936917,0.9915934380378465,0.9949957593984874,0.9960188188418461,0.990023685483791,0.9936356667909718,0.995544474637107,0.9899270050339505,0.9931931284131003,0.995762974542135,0.989267180614511,0.9930775163273425,0.9955321690730594,0.9889352779683597,0.9933273294194186,0.9948576471202207,0.9887519967639807,0.9930296741913859,0.9946615103253698,0.9881684157842018,0.9933576833325055,0.9943638177413865,0.9883833141006563,0.9922716882806613,0.9953014993060731,0.9882199695462315,0.9922792817828806,0.995301823454472,0.9880546961126897,0.9912154129616967,0.9949816641286885,0.9899272097422117,0.9928389148619128,0.9956703596428054,0.9898688135954803,0.9931931572191331,0.9959634628937638,0.988053675801297,0.9909756225587603,0.9948595421034356,0.988052821266822,0.990779071080488,0.9947964296535021,0.9879160602665739,0.9897803799623335,0.994785894609204,0.987905760423731,0.9900066171158615,0.9946006742252673,0.9878994864405795,0.9895574182519198,0.9947896391285265,0.9877058056670227,0.9932301127559603,0.9939961111211074,0.9874598686347719,0.9930922917485306,0.9939521525432699,0.9877140557746243,0.9932301639674698,0.9937137067148665,0.987988314898982,0.9933677275801516,0.9942209679640562,0.9879773038776789,0.9936555430143561,0.9942137208846124,0.9866437001961362,0.9930728940593049,0.9939909564277286,0.9865863963158997,0.9930729140606217,0.9940821034429003,0.9866289650118004,0.9934236971148168,0.993725204245916,0.9862164988150094,0.9924692179570991,0.993159121441917,0.9861510268044242,0.9924693077938301,0.9931763294912656,0.9862274663548438,0.9924692379460244,0.992987786906205,0.9872347343081281,0.9924408369027288,0.9952867085558975,0.9886737073774601,0.992827832505372,0.9945172033667776,0.9867982072279,0.9929298905486363,0.9938615508893239,0.9861326755058923,0.9926194994521703,0.9935456808465253,0.9863204121496827,0.9924688761265187,0.9933630525683238,0.9885279753093593,0.9926916512502998,0.9943688501221711,0.9886999467567905,0.9927334624104335,0.9945216353359703,0.9955399937156469,0.998121093374381,0.999834564714328,175.0
0.9999965054028827,0.9999969140821127,0.9999971531512728,0.9770055407656681,0.979719678014633,0.9813416124676065,0.9913344915965955,0.9949490433387218,0.9958870601277304,0.9897615511392391,0.9935890549018076,0.9954122743509398,0.9896650112289008,0.9931483918318548,0.9956340750313142,0.9890046661825155,0.9930306573963961,0.9954007998168806,0.9886691272002025,0.9932819090781863,0.9947211346860871,0.9884849780156385,0.9929830061462133,0.9945247069279883,0.9879010320858861,0.993315792707478,0.9942238103566235,0.9881197075848867,0.992224476871283,0.9951715738290288,0.9879558171728787,0.9922318938840752,0.9951720032171539,0.9877924008337332,0.9911692183657436,0.9948533288722347,0.9896651641556822,0.9927956789000691,0.9955435816921171,0.9896069432567193,0.9931484206365883,0.995834952544035,0.9877913837461527,0.9909294358327884,0.994731213844061,0.9877905308030422,0.9907328994300496,0.9946681067100814,0.987654803323621,0.9897368388795121,0.9946611075379801,0.9876444519417724,0.9899622015455247,0.9944746237931469,0.9876383731020173,0.9895143617203654,0.994665514385339,0.9874382103584095,0.9931913082692919,0.9938538261696193,0.9871928234064659,0.9930553969703548,0.9938089142565633,0.9874453766508973,0.9931913594788108,0.9935703374113928,0.9877208554142212,0.9933270133441169,0.994080161056861,0.9877098716247923,0.993614776919842,0.9940732865438101,0.986378287107733,0.993039450810171,0.9938457981136954,0.9863213132668692,0.9930394708108232,0.9939367789904047,0.9863635465220619,0.9933917955363502,0.9935803946300845,0.9859486328620052,0.9924375194344707,0.9930105144970468,0.9858833285510333,0.9924376092683767,0.9930275253710596,0.9859591036290931,0.992437539422768,0.9928384360928956,0.9869673765461955,0.9923919118362445,0.9951569394731156,0.9884063137230348,0.9927803483590932,0.9943803841365757,0.9865319378886575,0.9928958212281755,0.9937166829312242,0.9858656902017959,0.9925882040804668,0.9933990189511231,0.9860530772128506,0.9924371776146386,0.9932154347597005,0.9882605229405178,0.9926441135239115,0.9942319384067585,0.9884319849760197,0.9926850102781292,0.9943848535259272,0.9953086819662638,0.9980760569742292,0.9997280192986322,176.0
0.9999964614382622,0.9999969127711008,0.9999971393592968,0.9767162106272188,0.9797109171860031,0.981254586159055,0.990996097512203,0.9949399269842566,0.9957635211801341,0.9894122119298697,0.9935782101799506,0.9952846602579003,0.9893060387687994,0.9931371602688903,0.9955001984507237,0.988653532815352,0.9930198849293852,0.9952724565440626,0.9883171378076123,0.9932691834949262,0.9945911282989365,0.9881341591353144,0.9929710692147209,0.9943949640372811,0.9875451231237756,0.9932999833084996,0.9940913103190481,0.9877653143291872,0.9922138105201853,0.9950420962051619,0.9876011749111419,0.9922212666886482,0.9950425492886753,0.9874345150350402,0.9911588237808276,0.9947219630617099,0.9893060575704706,0.9927841378238415,0.9954092018386109,0.9892422910308974,0.9931371890732993,0.9956976962739857,0.9874334737665803,0.9909188736888723,0.9945994284472444,0.9874326091524522,0.9907221504616068,0.9945359694078527,0.9872958967641841,0.9897276526753682,0.9945296686933742,0.9872854624140357,0.9899515004196285,0.9943411256615192,0.9872793465437872,0.9895055725459448,0.9945343908910672,0.9870794158682004,0.993172852379448,0.9937195153070114,0.9868326057563761,0.9930353225599423,0.9936737148508158,0.9870860220466783,0.993172903588012,0.9934354292691588,0.9873638403709354,0.9933101759788507,0.9939470257153407,0.9873528749948898,0.9935978903260645,0.993940449776476,0.9860160328093026,0.9930156334729504,0.9937081550557726,0.9859593344860554,0.9930156534731177,0.9937991861042432,0.9860011732195603,0.9933672334490071,0.9934401233824869,0.9855799058755,0.9924088370343479,0.9928711904998878,0.9855145061654137,0.992408926865632,0.992887973616951,0.9855897666017891,0.9924088570220607,0.9926984963666688,0.9866113660888652,0.9923814574688683,0.9950274826736697,0.9880558768516282,0.9927689404418817,0.994250633964374,0.9861690156695526,0.9928723073429994,0.9935799771407228,0.9854989436264224,0.992560812535309,0.9932612477867362,0.9856852172236035,0.9924084952244927,0.993076931092479,0.9879101793392068,0.9926328071062025,0.9941022212467236,0.9880819684729192,0.9926740300633814,0.9942550870894306,0.99501376531016,0.9980671317510835,0.9996392390949932,177.0
0.9999964203993628,0.9999969119946531,0.9999971314356778,0.9764468833326454,0.9797059753107806,0.9812066401872998,0.9906762825033483,0.9949339541890474,0.9956834931781908,0.9890949036160755,0.9935668565929269,0.9952062007387965,0.9889910172584859,0.9931253870179816,0.9954236125515238,0.9883342535965227,0.9930063366720185,0.9951942746281416,0.9880030459038539,0.9932544506661096,0.9945131410934599,0.9878201018960832,0.9929562820383475,0.9943169257320765,0.9872329231004444,0.9932813395909594,0.9940143898217052,0.987444732023382,0.992197093653321,0.9949651694346087,0.9872797741340982,0.9922035497570817,0.9949656137842816,0.9871156144615869,0.9911430510704856,0.9946468551421502,0.9889908168094352,0.9927720288103782,0.9953322433036326,0.9889288066659346,0.993125415822053,0.995622513935529,0.9871146110989536,0.9909035268709155,0.9945249202265319,0.9871137650698436,0.9907072367555464,0.9944619271182489,0.9869766822305774,0.9897126402194348,0.9944541324106182,0.9869662446589901,0.9899363812159873,0.9942655852874259,0.986960091608064,0.9894906760993598,0.9944587991911704,0.9867679741364525,0.9931511265285915,0.9936434852246818,0.9865213782289651,0.9930118181073532,0.9935982716726899,0.9867750252227553,0.9931511777360278,0.9933596647503488,0.9870519221048358,0.9932902287472365,0.993870294001817,0.9870409087381324,0.9935773676930767,0.9938629681935641,0.9857061833805991,0.9929888181419163,0.9936341607730125,0.9856498824837346,0.9929888381415367,0.9937255413404393,0.9856912594230987,0.9933405504328442,0.9933648685319166,0.9852713651720006,0.9923768287336204,0.9927990254999688,0.985206366830995,0.9923769185619683,0.9928159109022588,0.9852818935975449,0.9923768487206789,0.992626802402812,0.9862852677556664,0.9923581464258932,0.9949507708429908,0.9877418696895632,0.9927541283463513,0.9941725534600555,0.9858581595047088,0.9928454388264817,0.9935055863213295,0.98518819829287,0.9925299701115206,0.9931879626116332,0.9853754744180182,0.9923764869349383,0.9930042457485814,0.9875961509935424,0.9926179961567444,0.9940240782279042,0.9877678718014127,0.9926588972796495,0.9941770190859146,0.9947392213777206,0.9980620931271592,0.9995902853105962,178.0
0.9999964301809389,0.9999969224311771,0.9999971412706605,0.976511165349994,0.9797745319561063,0.9812711615047126,0.9907515172313941,0.995013591829007,0.9957600379928101,0.9891706040311959,0.9936479227573007,0.9952846964056928,0.9890650642493153,0.9932058186150154,0.9955007655515249,0.9884093585889242,0.9930868836423321,0.9952732272654077,0.9880812595802652,0.993338582928782,0.9945938045074676,0.9878991060563828,0.9930408318476676,0.9943984073446878,0.9873125121192183,0.9933678417481273,0.9940957492633168,0.9875183614287497,0.9922768910878348,0.9950447080824353,0.9873531050563763,0.9922828946944198,0.9950450268604378,0.9871883320009351,0.9912241863113975,0.9947279440247391,0.9890646973022437,0.9928519526226612,0.9954087370138736,0.9890019866140832,0.9932058474214182,0.9956993558245664,0.9871874536991468,0.9909858769345052,0.9946080440789286,0.9871866686368667,0.9907908477790512,0.9945466776941039,0.9870501295864632,0.9897926882582011,0.9945332563729737,0.9870397833771224,0.990018058024452,0.9943470920264682,0.9870336197257206,0.9895703247435532,0.9945372906780985,0.9868484881136852,0.9932397792729983,0.9937251082001446,0.9866024100792593,0.9931018313763587,0.9936799053342806,0.9868555650122927,0.9932398304850034,0.9934415501109877,0.9871318672251526,0.9933775209984645,0.9939517427811546,0.9871208555055094,0.9936644794075783,0.9939443587799416,0.985789004537222,0.9930804095301079,0.9937161273445023,0.9857331191619326,0.9930804295315713,0.9938080185305418,0.9857739710430726,0.9934313955016777,0.9934442514417023,0.9853525271478369,0.992471644943972,0.9928804957973583,0.9852880044417561,0.9924717347808969,0.9928976240009515,0.9853619244675175,0.9924716649329397,0.9927078138728801,0.9863564879221658,0.9924348691984664,0.9950302824820407,0.9878212518965107,0.9928389376009994,0.994254363408515,0.9859399452186356,0.9929373341502344,0.9935872748360984,0.9852703492557926,0.9926240833215064,0.9932695002600626,0.9854574088878117,0.9924713031126543,0.9930857300603935,0.9876760120808061,0.9927032704522989,0.994106336132714,0.9878473198424043,0.9927435986870813,0.9942588343341886,0.9948047483879999,0.9981319764701582,0.9996560548555036,179.0
0.9999965098072484,0.9999969341867028,0.9999971718068921,0.9770349262147913,0.9798520900873451,0.981465762615212,0.9913647177973591,0.9951020321383937,0.9960239407486603,0.9897831026440959,0.9937373543383733,0.9955509280466681,0.989675480578319,0.9932944884994811,0.9957644729761402,0.9890218526481384,0.9931753070076118,0.9955391527382672,0.9886941463292039,0.9934303464293097,0.9948648746788178,0.9885126796304851,0.9931330416504127,0.994670325003331,0.9879240832148499,0.9934614744285573,0.9943692798013187,0.9881306312966447,0.9923638557354909,0.9953104525182004,0.9879651833307325,0.9923694973399452,0.9953107898461215,0.9878009563502526,0.9913108919546713,0.9949932377426634,0.9896751004439803,0.9929400129067233,0.9956714178634041,0.9896111632910966,0.9932945173084536,0.9959623186731034,0.9878001096929011,0.9910730495429328,0.9948740063705042,0.9877993401119086,0.9908784635114312,0.9948131588247933,0.9876629435276009,0.989876580122151,0.9947943337335611,0.9876526963163561,0.9901037143508936,0.9946105819764105,0.9876464426898258,0.9896535703314733,0.9947974370935362,0.9874583890755381,0.9933349120031272,0.9939997558547842,0.987211565481145,0.9931978411255682,0.9939549232149633,0.987464837842813,0.9933349632200401,0.9937163735687705,0.9877428081319776,0.9934717767224689,0.9942258375418122,0.9877318555402975,0.9937589597009089,0.9942191108324132,0.986397243251575,0.9931794335431758,0.993992586614369,0.986341313318501,0.9931794535466358,0.994084736094427,0.9863822268601394,0.9935319032796927,0.9937211657535389,0.9859550636760718,0.9925722190481342,0.9931550037743093,0.9858901799411008,0.9925723088941687,0.9931720684175095,0.9859628244333077,0.9925722390391297,0.9929818060539186,0.986967449949848,0.9925194533961904,0.9952961005804537,0.9884351868959371,0.9929314416598293,0.9945266302094765,0.986548292917409,0.9930357553340696,0.9938628783915625,0.9858772471837883,0.9927248527942907,0.9935445256431822,0.9860620823687617,0.9925718771821537,0.9933605091651176,0.9882903588941236,0.9927961581309921,0.9943790739168418,0.9884613359732972,0.9928359974053925,0.9945311078573049,0.995338627746674,0.9982110274831274,0.9998545350667079,180.0
0.9999965935610732,0.9999969422477355,0.9999972140876477,0.9775873846454778,0.9799056073322182,0.9817383284586375,0.9920019096291204,0.9951617479937133,0.9963761287486377,0.9904216991318695,0.9937947020371938,0.9959082067909876,0.9903125563246947,0.9933517780478343,0.9961206390857482,0.9896592150641047,0.9932321995753862,0.9958971622265701,0.989337393698414,0.9934849541823462,0.9952273701862763,0.9891554659719393,0.9931869655151693,0.9950331508535797,0.9885697202341768,0.9935134370669123,0.9947358988054369,0.9887668399012196,0.9924200908424998,0.9956701580570929,0.9886012059026176,0.9924252594831467,0.9956705618104849,0.9884358341415186,0.9913686413158871,0.9953550794325182,0.9903121943196781,0.9929972558294522,0.9960274383495151,0.9902473128798163,0.9933518068584709,0.996317926350408,0.9884349616632865,0.9911308044814068,0.9952356442856504,0.9884341796275067,0.9909361646514784,0.9951746059021771,0.9882967507827064,0.9899378907274287,0.9951601016649451,0.9882865038450862,0.9901649495117648,0.9949761432654447,0.9882801101868971,0.9897153575443398,0.995163748980583,0.9881071356642924,0.993384983996527,0.9943704873630959,0.9878620328695342,0.9932469040240222,0.9943279272993327,0.9881137764096383,0.9933850352160098,0.9940879457112854,0.9883896313065687,0.9935228578433946,0.9945938138884781,0.988378630702571,0.9938092886635137,0.9945859923055037,0.9870505493556434,0.9932277125844522,0.9943706628694977,0.9869944903339567,0.9932277325888774,0.9944630435300913,0.9870355864318127,0.9935820578253983,0.9941005168009881,0.9866118694043233,0.9926170822859876,0.9935368936192405,0.9865474377481156,0.992617172136039,0.9935543313027719,0.986619831853306,0.9926171022778759,0.9933645042351732,0.9876023847491258,0.9925724394611606,0.9956559623872826,0.9890778113470339,0.9929849387647921,0.9948895780587365,0.9872019130227936,0.9930832722053405,0.9942398364695231,0.9865324870092073,0.992770127095668,0.9939237523597217,0.9867180203389657,0.9926167404047241,0.9937410869513844,0.9889329769199987,0.9928496529708634,0.9947421254259976,0.9891036705273363,0.9928888342952081,0.9948940837155565,0.9959017247804105,0.9982655685154264,1.0001324752646956,181.0
0.999996667033279,0.9999969471000806,0.9999972510797629,0.9780719088340839,0.9799378153220449,0.9819766120484595,0.9925614496665017,0.9951981358885088,0.9966857717389237,0.9909847575569138,0.993827305607758,0.9962231995280647,0.9908741067369814,0.9933852562989345,0.996436006112339,0.9902246440050971,0.9932633417298701,0.9962131178870215,0.9899013591107011,0.9935135936974845,0.9955475727177564,0.989718405359366,0.9932158001522279,0.9953530048968864,0.9891334108821198,0.9935373376300446,0.9950604552439283,0.9893334360117524,0.9924491194655023,0.9959867018298517,0.9891675759922501,0.9924537272595396,0.9959871075778083,0.9890048712725877,0.9913973940177397,0.9956724269131813,0.990873795445233,0.9930314339063937,0.9963437936749242,0.9908079203941214,0.9933852851105488,0.9966327766099475,0.9890039399507363,0.9911592373889472,0.9955522419771999,0.989003129364743,0.9909642073072853,0.9954905764518354,0.9888657452046037,0.9899667063256516,0.9954774509931498,0.9888554809648598,0.9901933665333008,0.9952928371986828,0.9888491016987903,0.9897442441692115,0.9954812017172566,0.9886698756049276,0.9934047109568879,0.9946977235507413,0.9884232923959841,0.9932640370332457,0.994655923271328,0.9886778801927126,0.9934047621773817,0.994416726045827,0.9889529687868307,0.9935451788058307,0.9949195275644419,0.988942029150894,0.9938317344981246,0.9949123230753423,0.9876097524954373,0.9932419355435537,0.9947001459166307,0.987553604538664,0.9932419555482579,0.99479272312892,0.9875947718120096,0.9935966091678755,0.9944293826844353,0.9871657239193393,0.9926268941771504,0.9938670552292768,0.9871007152332639,0.9926269840280434,0.9938843755874986,0.9871729086558427,0.992626914169225,0.9936947409999768,0.9881677814768148,0.9925983742795284,0.9959725901609388,0.9896409666878759,0.9930139181630108,0.9952096485518419,0.9877613546682397,0.9930973619431877,0.9945690596215435,0.9870892921515028,0.9927806158425152,0.9942535113056055,0.987273212602678,0.9926265522926822,0.9940710749002369,0.9894963217732431,0.9928788198531228,0.995062474629085,0.9896667972199702,0.9929175250736708,0.9952141678512042,0.9963955810808655,0.9982983948306573,1.0003754642646046,182.0
0.999996659202071,0.999996949324258,0.999997255210931,0.9780214212428096,0.9799529805952618,0.9820054437931046,0.992495523119897,0.9952133997115918,0.9967094522214041,0.9909187148575874,0.9938393272837843,0.9962486081552598,0.990806108351097,0.9933974303730225,0.996460615822435,0.9901581831974547,0.9932738570396176,0.9962380584316317,0.9898367753033104,0.9935228749177739,0.9955758212245929,0.9896549689799572,0.9932255589689798,0.9953817312543544,0.9890671627000256,0.993542820274095,0.9950906912635736,0.9892679728402366,0.9924574569731478,0.996011603020291,0.9891018610393095,0.992461621793671,0.9960120614014953,0.988941834191685,0.9914048414213461,0.9956968820202926,0.9908058704998312,0.9930437298789769,0.9963683639937256,0.9907386936510721,0.9933974591849953,0.9966569365817385,0.9889409042825925,0.9911667770653532,0.9955767481880539,0.9889400944672823,0.9909718268843106,0.9955151108352127,0.9888021498442967,0.9899713747297837,0.9954973972069776,0.9887918660928556,0.9901975351743229,0.9953122582099305,0.9887854366082764,0.9897486287026251,0.9955006427652944,0.9886013860420884,0.993406876547306,0.9947287677860981,0.9883533636555664,0.9932641517890484,0.9946871806534232,0.9886094223536938,0.9934069277679084,0.9944479989653423,0.9888858697321169,0.9935493952669237,0.9949502168141156,0.9888749849663346,0.9938359976881496,0.9949437069970604,0.9875390923232341,0.9932394521983353,0.9947328700027515,0.9874834236631144,0.9932394722029838,0.9948259375338463,0.9875240950398833,0.993594269917755,0.9944617944098804,0.9870872056384445,0.9926206272409783,0.9938972945343548,0.9870221935608153,0.9926207170912701,0.9939146885104345,0.9870929504118898,0.9926206472329182,0.9937242433292662,0.9881004261742334,0.9926033741827787,0.995997662933543,0.9895777471932098,0.9930240221815587,0.9952382886973439,0.9876894555065405,0.9930948202250856,0.9946006354754193,0.9870141593119676,0.9927749707065955,0.9942846033918619,0.9871963303405915,0.9926202853587986,0.9941017622075559,0.9894330012327135,0.9928888317469676,0.9950910165976771,0.9896040308548242,0.9929280571419485,0.9952427925895992,0.9963440958759198,0.998313842189381,1.0004048164411576,183.0
0.9999966006885845,0.9999969451749743,0.9999972347712319,0.9776365522583937,0.9799256633795331,0.9818757260328127,0.9920444620875427,0.99518213592241,0.9965288102795434,0.9904697481741261,0.993806779890205,0.9960697364829734,0.9903553836079474,0.9933661905875186,0.9962830952577345,0.9897097970234464,0.993240876015921,0.9960594457932987,0.9893907607028456,0.9934889292281703,0.9953972788721226,0.9892101984119768,0.9931922801116837,0.9952036693352818,0.9886221690513141,0.9935066512186326,0.9949128445035986,0.9888199757068894,0.992423849738751,0.9958327120570253,0.9886537161391205,0.9924279193305533,0.9958331481068707,0.9884952144871529,0.9913708931126579,0.9955176692303889,0.9903551879571679,0.9930135364213528,0.9961921899744006,0.990286882755802,0.9933662193985892,0.9964792167996265,0.9884943105495704,0.9911330531693866,0.9953978803412988,0.988493513442118,0.9909383455949712,0.9953365158447968,0.9883554203614879,0.9899358110217767,0.9953153840956295,0.9883450883046054,0.9901608974333949,0.9951290705589918,0.9883387004893414,0.9897130238152559,0.9953184500165887,0.9881559184567745,0.993368932155088,0.994550948492998,0.9879076675249391,0.9932251732481655,0.9945094555288455,0.9881638734789288,0.993368983373736,0.9942699394136131,0.988440697934504,0.993512485016773,0.9947724294591908,0.9884298335756626,0.9937988027560626,0.9947661573883185,0.9870944370932002,0.9931967195517073,0.9945571253492278,0.9870396784858166,0.9931967395554939,0.9946507546167156,0.987079449006924,0.9935519888462405,0.9942865550418398,0.9866347685052327,0.9925712669649565,0.9937184138849964,0.9865694109689979,0.9925713568107615,0.9937356129312367,0.9866402700410677,0.9925712869558967,0.9935450326258174,0.9876513250035385,0.9925690210760224,0.99581878973928,0.9891333155367513,0.992991185013514,0.9950602471468242,0.9872424308371048,0.9930519041396701,0.9944232240867475,0.9865637246404814,0.9927274342185198,0.9941066605035526,0.9867445646759142,0.9925709250998483,0.9939234085820514,0.9889887036973952,0.9928561349030152,0.9949130357623228,0.9891598447193884,0.9928954028934358,0.9950647439216995,0.9959517915700521,0.998285998609331,1.0002724958847866,184.0
0.9999965512625476,0.9999969399189618,0.9999972122376705,0.9773106255536242,0.9798906857313706,0.9817307939190013,0.9916677465587296,0.9951436924800927,0.9963394873852343,0.9900852753325449,0.9937676386696046,0.9958777876836229,0.9899695316440587,0.9933292774149247,0.996094203830838,0.9893239103367417,0.9932013268019473,0.9958662304813762,0.9889992582745687,0.9934490398081974,0.9952005032722696,0.9888179154746088,0.9931518772490632,0.9950060722770692,0.9882262189303008,0.993467146397345,0.9947122442399033,0.9884321987233488,0.992383711613149,0.9956373006462393,0.9882657427881973,0.9923879128399492,0.9956378059252724,0.9881058195854832,0.9913294750890559,0.9953184954575858,0.9899693533941508,0.9929784061260324,0.9960058086900907,0.989900190620861,0.9933293062249268,0.9962902771394802,0.988104910739251,0.9910915586779226,0.9951985544932291,0.9881041112739304,0.9908967795632081,0.9951370663157176,0.987966370762441,0.9898914237073313,0.995111940316582,0.9879559924591238,0.9901154919654378,0.994924493679055,0.9879497032785919,0.989668409789706,0.9951146286026105,0.9877558435491554,0.9933298926526357,0.994347207405095,0.9875049830711251,0.9931864710306724,0.9943038800480875,0.9877639884945856,0.993329943869281,0.9940659445341414,0.9880431677986079,0.993473108177688,0.994570697947639,0.9880323348543928,0.9937591770606726,0.9945648009100789,0.9866874119177955,0.9931589673271219,0.9943476878487141,0.9866326268868224,0.9931589873301548,0.9944410144757616,0.9866724274125641,0.99351452866876,0.9940774568907214,0.9862210349744419,0.9925339130913381,0.9935046848044861,0.9861554529311279,0.9925340029337975,0.993521677011798,0.9862253838684578,0.9925339330815343,0.9933301252647997,0.9872624697133454,0.9925297579726738,0.9956234226042783,0.9887407715286808,0.9929504734212636,0.9948623698091378,0.986835472696193,0.9930140332982857,0.9942144356205798,0.9861533779054791,0.9926904343297034,0.9938956228352338,0.9863325236795882,0.9925335712389614,0.9937110355479358,0.9885957914944349,0.9928150718962585,0.9947147545506662,0.9887670381089917,0.9928541771924259,0.9948668862226324,0.9956195857276793,0.9982503546771336,1.0001246997298594,185.0
0.9999965123421827,0.9999969257525932,0.9999971916322603,0.9770546073169332,0.9797974800562697,0.9815976887177736,0.991368273821485,0.9950362166417239,0.9961694347161704,0.9897748603867987,0.9936562759537778,0.9957031830349922,0.9896575533755466,0.9932175678104309,0.9959188941309415,0.9890104136036924,0.9930899115201818,0.9956902739145941,0.9886807618904562,0.9933330880347091,0.9950213828554642,0.988499621664141,0.9930357080435009,0.9948272080250099,0.9878999101686493,0.993347590913318,0.9945285789075404,0.9881169379094281,0.9922722224529977,0.9954602771282439,0.9879502441277264,0.9922765410396683,0.9954608588368108,0.9877893591379289,0.991217619257602,0.9951394085034923,0.9896572929857624,0.9928664190059545,0.9958300721503187,0.9895873362609435,0.9932175966171924,0.9961148647040154,0.9877884624020886,0.9909797580719806,0.9950196056858175,0.9877876688323484,0.9907850527263384,0.9949582341715744,0.987648590247351,0.9897785450586472,0.9949301963224126,0.9876382505102864,0.9900031516672629,0.9947437872977904,0.9876317445253338,0.9895553126336502,0.9949323742514635,0.9874246094631209,0.9932071732335432,0.9941605652065331,0.9871704849113495,0.9930617891625554,0.9941153221318322,0.9874332162073856,0.9932072244438674,0.9938792059610363,0.9877149801356162,0.9933523511711096,0.9943860923725086,0.9877042226524341,0.9936384945771186,0.9943811935192503,0.9863499732658949,0.9930324284807232,0.9941550282462055,0.9862958036063229,0.9930324484812092,0.9942483573897644,0.986334923950349,0.9933869068394829,0.9938832295468155,0.9858733922611875,0.9924059012963128,0.9933074307247703,0.9858072670242738,0.9924059911272024,0.9933240616171317,0.9858768062070855,0.9924059212839336,0.9931317771439718,0.9869458430167468,0.9924190011406948,0.9954464488883067,0.9884225236739542,0.9928341420730994,0.9946836752813262,0.9864964601396451,0.9928879349089843,0.9940224052078594,0.9858094243863109,0.9925629440207091,0.9937012865076028,0.9859866578085714,0.9924055594879588,0.9935152564939389,0.9882778031385356,0.992699003482388,0.994536271337093,0.9884483293332915,0.9927370602504678,0.9946882219435323,0.9953586194052567,0.9981553491522678,0.9999889775611018,186.0
0.9999964766417481,0.9999969178014005,0.999997169633188,0.9768193829832487,0.9797453517128452,0.9814554882856807,0.9910952838418559,0.9949749254431441,0.9959889635273744,0.9894949911751193,0.993592892370485,0.9955190587370467,0.9893789517198124,0.9931527150104796,0.9957341592668825,0.9887280487548088,0.9930260313510314,0.9955055504767445,0.9883943122372106,0.9932684759719725,0.9948336621490329,0.9882130835966113,0.992970938922679,0.9946394766127795,0.9876082300672413,0.9932827936944814,0.9943373926327488,0.987832691959102,0.9922076268916695,0.995274900838686,0.9876656818109673,0.9922118218338883,0.9952755557712633,0.98750392189876,0.9911529416971535,0.994952586383516,0.9893786560212368,0.9928003905859129,0.9956434820391713,0.9893095221208237,0.9931527438153535,0.9959311550849858,0.9875029937074823,0.9909147698352242,0.9948322289543221,0.9875021848415559,0.9907197430125144,0.9947704103942837,0.9873650650340666,0.9897148629991628,0.9947456422517901,0.9873547907083287,0.9899405356354448,0.9945609919300719,0.987348458413851,0.9894915921571455,0.9947478387465939,0.9871281279515923,0.9931425170948411,0.9939668667304925,0.9868711145618524,0.9929973360190107,0.9939203470036088,0.9871367023464787,0.9931425683018406,0.9936851270574334,0.9874214529990837,0.9932874919506851,0.9941938988063453,0.9874106938709646,0.993573068278919,0.9941888006845724,0.9860479747679514,0.9929711467552205,0.9939596593628865,0.9859943660228293,0.9929711667544815,0.9940529965476796,0.9860330977444038,0.9933289511032514,0.9936925466077373,0.9855571285206244,0.9923448371952829,0.9931023004659898,0.9854904256461761,0.9923449270206912,0.9931186241213451,0.9855582065304433,0.9923448571816837,0.9929246679311945,0.9866600715500861,0.992354121568962,0.9952611517350779,0.9881360113260989,0.9927692597624344,0.9944960392949582,0.9861929330423612,0.9928253010061869,0.9938251112989966,0.9854999300311363,0.9925016583226736,0.9935004540363982,0.9856738414253119,0.9923444954077864,0.9933122658764791,0.9879914552075225,0.9926342762573194,0.9943487490295092,0.9881614703586739,0.9926715782953736,0.9945006090504568,0.99511885787029,0.9981022084530269,0.9998439835411663,187.0
0.9999964542830249,0.999996912466902,0.9999971532914144,0.9766711689035917,0.9797097754863584,0.9813487061094589,0.9909288543145264,0.9949360447741238,0.9958598344864955,0.9893302692503066,0.9935542185250893,0.9953908026454454,0.9892134357118119,0.9931122746448029,0.9956038361051661,0.988565114826058,0.9929877558526129,0.9953787301618197,0.988229136776638,0.9932302535505952,0.9947061320638976,0.9880475358485176,0.992932627270472,0.9945116344852573,0.9874438226984088,0.9932462477498093,0.994211485491115,0.9876709874073626,0.9921699277930635,0.9951486527361126,0.9875039790279377,0.9921743844088383,0.9951495057721823,0.9873442323403825,0.9911149401720251,0.9948260980412299,0.9892130143600439,0.9927585367263172,0.9955111886505164,0.9891436242728492,0.9931123034484953,0.9958010695675811,0.9873433023185787,0.9908767487462466,0.9947056853679818,0.9873424925845008,0.9906817009608625,0.9946438201152937,0.9872086328809655,0.9896761231570869,0.994619830273627,0.9871983794452972,0.9899020481970554,0.9944357416852073,0.9871924478630824,0.9894527160496821,0.9946220269499984,0.9869624286781946,0.9931073155861203,0.9938411508053653,0.9867049497947435,0.9929629204232596,0.9937947713714893,0.9869704541088565,0.9931073667913192,0.9935588544486673,0.9872565670603629,0.9932515044552108,0.9940683117919079,0.9872458972026339,0.9935372818216642,0.9940644157639836,0.9858839368292882,0.9929408817394312,0.9938373795774211,0.9858311728396706,0.9929409017380948,0.9939310167633258,0.985869274352436,0.993302830302524,0.9935760150586597,0.9853858578337424,0.9923160322860713,0.9929731631002731,0.9853191523777558,0.9923161221089274,0.992989558276617,0.9853856257930433,0.9923160522719048,0.9927944036698853,0.9864988231294641,0.9923180287735046,0.9951350504761163,0.9879704346660082,0.9927308972474703,0.9943681622092089,0.9860266115070873,0.9927933511437464,0.9936997156299057,0.9853313633720556,0.992471614888665,0.9933733560845842,0.9855041874213836,0.9923156905082853,0.9931841056483114,0.9878258420671444,0.9925958722438736,0.9942208131398025,0.987996159495711,0.9926335165631106,0.994372720685504,0.9949678040717748,0.9980659556063506,0.9997351274313296,188.0
0.9999964243551428,0.9999969128134932,0.9999971457814019,0.9764739631071075,0.9797114497587387,0.9813016533663296,0.9907001503727655,0.9949406785017553,0.9957913762905923,0.989103815526998,0.9935615976678323,0.9953262603926163,0.9889841547339902,0.9931192317269074,0.9955376382580042,0.9883401244290709,0.9929968665592078,0.9953171983377661,0.988005353629688,0.9932395542730917,0.9946420882813686,0.9878232256675739,0.9929414681508322,0.994447389093238,0.9872237936572895,0.993258302012732,0.9941485594928402,0.987447090454718,0.9921815426682811,0.9950898474248104,0.9872802851773507,0.9921862486477853,0.9950907246517557,0.9871210463878985,0.9911289513061229,0.9947713638730197,0.9889837164087513,0.9927651560774655,0.9954444184155352,0.9889126599347605,0.9931192605307961,0.9957343078377145,0.9871201561874403,0.9908911678396372,0.9946515726638002,0.9871193659243226,0.9906965410180021,0.9945901970879483,0.9869853744707269,0.9896949630896711,0.9945709663025286,0.9869751145994893,0.9899206019487865,0.9943867466332994,0.9869691810464586,0.9894722314861832,0.994573948966439,0.9867432919041683,0.9931218713947674,0.9937780012358721,0.9864863598360815,0.9929790599702207,0.9937314419807683,0.986751317626329,0.9931219226007163,0.9934956401547913,0.9870368879519099,0.9932644765300435,0.9940053747913162,0.9870262510042274,0.993550037717108,0.9940018443011203,0.9856664615585311,0.9929607156917565,0.9937734033302658,0.985613573104659,0.9929607356908218,0.9938668919506487,0.9856518021188281,0.9933229343458243,0.9935122857936334,0.9851700303358847,0.9923426062811067,0.9929083784711507,0.9851034938042105,0.9923426961063894,0.9929250470680262,0.9851691625904614,0.9923426262674816,0.9927291084510443,0.9862766560341333,0.9923317109742755,0.9950762132193515,0.9877459403289589,0.9927394416202715,0.9943038480287409,0.9858094586023413,0.992813075368835,0.9936360255795778,0.9851154363019469,0.9924953602946813,0.9933091274791344,0.9852889601450832,0.9923422644940876,0.993119502852409,0.9876012487689686,0.9926043294215612,0.9941563715736237,0.987771400869333,0.992641613601914,0.9943084233971882,0.9947667977799673,0.9980676752996719,0.9996871219981183,189.0
0.9999963726647926,0.9999969196142023,0.9999971527805269,0.9761352481125272,0.9797554467918532,0.9813537007207238,0.9902951551072984,0.9949953987365674,0.9958185263888121,0.9886946091261376,0.993617729167971,0.9953590747172554,0.9885707399103774,0.9931759746991226,0.9955691715663825,0.9879288293712917,0.99305367749851,0.9953511219130882,0.9875969688043021,0.9932966123195377,0.9946788197572711,0.9874163318121745,0.9930000616193266,0.9944851805805409,0.9868138917580933,0.9933146848651697,0.9941872608254797,0.9870347045549442,0.9922393361652605,0.995124954049126,0.986867991868592,0.992243932425336,0.9951258564589909,0.9867061679282293,0.9911886499734852,0.9948080871742461,0.9885703919465899,0.9928223882896415,0.9954763815693086,0.9884966525156069,0.9931760035046566,0.9957647503115286,0.9867052953052499,0.9909511802645592,0.9946885859616635,0.9867045138079391,0.9907568558092688,0.9946274142308682,0.9865708646291108,0.989758497279767,0.9946121470191781,0.9865606156422729,0.9899841230409702,0.9944282974443721,0.9865547176211882,0.9895362683632878,0.99461565235393,0.9863326816681866,0.9931774807762555,0.9938178785438573,0.9860750549894268,0.9930341210198516,0.9937716196617682,0.9863410959254942,0.9931775319850702,0.9935358066729516,0.986626732400926,0.9933206342618773,0.9940448107608916,0.9866161873372695,0.9936065479891921,0.9940426571631357,0.985254395073838,0.9930154423296663,0.9938149666977829,0.9852015851833308,0.9930154623298318,0.9939086467842692,0.9852397603321158,0.9933783805376937,0.9935547594660382,0.984752889806412,0.9923963873610258,0.9929479732241018,0.9846859759020538,0.9923964771911593,0.9929647724075344,0.9847510275709781,0.9923964073484797,0.9927681057087968,0.985865127956558,0.9923890337324822,0.9951113940749721,0.9873398414723638,0.9927989872490434,0.9943421190937888,0.9853971783027335,0.9928675095730319,0.9936767215698811,0.9847012982465385,0.9925488947674287,0.9933494084143132,0.9848733428143166,0.9923960455555481,0.993159424182901,0.9871959684326165,0.9926647155756417,0.9941953518333929,0.9873655573042014,0.9927014930039493,0.9943466802445523,0.9944215158412492,0.9981125412583645,0.9997400603718738,190.0
0.9999963871135509,0.9999969282841824,0.9999971794372697,0.9762310837550813,0.9798115026678471,0.9815285325251428,0.9904025224533082,0.9950649962121008,0.9960254232203203,0.9888034726657902,0.9936908844700052,0.9955755194409285,0.9886764100456159,0.9932519658170919,0.9957883233779192,0.9880351440128458,0.9931273240653694,0.9955686547338413,0.9877140310066667,0.9933732281284677,0.9949010486092609,0.9875356486605441,0.9930772286858061,0.9947094292452837,0.9869351410832323,0.9933942340552593,0.9944130911678722,0.9871403315037018,0.992313692965359,0.9953442787124566,0.9869736936882323,0.9923180502787692,0.9953452066879541,0.9868098914165156,0.9912651478731265,0.9950299519919823,0.9886761350052718,0.9929006485218489,0.9956988272504076,0.988600352112745,0.9932519946248319,0.9959830558414913,0.9868090220579773,0.9910279202652119,0.9949106165114668,0.986808242328298,0.9908338039079742,0.9948495474452657,0.9866746868773876,0.9898395694343556,0.9948397461714552,0.9866644810399308,0.990065768825389,0.9946569520579396,0.9866585459268697,0.9896178468875325,0.9948438322951181,0.9864567386619528,0.9932594656749503,0.9940456757891557,0.9862004930084359,0.993117563817483,0.9940000811919737,0.9864656336438005,0.9932595168879914,0.9937642779907848,0.9867490765247123,0.9934011613088055,0.9942715892272823,0.986738604185797,0.9936872750358305,0.9942703696044379,0.9853839346057172,0.9931016929923911,0.9940453291749425,0.9853316649919821,0.9931017129942933,0.9941395645426491,0.9853692357503281,0.9934638197132363,0.9937834723062768,0.9848829080042292,0.9924875955683559,0.9931795736040552,0.9848159033170224,0.9924876854067467,0.9931967462388394,0.9848807549606219,0.9924876155576484,0.9929998514104371,0.9859711852542002,0.9924616699303562,0.9953308156269037,0.9874595115460477,0.9928764772366164,0.994566782765476,0.9855253395290728,0.9929540902971781,0.9939063098345268,0.9848318476313849,0.9926392049543236,0.9935798061055978,0.985003699728582,0.9924872537314596,0.9933903884134381,0.9873162101367483,0.9927427935143365,0.994420576131956,0.9874853738736319,0.9927791889063646,0.994571335815837,0.994519189271912,0.9981697036261001,0.9999182780082041,191.0
0.9999964551903816,0.9999969397771606,0.9999972240479826,0.976680066146369,0.9798865649680683,0.9818172071889143,0.9909210191605411,0.9951541576982401,0.9963898942120292,0.9893224698893479,0.9937841226433749,0.9959499051105961,0.9891956687733938,0.9933455681694321,0.9961641108908335,0.988552715729108,0.9932207621581204,0.9959456105607015,0.9882342639961298,0.9934719705681826,0.9952819286434027,0.9880553498612302,0.9931775468211341,0.9950908418021533,0.9874574733604791,0.9934971270171855,0.9947979483659942,0.9876584306082986,0.99240742139074,0.9957251094837933,0.9874917482371018,0.9924111927860145,0.9957260045673367,0.987328323356273,0.9913621854383384,0.9954168297785961,0.9891954022445114,0.992994542222976,0.9960751650252089,0.9891197616792717,0.9933455969798832,0.9963592716179042,0.9873274653770165,0.9911252812061135,0.9952978565219187,0.987326691308126,0.9909314539488511,0.9952370536880467,0.9871940824220747,0.989943981592924,0.9952374301290422,0.9871839292579611,0.9901709228197922,0.995055813580656,0.9871780587796386,0.9897231043955795,0.99524273917909,0.9869810355903492,0.9933657206591956,0.9944330226924615,0.9867260219252513,0.9932257973569031,0.9943884026051819,0.9869897300052893,0.9933657718777169,0.9941520755324269,0.9872721852634615,0.9935054377744827,0.9946576653684149,0.9872618142523856,0.993791992056612,0.994657720243403,0.985911085583745,0.9932131366571906,0.9944361209649865,0.9858587662227472,0.9932131566613388,0.9945305271231833,0.9858964185154401,0.9935763157197419,0.9941749622215337,0.9854088066986812,0.9926014774409608,0.9935715326593848,0.985340750356776,0.9926015672896624,0.9935886918741507,0.9854065669607421,0.9926014974325491,0.9933922693044951,0.9864888846335744,0.9925516355199763,0.9957117355048557,0.9879801959990261,0.9929777436768238,0.994949201592185,0.9860526069371911,0.9930651062536133,0.9942963742484053,0.9853602520540046,0.992753133579284,0.993970625549499,0.985530614430566,0.9926011355648326,0.9937817754999114,0.9878382957018612,0.9928454360257497,0.9948043927797614,0.9880061293048839,0.9928805762636825,0.9949537506705106,0.9949768220083476,0.9982462280421532,1.0002126181494608,192.0
0.9999965341396436,0.9999969448307245,0.9999972587051348,0.9772004361178586,0.9799201986448491,0.982039235164979,0.9915240028531411,0.9951911943011129,0.9966838975330072,0.9899255321788945,0.9938207234578924,0.9962495938689777,0.9897978993190961,0.9933826260799117,0.9964642902212609,0.989155795051625,0.9932571755179564,0.9962461181106851,0.9888368996136196,0.9935072206925535,0.9955860353660876,0.9886577021803041,0.9932125663863862,0.9953955327944526,0.9880580856756932,0.9935309537882215,0.9951041830506091,0.9882632936983716,0.9924435611566833,0.9960265798288573,0.9880968682249014,0.9924470870336121,0.99602749733022,0.9879340204093545,0.9913987822474776,0.9957195974458289,0.9897977700166789,0.9930319657956139,0.9963758307030836,0.9897213904296088,0.9933826548914417,0.9966593804806116,0.9879331675731958,0.9911620837013096,0.9956008745292265,0.9879323960589529,0.9909684322483588,0.9955402586277969,0.987799388434631,0.9899808283317357,0.9955406067718388,0.9877892471312344,0.9902077360671604,0.9953590563805182,0.9877833118380315,0.9897599889196603,0.9955459583817885,0.98758050584125,0.9933980628963595,0.9947403919810197,0.9873249266790868,0.993257129486174,0.9946959572864542,0.9875888050635555,0.9933981141165417,0.9944597812017194,0.9878723798200134,0.993538790222355,0.9949646017269187,0.9878621135865806,0.9938258156042986,0.994965950739748,0.9865106031581798,0.9932440032234833,0.9947433361669087,0.9864585552200748,0.9932440232282452,0.9948380703865628,0.986495815506544,0.9936053291312508,0.9944787938393924,0.98600304612147,0.9926331436272903,0.9938802467946308,0.985933880082671,0.9926332334788217,0.9938973664383242,0.9860002571043753,0.9926331636195076,0.9937011198839306,0.9870950371622017,0.9925855944412815,0.9960132977629719,0.9885825173221457,0.9930125983628957,0.9952541824234483,0.9866514677457198,0.9930967264148219,0.9946041105059924,0.9859585693143692,0.9927854556841353,0.9942787736117668,0.9861264797866253,0.9926328017403934,0.9940902258078194,0.9884408771787426,0.9928805392718629,0.9951097219758875,0.988608349286849,0.992915339099009,0.9952587360387257,0.9955072213123054,0.9982805027457783,1.0004390485223273,193.0
0.9999965391753243,0.9999969495978429,0.9999972727670572,0.9772343922908757,0.9799514216878658,0.9821321064991727,0.9915585285303823,0.9952282360540535,0.9967901672433904,0.9899549513014338,0.9938575990033361,0.9963616489200459,0.9898264470983901,0.9934207806710069,0.9965784455862217,0.9891816128013754,0.993293330588143,0.9963584694871738,0.9888646959845899,0.9935444613765003,0.995701176356953,0.9886871664148124,0.9932514928362758,0.9955127378823815,0.9880811681258332,0.9935662816785007,0.9952183522044957,0.988290388197635,0.9924786750491926,0.996141143964335,0.9881239772811407,0.9924815906220407,0.9961421194121713,0.9879621154689604,0.9914352501258612,0.9958371128876592,0.9898264604014664,0.9930711438174867,0.9964914774924415,0.9897493088873066,0.9934208094836496,0.9967736774224673,0.9879612673643325,0.9911986841621727,0.9957185133652133,0.9879604982311299,0.9910051539238237,0.9956579839112977,0.9878263848487513,0.9900204752667807,0.9956620287253093,0.9878162843260204,0.9902478274524041,0.9954814713350617,0.9878101585075686,0.9897999806280708,0.9956677326485658,0.9876014017704331,0.9934316251658981,0.9948540288131812,0.9873445866061449,0.9932895636306585,0.9948090097855914,0.9876094362348639,0.9934316763878016,0.9945734784490772,0.9878946350653041,0.9935734807344998,0.9950787488143836,0.9878844361456213,0.9938607095425731,0.995080989657877,0.9865273586573992,0.9932737115163369,0.9948538996051725,0.9864750708737914,0.9932737315216872,0.9949485389227709,0.9865124550651916,0.9936331297578062,0.9945863559807328,0.9860147049778875,0.9926603235237104,0.9939919916526612,0.9859453609137668,0.9926604133776443,0.9940094313486385,0.9860106578122056,0.9926603435164624,0.9938122103085872,0.9871216600611451,0.9926157827740384,0.9961281091776795,0.9886131159245999,0.9930525130168388,0.9953725513055556,0.9866688939677368,0.9931272104226258,0.9947161401064496,0.9859745133633382,0.9928141034492708,0.9943907412905162,0.9861397480598789,0.9926599816276714,0.9942021232918565,0.9884731986213069,0.9929221334620305,0.9952297131230211,0.9886388309908755,0.9929551697574727,0.9953771074141158,0.9955418172028563,0.9983123337574802,1.0005337048746137,194.0
0.9999964824044348,0.999996954143944,0.999997266486955,0.9768614961805637,0.9799807160848798,0.9820964117990079,0.9911188179732408,0.995264793864889,0.9967160235660238,0.9895081905268943,0.9938989800861973,0.9962902600529836,0.9893773460999217,0.9934632627678991,0.9965081610606953,0.9887314646443829,0.9933346313649482,0.9962861876951928,0.988415354183906,0.9935920623250468,0.995631381211474,0.9882381551605108,0.9932999496735623,0.9954432308340684,0.9876306158730493,0.993619870003192,0.9951486427985875,0.9878411524439183,0.9925198588179782,0.9960689227697,0.9876749921409101,0.992522711685009,0.9960700170927991,0.9875125035972885,0.9914762910545009,0.9957642539060612,0.9893775154065293,0.9931145069206373,0.9964223780972414,0.9892986872684717,0.9934632915817727,0.9967031667882317,0.9875116924411547,0.9912400528240907,0.9956461706656435,0.9875109413642961,0.9910468762457014,0.9955860512505703,0.9873763503299456,0.9900603122748033,0.9955874344708343,0.9873662981597607,0.9902881727036111,0.9954082065954137,0.9873600612821515,0.9898395802777347,0.995592702326672,0.987151392538359,0.9934896761688098,0.994783777562177,0.9868950484719368,0.9933500816901507,0.9947379704640091,0.9871591551887552,0.9934897273937189,0.9945028684937239,0.987444331264872,0.993629064744013,0.9950094579126735,0.9874343254138778,0.9939176545070959,0.9950147558895885,0.9860750030312402,0.9933357121104616,0.9947806047900418,0.9860219526766005,0.9933357321170655,0.9948746154364305,0.9860601404907611,0.9936959623115125,0.9945144030888674,0.9855629681535962,0.9927230768605134,0.9939183867763793,0.9854931734458819,0.9927231667201388,0.993935887156199,0.9855585751709393,0.9927230968545332,0.9937381618194343,0.9866739557596133,0.9926559598900746,0.9960560837167641,0.9881645325058952,0.9931014871499146,0.9953033284907664,0.9862185042255653,0.9931888727721835,0.9946439357865802,0.9855247973226583,0.9928768828314316,0.99431791798258,0.9856889206905698,0.9927227349428198,0.9941289006887815,0.9880251353231152,0.9929716359533249,0.9951609058755867,0.9881899090006886,0.9930037710492309,0.9953078967637978,0.9951617111963091,0.9983422072962228,1.0004972111931465,195.0
0.9999964590282129,0.9999969540141652,0.9999972450736534,0.9767063501300083,0.9799799671823322,0.9819567617457808,0.9909454232125993,0.9952633215523156,0.9965457908321304,0.9893325342445387,0.9938984317872218,0.9961179237004021,0.9891991943930127,0.9934633250318818,0.9963364802674177,0.988556296962302,0.9933347324921178,0.9961137617518451,0.9882377158292424,0.9935914534358853,0.9954545379819865,0.9880591409735301,0.9932986795365288,0.9952650255680959,0.9874538894593056,0.993619624956882,0.9949693102271052,0.9876668550302576,0.9925208971224576,0.9958954108097413,0.9875010920557474,0.9925240046517492,0.9958964163854209,0.9873375647238396,0.9914770368930991,0.9955896227740638,0.9891994090249555,0.993115057777768,0.9962515439239908,0.9891190047901995,0.9934633538457593,0.996531244564403,0.9873368048395653,0.9912411535564212,0.9954722700092499,0.9873360786596248,0.9910483748629294,0.9954127518837137,0.987200947597723,0.9900593941402164,0.9954108724479678,0.9871909574279996,0.9902879862386298,0.9952332485378249,0.9871845882768723,0.989838329442449,0.9954156354839473,0.9869736783345752,0.9934897834127777,0.994601826629791,0.9867169035308971,0.993350419914422,0.9945545957685519,0.9869811959011903,0.9934898346376895,0.994320461856442,0.9872672291709529,0.9936289410523786,0.9948291757871456,0.9872572439517874,0.9939174619120474,0.9948347543754201,0.9858970089566391,0.9933359763916966,0.9945936989839985,0.9858443413624383,0.993335996398303,0.9946875554425263,0.9858820829602515,0.9936949748587437,0.9943259302852933,0.9853774329478324,0.9927245057451057,0.9937280424359262,0.985306677773687,0.9927245956048507,0.9937452380582847,0.9853722944884429,0.992724525739152,0.9935469095483938,0.9865024541549346,0.9926591891721165,0.9958824215794907,0.9879849405582883,0.9930998295496742,0.9951245547273997,0.9860395403098613,0.9931896459245796,0.9944580664632333,0.9853435251473557,0.9928784339818656,0.9941300419584354,0.9855053376796794,0.9927241638269567,0.9939397892819639,0.9878447327593823,0.9929691743985615,0.9949813348801905,0.9880101723440473,0.9930020731472843,0.9951291234091435,0.9950035970257638,0.9983414409818574,1.000354840838901,196.0
0.99999644875438,0.9999969512807726,0.9999972223439393,0.9766369104461594,0.9799620078275936,0.9818067081011037,0.9908755440582528,0.9952421840849615,0.9963733065604988,0.9892595637934334,0.9938791143034472,0.9959420864726226,0.9891267581754423,0.9934432158035066,0.9961615064645504,0.9884819610013953,0.9933165044700044,0.995937429585169,0.988162362923335,0.993573548050484,0.9952736688003304,0.9879825397656777,0.9932804638219597,0.995083322186788,0.9873796457329923,0.9936036898474038,0.9947850071406533,0.987593690972595,0.9925042438613881,0.995719193092789,0.9874283057914588,0.9925077286203616,0.995720223887888,0.9872644001484215,0.9914605587186796,0.9954134964293954,0.9891269421271509,0.9930943150654438,0.9960759318469155,0.9890469128376567,0.9934432446167988,0.9963572676638658,0.9872636248942604,0.9912244203379628,0.9952958217739056,0.9872628911376673,0.9910313957911535,0.9952360594281603,0.9871286450761704,0.9900447574174476,0.9952389584421614,0.9871186313362861,0.9902724791732016,0.9950606577572876,0.9871124019261412,0.9898240707508881,0.9952443780410881,0.9868987472298569,0.9934754558551765,0.9944140576985537,0.9866415450330832,0.9933370431887918,0.9943647384116039,0.986906335293594,0.993475507079351,0.994132376365575,0.9871927325395269,0.9936136627047768,0.9946437006764982,0.9871828030562557,0.9939023710156404,0.9946500641453401,0.9858203882254031,0.9933211339279328,0.9943984100787151,0.9857680266788894,0.9933211539342391,0.9944919126728632,0.9858053673372118,0.9936781698106467,0.9941281685307922,0.9852937003800416,0.9927091315923455,0.9935303231046776,0.9852222941424488,0.9927092214506946,0.9935472750322293,0.9852879727437727,0.9927091515860814,0.9933482746094779,0.9864318106377457,0.9926449114806478,0.9957061564165407,0.9879081242099963,0.9930814035103055,0.9949427937383658,0.9859621616511818,0.9931756012928734,0.9942647010129794,0.9852636285455482,0.9928640728311358,0.993934727379095,0.9854230980304766,0.992708789679508,0.9937433010286979,0.9877678390494139,0.9929506411634075,0.994799476081853,0.9879329612441128,0.992983271945651,0.994947375913999,0.9949328542199131,0.9983231327418018,1.0002019005171014,197.0
0.9999964473932076,0.9999969451412161,0.9999972039993084,0.97662587456321,0.9799211086618543,0.9816840546267035,0.9908756919284661,0.9951973095887385,0.9962407211671646,0.9892580851033136,0.9938358393584553,0.9958083528310854,0.9891239863700286,0.9934000779887289,0.9960288074924173,0.9884807639064793,0.9932756738210304,0.9958051165494116,0.9881595871784783,0.9935296883530151,0.9951343482025831,0.9879773583201769,0.993235171315923,0.9949418851246519,0.9873800157574664,0.993560796159879,0.9946436325422271,0.9875952249458394,0.9924669475590235,0.9955895675890288,0.9874303989107747,0.9924710266126284,0.9955906031008773,0.9872675212674246,0.9914251729938687,0.9952880783793961,0.9891241667831299,0.9930512870559164,0.9959437582549078,0.9890433683678648,0.9934001068007667,0.9962247956357642,0.9872667749722316,0.9911891345268424,0.995170789648809,0.9872660551691613,0.9909962510287554,0.9951113628368548,0.9871323952073506,0.9900146352399234,0.9951226828186098,0.9871224049586527,0.9902423545864177,0.9949449040722148,0.9871162303904227,0.9897946362605955,0.9951292125206741,0.9869013959985858,0.9934335270613286,0.9942713821668949,0.9866458339527101,0.9932957573065282,0.9942215578059452,0.9869086541837148,0.9934335782833361,0.9939891604177614,0.9871939807205586,0.9935710910118284,0.9945018244594076,0.9871840594377831,0.9938595598473966,0.9945081804255151,0.985830495922207,0.9932817395829382,0.9942550222988767,0.9857791761464659,0.993281759588451,0.994348645334335,0.9858155170133898,0.9936391307241526,0.9939857887944387,0.9853039303439544,0.9926728216718761,0.9933847995978135,0.9852327331122946,0.9926729115269426,0.9934018854567261,0.9852984835064432,0.9926728416648821,0.9932024469411768,0.986437215652546,0.9926117160188173,0.9955764028451679,0.9879019161592631,0.9930352457812602,0.9948005007358476,0.9859695430694986,0.9931360623222937,0.9941205886223569,0.9852727778060767,0.9928264885608953,0.9937899578448025,0.9854329288159578,0.9926724797715293,0.9935981098108423,0.9877603333066889,0.9929031999786984,0.9946559640100594,0.9879266652306741,0.992937201157679,0.9948050787396916,0.9949216477566285,0.9982814548628907,1.0000769186493463,198.0
0.9999964322288939,0.9999969386196152,0.9999971883252569,0.9765253332275992,0.9798780688981076,0.9815812118556804,0.9907633464268819,0.9951480340316925,0.9961187511156069,0.9891446738737386,0.9937873735706576,0.9956845750254031,0.989008447701871,0.9933521856411058,0.9959059613021167,0.9883687295584077,0.9932272541172444,0.9956823649098395,0.9880435848369084,0.9934824588587371,0.9950051243141705,0.9878607754580461,0.9931872379843846,0.9948121644149315,0.9872635978646203,0.9935153747375829,0.9945099456046975,0.9874838182862399,0.992418595370982,0.9954671781793646,0.9873191610307738,0.9924225993980397,0.9954681943873633,0.9871559978873449,0.9913771003613226,0.9951663573533338,0.989008705351293,0.9930038536282725,0.9958218126416926,0.9889264958068462,0.993352214451755,0.9961018331983951,0.9871552472552552,0.9911408808226608,0.9950489209537324,0.9871545252272994,0.9909478399833811,0.9949893956211173,0.9870200059764971,0.98996852734623,0.9950045815293801,0.9870100155226891,0.9901958092845196,0.9948267296998542,0.987003728265048,0.989748854159643,0.9950115949209761,0.986786364117115,0.9933900639259947,0.9941356628607986,0.9865315726483687,0.9932536496634778,0.9940848824247979,0.9867938417307396,0.9933901151457581,0.9938533157232383,0.9870780853462197,0.9935262724173156,0.9943671680412367,0.9870681124540739,0.9938140085016676,0.9943726079546332,0.9857178247952344,0.9932420450869821,0.994116264782173,0.9856666463674209,0.993242065091696,0.9942095450791444,0.9857028951728296,0.9935996452594988,0.9938482194460463,0.9851907182271205,0.9926368912041865,0.993243661060517,0.9851190877580166,0.9926369810560052,0.9932605958772401,0.9851851907902689,0.9926369111964708,0.9930608481570348,0.9863270677246009,0.9925631799317937,0.9954540090009288,0.9877848316766332,0.9929868676154812,0.9946704483271468,0.9858564838455133,0.9930962825430028,0.9939822388017635,0.9851605624750814,0.9927893776703526,0.9936503202676921,0.9853203595201344,0.9926365493161967,0.9934576789119124,0.9876427509024539,0.9928543271337953,0.9945254290671159,0.987809355354005,0.9928887330628958,0.9946750283945868,0.9948191808425777,0.9982375856871816,0.9999720857191295,199.0
0.9999964117339223,0.9999969342975366,0.999997174466965,0.9763898804340866,0.9798495618166427,0.9814910782681351,0.9906087319196009,0.9951156885629341,0.9960071623074745,0.9889916435706495,0.9937534407312806,0.995572563081179,0.9888520850082057,0.993317762384691,0.9957925846178041,0.9882166045293682,0.9931926280491801,0.9955707060581546,0.9878933494273611,0.9934475459409875,0.994892161265841,0.9877114300899196,0.9931534671266884,0.9947001310636069,0.9871149024057364,0.9934778426414197,0.9943957091192709,0.9873329764782592,0.9923829674634345,0.9953555244791294,0.9871684071752173,0.9923867146803496,0.9953564849542773,0.9870063378553336,0.9913410669949565,0.9950550061725584,0.9888523877394899,0.9929690380038867,0.995708088695549,0.9887681002811496,0.9933177911943438,0.9959878984888665,0.9870055766936733,0.9911046287689935,0.9949373249886634,0.9870048494480704,0.9909113873762906,0.9948776194069153,0.9868702547331001,0.989932753757032,0.9948950328275411,0.9868602406057848,0.9901591675001317,0.9947165064151959,0.9868539688794722,0.989713251836438,0.9949023880522062,0.9866381999844326,0.993350740252755,0.9940209254746669,0.9863834731109111,0.9932134073437348,0.9939700502840839,0.9866461839019727,0.993350791470483,0.9937387546125597,0.9869295788824145,0.9934878674139761,0.9942524809282317,0.9869195311991679,0.9937747075936157,0.9942566625976501,0.9855677623453863,0.9932027146215487,0.9939994299213386,0.985515422747724,0.9932027346254676,0.9940916685480342,0.9855529340430231,0.9935612083949543,0.9937338879762652,0.9850489361195075,0.9925984613134187,0.9931297097546976,0.98497739524171,0.9925985511617439,0.9931467753546274,0.9850443729279333,0.9925984813049257,0.9929472817445194,0.986176887663761,0.9925262291000133,0.9953423553320424,0.9876361203981178,0.9929537713474721,0.9945590160766662,0.9857093986536446,0.9930565883513206,0.9938670964076102,0.9850163530442065,0.992750188846243,0.9935357299417895,0.9851774222007271,0.9925981194387226,0.9933433787461968,0.9874949813655335,0.9928221360718491,0.9944148546389369,0.9876604536145962,0.992855602188005,0.9945635958841242,0.9946811243275768,0.9982085306711225,0.9998801917826173,200.0
0.9999963805853156,0.9999969297165079,0.9999971684157611,0.9761853917220439,0.979819127154656,0.9814539164099382,0.9903670685123278,0.9950822114929663,0.9959484244069329,0.9887527753618731,0.9937203152339985,0.9955163616282201,0.9886110706379624,0.993284719988493,0.9957365795504048,0.9879787601432671,0.9931597270997535,0.9955155616245791,0.9876576875099032,0.9934147612437042,0.9948366778008206,0.9874780452703793,0.9931233269602673,0.9946464428121606,0.9868793879866664,0.9934418130544387,0.994339122466567,0.9870953277054346,0.9923503913747633,0.9953007926647551,0.9869310003871259,0.9923541369878635,0.9953017794362162,0.9867674643351995,0.9913087186292664,0.9950007504593258,0.9886114342265809,0.9929360621569323,0.9956523478256328,0.988525753123099,0.9932847487971904,0.9959318133488885,0.9867667212125564,0.9910723511036058,0.994883289981986,0.986766002701433,0.9908792112826673,0.9948237742821184,0.9866301005671967,0.9899013074435651,0.9948426149123651,0.9866200898649694,0.9901273107766643,0.9946641329350898,0.986613647160036,0.9896819883081571,0.9948502027759184,0.9864030968538348,0.9933122803341673,0.9939641691160167,0.9861482537775103,0.9931735985628268,0.9939132355412433,0.9864117367845169,0.9933123315499008,0.993682379982563,0.9866942104303579,0.9934507564148665,0.9941956285658712,0.986684103364131,0.993736881945326,0.9941988327200485,0.985335186243725,0.9931622567678413,0.9939437595177308,0.9852836427544299,0.9931622767709387,0.9940364227265938,0.9853203910552737,0.9935200922005343,0.9936788870992621,0.9848082389441428,0.9925584964053751,0.9930693431831605,0.9847354750308013,0.9925585862500488,0.9930859432748711,0.9848030785131612,0.9925585163960695,0.992886412651249,0.9859410597148397,0.9924938816967038,0.9952876637299582,0.9874041199230164,0.9929252498480146,0.9945063459841915,0.9854747393978053,0.9930163976494627,0.9938100485016793,0.9847795278163779,0.9927097956276638,0.993477253499336,0.9849386790049329,0.9925581545445719,0.9932839376874891,0.9872646098184261,0.9927952087893809,0.9943636802470628,0.9874287311638665,0.9928277270385482,0.9945108989306043,0.9944726775659669,0.9981775161361632,0.999842261908085,201.0
0.9999963384464111,0.9999969318216541,0.9999971619114639,0.9759092405656212,0.9798332311034329,0.9814160936193568,0.9900374314183862,0.9950970670317696,0.9958770274269315,0.9884218671173719,0.993736107674655,0.9954441720859926,0.9882772447890634,0.9932985946933636,0.9956611009597474,0.9876479321279373,0.9931752053854764,0.995443355958023,0.9873267731939643,0.993432608462901,0.9947649115678168,0.9871463864858241,0.9931411848064754,0.9945743146053504,0.9865498002966641,0.9934614947293905,0.9942675313178294,0.9867646366217583,0.9923654146274914,0.9952280422624927,0.9866005394111875,0.9923690573403895,0.9952290137752199,0.9864354383050182,0.9913232545763885,0.9949272218064307,0.9882776318006429,0.992948402342215,0.9955747019196947,0.9881901596259991,0.9932986235024616,0.9958559872609299,0.9864347503088214,0.9910873023235226,0.9948105542355119,0.9864340586162734,0.9908946255597634,0.9947516857101594,0.9862967765908287,0.9899135768977934,0.9947663529525425,0.9862867523936557,0.9901388373064752,0.9945875128910991,0.9862801560588313,0.9896940794062956,0.9947736409568242,0.9860751406834075,0.9933335310463294,0.9938926982485389,0.9858206125302112,0.9931958067506376,0.993841416442744,0.9860849286469495,0.9933335822631559,0.9936116781391784,0.9863652554748686,0.9934710497247993,0.9941241700133908,0.9863551740156861,0.9937572151498705,0.9941277951948317,0.9850077604325559,0.9931857094195263,0.9938714645145921,0.9849561609397814,0.9931857294230938,0.9939641792063566,0.9849929722651117,0.9935421843445876,0.9936066099108154,0.9844775365309929,0.9925864244922963,0.9929942010969645,0.9844044961332159,0.9925865143394903,0.9930108054635973,0.9844710721807948,0.9925864444835519,0.9928104165142382,0.9856122893105751,0.9925088652569762,0.9952149261215141,0.9870723561625393,0.9929430979627325,0.9944341445387985,0.9851474566455323,0.9930404027980625,0.9937376119469594,0.9844518658085671,0.9927362570672161,0.9934036023748128,0.9846097790882626,0.9925860826219051,0.9932094865301612,0.9869327924041681,0.9928130231432305,0.9942913777544118,0.9870969855985985,0.9928458593826253,0.9944386841021146,0.9941911726458695,0.998191885618262,0.9998036145396538,202.0
0.9999962992987332,0.9999969319392594,0.9999971601628486,0.9756534121521595,0.9798343571072998,0.9814096929166778,0.9897278381501972,0.995096565872536,0.9958421986391559,0.9881145732714798,0.9937362387422248,0.9954125203721715,0.987969848029222,0.9932991952927713,0.9956311568157713,0.9873409539724984,0.9931749346478225,0.9954112291295633,0.9870212495579535,0.9934334580863357,0.9947363413184748,0.9868424641506183,0.9931440898055641,0.9945470460222934,0.9862434077022353,0.993460253128549,0.9942397992347289,0.9864576714415904,0.9923645609100769,0.9951946473856973,0.9862938768828292,0.9923681682093337,0.9951956508339892,0.9861265266919509,0.991321309393207,0.9948916620097534,0.9879703599001205,0.9929493786527325,0.995545255127955,0.987882608153566,0.9932992241018903,0.9958266947087319,0.9861258109188121,0.9910851174105606,0.9947745150402604,0.9861251057575531,0.9908921904854275,0.994715254538879,0.9859859628678822,0.9899099772956027,0.9947283243074718,0.985976017904605,0.9901361975124958,0.9945515365038896,0.9859690817626956,0.9896901123176594,0.9947349662019984,0.9857689078169025,0.9933307495864618,0.9938662262498815,0.9855140808469092,0.9931921823776778,0.9938155709856775,0.9857793454599809,0.9933308008031375,0.9935857573269876,0.9860589170320785,0.9934691112288593,0.9940968055503059,0.9860488003604474,0.9937547667957439,0.9940998605244137,0.9847011551126086,0.9931831863765049,0.9938480517322018,0.9846493620512603,0.9931832063800184,0.9939408575324062,0.9846864937640891,0.9935402936224412,0.9935862739271455,0.9841710056426844,0.9925850513532171,0.9929692688056388,0.9840986764285371,0.9925851412002642,0.9929863566952488,0.9841633138354179,0.9925850713444404,0.9927848204392365,0.9853073419320311,0.9925076769771072,0.9951816069168388,0.9867694199200713,0.9929472642319712,0.9944075382314038,0.9848413035506235,0.9930376219506145,0.9937127123564707,0.9841466387656116,0.9927344246783099,0.9933787057866146,0.9843039349009938,0.9925847094833845,0.9931845502185017,0.9866309585457687,0.9928182866079944,0.9942657622097102,0.9867942825793217,0.9928506273232118,0.9944120521870093,0.9939303694404747,0.9981930246488193,0.999796995351042,203.0
0.9999962521176067,0.9999969372057351,0.9999971644672051,0.9753452599787381,0.9798692552231674,0.981444754420444,0.9893537878636135,0.9951356638462288,0.9958478248077403,0.9877430570660237,0.9937767562591346,0.9954216529501636,0.9875974796616614,0.9933395749261442,0.995640876253592,0.9869711998270717,0.9932161955513615,0.9954206786269869,0.9866502948324045,0.993474321974685,0.9947486793582748,0.986472039475574,0.9931856165459275,0.9945594905227196,0.985871481692173,0.9935001358488575,0.9942541205427208,0.9860907328854981,0.9924068932844564,0.9952044542447214,0.9859275319289297,0.9924108034524068,0.9952055135435106,0.9857605657001212,0.9913631026635241,0.9949017071795591,0.9875980131113391,0.9929896479836925,0.9955549628982973,0.9875097129445732,0.9933396037364371,0.9958367751324889,0.9857598725160464,0.991127131951124,0.9947848763504266,0.9857591784254891,0.9909344422327276,0.9947258632502451,0.9856193104715442,0.989949931691632,0.9947363201304971,0.9856093771166502,0.9901758772830224,0.9945598413787945,0.9856023373984305,0.9897298701476875,0.994742646017053,0.9853971500068239,0.9933697624144844,0.9938821719246266,0.9851421615874174,0.9932306522966207,0.9938321913194682,0.9854079765833225,0.9933698136331643,0.9936021259494556,0.9856870619542818,0.9935086670383189,0.994111851904026,0.9856769760462342,0.9937943600675576,0.9941153964409104,0.9843281113149365,0.9932213799516383,0.9938673664036727,0.9842759962522557,0.9932213999559163,0.9939602872606654,0.9843135765396163,0.9935789073192293,0.9936086558087386,0.983797777694775,0.9926216797677554,0.9929876753102195,0.9837256506925814,0.9926217696180811,0.993005011133091,0.9837893283638214,0.9926216997597082,0.9928029546216585,0.9849445396121858,0.9925520697718715,0.9951914435109832,0.9863990521828647,0.992989226050559,0.9944197575978923,0.9844690461738012,0.9930756438946371,0.9937304820027316,0.9837752160027878,0.9927719784407871,0.9933967986697226,0.9839313242599989,0.9926213378854476,0.9932028220477139,0.9862603612944506,0.9928600677086385,0.9942777157483731,0.9864245112618686,0.9928937126191479,0.994424225561511,0.9936162230274895,0.998228591129769,0.9998326110040612,204.0
0.9999962747578884,0.9999969460229928,0.999997185023858,0.975495245402568,0.9799273388319872,0.9815792118700434,0.9895230491261049,0.9952021924676632,0.996009085683404,0.9879165622849845,0.9938476482339065,0.995587203112138,0.9877699480747282,0.9934098647358811,0.9958055251614031,0.9871464224853856,0.9932888581344772,0.9955870598740943,0.9868275399547233,0.9935481772519262,0.9949186736139656,0.9866498885954383,0.9932607555080463,0.9947303211921142,0.9860510020785309,0.9935749224028799,0.994426502029053,0.9862679679783164,0.9924821120371602,0.995371956936779,0.9861055473203861,0.992486506321052,0.9953730462758845,0.9859367038623302,0.9914389655739108,0.995070810484129,0.9877706180704081,0.9930594558958787,0.9957189031693604,0.9876814571620507,0.9934098935482123,0.9960014149103401,0.9859360362778654,0.991203255677527,0.9949544242030371,0.9859353546515581,0.9910108355275032,0.9948957672966849,0.9857944540696534,0.9900268060470678,0.9949075238164459,0.9857845526550564,0.9902529453954377,0.9947317551536137,0.9857773462075925,0.9898068459766384,0.9949140112734237,0.9855785918594565,0.9934455482485249,0.9940564089844248,0.9853246032022982,0.9933071268095222,0.9940073356381441,0.9855896369274899,0.9934455994711022,0.9937769324307157,0.9858673171749408,0.9935837642764753,0.9942848566060298,0.9858572108728701,0.9938690985501809,0.9942879604249333,0.9845109155854613,0.9932990269667409,0.9940454145161253,0.9844584372740185,0.9932990469725782,0.9941383906362063,0.9844965120181217,0.9936568442186208,0.9937895972829396,0.9839834654374081,0.9927010357135884,0.9931662207414195,0.983911550230127,0.9927011255710639,0.9931838108421555,0.9839745377318583,0.9927010557071326,0.9929816072877715,0.9851264212079678,0.9926296243465734,0.9953589233084329,0.9865775221788783,0.993065153524746,0.9945910918852697,0.9846527418341506,0.9931531720938168,0.9939072109536445,0.9839613364979067,0.9928508026201535,0.9935743414136402,0.9841172446170068,0.9927006938040739,0.9933808458352816,0.9864395825541687,0.9929367376378031,0.9944497780526486,0.9866028445055941,0.9929696888428462,0.9945955566950472,0.9937690863423347,0.9982877941920436,0.9999696765123681,205.0
0.9999963764918506,0.9999969526056001,0.9999972171452458,0.9761643867536658,0.9799710840064771,0.9817812326744626,0.9903067645389076,0.9952503168527023,0.996294871911794,0.988705993833951,0.993898672097936,0.9958785049205285,0.9885590042368583,0.9934606394406104,0.9960968103894394,0.9879384645557611,0.9933419164804352,0.9958809689775189,0.9876203758322761,0.9936001370658059,0.9952128391722918,0.9874422975662486,0.9933126132719474,0.995024642879156,0.9868463141956181,0.9936267959299432,0.994722293589323,0.9870628064092654,0.9925381097342356,0.995669722208326,0.9869010842860523,0.9925428136105939,0.9956709026080213,0.9867319194142222,0.9914971906411075,0.9953740181102095,0.9885597754138358,0.9931100311717974,0.996010167350491,0.9884702123141212,0.9934606682544144,0.996292705991434,0.9867313396843771,0.991262249035465,0.9952591404142903,0.986730700689933,0.9910706397446234,0.9952017149730653,0.986589535357054,0.9900882973662245,0.9952171035301423,0.9865797088930855,0.9903154839628664,0.9950429950500153,0.9865723980505618,0.9898685982332353,0.9952241595989992,0.9863766972259131,0.9934978784520291,0.9943544066316862,0.9861246198547724,0.9933599421510528,0.9943067787745424,0.9863873065169099,0.9934979296772855,0.9940753268509411,0.9866636834200034,0.9936356094382611,0.9945811204236317,0.9866534784557016,0.9939199497687309,0.9945823899038416,0.9853127649787956,0.9933524143845411,0.9943487792567784,0.9852599853600214,0.9933524343914452,0.9944417692080479,0.9852985227200136,0.9937108407204785,0.9940962890241631,0.9847912180741604,0.9927548318634398,0.9934724695100046,0.9847195287828886,0.9927549217257331,0.993490305080527,0.9847826640781269,0.9927548518580562,0.9932887052201191,0.9859257940634358,0.9926873077599084,0.9956567160125713,0.9873697937085777,0.9931169605120448,0.9948854409699914,0.9854553088684663,0.9932063108130457,0.9942091877609461,0.9847677127664609,0.9929043557530562,0.9938782323039628,0.98492417299113,0.9927544899355939,0.9936859106305747,0.9872317374804721,0.9929884066752069,0.9947441395536234,0.9873949593160913,0.9930215011003972,0.9948899062399699,0.9944511527704404,0.9983323728759824,1.000175764813782,206.0
0.9999964801440615,0.9999969549344384,0.9999972401787709,0.976845998700334,0.9799874945845438,0.9819234288418657,0.9911060074395625,0.9952639228782183,0.9965131069548375,0.9895166992018006,0.9939107856669811,0.9961022534759214,0.9893685780303221,0.9934723750954488,0.9963196285360755,0.9887534279351686,0.9933533799667191,0.9961062634657226,0.9884395195383792,0.9936102944614577,0.995442665270951,0.9882616872625876,0.9933231635869272,0.9952552213322698,0.9876707333929274,0.9936336280927297,0.9949572075740765,0.9878822085273739,0.9925486307889955,0.9958971091591073,0.9877208449087787,0.9925530030291172,0.995898325214116,0.9875555592340521,0.9915074764126744,0.9956043708707122,0.9893695130285407,0.9931214643568969,0.9962327483333234,0.9892789842664906,0.9934724039095988,0.9965151438720091,0.9875550022008323,0.991272698878625,0.995489960192235,0.9875543740923932,0.991081263889768,0.9954329291872311,0.9874143293576022,0.9900974757739506,0.9954488764060304,0.9874045504156755,0.9903251759193314,0.9952756857212111,0.9873973349929559,0.9898775509456509,0.9954559729294545,0.9872040340700328,0.9935018041705289,0.9945925213962387,0.9869535572188914,0.9933620696986765,0.9945464056722576,0.9872148311005768,0.9935018553959746,0.9943142277511201,0.9874892293656111,0.9936413334670002,0.9948172781798634,0.9874790467057278,0.9939257214967084,0.9948186087670144,0.9861453349067626,0.993352565265912,0.9945925685602479,0.9860927984827671,0.9933525852728091,0.994685889106513,0.9861312031980881,0.9937104472875351,0.9943419947247581,0.9856253270659435,0.992752544992355,0.9937179472907219,0.9855537629394747,0.9927526348543786,0.9937359238496438,0.9856168399837301,0.9927525649869107,0.9935347911625091,0.9867472413982293,0.9926952379491817,0.9958842129414913,0.988189388178996,0.9931277562958639,0.9951163613208506,0.9862872014037318,0.9932066818720424,0.9944513376608064,0.9856019884475052,0.9929030320614918,0.9941219215981061,0.9857579320311807,0.9927522030655356,0.9939305296749581,0.9880516892389587,0.9929995028345886,0.9949755204053954,0.9882142907210232,0.9930321377724509,0.9951208337014912,0.9951459319838525,0.9983490745967163,1.0003208803436239,207.0
0.9999964956657678,0.9999969604327782,0.9999972416815639,0.9769482952078002,0.9800245053453411,0.9819326625296393,0.9912245213329633,0.9953025496961277,0.9965277445656004,0.9896432013220432,0.9939498263982356,0.9961170295184896,0.9894935947023257,0.9935102424546615,0.9963322307587814,0.9888826172053852,0.9933917604027473,0.9961206958644105,0.9885731831355629,0.9936500304527744,0.9954599690636229,0.9883950646169913,0.9933632450352766,0.9952724600363105,0.9878107731320985,0.9936725511175553,0.9949771769013516,0.9880132597069846,0.9925860528797396,0.9959105008863964,0.9878523859648879,0.9925903115447934,0.9959117192066493,0.9876863591224803,0.9915433989977002,0.9956161197693062,0.9894946925730189,0.9931583927688219,0.9962440533461341,0.9894029876489272,0.9935102712699138,0.9965274149729151,0.9876857931109564,0.9913084661962603,0.9955015413613145,0.9876851605433903,0.9911168825659615,0.9954443873478404,0.9875461309291446,0.990130320450095,0.9954588553453247,0.9875363443688765,0.9903574867196033,0.9952853551070371,0.9875292684096365,0.9899100782545807,0.995465770310857,0.9873488131585606,0.9935401254593201,0.9946143375065516,0.9871005144621042,0.9934000600092034,0.994568908402982,0.9873608059463246,0.9935401766867288,0.9943370967089713,0.9876310899099073,0.9936799858968918,0.9948379118532565,0.9876208974908225,0.9939641834908585,0.9948390173478924,0.9862958050643041,0.9933898823682058,0.9946167066939353,0.9862432022876331,0.9933899023758452,0.9947101386744128,0.9862817175227359,0.9937458764129051,0.9943666381748951,0.9857804739914595,0.9927914959960348,0.9937432179318475,0.9857086626906725,0.9927915858615305,0.9937610576859405,0.985772501236831,0.9927915159913634,0.9935606389554635,0.9868815515239767,0.9927320460766381,0.9958976455014497,0.9883228392884872,0.993168060699179,0.9951336261940864,0.9864378262482746,0.9932447653828858,0.9944749798139527,0.9857563968557049,0.9929418325703738,0.9941463111915936,0.9859126534296607,0.9927911540560047,0.9939553540467727,0.9881851803904989,0.9930398194616212,0.99499283288243,0.9883476114381312,0.9930724866365824,0.9951380959193866,0.9952502012270699,0.9983867804347579,1.0003303018748986,208.0
0.9999964561944573,0.9999969562554049,0.9999972257746064,0.9766888679663444,0.9799972269194371,0.9818315522802215,0.9909196878930204,0.995270013794827,0.9963896744106201,0.9893460494549864,0.9939160440741598,0.9959815536902391,0.9891949361837986,0.9934758744415089,0.9961956170006394,0.9885887001101229,0.9933560021497566,0.9959863803595023,0.9882810723479337,0.9936174056828694,0.9953277382064336,0.9881031514175714,0.9933312804253212,0.9951399599226557,0.9875232958566962,0.9936404796344901,0.9948490386546265,0.9877204452817022,0.9925474388152772,0.9957764347334713,0.9875594516935923,0.9925509773196871,0.995777676919373,0.9873950217725328,0.9915040513488945,0.9954821848903818,0.9891961183294825,0.993123556129318,0.9961068597328286,0.9891033621799886,0.9934759032557651,0.9963905535955263,0.9873944427125186,0.9912688918327507,0.9953673092007832,0.9873938037358534,0.9910770978519499,0.9953099286747166,0.9872539176355903,0.9900903003792709,0.9953248092270762,0.9872441578325442,0.9903175530943791,0.9951520003875692,0.987236936674969,0.989869956912299,0.9953316006183794,0.9870644338158069,0.9935077773701376,0.9944878692408041,0.9868177957740766,0.9933672510770473,0.9944428082743586,0.9870767900421881,0.993507828595883,0.9942107944649943,0.9873448418312983,0.9936480987518282,0.9947110122720892,0.9873348333141024,0.9939337132220434,0.9947150241300198,0.9860157060265753,0.9933568524184361,0.9944917802575357,0.9859629481851104,0.9933568724254104,0.9945851281125456,0.9860017139682764,0.993711895521861,0.9942437297926295,0.9855051797575527,0.9927594018201926,0.9936180393329469,0.9854336071777009,0.9927594916827721,0.9936358503900196,0.985497588203677,0.9927594218148725,0.9934356320279217,0.9865877874967389,0.9926884801447864,0.9957637941337175,0.9880310001394365,0.9931365321235037,0.9950009210164423,0.9861580917314233,0.9932121209364301,0.994349451552647,0.9854798302494742,0.9929097819246419,0.9940209534975624,0.9856366894631178,0.9927590598912565,0.9938300839180747,0.9878931387654024,0.9930080981351944,0.9948598954533242,0.9880564628881005,0.9930422266865636,0.9950053398659472,0.9949857587942119,0.9983589700103583,1.0002271714917625,209.0
0.9999964273292299,0.9999969529493945,0.9999972051633833,0.9764975835341292,0.9799752353722707,0.9816973452673514,0.9907039614664918,0.9952460788860549,0.9962248177279639,0.9891358663266153,0.9938908057923804,0.9958173336837773,0.9889831142666463,0.9934499616698451,0.9960302428005338,0.9883817303034403,0.9933300522136199,0.9958221549127898,0.988074258054718,0.9935914106689057,0.9951662514907481,0.9878974601466143,0.9933074968658749,0.9949788181262399,0.9873186014601,0.9936118111096616,0.9946909085306194,0.9875148197627766,0.9925204592739085,0.9956109775524892,0.987353950835936,0.9925239969087655,0.9956122287946766,0.987190716609594,0.9914753647279625,0.9953147882866159,0.988984253056983,0.993097103717367,0.9959409794361999,0.9888905896806798,0.9934499904833488,0.9962248667014406,0.9871901215925145,0.9912399124502568,0.9951995553271704,0.9871894747421648,0.9910478446131955,0.9951419062525411,0.9870506236068579,0.9900586054291172,0.9951553443993173,0.9870408876911703,0.9902859529264316,0.9949831493483284,0.9870337707887732,0.9898378544390833,0.9951617697291256,0.9868612774719037,0.993476456460184,0.9943320452583038,0.9866153119335233,0.9933341692028186,0.9942881048428753,0.9868741122659568,0.9934765076843237,0.9940550778201778,0.9871407574221277,0.9936185387333446,0.9945540596087831,0.9871308389593777,0.9939047798689981,0.9945594860827496,0.9858152293312462,0.9933227807575137,0.994342250690656,0.9857627572489291,0.9933228007638076,0.9944356179789094,0.9858015582945825,0.9936811479592402,0.9941021318829985,0.98530386636432,0.9927196840200979,0.9934646475244391,0.9852322546687436,0.9927197738790935,0.9934822129182556,0.9852968489403341,0.9927197040139794,0.9932823653124623,0.9863831029028497,0.9926616154908899,0.9955983531186865,0.9878262370576668,0.9931141469801662,0.9948401810694344,0.9859567415795091,0.9931766967585225,0.9941966483584327,0.9852780225793057,0.9928711536104073,0.9938679814265244,0.9854348081941253,0.9927193421048012,0.9936769346355796,0.9876891242419468,0.9929864261488942,0.9946998166895729,0.9878522607257666,0.9930209347569676,0.9948445560696145,0.9947908073819695,0.998336560696119,1.000090347746988,210.0
0.9999964045146148,0.9999969504129809,0.9999971797290499,0.976345679247503,0.9799584820847604,0.9815306717745309,0.9905373135328646,0.9952268399011817,0.9960263296871266,0.9889729752175063,0.9938727815917023,0.9956148352871524,0.9888197771221475,0.993431359960723,0.9958272098698793,0.9882197129075478,0.993310897094493,0.9956176077196733,0.9879156424823328,0.9935763957025868,0.9949628581191693,0.9877381582287731,0.9932933595264957,0.9947751151757187,0.9871668280648306,0.9935994484133508,0.9944883597549407,0.9873531671702086,0.9924996678884876,0.9954034189875066,0.9871923486287915,0.9925032570375399,0.9954046483273244,0.9870294526699933,0.991451764213928,0.9951027488676879,0.988820916142032,0.9930780399455833,0.9957374013786646,0.9887269849174799,0.9934313887736844,0.9960219220703804,0.9870288660410894,0.9912161946819874,0.9949875267577261,0.987028223125824,0.991024046204978,0.9949299124410003,0.9868903859947189,0.9900284213572249,0.9949362506086961,0.9868807198823488,0.9902567698990482,0.9947658811817157,0.9868736560453489,0.9898066529381325,0.9949414684668672,0.9867141687309674,0.9934666060166728,0.9941302260931782,0.986470748885352,0.9933259469702066,0.9940868271505514,0.986727622304141,0.9934666572403169,0.9938534028914501,0.9869907714813474,0.9936070600046875,0.9943516864174534,0.9869808204042855,0.9938928999148119,0.9943565988672324,0.9856759756527176,0.993316824476963,0.9941446317348781,0.9856241951540027,0.9933168444831478,0.9942382025794647,0.9856625223268407,0.9936766116446173,0.9939097351781481,0.9851676447725448,0.9927156904053189,0.9932640737870935,0.9850960168956373,0.9927157802640011,0.9932813858698151,0.9851617632517745,0.9927157103991314,0.993082213677516,0.9862217417016739,0.992641136431923,0.9953907649050051,0.9876673924913124,0.9931005300939085,0.994636879982525,0.985815601194701,0.9931701620914827,0.993996376898771,0.9851391302370327,0.9928664368229306,0.9936675232097879,0.9852973547038909,0.9927153484912143,0.9934763931369708,0.9875309494664886,0.9929734283495911,0.9944971012326426,0.987693557622881,0.9930077945043917,0.9946412351106438,0.9946360068398108,0.9983194842736111,0.999920444515334,211.0
0.9999963787709529,0.9999969468866433,0.9999971575859751,0.9761750939087992,0.9799353545430609,0.9813863318812015,0.9903450299154392,0.9951998343060902,0.995850277310406,0.9887803523652423,0.9938443472462051,0.9954347407302561,0.9886270180938795,0.9934021612474027,0.995646858585971,0.9880264206109464,0.9932816975190167,0.9954351627346714,0.9877241014638745,0.9935471018997796,0.9947816562205861,0.9875461033145331,0.9932643738192635,0.9945935228740016,0.9869776518255804,0.9935694119026484,0.994307516562123,0.9871602118041461,0.9924693609257448,0.99521847180528,0.9869994637259196,0.9924730269124661,0.9952196280795165,0.986836791689133,0.9914192868003477,0.994914404442159,0.9886280260449304,0.9930482297000883,0.9955565371468789,0.9885342427188081,0.9934021900595157,0.995841801585962,0.9868361384892054,0.991182991038999,0.9947980263310152,0.986835463074698,0.9909901041504162,0.9947394957396738,0.9866987626869539,0.9899931567553444,0.9947459253521076,0.9866891847582498,0.9902228778816177,0.9945778728968456,0.9866821541885044,0.9897708077964175,0.9947505196293028,0.9865254812540505,0.9934359603125724,0.9939491705701784,0.9862820956121389,0.9932949397507009,0.9939056176348932,0.9865394346328571,0.9934360115346434,0.9936724413592912,0.986801784990577,0.9935767757530071,0.9941707883091833,0.9867918425082028,0.993862549951514,0.9941758302986606,0.9854891246876125,0.9932864227047644,0.9939651434017153,0.985437965617256,0.9932864427103429,0.9940589016316864,0.9854758385160842,0.993646697015072,0.9937341438260853,0.9849741491386634,0.9926852354205673,0.9930785009210912,0.9849012085024684,0.992685325276521,0.9930949792939173,0.9849684564106872,0.9926852554137726,0.9928964615813638,0.9860292290392461,0.9926115069879311,0.9952057253211011,0.9874754259305276,0.9930717273570943,0.9944553369256592,0.9856270665234305,0.9931395612160535,0.99381481650583,0.984948316083916,0.9928363903693433,0.9934841403378398,0.985105032188248,0.9926848935168432,0.9932919257950683,0.9873391156290253,0.9929447365363329,0.9943156436849103,0.9875018097464056,0.9929795606485133,0.994459668592666,0.9944621512984952,0.9982959084944963,0.9997732933360912,212.0
0.9999963416656349,0.9999969383856284,0.9999971469603862,0.975931573931272,0.9798793627009378,0.981319709036548,0.9900565408010722,0.9951357800428773,0.9957544890264312,0.9884935002704754,0.9937771531791639,0.9953407143307353,0.9883404158496315,0.9933363950950158,0.9955551692903021,0.9877400077713636,0.993214324588998,0.9953407976600006,0.9874385099861002,0.9934755003051855,0.9946889582553611,0.9872605214073535,0.9931929942195056,0.994501027432466,0.9866923286653794,0.9934936452931623,0.9942166972837424,0.9868747789746175,0.9924017296149826,0.9951238833576371,0.9867140828213538,0.9924054230276382,0.9951249990116124,0.9865526097227073,0.9913510449944748,0.9948197202693336,0.9883415458926588,0.992983606162111,0.9954664185437007,0.9882476990037629,0.993336423905225,0.995750336493944,0.9865519613940256,0.9911146862896192,0.9947033442864057,0.9865512882950287,0.9909217636613818,0.9946448295941923,0.9864132441687579,0.9899238745480835,0.9946498791548025,0.9864036383725635,0.9901528333124924,0.9944811032953947,0.9863964657722176,0.9897015103436522,0.9946544099852712,0.9862420152246227,0.9933564004674785,0.9938604466151465,0.985999631321125,0.9932129751774819,0.9938180167137936,0.9862562188530122,0.9933564516854507,0.9935837419384576,0.9865171875439566,0.9934996205954119,0.9940809550714802,0.986507301078282,0.9937857376243797,0.994086873521121,0.9852103382517002,0.9932015381052925,0.993881800507819,0.985159860091336,0.9932015581091624,0.9939758954634518,0.9851972119215179,0.9935621898426243,0.9936544970215636,0.9846958573731014,0.9925954291071434,0.9929941855998421,0.9846232695122936,0.9925955189549664,0.9930106746835201,0.9846911121682783,0.9925954490985379,0.9928125892843896,0.9857438992303872,0.9925438016071129,0.9951111126348029,0.9871899753858375,0.9930004558333682,0.9943630281831354,0.9853464449509227,0.9930545222037681,0.9937290948920131,0.9846679029081153,0.9927479441848719,0.9933991283949153,0.9848253216849636,0.9925950872343575,0.9932073026739473,0.9870539773420657,0.9928737889139069,0.9942235974980962,0.9872164248987116,0.9929086212254552,0.9943673450433542,0.9942139142108118,0.9982388378963742,0.9997053246314073,213.0
0.9999962987612008,0.9999969350656831,0.9999971405845918,0.9756503129001767,0.9798574016100611,0.9812823170685407,0.9897215854781619,0.9951110547817231,0.9956864011353972,0.9881591582337798,0.9937527356022039,0.99527375989938,0.9880052063068566,0.9933124811144095,0.9954887934682389,0.9874056489147197,0.9931897976151135,0.9952734614564182,0.9871057043616627,0.9934515165798601,0.9946233969908245,0.9869293290992458,0.9931707796526436,0.9944364229701046,0.9863590911574128,0.9934681098204213,0.9941516145993908,0.9865403301997835,0.9923770440592429,0.9950558756853285,0.9863797424805264,0.9923807766771673,0.9950569646953092,0.9862174093826003,0.9913257769339886,0.994750837952828,0.9880063467091936,0.9929600952047852,0.9954007278962681,0.9879119613269558,0.9933125099239267,0.9956837940325926,0.9862167979764758,0.9910896675074448,0.9946349727964283,0.9862161428293365,0.9908970343331808,0.9945768792888826,0.9860772239729145,0.9898964648834517,0.9945782743860949,0.9860676519252921,0.9901258757040003,0.9944104333649402,0.9860603333535668,0.9896737498012877,0.9945823026378043,0.9859081030762046,0.9933296243540364,0.9937956828237816,0.9856660035836753,0.9931854756832212,0.9937538367632103,0.9859211290589348,0.9933296755706283,0.9935181450713659,0.9861836875649185,0.9934735678410789,0.9940159582913505,0.9861737867250754,0.9937594893214191,0.9940216976357865,0.9848766519747831,0.9931728038546279,0.9938200442206122,0.9848261274614795,0.99317282385792,0.9939141716703737,0.9848636658352357,0.993533592160745,0.9935959994340837,0.9843626912094572,0.9925650016924931,0.9929313691370986,0.9842903540918553,0.9925650915375621,0.9929479121226558,0.9843580631307699,0.9925650216832744,0.9927498010783933,0.985410294942454,0.9925196032440515,0.9950430807541445,0.9868595823486129,0.9929793430484486,0.9942988449602598,0.9850128225187814,0.9930257314852402,0.9936659296739502,0.9843341587320649,0.9927178266010344,0.9933361659657327,0.9844917756013342,0.9925646598301862,0.9931444185044056,0.986724335986648,0.9928534295926484,0.9941600743501927,0.9868865189147752,0.9928884483495604,0.994303123420468,0.9939272013039767,0.9982164556234773,0.9996671282048424,214.0
0.9999963218400554,0.9999969354043988,0.9999971489104948,0.9758027054330767,0.9798601318046951,0.9813354975149482,0.9898963674093306,0.9951117886071412,0.9957573317591921,0.9883373003175971,0.9937518841716473,0.9953451006728921,0.9881833292425467,0.9933090212881902,0.9955569121868726,0.9875846982022701,0.9931892602481139,0.9953452643977277,0.9872868224732676,0.9934486649360543,0.9946974884193189,0.9871107634482811,0.9931677751976358,0.9945110542545905,0.9865413972059144,0.9934634664038062,0.9942280175608927,0.9867209821382481,0.9923769597222424,0.9951284846421165,0.9865605845022564,0.9923808400635998,0.9951296214774569,0.9863995149861733,0.9913254667128051,0.9948244346516031,0.9881843041318239,0.9929545482456243,0.9954661762358021,0.988090196929473,0.993309050097603,0.9957519824666686,0.9863988972086043,0.9910892856474164,0.9947084919131441,0.9863982389167781,0.9908965794434604,0.9946503410709311,0.9862572469069114,0.9898958567653933,0.9946510362154762,0.9862476732101927,0.9901251694178013,0.9944830791931173,0.9862400848734916,0.9896731183154445,0.9946549734908763,0.9860914657118943,0.9933236695693575,0.9938742464565838,0.9858501137683621,0.9931788067725913,0.9938337925701294,0.9861042876818068,0.9933237207856398,0.9935968213794713,0.9863663912929156,0.9934683271446804,0.9940930357512916,0.9863564481136118,0.9937537957465237,0.994098011422618,0.9850623649050365,0.9931655539985896,0.9939048222804089,0.9850120751570292,0.9931655740017368,0.993999255830928,0.9850495540867734,0.9935273580135207,0.9936847788771054,0.9845503051048361,0.9925562811800015,0.9930164357839624,0.984478219100668,0.9925563710242815,0.9930331355558619,0.9845462341186209,0.9925563011706069,0.9928354579019238,0.9855925312491159,0.9925207688570757,0.995115692509992,0.9870409102536027,0.9929762282795006,0.9943735259902708,0.9851978540169849,0.9930180678172102,0.9937482854922852,0.9845199848514008,0.9927089703418756,0.9934197690148354,0.9846784228131071,0.992555939320696,0.993228747632267,0.9869056845781656,0.9928503366305966,0.9942348073426078,0.9870676749655284,0.9928852838957873,0.9943778056707693,0.9940825242479323,0.9982192268447024,0.9997213636507052,215.0
0.9999964203896693,0.9999969326234684,0.9999971887405954,0.9764516723815021,0.9798415363450526,0.9815882718546892,0.9906523725118725,0.9950916565820052,0.9961030309854837,0.9890964060331503,0.9937329954398715,0.995700454948473,0.9889428529628372,0.9932955027760172,0.9959195123563931,0.9883464671524796,0.9931709839041073,0.995702095024972,0.988044904861578,0.9934286195878627,0.9950575821511124,0.9878679811880796,0.993147332805086,0.9948709083426498,0.9872982781227909,0.9934432193709548,0.9945920754578839,0.9874861296330182,0.9923595669767994,0.9954874278404883,0.9873259837721624,0.9923635624510408,0.9954885424582868,0.9871685026245379,0.991308556681494,0.9951867896659915,0.9889441456273833,0.9929453268007369,0.9958349030937712,0.9888497328760446,0.9932955315850446,0.9961143346895027,0.9871678664488414,0.991072286804432,0.9950707251712337,0.9871671991449515,0.9908794661662714,0.9950124779301923,0.9870249117012001,0.9898803581311085,0.9950156088378879,0.9870153209497902,0.9901093845920367,0.9948469526776315,0.9870075797193906,0.989657849069989,0.9950199451502123,0.9868471255145574,0.9933027672108639,0.9942404255118472,0.9866050483922132,0.9931573165251443,0.9942006527695124,0.9868597427936185,0.9933028184260748,0.9939634646063472,0.9871228273712294,0.9934480126705,0.9944582407352858,0.9871130050718344,0.9937343807845644,0.9944648316392006,0.9858152149871953,0.9931446624944598,0.9942733318288225,0.9857645099844754,0.9931446824971899,0.9943676482725995,0.9858025204447949,0.9935065837392935,0.9940554855241364,0.9853007557928795,0.9925364058369983,0.9933849505999256,0.9852287173088172,0.9925364956794994,0.9934018003451973,0.9852956995440068,0.9925364258272078,0.9932038118793705,0.9863594732865226,0.9925044314084891,0.9954745528223798,0.9877978494419271,0.9929555473603514,0.9947333196817028,0.9859517362235689,0.9929971278719703,0.9941162067302843,0.9852726122139158,0.9926887832129122,0.993787921202147,0.9854298635759335,0.9925360639844631,0.993597073002511,0.9876623491907114,0.9928293953341459,0.994594484999882,0.9878245395656812,0.9928646373401696,0.9947375989835936,0.994744009849772,0.9982002786424615,0.9999791911901194,216.0
0.9999965149641926,0.9999969424642589,0.9999972309561611,0.9770744819881875,0.9799063398497205,0.9818585432552667,0.9913772842473063,0.995166034041017,0.9964613512439793,0.9898251095878213,0.9938108270798298,0.9960620456570439,0.9896720069121033,0.9933736561395531,0.9962809152099545,0.9890775498612661,0.99324918585542,0.9960631249636471,0.988774540189535,0.993509045371535,0.9954249539835079,0.9885980161464163,0.9932285540382106,0.9952389984160589,0.988027724033719,0.9935257857229153,0.9949631736730318,0.9882189729757108,0.9924382991162094,0.9958469489425121,0.9880593129753867,0.9924426741636349,0.9958480544314742,0.9879015987486296,0.9913856663616,0.9955441029699859,0.9896735603002521,0.9930237374613966,0.9961963700861566,0.9895789612158573,0.9933736849508451,0.9964755766360445,0.987900958607602,0.9911494537824544,0.9954281266129663,0.9879002893426603,0.9909566674152532,0.9953699467659767,0.9877567595964921,0.9899527133979396,0.9953663895557081,0.9877472121549611,0.9901826876008676,0.995198688131712,0.9877392578738056,0.9897294338537289,0.995369722908261,0.9875740427294242,0.993387026310897,0.9946129003966263,0.9873306078979892,0.9932425549419012,0.9945736476158924,0.9875861809203424,0.9933870775304612,0.9943362315416298,0.9878513099241107,0.9935312924146563,0.9948299667709647,0.9878415323617641,0.9938179641601087,0.9948370385185211,0.98653411517022,0.9932321007191285,0.994647648267948,0.986482055311482,0.9932321207236272,0.9947412838395947,0.9865216521535615,0.9935965120989134,0.994435156711235,0.9860180123768854,0.9926236501064949,0.9937589818004111,0.9859455189062694,0.9926237399569205,0.9937758042504059,0.9860119690558208,0.9926236700984681,0.9935777052341052,0.9870956469234178,0.9925858733941939,0.9958339577179476,0.9885283070674554,0.9930372664454299,0.995101852177921,0.9866740645443779,0.9930835529957368,0.9944901194891053,0.985993291199854,0.9927761560834407,0.994161842355921,0.9861486035491502,0.9926233082238065,0.993971053762303,0.9883933408783633,0.9929116187715639,0.9949636323722252,0.9885549563908489,0.9929464113594368,0.9951061302631963,0.995378835627042,0.998266331850488,1.0002548236789708,217.0
0.9999965977222323,0.999996948982069,0.9999972661804891,0.9776192674304062,0.9799491894401173,0.9820836589576893,0.9920126231025528,0.9952157209589945,0.9967634121646731,0.9904622488604279,0.9938619560523205,0.9963670846731272,0.9903089095579737,0.99342422184605,0.9965848398863965,0.9897158792054096,0.9933005835506431,0.9963682047116437,0.9894122209055063,0.9935611331573962,0.9957347398319834,0.9892361451294218,0.9932814276831152,0.9955488838930332,0.9886647068117637,0.9935781766223118,0.9952767843109848,0.9888586273039381,0.9924900823519854,0.9961519282303859,0.9886992217361374,0.9924946210429569,0.9961530741478148,0.9885419171719234,0.9914369525015153,0.9958487181416604,0.9903104695970765,0.9930738524015149,0.9964997483030618,0.990215716694641,0.9934242506588069,0.9967792425324962,0.9885412699165962,0.9912007833406029,0.9957327748692006,0.9885405971851959,0.9910080133494991,0.9956746146777032,0.9883958199754285,0.9900021946139939,0.9956680496327311,0.9883862922734163,0.9902327313910413,0.9955007184202588,0.9883781509645356,0.989778590447871,0.9956709387193656,0.988208594818374,0.9934391325118295,0.9949276198314952,0.9879640509291582,0.9932942755956544,0.9948885981694646,0.9882199273767465,0.9934391837340865,0.9946509275285282,0.9884873841585153,0.9935837841598308,0.9951443772253868,0.988477734903464,0.9938714808849245,0.99515327007636,0.9871626618892597,0.993283162854488,0.994962128509049,0.987109637208294,0.993283182860018,0.9950552652744076,0.9871502671439033,0.9936471836313586,0.9947507676318844,0.9866476730401192,0.9926745372361595,0.9940761155170151,0.9865753960481723,0.9926746270912034,0.9940932055149063,0.9866411664751148,0.9926745572291601,0.9938949415731446,0.9877368078996669,0.9926383342568353,0.9961389402462698,0.9891666344888578,0.9930906814329753,0.9954117104063781,0.9873050916632261,0.9931347732524948,0.994805437851607,0.9866237390014694,0.9928270115712331,0.9944779713049549,0.9867784884944021,0.9926741953358984,0.9942876844745107,0.989031549869835,0.9929649084155591,0.995273483832266,0.9891940830086778,0.9930010834615801,0.9954159410916493,0.9959341354320628,0.9983100102319181,1.000484417766684,218.0
0.999996600780557,0.9999969482325144,0.9999972720439093,0.9776399976005855,0.9799443402422191,0.9821223497901949,0.992033070174466,0.995209892733864,0.9968079970589475,0.9904844438613161,0.9938551549684208,0.9964123744073315,0.9903303193886144,0.9934165759488891,0.9966288117490205,0.9897396990196846,0.9932948948720578,0.996414911622186,0.9894346732996387,0.9935516904300682,0.9957796328183104,0.9892577561151836,0.9932714167340216,0.9955928224557332,0.9886878539412548,0.9935664099644427,0.9953226328169377,0.9888846366159619,0.9924860010988149,0.9962003456660451,0.9887254101550678,0.9924907925830807,0.9962014997890305,0.9885705001509688,0.9914338934140505,0.9958997508675262,0.9903317565477197,0.9930655305221627,0.9965428872438253,0.9902367476416801,0.9934166047614232,0.9968230484459297,0.9885698703064252,0.9911979444192547,0.9957841235439905,0.988569206105621,0.991005392741299,0.9957262092567697,0.9884233071438272,0.9900007976514583,0.9957201161629383,0.9884137868264588,0.9902316448404743,0.995553001632098,0.9884054940330493,0.9897773613329586,0.9957231054277067,0.9882318207443135,0.9934255346128936,0.9949742575426236,0.98798725464922,0.9932796210790414,0.9949357614999248,0.9882432672002626,0.993425585834444,0.9946977304224461,0.9885105538869932,0.9935712428509315,0.995190402973772,0.9885008671759539,0.9938585967875283,0.9951986796641631,0.9871846833373474,0.9932667906655572,0.9950101914473564,0.9871313364243597,0.9932668106707555,0.995103134836439,0.9871723516721048,0.9936303961622138,0.9948001032541237,0.9866736303680003,0.9926550398981764,0.9941273395216358,0.9866014840347032,0.9926551297514454,0.9941445496492978,0.9866683156546951,0.9926550598907814,0.9939469958931658,0.987764071115806,0.9926358775905629,0.9961873143305685,0.9891877394014843,0.9930803529468565,0.9954550984375533,0.9873279252220188,0.9931185692978576,0.9948534863834405,0.9866476592679478,0.992809243069275,0.9945274300016881,0.986802901392841,0.9926546980046681,0.9943380788270034,0.9890518221854908,0.9929537767124809,0.9953161053573767,0.9892151336645127,0.9929907841739724,0.995459327353914,0.9959552526358777,0.9983050662505581,1.0005238532901426,219.0
0.9999965514081299,0.9999969458929733,0.9999972491421968,0.9773148078251651,0.9799291089916445,0.9819756910551132,0.9916546616103461,0.9951914656175322,0.996613046060824,0.9901048036887019,0.9938360368394613,0.9962133744179775,0.9899494058662495,0.9933963635036689,0.996427579999624,0.9893607719324227,0.9932766729657588,0.9962157643510885,0.9890538157236359,0.9935305609398778,0.9955770652916515,0.9888755839491542,0.9932493875323023,0.9953892254598651,0.9883081381756262,0.993544561659791,0.9951186420365339,0.9885052606796113,0.9924690740101053,0.9959999128992066,0.98834613682841,0.9924743250235173,0.996001089661202,0.988190367931839,0.9914166112867205,0.9956972703810187,0.9899508031386779,0.9930444424217385,0.9963401456971317,0.9898551001431809,0.9933963923156128,0.9966216102220449,0.9881897248416033,0.9911805618126746,0.9955813752008926,0.9881890542702916,0.9909878995197683,0.9955232355206809,0.9880418713852113,0.9899827515771032,0.9955146589516881,0.988032308730084,0.9902129788325834,0.9953465922493653,0.9880238949806073,0.9897593134092183,0.9955174101138381,0.9878520587629541,0.9934034118711826,0.9947693725540501,0.9876075423457673,0.99325746351064,0.9947307616489888,0.9878634683654712,0.9934034630915937,0.9944924841311047,0.9881308046261069,0.993549154844994,0.9949858425256342,0.9881210412799106,0.9938358548292127,0.9949930180902959,0.9868063500849572,0.9932451824147055,0.9948061713628246,0.9867535243394374,0.993245202419473,0.994899289890234,0.9867940964409774,0.9936087653991721,0.9945979845699083,0.9862954350291419,0.9926343926681587,0.9939216372813598,0.9862230269166274,0.9926344825195897,0.99393865184382,0.9862910979714047,0.9926344126603545,0.9937415802415812,0.9873855350431869,0.992621905828509,0.9959868146543026,0.988805061578206,0.993057752625468,0.9952511396358343,0.9869482053224631,0.993096969644916,0.9946482373113434,0.9862678799139484,0.9927883962260723,0.9943219391049208,0.9864239118894118,0.9926340507816438,0.9941324708409085,0.9886686485691165,0.9929306910763632,0.9951116190423649,0.9888324840167136,0.992968351796129,0.9952553605746841,0.9956237900076715,0.9982895366903816,1.0003742825019928,220.0
0.9999965167271496,0.9999969398071176,0.9999972235750209,0.9770855561086081,0.9798892078154644,0.9818095190545292,0.9913927238566639,0.9951448352075322,0.9964071294949056,0.9898362155857892,0.9937862894036398,0.9960000413792025,0.9896805688359814,0.9933448925963914,0.9962120999813212,0.989089708201343,0.9932268866002336,0.9959992425095844,0.9887815720926261,0.9934768901370867,0.9953604910161428,0.9886031571617256,0.9931958349576301,0.995172487799137,0.9880333626075791,0.9934880560900627,0.9949004124577585,0.9882315874745433,0.9924192304829239,0.9957791891368282,0.9880723468028696,0.9924248365123151,0.9957802696111142,0.9879139665380431,0.991365064353106,0.9954707071294262,0.9896817838705422,0.992991592474036,0.9961226339251665,0.989586250625304,0.9933449214068367,0.996406366016798,0.9879133238514161,0.9911289982777037,0.9953547626606809,0.9879126535038218,0.9909363210266223,0.9952965815075764,0.9877635009852015,0.9899265797673551,0.9952793429517446,0.9877538440256212,0.9901552468293378,0.9951089284578496,0.9877452826752647,0.989702784283724,0.9952813231675618,0.9875754539620738,0.9933443844755961,0.9945502471952994,0.9873299596468557,0.993196859494688,0.9945113493538726,0.9875867160919315,0.9933444356929775,0.994272770798593,0.9878553298634652,0.9934917039027902,0.9947673463526082,0.987845587751979,0.9937785230786187,0.9947749007596868,0.9865285366966574,0.9931842365234047,0.9945866772146711,0.9864759963535038,0.9931842565269553,0.9946795749683615,0.9865163964984762,0.9935486071793278,0.9943812953748714,0.9860170137251263,0.9925720093791495,0.9937004501576844,0.9859439175663679,0.992572099224996,0.993716961454911,0.9860143081807943,0.9925720293701014,0.9935209069836617,0.9871112402224879,0.9925747181249627,0.9957658960253867,0.9885327469769257,0.9930042460904513,0.9950345751097497,0.9866696034040079,0.9930357030628563,0.9944281767217118,0.9859876047807584,0.9927263025048204,0.9941013549550622,0.9861444145839463,0.9925716675138844,0.99391159075227,0.9883966411897328,0.9928774705034689,0.9948952954642397,0.9885600490429985,0.9929148044933892,0.9950387964890843,0.9953901309541697,0.9982488619986849,1.000204863063422,221.0
0.9999964924880361,0.9999969337796953,0.9999972123534246,0.9769238650061527,0.9798476343547373,0.9817353174527045,0.9912168634304978,0.9951065689661159,0.996321777120788,0.9896528494499912,0.9937480257171486,0.9959151545051912,0.9894960712093163,0.9933080987518883,0.9961287712056367,0.9889050655038962,0.9931904642706075,0.9959162834352497,0.9885918596124338,0.9934374243829679,0.995271403061411,0.9884139970898844,0.9931567996257288,0.9950836419341724,0.9878386091435205,0.9934485556277551,0.9948079692520356,0.9880457624508687,0.992385475750583,0.9956995190445644,0.9878861785478087,0.9923912585339214,0.9957005680143471,0.9877286742772843,0.9913349628795052,0.9953963271835682,0.9894972316506637,0.9929559748025043,0.9960409119608846,0.9894011150849145,0.9933081275612585,0.996322767001985,0.9877280213517433,0.99109882419928,0.9952802043982295,0.9877273460654571,0.9909060670526448,0.9952218741706912,0.9875774230187149,0.989906324688321,0.9952170901478875,0.9875677519306063,0.9901349652031239,0.9950464065692475,0.9875591044770894,0.9896838187642696,0.9952206938544752,0.9873786444983478,0.9933045428548533,0.9944560087782468,0.9871321846271472,0.9931566886630819,0.9944161798139631,0.9873894875792454,0.9933045940701939,0.9941777515980392,0.9876598019276548,0.9934521913211415,0.9946744695473769,0.9876501390436512,0.9937395903352025,0.9946832752564818,0.986328340512542,0.9931432792045424,0.9944890717809522,0.9862756988287837,0.9931432992072788,0.994581393185564,0.986316271891755,0.9935077699716857,0.9942853749495824,0.9858159652037034,0.9925294568279496,0.9936019375305717,0.9857426314658038,0.9925295466700087,0.9936181181090169,0.9858143916094223,0.9925294768180579,0.9934225317832193,0.9869231651133316,0.9925420588548066,0.9956861453820657,0.9883438497803861,0.9929654564645197,0.9949459893677272,0.9864696409381154,0.9929946964839136,0.994331384603611,0.9857852113476309,0.9926844057493688,0.9940037591365062,0.9859424437988079,0.9925291149770936,0.9938135533361172,0.9882081674269497,0.992839097688547,0.9948070802597913,0.988370966328137,0.9928758586448649,0.9949502156937011,0.9952253619828589,0.9982065325905016,1.0001292412026996,222.0
0.9999964628783055,0.9999969312815011,0.9999971974017335,0.9767275639070013,0.9798301896754549,0.981638177765484,0.9909961779023916,0.9950912176522991,0.996201139185862,0.9894273032199314,0.9937340870253273,0.9957921293375136,0.9892702378270615,0.993293363795306,0.9960045075118613,0.988678454960797,0.9931784215345743,0.9957943941223681,0.9883627247268204,0.9934242561404986,0.9951443237676324,0.9881845411859281,0.9931436416119739,0.9949564998014353,0.9876085591201963,0.9934376700908413,0.9946781359213852,0.9878169559525348,0.9923761776593384,0.9955790682173752,0.9876572019609108,0.9923823058560578,0.9955800642546144,0.9874980293138056,0.9913284020175686,0.9952784629438658,0.9892712976746068,0.9929406027127459,0.995915584597876,0.9891751849081887,0.9932933926042364,0.9961985580550942,0.9874973634592803,0.9910921663465634,0.995162102682057,0.9874966819330364,0.9908993021638561,0.9951035739467098,0.987346400850493,0.9899072365933466,0.9951082552485344,0.9873368420699683,0.9901381973886771,0.9949406446374418,0.9873280154037358,0.9896853396206179,0.9951125509933595,0.9871476418814433,0.9932956748113491,0.9943242237328913,0.9869004017027923,0.9931490774572581,0.994283353124839,0.987158920186592,0.9932957260262434,0.9940457814364486,0.9874293859621976,0.9934420662772694,0.9945438971343649,0.9874197249229661,0.9937293894298806,0.9945527585549467,0.9860942314457171,0.993138522836133,0.9943537368793175,0.9860412617221768,0.9931385428387867,0.9944454187535738,0.9860822629421533,0.9935036997191325,0.9941525249774301,0.9855830298025037,0.9925297479616888,0.9934643975637378,0.9855093423418186,0.9925298378038574,0.9934802257793424,0.9855821521381237,0.992529767951822,0.9932848905058053,0.9866935065997389,0.9925353972441258,0.9955655438290728,0.9881145454369152,0.9929522622525139,0.9948191571112194,0.9862363435085225,0.9929896607421971,0.9941967027941453,0.9855506313004634,0.9926822536803134,0.9938677267544488,0.9857091986835232,0.9925294061104182,0.9936766829740982,0.9879793458383992,0.9928263680668161,0.994680660078556,0.9881414352610831,0.9928624306238716,0.9948233913989828,0.9950253007488952,0.9981887741174903,1.0000302055367345,223.0
0.9999964468619201,0.9999969263581877,0.9999971794439122,0.9766205647792864,0.9797973742412524,0.9815199079945243,0.9908807422479907,0.9950555707570713,0.9960634789336309,0.9893080988749422,0.9936969218001555,0.9956519286488369,0.9891517860493573,0.9932562272307076,0.9958649835850976,0.9885582599115192,0.9931420351296615,0.9956539097129226,0.9882400141226715,0.9933844371494186,0.995000840055295,0.9880626279634035,0.9931039078314954,0.9948135841665836,0.9874820352302811,0.9933959846812757,0.9945317839297668,0.9876955363478761,0.9923409186704228,0.9954383137620127,0.9875356184019045,0.9923472850750856,0.9954392704789984,0.9873760920098396,0.9912939118894154,0.9951375686647116,0.9891527312465668,0.9929034891082235,0.9957760705331028,0.9890572707691092,0.9932562560385568,0.996059432733842,0.9873754379237422,0.9910577929894,0.9950213785179916,0.9873747621589322,0.9908650467733311,0.9949629827757878,0.9872257492541621,0.9898741471346965,0.9949691687296933,0.9872161793430855,0.9901050647167609,0.9948013397813879,0.9872075332825446,0.9896524397625894,0.9949737348255788,0.9870186836306158,0.9932525833149477,0.9941764624340226,0.9867698252594282,0.9931052021849484,0.994134966032487,0.9870302541633873,0.993252634527628,0.9938978845471298,0.9873019183766487,0.9933997584247577,0.9943968847322089,0.9872922211802068,0.9936866833120653,0.9944051686286414,0.985958872451933,0.993093514872613,0.9942031819292444,0.9859052576587926,0.9930935348743674,0.9942941276213081,0.9859469914363359,0.9934591874018244,0.9940040731511579,0.9854482798485376,0.9924834536159803,0.9933139655298882,0.9853742378185737,0.9924835434540059,0.9933294947466529,0.985448407319314,0.9924834736051913,0.9931347163247286,0.986571010188393,0.9925016601218531,0.9954246873755269,0.9879927606487864,0.9929125596142219,0.9946764436121697,0.9861026255986708,0.992944450875958,0.994047207853436,0.9854144873540215,0.9926354982226009,0.9937178413550461,0.9855737338658486,0.9924831117804742,0.9935265050749303,0.9878578776520005,0.992786958120374,0.9945382204423096,0.9880193425050201,0.9928223544890425,0.9946806917889311,0.9949162672918237,0.9981553356224864,0.999909656813425,224.0
0.9999964237235227,0.999996925823976,0.999997161157062,0.9764673336851953,0.9797940406158324,0.9814010906495694,0.9907071614288739,0.9950509218575563,0.9959162417676212,0.9891358221040784,0.9936905983214839,0.9955024895634509,0.9889805111978934,0.9932501922903044,0.9957163073950014,0.9883882681215399,0.9931359986929678,0.9955049648828058,0.9880649862094413,0.9933752481192821,0.994848138511327,0.9878874969927238,0.9930947149067685,0.994660683925462,0.9873048204389028,0.9933841620636648,0.9943767702796165,0.9875263201460702,0.9923352970389632,0.9952887961627679,0.9873663237932157,0.9923418725715696,0.9952897098815218,0.9872088759244212,0.9912879958754848,0.994987456116157,0.9889814755234425,0.9928976850184071,0.995627452026206,0.988886582795266,0.9932502210979777,0.9959111709444467,0.9872082320250423,0.9910519977748758,0.9948714055367635,0.9872075612763263,0.9908593691858856,0.9948131139332275,0.987058448680484,0.9898668108857464,0.994816144025088,0.9870489182233239,0.9900985435870668,0.9946494300659727,0.987040215481277,0.9896447892578685,0.9948201543000896,0.9868392591865228,0.9932388334265256,0.9940200726115174,0.986589243143821,0.993090402928509,0.9939781808704942,0.986850565156144,0.9932388846384982,0.9937410718069855,0.9871238386955811,0.9933870578174862,0.9942411127064426,0.9871140682982602,0.9936733161269662,0.994248279625498,0.9857757983364386,0.993077607816832,0.9940448463618411,0.9857219109278481,0.9930776278182687,0.9941354664584383,0.9857639285262886,0.9934424573319924,0.9938458970372982,0.98526538207112,0.9924676994148351,0.9931558582973263,0.9851912983631107,0.9924677892514624,0.9931712883133952,0.9852660831872649,0.9924677194037339,0.9929767011555223,0.9864010370454204,0.9924970462835645,0.9952750905045348,0.9878176412007621,0.9929033607920273,0.9945235433477226,0.985920255539543,0.992928878011955,0.9938896539210512,0.9852305389341558,0.9926192999412973,0.9935600470165477,0.9853902798734415,0.9924673575846485,0.9933685346331012,0.9876827987269674,0.9927777823876766,0.9943853208772087,0.9878442748524799,0.9928132805374392,0.9945277862328524,0.9947600966360133,0.998151933726361,0.9997885166295178,225.0
0.9999963949505836,0.9999969257354477,0.9999971507627722,0.9762777940262305,0.9797933253950672,0.981335192651986,0.9904865874087392,0.9950506963513639,0.9958253246409662,0.9889180374583665,0.9936900904807031,0.995413803237794,0.9887646995527681,0.9932508197954659,0.9956303543672286,0.9881701747247761,0.9931351546660315,0.9954162580869392,0.9878495883397624,0.9933746388139755,0.9947608086943786,0.9876731210253592,0.9930950618334705,0.9945742198523181,0.9870906454872934,0.9933830293286711,0.9942906087325002,0.9873067642925054,0.9923339677301255,0.9951993580552182,0.9871465486554197,0.9923403581420277,0.9952001745136467,0.9869882619669271,0.9912870378974317,0.9948974276828375,0.9887656512768952,0.9928992209997421,0.9955427072129877,0.988671964558649,0.9932508486031564,0.9958259514841183,0.9869876693849277,0.9910515481673898,0.9947821804133918,0.9869870237018624,0.990859446044562,0.9947245256903449,0.9868363754094293,0.9898648642840002,0.994722991643261,0.9868268652508112,0.9900969778973484,0.9945568819038543,0.9868179486877947,0.9896426533481876,0.9947264988316749,0.9866245321635108,0.9932372040084886,0.9939340472414055,0.9863738511642541,0.9930884514260107,0.9938921045105588,0.9866364097075339,0.9932372552203835,0.9936552998838662,0.9869094537075169,0.99338575042019,0.9941550511648154,0.9868996945781043,0.9936720883073906,0.9941624499878996,0.9855591149481819,0.9930766251135675,0.9939582608926371,0.985504919498578,0.9930766451149898,0.9940487041233778,0.9855472638210462,0.9934409026502652,0.993759699538515,0.9850508877169765,0.9924693875053747,0.9930696749765291,0.9849766355802707,0.9924694773421945,0.9930849997363568,0.9850522295872091,0.9924694074943166,0.9928908053590968,0.9861798264479961,0.9924944365464378,0.9951856011106285,0.98760388271224,0.9929042766529604,0.9944376091269025,0.9857043655523046,0.9929281274929844,0.9938033708017168,0.9850147901635231,0.9926201147267449,0.9934737607870261,0.9851752334073537,0.9924690456744572,0.9932822648407907,0.9874698886517156,0.9927795236849147,0.9943001428172957,0.9876302592664438,0.9928138536474135,0.9944418644692798,0.9945669012885756,0.9981512075954423,0.9997212993085259,226.0
0.9999963468954461,0.9999969286658423,0.9999971523519215,0.975962802649892,0.9798120978568239,0.981351064015218,0.9901104897159778,0.9950748934183778,0.9958138637284496,0.9885399198891326,0.9937148049241281,0.9954054536417586,0.9883874368465286,0.9932757533464608,0.9956222695799204,0.9877915311377292,0.9931606888221602,0.9954098768767013,0.9874687081673268,0.9933995495272544,0.994753139674155,0.9872918276901725,0.9931196809829949,0.9945663084971337,0.9867077966517068,0.9934089912804434,0.9942833388652382,0.9869275623389698,0.9923606894577234,0.9951956035777108,0.9867672219189797,0.9923669749470567,0.9951964500789784,0.9866087377465663,0.9913162352630908,0.994897504722019,0.9883884398056304,0.9929243298411993,0.9955345817905477,0.9882951763310229,0.9932757821548696,0.9958180559536379,0.9866081523231486,0.9910809389011933,0.9947823762030363,0.9866075103020981,0.990889016825619,0.9947247923933695,0.9864555473309887,0.9898998665393083,0.9947294873740428,0.9864460015415226,0.990131239152484,0.9945625401242598,0.9864369562158689,0.9896785304189525,0.9947339633149925,0.9862405416645517,0.9932639626824475,0.9939269053939324,0.985989052598758,0.9931156565009002,0.9938849005355412,0.9862525886138298,0.9932640138957237,0.9936482250336705,0.9865261715928009,0.9934120626524102,0.9941479413201808,0.9865164409886682,0.99369861410563,0.9941558807274025,0.9851706495437613,0.9931046872645812,0.9939501717813692,0.9851155929740066,0.9931047072665716,0.9940402735365436,0.9851588101766524,0.9934684237258525,0.9937519216407986,0.9846654459091635,0.9925008681998609,0.9930623827935369,0.9845911053703416,0.9925009580395551,0.9930776974499368,0.9846669360983598,0.9925008881894427,0.9928836020843502,0.9857996432181524,0.9925200265678393,0.9951819370336061,0.987222460970944,0.992928698116089,0.9944296190016543,0.9853181346380655,0.9929564093301478,0.9937960441467899,0.9846285184986948,0.9926497963437477,0.9934664529243171,0.9847897001448799,0.9925005263580051,0.9932748966093323,0.9870883924336851,0.9928039131788531,0.9942920301946511,0.9872483926335006,0.9928376387877625,0.9944338973961026,0.9942458034193201,0.998170354916353,0.9997373755242758,227.0
0.9999962978169937,0.99999692969354,0.9999971581061156,0.97564213987351,0.9798186701677604,0.9813952809073194,0.9897216465321922,0.9950832839550087,0.9958313398974519,0.9881547832781303,0.9937234069459671,0.9954278881954449,0.9880030505682669,0.9932839420872867,0.9956439319839089,0.9874067354978623,0.9931702513862376,0.9954342435008418,0.9870873325244911,0.9934075811283473,0.9947798615260953,0.98691009871848,0.9931264513640554,0.9945928564070117,0.9863294945368978,0.9934185462840587,0.9943147712835343,0.9865435517741438,0.9923716417720068,0.995222628157603,0.9863832510321533,0.992377854039238,0.9952233925269202,0.9862256102447197,0.9913295676491652,0.9949290642665304,0.9880040681086664,0.992932187859664,0.995555556088304,0.9879112292252702,0.9932839708959271,0.9958397710706492,0.9862250277865007,0.9910944487287633,0.994814004209037,0.9862243874048788,0.9909026862263589,0.9947564482029969,0.9860728245655466,0.9899188198764869,0.9947684933735736,0.9860632756100587,0.9901499843958955,0.9946015344687612,0.9860542867937983,0.9896982503804919,0.9947739420089802,0.9858637351483656,0.9932745969577822,0.9939609395464967,0.9856135507588362,0.9931268623861315,0.9939204567307974,0.9858750790753631,0.9932746481716104,0.9936818783083151,0.98614845716882,0.9934221252807692,0.9941805842830433,0.9861387875151804,0.993709127473327,0.9941895466310212,0.9847981271714927,0.9931174134310953,0.993990848389819,0.9847433583156664,0.9931174334333465,0.9940815190355908,0.984786379550018,0.9934821961214974,0.9937950075489761,0.9842974635422777,0.9925158170560848,0.9931035565462242,0.9842230010723803,0.9925159068971579,0.9931189014356516,0.9843001178476013,0.9925158370459736,0.992925692310253,0.985415998936754,0.9925308448760793,0.9952089078756339,0.9868400698492806,0.9929346689937203,0.9944557216992614,0.9849448278112032,0.9929687099547149,0.9938342627909664,0.9842574294776325,0.9926631627115451,0.9935060032773,0.9844204199936379,0.9925154752089826,0.9933151968049238,0.9867053374675812,0.9928092948255082,0.9943174691058797,0.9868658052552816,0.9928433167938755,0.9944600099898546,0.9939189030197497,0.9981770580721406,0.9997823292166306,228.0
0.999996328793912,0.9999969331216398,0.9999971771420257,0.9758465146680153,0.9798411708226924,0.9815182333445287,0.989956946058211,0.9951097155240377,0.995987391507253,0.988397898031492,0.9937493436333288,0.9955901406127841,0.9882508857732536,0.993310009616812,0.9958084613838294,0.9876492490849688,0.9931970296017153,0.9955971904157294,0.9873380438802987,0.993431476458515,0.994948459628153,0.9871612175391269,0.9931505320238356,0.9947618544586208,0.9865851561337088,0.9934403311782184,0.9944898143055251,0.9867861690096641,0.9923996359863033,0.995387046135413,0.9866260369639976,0.9924058923122956,0.9953877712701902,0.9864674395656137,0.9913589874986929,0.9950959713206725,0.9882519595496346,0.992958360028778,0.9957201603926897,0.9881618544534618,0.9933100384262077,0.9960056100345219,0.9864669017064046,0.9911243826080517,0.9949817140608764,0.9864662831051828,0.9909331359289092,0.9949247920551423,0.9863146639789743,0.9899500431985323,0.9949380769874394,0.9863050875314884,0.9901805547121464,0.9947702905735778,0.9862961318368706,0.9897298122088217,0.9949440050665699,0.9861221752875714,0.9932943223962077,0.9941399113004925,0.985873649085966,0.9931452319438563,0.9941014428607892,0.9861334994113996,0.9932943736110512,0.9938612381461727,0.9864051990506024,0.9934432065858595,0.994357302008461,0.986395586144671,0.9937306400333247,0.9943670609422416,0.9850608863561955,0.993133987221158,0.9941755578178513,0.9850059000222878,0.9931340072237409,0.994266444250672,0.9850491221549487,0.9934978123527908,0.9939790015115331,0.9845701269956542,0.9925328992586864,0.9932947971664767,0.9844957963083326,0.9925329891013055,0.9933103413489354,0.984574975499392,0.992532919248919,0.9931187771757805,0.9856594230080991,0.9925587831086021,0.9953732885498796,0.9870912693464928,0.9929588739049077,0.9946247932352917,0.9852081595121184,0.99298567277571,0.9940187020042871,0.9845242254390068,0.9926787724045796,0.9936935520193961,0.9846902609885922,0.9925325574057018,0.993504537792332,0.9869565925160845,0.9928335675748751,0.994486639101427,0.9871170954407895,0.9928676221607121,0.9946290782669257,0.9941272122771643,0.9981999955839023,0.9999076972998266,229.0
0.9999964257220869,0.9999969395150075,0.9999972047050466,0.9764843525253356,0.9798843077563062,0.9816915396585032,0.9907018443433362,0.9951541811866434,0.9962349326956558,0.9891430111908337,0.9937923363217315,0.9958381208675583,0.9889958876539018,0.993352148747982,0.9960538601273304,0.9883956071329804,0.9932402150080196,0.9958463490629347,0.9880815950907927,0.9934719851160494,0.995197406569875,0.9879042666461518,0.9931905870061998,0.9950100465798013,0.9873263394844073,0.9934778772013231,0.9947396308767297,0.9875322130871789,0.9924430989058205,0.9956371600132372,0.9873722306730851,0.9924492622289112,0.9956379083068222,0.9872119860608646,0.9914031688435788,0.9953474079041061,0.988997013699713,0.9929998160795233,0.9959646385910955,0.9889067496044911,0.9933521775585998,0.9962501502233837,0.9872114997426178,0.9911691012539762,0.9952341131953562,0.9872109061896257,0.9909783966048229,0.9951779659761867,0.9870597815192388,0.9899940456280818,0.9951905847979304,0.9870501493809599,0.9902233555154932,0.995021085976374,0.9870413325640605,0.9897739809992547,0.9951969228129283,0.9868619122552773,0.9933299304648655,0.9943914245990854,0.9866124366183,0.9931798894430279,0.9943541241895643,0.9868732612816512,0.9933299816815337,0.9941133679805714,0.9871457977642129,0.9934797651938977,0.9946072837838854,0.9871360466701184,0.99376601903182,0.994614667191527,0.9857919521658879,0.9931665721607459,0.9944284555230952,0.9857348730107275,0.9931665921639804,0.9945182649908778,0.9857802928606897,0.9935317355370303,0.9942341920241445,0.9853105719846963,0.9925612778181118,0.9935555315267094,0.9852361054419072,0.992561367663276,0.9935711684227014,0.9853169853477848,0.9925612978089091,0.99338107507003,0.9864059749916856,0.9926009027826951,0.995623450483723,0.9878338273223356,0.9929987212065127,0.9948724074189172,0.9859446235606604,0.9930177134194302,0.9942734711729031,0.9852619291042788,0.9927075795605861,0.9939510648888996,0.9854288625553186,0.9925609359554434,0.993763672412359,0.9876981672914324,0.9928724327106033,0.9947334468403725,0.9878600447979513,0.9929079891485958,0.9948766746875002,0.994777362974246,0.9982439399626134,1.0000844987731847,230.0
0.9999965223114887,0.9999969405747243,0.9999972370803204,0.9771197226868064,0.9798912991919132,0.9818958602009216,0.991445919705266,0.9951621868448983,0.9965236327668869,0.989895024366897,0.9937998312379661,0.9961339489271382,0.9897498307337641,0.9933597851118936,0.9963498883019711,0.9891495644519632,0.9932468385392109,0.9961458386650907,0.9888384402086511,0.993480540945584,0.9954978959094904,0.9886624076796215,0.993200062401566,0.9953116506452736,0.9880850589093613,0.9934861431342527,0.9950432261990527,0.9882874147289461,0.9924484659972785,0.9959415343155309,0.988127118649078,0.9924536487172226,0.9959421821518335,0.9879698914415297,0.9914117110185271,0.9956597475900599,0.9897510175574568,0.9930075655749124,0.9962610434988275,0.9896618044103996,0.993359813922732,0.9965460156262387,0.9879694099263706,0.9911777854137723,0.995546697309485,0.9879688186828129,0.9909872020696534,0.9954907436538261,0.9878171658295376,0.9900104600401971,0.9955147796856058,0.9878075969768125,0.990240633518724,0.9953466337719747,0.9877986388219068,0.9897912866225971,0.995522449591764,0.9876228096851494,0.9933380985764529,0.9946978789085591,0.9873747340951654,0.9931880562992179,0.9946622059336827,0.9876339490970614,0.9933381497935362,0.9944202841026902,0.9879053471138319,0.993487934566298,0.9949118147753894,0.9878955579846009,0.9937739012289796,0.9949183984356069,0.9865563925839379,0.9931729862573403,0.9947413188142105,0.9864996564730509,0.9931730062607014,0.9948315919821624,0.9865448094158173,0.9935389881246353,0.9945485599685867,0.9860766883140399,0.9925646689764734,0.9938711480056877,0.9860023186708882,0.9925647588219252,0.9938869551459443,0.9860839188721683,0.9925646889673347,0.9936977346831607,0.9871583563665086,0.9925992705586297,0.9959279362878742,0.9885924838852796,0.9930087854848306,0.995174468955722,0.9867081411417036,0.9930237864244047,0.9945845170611963,0.9860264655074988,0.9927111207425993,0.9942642251413225,0.9861937933890518,0.9925643271127094,0.9940780627756156,0.9884573770341326,0.992883011923002,0.9950361520738533,0.9886189054650086,0.9929182929085787,0.9951787292196185,0.9954250039966767,0.9982510661349452,1.0002929343613025,231.0
0.9999965271687048,0.9999969452561368,0.9999972465177437,0.9771523238771649,0.9799221292636805,0.9819583448843997,0.9914800261861283,0.9951974417056896,0.9965946472822093,0.9899286125125121,0.9938367423421076,0.9962059351701286,0.9897867450913538,0.9933963128718902,0.9964222180452343,0.9891843480191317,0.9932845655231166,0.9962192443063538,0.9888664874611066,0.9935185823375804,0.9955698281592771,0.9886896057179039,0.993236949071767,0.9953826866790033,0.9881088183070935,0.993526549670769,0.9951146139055436,0.9883233686096266,0.9924873718725419,0.9960167527879626,0.9881633969259309,0.9924925609907255,0.9960173329821379,0.9880057295508697,0.9914519766743798,0.9957381384681306,0.9897880366227991,0.9930437865513911,0.9963329048656598,0.989700635630967,0.9933963416837847,0.9966189024874682,0.988005259740109,0.9912182136932006,0.9956253038756724,0.9880046742422506,0.9910277894820927,0.9955695156354214,0.9878537974142511,0.9900540004475115,0.9955992403546462,0.9878441987026333,0.9902831371912922,0.9954302017934958,0.9878353786164276,0.9898354183692,0.9956078427958182,0.9876452771290379,0.9933803256499231,0.994769227124859,0.9873964115534053,0.9932313155404939,0.9947332824466845,0.9876563460332974,0.9933803768691821,0.9944917767593907,0.987928618538896,0.9935291294886106,0.9949833333911323,0.9879188729488673,0.9938155259416595,0.9949906304733204,0.9865747061588177,0.9932179670587651,0.9948115303897406,0.9865172473681398,0.9932179870630322,0.994901552228651,0.9865631513680013,0.9935839884251335,0.9946194071351057,0.9860981433893026,0.9926142274111251,0.9939417696321342,0.9860240145999909,0.9926143172610697,0.9939577381269382,0.9861048530859211,0.9926142474029868,0.9937681781832465,0.9871962379681878,0.992638160935182,0.9960031026216748,0.9886189506692861,0.9930449848594306,0.9952448513520584,0.9867283223072046,0.9930687590893392,0.994655124842693,0.9860477579660384,0.9927580829701835,0.9943348610453875,0.9862155727682307,0.9926138855302664,0.994148599271906,0.9884828345306944,0.9929182345978685,0.9951055957382268,0.9886451524601313,0.9929541285576544,0.9952491257137335,0.9954582225446708,0.9982824901174925,1.000356617452833,232.0
0.9999964716445492,0.9999969482816085,0.9999972338187871,0.9767870569072286,0.9799416171528365,0.9818799259973081,0.9910522095564274,0.9952218755082708,0.9964734315004011,0.9895040788924419,0.9938641974157896,0.9960866409342525,0.989364412125459,0.9934228335425924,0.996302148439364,0.9887585770866855,0.9933133624735682,0.9960997227338282,0.9884475734015098,0.9935487063068265,0.9954546769885295,0.9882728504007346,0.9932691351245311,0.9952688599661207,0.9876931426025198,0.9935577615467535,0.9950029345582085,0.9878992224575912,0.9925181081197362,0.9958983328071946,0.9877396428101929,0.9925236490446899,0.9958988546124014,0.9875821735774415,0.9914834864462655,0.9956217914411987,0.9893656579469184,0.9930695595680665,0.9962118610460015,0.9892796570559913,0.9934228623552505,0.9964990982014809,0.9875817202296046,0.9912498862241966,0.9955091547100408,0.9875811428281198,0.9910596342041669,0.9954535170098845,0.9874310726259061,0.9900874037832817,0.9954867447704796,0.9874215348408983,0.9903170765673185,0.9953193132417524,0.9874127526789144,0.9898689843432065,0.9954955960292233,0.9872304380715186,0.993412012824606,0.9946586529038636,0.9869818097391418,0.9932631155597329,0.9946230022785482,0.9872419710401928,0.9934120640455057,0.994381341099058,0.9875132848847674,0.9935607037860045,0.9948724276595164,0.9875036382330578,0.99384797544014,0.9948814237194417,0.9861597188404678,0.9932494109098662,0.9947024703272174,0.9861020993636397,0.9932494309147702,0.9947924759687129,0.9861482240490924,0.9936161267510957,0.9945120342320358,0.9856831169268773,0.9926456315089992,0.9938312581275286,0.9856088487899407,0.9926457213618047,0.9938471014998995,0.9856899858665187,0.9926456515014975,0.9936576155125202,0.9867749409832975,0.9926717082251191,0.9958845568849131,0.9882033305442931,0.9930784456182874,0.9951317438310476,0.9863137287348883,0.9930999204550233,0.9945454218204722,0.9856325384809764,0.9927883924529182,0.9942248750154213,0.9858005329059848,0.9926452896172543,0.9940383039655495,0.9880684354130512,0.9929528903473784,0.9949935588887682,0.9882296705909454,0.9929877603258095,0.9951360106121732,0.9950859024718592,0.9983023638296487,1.000276584307657,233.0
0.9999964331818101,0.9999969470081237,0.9999972144042175,0.9765329143085882,0.9799328313648413,0.9817547524641825,0.9907613742590364,0.9952137157824378,0.9963125373245021,0.9892150814187027,0.9938564599478975,0.9959223352315468,0.9890779886304508,0.9934125571308704,0.9961347841536975,0.9884698287105826,0.9933058882642897,0.9959351567739503,0.9881593401010839,0.9935420932436814,0.9952904557009149,0.9879851287132538,0.9932631893412575,0.9951049911556935,0.987406154899426,0.9935526478364446,0.9948393921079168,0.9876095451546757,0.9925110149330999,0.9957327339656247,0.9874500398006828,0.9925167526827878,0.9957332302833941,0.9872908990468213,0.9914759326154934,0.9954547820079169,0.9890791169373992,0.9930572515934264,0.9960416169587447,0.988994865665545,0.9934125859432213,0.9963320586113025,0.9872904771655466,0.9912425754400311,0.9953425778617192,0.9872899150960989,0.9910525897367088,0.9952872901207708,0.9871404635756924,0.9900782125210438,0.9953187369395352,0.9871309834526759,0.9903083140927832,0.99515277218207,0.9871222213618208,0.9898595117073036,0.9953272268465895,0.9869430687902813,0.993407791723738,0.9944943964146912,0.9866942100500075,0.9932592875242032,0.9944581736530401,0.9869546259467279,0.9934078429444329,0.9942167981824002,0.987226168723032,0.9935560895566661,0.9947089168562562,0.987216611219859,0.9938441220461705,0.9947194056461812,0.9858708064358364,0.9932462207724981,0.9945354660482568,0.9858127790299406,0.9932462407773462,0.9946250643787965,0.985859299632444,0.993612295097151,0.9943447679897873,0.9853968654151916,0.992645275867094,0.9936643930077327,0.9853223004170283,0.9926453657199183,0.9936799433381889,0.9854046065208497,0.9926452958595967,0.9934909912363415,0.9864857937757141,0.9926659701703616,0.9957188959961997,0.9879160875528511,0.993072890361807,0.9949682915362666,0.9860258816724969,0.9930969909520767,0.9943795832592534,0.9853447669816778,0.9927866623648657,0.9940585630680099,0.9855136401200809,0.9926449339752775,0.9938716615205218,0.9877818823540364,0.9929480001681814,0.994830698769721,0.9879425830663379,0.9929824097409921,0.9949725500006183,0.9948268746261574,0.998293417929813,1.0001489458835828,234.0
0.9999964146707776,0.9999969365382645,0.9999971940295662,0.9764096897642142,0.97986352497596,0.9816205078677696,0.9906260551310992,0.9951359581486063,0.996156520427556,0.9890783196192012,0.9937759764100281,0.9957654217806331,0.988944275534821,0.9933336664285778,0.9959807479805963,0.9883327172023253,0.9932258803405992,0.9957787017703628,0.9880193920548197,0.9934575203460386,0.9951307220476671,0.9878446379054537,0.993177596302693,0.9949447569187876,0.9872639251524984,0.9934660236652553,0.9946785208597777,0.9874703478865268,0.992431697210859,0.9955763390618044,0.987310772748168,0.9924375674402254,0.9955768652359299,0.9871490779317995,0.99139714575402,0.9952983357731029,0.9889454276258322,0.9929796354701367,0.9958894603735008,0.9888629634747936,0.9933336952386406,0.9961783387790176,0.9871487284037628,0.9911643415105243,0.9951872274990122,0.9871482014962233,0.9909749626742299,0.9951328371799679,0.9869990144401293,0.9899993503013278,0.9951635240892812,0.9869895897986223,0.9902297988091072,0.9949988911665586,0.9869808119996114,0.9897805849895641,0.9951719649087936,0.9867982120287334,0.9933190431288614,0.9943318697374585,0.9865478139043954,0.9931690985190983,0.9942945861788078,0.9868096817087288,0.9933190943449887,0.9940539112782049,0.9870829445622623,0.9934687813154283,0.9945476639814146,0.9870734649280699,0.9937574618012324,0.9945593959395971,0.9857202879012129,0.9931531642131803,0.9943673684442476,0.9856616135864602,0.9931531842161573,0.9944562567799262,0.9857087104937912,0.9935174118338572,0.9941747408083046,0.9852477116101086,0.9925508455668193,0.9934982475762913,0.9851733215093983,0.992550935411126,0.9935136910721625,0.9852561569650496,0.9925508655574258,0.9933249246685285,0.986345870808291,0.99258696651491,0.9955625184249572,0.9877751450009875,0.9929866510223293,0.9948078209122936,0.9858770732737396,0.9930046768535451,0.9942141158181529,0.9851943575394599,0.9926923581399781,0.9938928346726715,0.9853635915579351,0.9925505037074127,0.9937057214382754,0.9876405632294749,0.9928613881614952,0.9946698600051284,0.9878015114570011,0.9928959543705751,0.9948120878263143,0.9947012974559056,0.9982227836609353,1.000012115858359,235.0
0.9999963961560252,0.9999969252788984,0.9999971685321865,0.9762870980373074,0.9797901176212315,0.9814533349888822,0.99048729932005,0.9950481539206549,0.9959580057782212,0.9889392416987488,0.9936818533937223,0.9955601591691384,0.9888080794245669,0.9932383278720415,0.9957745401814598,0.9881967002598059,0.9931307403519893,0.9955729024497815,0.9878726773650854,0.9933562724500703,0.9949208993043044,0.9876965596037895,0.9930746590945799,0.9947333434120943,0.9871110819262822,0.9933599096613889,0.994466473016988,0.9873335061495152,0.9923350863933524,0.9953673774973787,0.9871738937097878,0.992341001861535,0.9953678210022507,0.9870113736456742,0.991298082010765,0.9950850134922402,0.9888090996193084,0.9928833243413256,0.9956820853549941,0.9887285948821477,0.9932383566793396,0.9959724391748573,0.9870110788415416,0.9910656438863257,0.9949747061143324,0.9870105784866099,0.9908766795002267,0.9949209794553179,0.9868618871018834,0.989892998256081,0.994941832043857,0.9868524842480664,0.990123123819015,0.9947776345870747,0.9868437564890232,0.9896733326473255,0.9949491132830209,0.9866425322719252,0.993208492637757,0.9941189254903807,0.986389926824668,0.9930557337989472,0.9940808827835786,0.9866548375586849,0.993208543848191,0.9938412319378297,0.9869290197583563,0.9933610449983338,0.9943354265429991,0.9869195860794227,0.9936501347658638,0.9943479144431776,0.9855584451964681,0.9930360512723251,0.9941506461201649,0.9854993970034001,0.9930360712729452,0.9942390169406774,0.9855468480105065,0.9933993645535857,0.9939574127119016,0.9850847124990832,0.992429567369293,0.9932823354568784,0.9850104829664283,0.9924296572026403,0.9932976887552655,0.9850936659326057,0.9924295873574592,0.9931089746980307,0.9862091135423557,0.9924913860132187,0.9953534303289474,0.9876260691600551,0.9928826994317567,0.9945955188819875,0.9857162102756668,0.9928879435967518,0.9939989851980192,0.9850309828829938,0.9925720243296464,0.9936774352049667,0.985199939059772,0.9924292255515875,0.9934900896454538,0.9874901493192181,0.992756121369135,0.9944562886352892,0.9876522191713393,0.9927916563112061,0.9945997993927109,0.9945763503070869,0.9981479434814227,0.9998417046736344,236.0
0.9999963656046198,0.9999969252334985,0.9999971523791816,0.9760848897378707,0.9797892251203644,0.9813488531553585,0.990258238055677,0.9950498023748375,0.9958257583573857,0.9887082710107999,0.9936862361201341,0.9954254797884678,0.9885785361432472,0.9932446062003795,0.9956420861009049,0.9879648993167945,0.993134213008584,0.9954373643262039,0.9876397942044972,0.9933653961322704,0.9947833630072214,0.987463517015735,0.9930834851160102,0.9945954315762644,0.9868788344064431,0.9933748644145202,0.994326897176781,0.9871022304756869,0.9923372445364137,0.9952312996582912,0.9869424873455777,0.9923429301643916,0.9952315996543271,0.9867815723176994,0.9912994469602853,0.9949489199539547,0.9885796352407324,0.992891119505247,0.9955518457855557,0.9884998482765931,0.9932446350078585,0.9958396591508898,0.9867813044212502,0.9910671782280582,0.9948389666782065,0.9867808171387104,0.9908784102956202,0.994785532731695,0.986631674881828,0.9898922626869529,0.9948039690460257,0.9866222732178311,0.990121689272927,0.9946397229161295,0.9866134905128844,0.9896724334680699,0.9948110275240013,0.9864127452923909,0.9932284415967113,0.9939785570936019,0.9861611431095142,0.9930787333637401,0.9939398982026681,0.9864259690607959,0.9932284928081898,0.9937012166658606,0.9866977185452457,0.993377943296775,0.9941955705812351,0.9866882842806005,0.9936671435514405,0.9942081783658067,0.9853290947813315,0.9930596610333184,0.9940088816650857,0.9852700517799445,0.9930596810344247,0.994097104001742,0.9853175313682289,0.9934231138254485,0.9938165590315816,0.9848581321862999,0.9924548155037127,0.9931405249959799,0.9847834921033022,0.9924549053394,0.9931555777252217,0.9848683551243778,0.9924548354924004,0.9929676976825704,0.9859765156281589,0.9924918885389422,0.995217270684034,0.9873929457547715,0.9928913454222965,0.994457506907209,0.9854868325378809,0.9929114964400569,0.9938572365836478,0.9848022697304649,0.9925962175714015,0.9935356560413098,0.9849723548721201,0.992454473677104,0.993348252549292,0.9872569163334229,0.9927646518597527,0.994318126719127,0.987418754514699,0.9927997618342876,0.9944618079593123,0.9943702634738909,0.9981470467091922,0.9997351729658599,237.0
0.9999963309513599,0.9999969234455536,0.9999971413962057,0.9758570130664611,0.979777442130293,0.9812798326987354,0.9899906721227724,0.9950363781343617,0.9957273356956621,0.9884444792991406,0.9936716241881967,0.9953280102244944,0.9883163127451529,0.993229458328191,0.9955433756014149,0.9877017697880668,0.993119858986285,0.9953418579658956,0.9873789988179479,0.9933496609616014,0.9946861575743039,0.9872038327899822,0.9930686889317688,0.9944992435169627,0.9866193311158561,0.9933569817991912,0.9942296014122807,0.9868398047036961,0.9923232661035185,0.9951381922902095,0.9866799976615014,0.9923287792108221,0.9951384357374896,0.9865204449222614,0.9912869406604166,0.9948598063456515,0.9883174302459035,0.9928755427918242,0.9954524436867105,0.9882385514913349,0.9932294871352284,0.9957407227141207,0.9865202198827745,0.9910550356880276,0.9947504891212078,0.9865197534881244,0.990866659876654,0.9946975681223067,0.9863726756783578,0.9898828750618235,0.9947217218318013,0.9863634208719602,0.9901142897616309,0.9945612400621299,0.9863547457463502,0.9896631390565633,0.994729081942749,0.9861527943231138,0.9932089546220816,0.9938809439215751,0.9859005119766087,0.9930583578001794,0.9938421768762413,0.9861667559287817,0.9932090058325499,0.9936039624684346,0.986438027336904,0.9933593448819685,0.99409793463395,0.9864285165084453,0.9936480639542459,0.9941094789110241,0.9850685789898325,0.993037215194298,0.9939117947271049,0.9850100463576638,0.9930372351949498,0.9940003496858788,0.9850570091351898,0.9934000708567242,0.9937193056929232,0.9845947150764709,0.9924319466809028,0.9930418326989078,0.9845201835745673,0.9924320365145153,0.9930569079486673,0.9846048224073617,0.9924319666691285,0.9928687736320119,0.9857136142166008,0.9924768965286462,0.9951241519355651,0.9871340149944816,0.9928770983550612,0.9943620151619713,0.9852249926723037,0.9928892931926745,0.9937593515930454,0.9845386782174923,0.992572090124381,0.9934375175215013,0.9847090044278521,0.9924316048621895,0.9932497885870976,0.9869990720925492,0.9927514666773264,0.9942236108640655,0.9871595932879579,0.9927851395501345,0.9943663302095523,0.9941379829677783,0.9981350369730893,0.9996647596687289,238.0
0.9999962905047504,0.999996929595174,0.9999971376001728,0.9755911709460945,0.9798175143877298,0.9812592856600807,0.989677669141108,0.9950845052160169,0.9956793556947922,0.988133714000943,0.9937211317749858,0.9952818916307531,0.9880072467322188,0.9932791549247777,0.9954969537112804,0.9873886746365065,0.9931692309555732,0.9952963192897022,0.9870740557982486,0.9934017068727165,0.9946419185701684,0.9869005810529776,0.9931206418576856,0.9944562572661587,0.9863178293549966,0.9934118242884229,0.9941865668135712,0.9865262301446847,0.9923724442658959,0.9950943961390617,0.9863663329609026,0.9923777234901432,0.9950947114108893,0.9862062788518616,0.991337087221016,0.9948182213688046,0.9880084503579932,0.9929253905979426,0.9954060343126276,0.9879304399029163,0.9932791837332527,0.9956941093119994,0.9862059562338348,0.9911044243357193,0.9947073447907687,0.9862054424871929,0.9909152220050064,0.9946531424428519,0.9860595709350999,0.9899386953676166,0.9946895608387648,0.986050454243424,0.9901719657080098,0.9945326537537499,0.9860417576718811,0.9897194070333116,0.9946975857093426,0.9858529815176756,0.9932663604769505,0.9938384198757398,0.9856013715644882,0.9931173947692875,0.9937999322369725,0.9858675800311408,0.9932664116903782,0.9935618322012678,0.9861371640897258,0.9934151195958264,0.9940549598517566,0.9861275992377176,0.9937035770765769,0.9940658384488859,0.9847695035775736,0.9930986744315523,0.9938701463633867,0.9847105709246349,0.9930986944334445,0.9939586271327066,0.9847579545488518,0.9934616003779834,0.9936782955396212,0.9843010721011456,0.9924994052420993,0.9930008669847733,0.9842267475720557,0.9924994950818409,0.9930161074910051,0.9843114390954228,0.9924994252316902,0.9928279753151521,0.9853995915299668,0.9925244966894892,0.995080501402987,0.986830883087623,0.9929289755521211,0.9943191819059115,0.9849269492102839,0.9929507237122791,0.9937176374978208,0.9842426572637659,0.9926362621325322,0.993396143643876,0.9844148412401637,0.992499063400063,0.9932085032670988,0.9866962057436336,0.992803619097374,0.9941809718638193,0.9868564684591203,0.9928369804611731,0.9943234976249836,0.9938670034384207,0.9981758923429354,0.9996437342301503,239.0
0.9999963116321775,0.9999969342173334,0.9999971568176951,0.9757312099770448,0.9798479437608497,0.981384857743657,0.9898349328385928,0.9951195205683169,0.9958309832495181,0.9882851933207197,0.9937563814551685,0.995434787811058,0.9881592162490791,0.9933155433417012,0.9956499084978038,0.9875377309252042,0.9932050512150311,0.9954491047814297,0.9872220456725983,0.9934361350081794,0.9947959830293172,0.9870483212897994,0.9931541450263952,0.9946101120941929,0.9864618840386061,0.9934463915637772,0.9943408663377943,0.9866754057140966,0.9924090893658997,0.9952484637502643,0.9865156880628507,0.9924143936473143,0.9952487441197435,0.9863545875556693,0.991374636321039,0.9949744590654283,0.9881605350172671,0.9929626901509858,0.9955601768372977,0.9880826163638738,0.9933155721512312,0.9958462082456078,0.9863542086014642,0.9911416122660357,0.9948627740310035,0.9863536675336492,0.9909519944570755,0.9948078995796629,0.9862081202056583,0.9899801936298465,0.9948526055618677,0.9861989874520203,0.990212505701177,0.9946950866487987,0.9861903408391205,0.9897615722907245,0.9948616146388407,0.9859941402263568,0.9933011153900209,0.9939929994806209,0.9857410721688216,0.9931522909224985,0.993954787479455,0.986008138576995,0.9933011666052377,0.9937162935123769,0.9862800976043954,0.9934497332406949,0.9942092593725675,0.9862704970415105,0.9937380650032827,0.9942196141728964,0.9849064952546732,0.9931357862614414,0.994026089492367,0.9848471461033629,0.993135806264082,0.9941145484802172,0.9848950215628369,0.9934998610100186,0.9938360959746765,0.9844384514091353,0.9925373448594479,0.9931571577201371,0.98436438787764,0.9925374347026309,0.993172672649267,0.98444830804571,0.9925373648498045,0.992984189619974,0.9855496772921262,0.9925610477129608,0.9952345428219654,0.9869781693663835,0.9929619216602331,0.9944726959988234,0.9850649933849941,0.9929873684233306,0.9938728834994798,0.9843812150261235,0.9926746712990909,0.993551782228799,0.9845524892886218,0.9925370030043178,0.9933644771166055,0.9868429119698875,0.9928360253861358,0.9943339730471095,0.9870040030790921,0.9928702249609479,0.9944770007052702,0.9940097256578108,0.9982069089701469,0.9997717463197393,240.0
0.9999964074425457,0.9999969454950433,0.9999971969712816,0.9763615528791812,0.979922014519046,0.981640832697954,0.9905723033817583,0.9952056536934967,0.9961753239668806,0.9890252003337325,0.9938457397370836,0.9957800127080251,0.9889026961294188,0.9934042474870087,0.9959944347677603,0.9882772458091739,0.9932950118246914,0.9957938427125046,0.9879642443728166,0.9935285046796138,0.9951446692119408,0.9877905339294317,0.9932465386094198,0.9949589768080245,0.9872057829165093,0.9935415529838751,0.9946919455116555,0.9874146513324382,0.992499918047694,0.9955926805985572,0.9872553171780836,0.9925053786617124,0.9955927849977102,0.9870914808607953,0.9914655064197097,0.9953189277282019,0.98890410196634,0.9930508707794304,0.9959039130100213,0.9888281138656986,0.9934042762991083,0.9961909076465119,0.9870911455580293,0.9912329750176426,0.995208089451628,0.9870906257212153,0.9910438487216341,0.9951538921525396,0.9869451561244195,0.9900696035399108,0.9951969679073768,0.986936048962683,0.9903018312704905,0.9950397920292434,0.9869273912267829,0.9898508048983622,0.9952059089577491,0.9867399342216215,0.9933988657513656,0.9943463346033312,0.9864882695029389,0.9932516995613506,0.9943095179168853,0.9867534270299047,0.9933989169716227,0.9940698936743818,0.987024712367909,0.993545825294182,0.9945609821417845,0.9870150480802594,0.9938338397742016,0.994570244596636,0.9856551357877075,0.9932368098822777,0.9943845127719493,0.9855956958714819,0.9932368298869558,0.9944731524049905,0.9856437400598012,0.9936020289622084,0.9941961864042488,0.9851894215142833,0.9926394245992248,0.9935179925296028,0.9851153861527434,0.99263951445166,0.9935337471549531,0.9851995634945041,0.992639444591641,0.9933457272754597,0.9862916377718153,0.9926538651789654,0.995578493636361,0.9877204741041398,0.9930543618313326,0.994821666845267,0.9858138381432938,0.9930879266667251,0.9942301599638783,0.9851315318070606,0.992776317741878,0.9939106057248941,0.9853029631197282,0.9926390827088905,0.9937242907098839,0.9875852299621138,0.9929284665398697,0.9946830677250873,0.9877464220678129,0.9929627452306166,0.9948259705795629,0.9946522432116309,0.9982824135697712,1.000032816224026,241.0
0.9999965116451566,0.9999969521574181,0.9999972355813115,0.977047512266677,0.9799662827942681,0.9818863323500888,0.9913724048106733,0.9952547345114978,0.9965112747957219,0.9898297851983284,0.9938938111929818,0.9961169602034743,0.9897110154542053,0.9934510011932944,0.9963303466302595,0.9890823566621799,0.9933414373017352,0.9961299459842325,0.9887705930394401,0.993576948400483,0.9954868568541512,0.9885973239110323,0.9932951354073948,0.9953019560308454,0.9880117483016232,0.9935901140730136,0.9950373605916988,0.9882207795436253,0.9925439616125442,0.995927746849017,0.9880614674672353,0.9925489997890213,0.995927757303175,0.9878986250809563,0.9915078734559332,0.9956528935908975,0.9897123965716381,0.9930965700146784,0.9962385478811203,0.9896386916842901,0.9934510300067501,0.9965271556442095,0.9878983389671177,0.9912758550736692,0.995542996068215,0.9878978430188202,0.9910872482021796,0.9954895578881691,0.9877520016199312,0.9901058896717521,0.9955243708764225,0.9877428422368864,0.9903365913108213,0.9953654624530143,0.9877342059011275,0.9898865382627833,0.9955327296837815,0.9875466203512774,0.9934472773178771,0.9946942739939242,0.9872956964028188,0.9932999224864744,0.9946587317616227,0.9875594630347222,0.9934473285406331,0.9944180622765454,0.9878309608425968,0.9935944255071381,0.994907436104112,0.9878213250510767,0.9938829110046883,0.9949170301441261,0.9864655215873515,0.9932847626765188,0.9947374145274027,0.9864066466978249,0.993284782682163,0.9948266609673123,0.9864541347155055,0.9936496613146744,0.9945488462184255,0.9860021115149281,0.9926887426049152,0.9938738489581114,0.985927915457254,0.9926888324618173,0.9938897684961596,0.9860130010525366,0.9926887625983251,0.9937026384466207,0.9870974700476168,0.9926949826469464,0.9959135401259039,0.9885275713297514,0.9931030667455018,0.995165048084556,0.9866227513020773,0.9931360095137055,0.9945815813377334,0.9859423676739506,0.9928243467605427,0.9942640334713511,0.9861147909701282,0.9926884006975831,0.9940788912958086,0.9883927490351658,0.9929775595566607,0.9950269725503943,0.9885535907351374,0.9930114463274298,0.9951693544732824,0.995351441283338,0.9983275271744256,1.0002832207044035,242.0
0.9999965966502296,0.999996957473037,0.9999972580683656,0.977606182708356,0.9800015759508645,0.9820269777418881,0.9920299070850315,0.9952937460188696,0.9967194471084524,0.99049467876197,0.9939332978423149,0.9963261540043002,0.9903790191779572,0.993488755643287,0.9965376894048702,0.9897471513172786,0.9933790555982078,0.996338492189251,0.989442837208778,0.993619667642439,0.9957015096147401,0.9892715433988232,0.9933388394879721,0.9955185413950922,0.9886878350178856,0.9936350285880546,0.995255337652629,0.9888851946556785,0.9925788781253959,0.9961352487342017,0.9887257699137683,0.9925834284385152,0.9961352656226454,0.9885625602941767,0.9915411562064707,0.99585869044217,0.9903803696452935,0.9931329383797374,0.9964441129784902,0.9903085838182935,0.9934887844578345,0.9967347209563134,0.9885622656103975,0.991309104312498,0.9957487701607273,0.9885617654272453,0.991120444124284,0.9956953152391282,0.9884159739949196,0.9901352653163722,0.995726976198076,0.9884068357999177,0.990365744391771,0.9955682994304627,0.9883981796937252,0.9899154390598313,0.9957348824140995,0.9882256284910442,0.9934940610495743,0.9949147565899445,0.9879766700102617,0.9933478436435733,0.9948806644163927,0.9882380940684183,0.9934941122747473,0.994638789010438,0.988508165688009,0.993640071799449,0.9951262802749192,0.9884985028217184,0.993928619985735,0.9951354031036691,0.987149785077554,0.9933353993878898,0.9949623818385653,0.9870906912219013,0.993335419394558,0.9950516312291703,0.9871384636161952,0.9937009336677664,0.9947751139426664,0.9866921946600022,0.992743068424413,0.9941018382543816,0.9866184607521088,0.9927431582862557,0.9941181547650205,0.9867034156228534,0.992743088418923,0.9939312466056025,0.9877608781753351,0.992726442673323,0.9961211419870164,0.9892026493191544,0.9931473825440318,0.9953824709218139,0.9873075573017759,0.9931863875617987,0.9948060128318803,0.9866304014796526,0.9928774404181859,0.9944899775724357,0.9868039209085975,0.9927427264982817,0.9943058185488198,0.9890689527599847,0.9930229265381926,0.9952455465577004,0.989228442647172,0.993055318444848,0.9953867967584011,0.9959209137142627,0.9983634936965105,1.000426729239875,243.0
0.9999965958408638,0.9999969597428259,0.999997246501401,0.9776003175259182,0.9800172564589519,0.9819509782265022,0.9920262161282606,0.9953080753063237,0.9966301686934061,0.99048674605524,0.9939467132769114,0.9962294097215298,0.9903711129038689,0.9934999870966352,0.9964365246541379,0.9897376442003507,0.9933910167457586,0.9962384262257434,0.9894326556059676,0.9936334635693923,0.9956040170660352,0.9892619254164365,0.9933531186176175,0.9954209287533538,0.9886750100728822,0.9936483738407839,0.9951568534259984,0.9888745397669251,0.9925887338676879,0.9960306131582386,0.9887152485624177,0.9925933708432371,0.9960306255749093,0.9885494746149921,0.9915472041479311,0.9957470668071517,0.990372473789394,0.9931424222679762,0.9963403557926477,0.9903006849299831,0.993500015911507,0.996632848439512,0.9885491787364995,0.9913150987181035,0.9956370930083638,0.9885486779379069,0.9911263879627138,0.995583599667929,0.9884004055655025,0.9901319325620073,0.9956024595702516,0.9883912135503155,0.9903607344185876,0.9954422424369659,0.9883822959224677,0.9899111467842745,0.9956089277636953,0.9882124011028619,0.9935070988576142,0.9948165521290998,0.9879629487537577,0.9933607242237104,0.9947826378746681,0.9882252958357475,0.9935071500834635,0.9945408835603378,0.9884951753146827,0.9936532667998775,0.9950277656631402,0.9884854605861834,0.9939416590287838,0.9950362159173944,0.9871361646561215,0.9933499180020092,0.9948649994925183,0.9870769670314962,0.9933499380089732,0.9949542225185807,0.9871248954346326,0.9937157432307184,0.9946789850532295,0.9866791843451919,0.992760523866937,0.994003602185325,0.9866053658092574,0.9927606137303835,0.994019931171168,0.9866903176557996,0.9927605438618042,0.9938329330638245,0.987751134106666,0.992736947295488,0.996016480891554,0.9891932738288212,0.9931620234608914,0.9952847241448497,0.9872941854953795,0.993200787627527,0.994708189855288,0.9866173724822502,0.992893567142558,0.994391945781084,0.9867911013336997,0.9927601819347036,0.9942076383824118,0.9890594301398127,0.9930373923269193,0.9951476467942473,0.9892197164894816,0.993070812352989,0.9952890179705004,0.9959149464932805,0.9983794588304165,1.0003492581527684,244.0
0.9999965402474098,0.9999969566159813,0.9999972225971949,0.977233410527193,0.9799959393412353,0.9817972241765821,0.991604210780101,0.9952871337395223,0.9964287481211112,0.9900657250502497,0.9939282025870193,0.996024618328388,0.9899518723123094,0.9934826240132391,0.9962337537855258,0.9893189781515807,0.9933725446744209,0.9960327609217394,0.9890082691357766,0.9936177463388685,0.9953963970400052,0.9888379942152759,0.9933381673959382,0.9952133024246186,0.9882487574952352,0.9936351975468196,0.9949466332747801,0.9884581523106399,0.9925703162957358,0.9958228719407082,0.9882990595233345,0.9925754628437826,0.9958228375836582,0.9881360854548786,0.991526145197593,0.9955364915729839,0.9899532316077577,0.9931259775218628,0.9961389454369118,0.9898825135206147,0.9934826528276072,0.9964302693802228,0.9881358025028163,0.9912940784562908,0.9954266216217647,0.9881353079929471,0.9911054287672468,0.9953732176628639,0.9879865335200738,0.9901044442378621,0.995384061464509,0.9879772934207106,0.9903316614946669,0.9952225577236181,0.987968368532118,0.9898830696892208,0.9953897131596097,0.9877864054094979,0.9934959894635444,0.9946050847053984,0.987536762268618,0.993350834878983,0.9945703742784013,0.9877999630140245,0.9934960406888349,0.9943294990066285,0.9880690220821756,0.9936409372971979,0.9948171204225175,0.9880593099163085,0.9939295820011158,0.9948258366865262,0.9867069920665652,0.9933407510475842,0.9946491925612304,0.98664682187545,0.9933407710543729,0.9947376124639548,0.9866957076949016,0.9937055628340936,0.9944628241930358,0.9862569757971985,0.9927541323208475,0.9937903057793176,0.9861842199349216,0.9927542221837676,0.9938070533170346,0.9862684134694475,0.992754152315598,0.9936194635292606,0.9873362633966944,0.9927222664689378,0.9958085777484198,0.9887698645439797,0.9931475707900911,0.9950772812091163,0.9868675474835061,0.9931920323956447,0.9944946157284471,0.9861922340262805,0.9928863838730763,0.9941784494215694,0.9863675685196946,0.9927537903906181,0.9939942105828466,0.9886364091532415,0.99302331395299,0.9949404934565897,0.988796520418676,0.9930565873345568,0.9950815658301775,0.9955409790367746,0.9983577476934847,1.0001924644927822,245.0
0.9999965037212082,0.999996945432707,0.9999971902745387,0.9769916512421545,0.9799222868117047,0.9815859697774466,0.9913308017777538,0.9952021712346192,0.9961733973054819,0.9897904899594736,0.9938422300266978,0.9957614523233581,0.989678863798875,0.9933962447483118,0.9959709572069636,0.9890430645173884,0.9932848330910841,0.9957669346727256,0.9887304619684196,0.9935331280212032,0.9951286149767535,0.9885603200177985,0.9932530222119275,0.9949455609387732,0.9879702603292981,0.993553663444502,0.9946754862914685,0.9881804575244245,0.9924800917193003,0.9955528422540253,0.9880210163049674,0.9924852645089446,0.995552795416445,0.9878578630792055,0.9914323650147364,0.9952600996351307,0.9896800824613354,0.9930392729185054,0.9958758207749743,0.9896109462105922,0.9933962735601705,0.9961679405211353,0.9878575576416635,0.9911999861162845,0.9951497799203073,0.9878570521281548,0.9910110305644221,0.9950960261164871,0.9877082654581911,0.9900030239338012,0.9950985405820099,0.9876990601694968,0.9902301838322104,0.9949378661558482,0.9876900890441086,0.9897806612900623,0.9951028715603836,0.9875080153269251,0.9934172292405236,0.9943321427915824,0.9872584581809317,0.9932738206653473,0.9942966964832569,0.9875216540501797,0.9934172804617756,0.9940561603487618,0.9877905567578688,0.9935604309634326,0.9945451675471872,0.9877807987800787,0.9938488848078927,0.9945533198175905,0.9864292720446568,0.9932648970792731,0.994374513203189,0.98636946498749,0.9932649170845497,0.9944628245157633,0.9864180303439688,0.993629703610106,0.9941892082055187,0.9859800496766634,0.9926803641254639,0.9935143180223703,0.9859076855206161,0.992680453981793,0.9935310804725255,0.9859921378169146,0.9926803841187485,0.9933433967714821,0.9870565143003986,0.9926325646261966,0.995538504318902,0.9884921406312409,0.9930620982235481,0.9948095179134543,0.9865888656942947,0.9931161803053116,0.9942197858011642,0.9859130875650107,0.9928119255226534,0.9939030323851834,0.9860896243812916,0.9926800222203124,0.9937184825269159,0.9883586773506031,0.9929378155417623,0.9946726769050991,0.9885189892144957,0.9929713065284523,0.994813795466575,0.9952945799344385,0.9982826727264837,0.9999771046925929,246.0
0.9999964699904831,0.9999969334047475,0.9999971637018125,0.9767682075629559,0.9798424472451686,0.981411992680241,0.9910795255741347,0.9951131242294468,0.9959647890805141,0.9895308753234718,0.9937545323910022,0.9955450098587719,0.989418532546061,0.9933078310206879,0.995752392464827,0.9887816241166321,0.9931979782802453,0.9955483756141831,0.9884651456050209,0.9934468476990006,0.9949071850858101,0.9882944007778152,0.9931655261122089,0.994723541079418,0.9877023849528009,0.9934716703037362,0.9944506213647129,0.9879167802007501,0.9923944564246275,0.9953315255380611,0.9877573916201265,0.9924003363282368,0.9953314460252457,0.9875913895502308,0.9913451150852032,0.9950348632739843,0.9894196363312322,0.9929502862810708,0.9956564701492822,0.9893502706816102,0.9933078598299733,0.9959486919825844,0.9875910907463736,0.9911126720229708,0.994924558192221,0.9875905883915983,0.9909236779515973,0.9948708319083397,0.9874422897047561,0.9899124172029162,0.9948704480792695,0.9874331019200052,0.9901392283118947,0.9947101488549713,0.9874241754827398,0.9896896716858473,0.9948743479985341,0.9872387332489263,0.9933386514944417,0.9941047889890577,0.9869881822077722,0.993197229579279,0.9940678358833263,0.9872526738946075,0.9933387027116649,0.9938285652368241,0.9875221486653242,0.9934798664604889,0.9943195083800815,0.987512431014402,0.9937688805600605,0.9943284551377551,0.9861574259586512,0.9931905862151615,0.9941420722124764,0.9860976626220755,0.9931906062189578,0.9942300391030862,0.9861461770096001,0.9935543563846227,0.9939564857640129,0.9857053261675957,0.9926106850906038,0.9932790351025493,0.9856328802138494,0.9926107749407236,0.9932955768918895,0.9857172289585521,0.9926107050825075,0.9931074762213695,0.986793801048429,0.9925524593023667,0.995316955476021,0.9882257612981373,0.9929738622107767,0.9945871159242006,0.9863169084742599,0.9930422904518983,0.9939883539474277,0.9856389824546193,0.992741419212069,0.993669743392986,0.9858153430217095,0.9926103432090794,0.9934841662266711,0.9880917288618846,0.9928490184340766,0.9944497035041655,0.988252900181768,0.9928833676668797,0.9945913824964701,0.995066852486989,0.998201306016706,0.9997997548755163,247.0
0.9999964327554799,0.9999969206907982,0.9999971410332664,0.9765225097252519,0.9797585436549885,0.9812646715603146,0.9907964927142705,0.9950178727720541,0.9957816648033024,0.9892417754967215,0.9936542846149621,0.9953566431410548,0.9891296201350415,0.993205799268783,0.9955612458202313,0.9884913072430106,0.993097155845599,0.9953599045189293,0.9881703100106697,0.9933422422082181,0.9947151723563671,0.9879983401310803,0.9930604191782327,0.9945308620328311,0.9874039128244241,0.9933640720379363,0.9942562158919286,0.9876251528725016,0.9922928076042229,0.9951431311547846,0.9874653223131588,0.9922986053891864,0.9951430585789177,0.9873003423402348,0.9912431430194414,0.9948465599933138,0.9891305191380201,0.9928468271552706,0.9954634174883025,0.9890616239892576,0.993205828075105,0.9957573070815001,0.9873000788925921,0.9910109087845861,0.9947367392882963,0.9872995936973509,0.9908221634625246,0.9946834177406294,0.9871513339047008,0.9898094615591911,0.9946820767677086,0.9871422494900449,0.9900375364416539,0.9945244050413999,0.9871332153162842,0.9895863882122838,0.9946855534139911,0.9869363419334763,0.9932281406376129,0.9939078856835009,0.9866835885633152,0.9930848039706004,0.9938695106432887,0.9869499872407408,0.9932281918491471,0.9936311301289729,0.9872221780716764,0.9933712703058071,0.9941243152430174,0.9872125039544353,0.9936608804544239,0.9941341054982897,0.9858490059063344,0.9930722638054479,0.9939387709583788,0.9857892620771572,0.993072283806863,0.9940264871887998,0.9858375828895546,0.9934318245860535,0.99374848788852,0.9853933121002585,0.9924892838281623,0.9930771895953115,0.9853206459153597,0.9924893736673173,0.9930934902433329,0.9854058591945519,0.9924893038176247,0.9929056686526349,0.9864989693611765,0.9924497880237347,0.9951285947141945,0.9879297352728386,0.9928684418677519,0.9943944995256464,0.9860085081902785,0.9929256789654257,0.9937876114135008,0.9853267009339366,0.9926210134487653,0.9934685795171773,0.985502897516982,0.9924889419883589,0.9932826902622099,0.987795801999552,0.9927436969456179,0.99425714498192,0.9879568141111122,0.9927777018936239,0.9943987759707036,0.9948164213390228,0.9981157894650547,0.9996495552890485,248.0
0.9999963905827394,0.9999969086827959,0.9999971255384836,0.9762454275658827,0.9796795412391909,0.9811659623130372,0.9904695170449752,0.9949271747958082,0.9956475667564834,0.9889117401039657,0.9935572017458404,0.9952215300658293,0.9887998626285672,0.9931086235658702,0.9954250366404234,0.9881622419267823,0.9930003618365051,0.9952262050960896,0.9878347492581899,0.9932368066121401,0.9945783159392747,0.9876612447639859,0.9929537270997969,0.994392978848246,0.9870634856883483,0.9932520287949832,0.994118896193442,0.9872956947661677,0.9921964344809613,0.9950104509133072,0.98713564559607,0.992202333771113,0.9950103754746022,0.9869717285154288,0.991147184031551,0.994715490747825,0.9888008307056033,0.992749577173922,0.9953267113108453,0.9887319810670574,0.9931086523693737,0.9956208130516249,0.9869714637125824,0.9909149168268581,0.9946056077525124,0.9869709778871918,0.9907261458354818,0.9945522366333821,0.9868233837075662,0.9897151972866173,0.9945546734343567,0.9868143804136404,0.9899441063576933,0.9943990468103814,0.9868053389098366,0.9894922135582147,0.9945583055856896,0.9865924998382365,0.9931103135186048,0.9937707488789707,0.9863374932114919,0.992963395722857,0.9937325274057505,0.9866064472714823,0.9931103647240642,0.9934940140881097,0.9868804341386511,0.9932570242591463,0.9939870482747604,0.9868707439817622,0.9935467403256986,0.9939967522761066,0.9855003264334864,0.992945549683011,0.9938019436904195,0.9854406609774706,0.9929455696818726,0.9938896469856194,0.9854889071926047,0.9933041921051223,0.9936116296315453,0.9850416690389907,0.9923560831739213,0.9929410265991537,0.9849692736984045,0.9923561730010192,0.9929573946413855,0.9850546420850395,0.9923561031606986,0.992769593645548,0.9861682251255861,0.9923542479597959,0.9949958827103687,0.9875921705017062,0.9927609887837101,0.9942561970315714,0.9856596235431936,0.9927993379096259,0.9936508298914516,0.9849743889739846,0.9924893064767762,0.9933321989035265,0.9851505337961746,0.9923557413799947,0.9931464631207729,0.9874576034437376,0.9926356519388738,0.9941182175329566,0.9876191608862949,0.992669942812193,0.9942604855001071,0.9945339754458665,0.9980352634171221,0.9995488784748207,249.0
0.9999963453898977,0.9999969089912062,0.9999971140427713,0.9759484556490827,0.9796815283784096,0.9810948371054059,0.9901195041991504,0.994929455246785,0.9955393101192618,0.9885588597803361,0.9935599471968057,0.99511255352008,0.9884481353655051,0.9931105928546144,0.9953148644204947,0.9878087295066763,0.9930030244682513,0.9951169762855623,0.9874784158411295,0.9932407030263048,0.994470375218178,0.987303952856275,0.9929576949528313,0.994284642941162,0.986705588990163,0.9932576965765164,0.9940115482259174,0.9869412409095807,0.9921989782183582,0.9949005442080476,0.9867811007490637,0.9922049980177979,0.9949004838133793,0.9866164972002547,0.9911490664839125,0.994604464364244,0.9884490853217806,0.9927509253997762,0.9952153573156479,0.9883809590524071,0.9931106216581689,0.9955108098031462,0.9866162469292051,0.9909169688018357,0.9944947746320802,0.9866157682709865,0.990728370384174,0.9944415482428526,0.9864677994356414,0.9897150550012291,0.994441090192959,0.98645883450127,0.989944011618694,0.994286430262046,0.9864497025875725,0.9894917995146268,0.9944442364421703,0.9862339977439458,0.9931176072679474,0.9936644790740925,0.985978940328142,0.9929717251127209,0.9936272166170671,0.9862474190913686,0.9931176584737933,0.9933873413164008,0.9865222934483483,0.9932632822927753,0.9938799869203215,0.9865125490410646,0.9935528270606503,0.9938890668855171,0.9851433711518985,0.9929567005756482,0.9937013922664597,0.9850841280873782,0.992956720574745,0.9937895634916869,0.9851321264971017,0.9933176683803925,0.9935156238403824,0.9846842224341182,0.9923695841389215,0.9928373900064329,0.984611927537377,0.9923696739672954,0.9928538419157895,0.9846971539361398,0.9923696041259833,0.9926659175319827,0.985813310410644,0.99235764466335,0.9948859723427504,0.9872351475049247,0.9927650125297144,0.9941479769423898,0.9853014997214011,0.9928095431566282,0.993547214899193,0.9846160649027366,0.9925012166098265,0.9932285505253321,0.9847930300034031,0.9923692423401392,0.9930427642310025,0.9871008088137514,0.9926399111618487,0.9940101537149436,0.987262098831184,0.9926737273472492,0.9941522746527112,0.9942312608072362,0.9980372888719606,0.9994762940897055,250.0
0.999996364514554,0.9999969096258452,0.999997131653438,0.9760757745685814,0.9796860356492851,0.9812101927834996,0.9902590641147215,0.9949330824041356,0.9956772741789234,0.988697036583247,0.9935623975968273,0.99525095377162,0.9885883837469013,0.9931122417231483,0.9954526878290201,0.9879464083174013,0.9930061378559347,0.9952559478735825,0.9876140182435426,0.9932409896563957,0.9946094457869498,0.987439187223681,0.9929575757992811,0.9944236777606501,0.9868379767393121,0.9932558288799649,0.9941502575313197,0.9870784964552607,0.9922030505020624,0.995040459301065,0.9869183744157602,0.992209137729595,0.9950403017882198,0.986753148285492,0.9911542037013592,0.9947463992018412,0.9885892211084192,0.9927519328975033,0.9953521864275228,0.9885225345965027,0.9931122705267491,0.9956490327308263,0.9867529302404677,0.9909225316821788,0.9946373150799456,0.9867524673747312,0.9907343518516936,0.9945845590992441,0.9866043977121752,0.9897215550395294,0.9945852596529207,0.9865955107088109,0.9899513092649034,0.9944324486233977,0.9865862816536367,0.9894983514189394,0.9945884052718519,0.9863644302268403,0.9931142196113146,0.9938037760533931,0.9861081936399928,0.9929675355450313,0.993767041475489,0.9863777790136623,0.9931142708169798,0.9935269045871534,0.9866539067140041,0.9932606965181107,0.9940185837966427,0.9866440528674119,0.9935495908424136,0.9940260143275216,0.9852685763945931,0.9929499828025975,0.9938412883240249,0.9852085295497214,0.992950002801556,0.9939292224913927,0.9852573149253713,0.9933097811081169,0.9936548037634381,0.9848137099009096,0.992361427310405,0.992981858620967,0.9847423178794087,0.9923615171380314,0.9929988597442221,0.9848267227317281,0.9923614472972997,0.9928107588527385,0.9859508380413802,0.9923626673034934,0.9950257504574452,0.98737027081663,0.992764679347754,0.9942868198882224,0.9854288017966354,0.9928033005158078,0.9936880190771157,0.9847434559144078,0.9924929428956604,0.9933710491791405,0.9849214320910168,0.9923610855144683,0.9931862423804956,0.9872355904399275,0.992639271281474,0.9941487106395506,0.9873973048107609,0.9926733126886097,0.9942911219980262,0.99436100616592,0.9980418755775122,0.9995938862557799,251.0
0.9999964578569569,0.9999969174927009,0.999997182625821,0.976691530912584,0.9797378004404329,0.9815389060131053,0.9909692309188838,0.9949926882462587,0.9961000040310689,0.9894051874777788,0.9936222082391664,0.9956779583836662,0.9892989312669966,0.9931712300440851,0.9958784836531817,0.9886541155611256,0.9930655952519507,0.9956849448774797,0.98831763305963,0.9933021161806007,0.9950405753320222,0.9881419800395103,0.9930179508195307,0.9948548730512732,0.9875372500334013,0.9933194789264395,0.9945831038446677,0.9877878819573477,0.9922619998277205,0.9954736713854284,0.9876274181206759,0.992267508042936,0.9954734695573078,0.9874664838695665,0.9912155532235734,0.9951862687054551,0.9892998180123598,0.9928102631079151,0.995776669108322,0.9892344825674261,0.9931712588493894,0.9960750879811645,0.9874663229061689,0.990984606935329,0.9950783100974586,0.987465887914045,0.9907971420711089,0.9950264400892422,0.9873188539095351,0.9897865384093072,0.9950314882832082,0.9873100605760984,0.9900174255700546,0.9948807819062577,0.9873008691390679,0.9895636300636734,0.9950351306972004,0.9870620111910036,0.9931799147393452,0.9942386318102956,0.9868047425632567,0.9930344346614836,0.9942028017836816,0.987075203740729,0.9931799659484017,0.9939623362853128,0.9873525281163085,0.993325187611033,0.9944521736910747,0.9873426691579665,0.9936143473836461,0.9944594626026745,0.9859626843831618,0.9930194276488045,0.9942801957506194,0.9859023042744407,0.9930194476491675,0.9943682481913414,0.9859515569892089,0.9933810110666565,0.994096752716517,0.9855050649816947,0.9924329077387699,0.9934200800600852,0.9854335147336767,0.992432997572895,0.9934372086518063,0.9855170234211738,0.9924329277271112,0.9932488985335162,0.9866577748608173,0.9924177514061224,0.9954590211947413,0.9880728554012349,0.9928246188570912,0.9947179436454757,0.9861237218435427,0.9928720193974379,0.9941253838642156,0.9854370586640276,0.9925634025559423,0.9938087469240443,0.9856140277626049,0.9924325659181051,0.99362416994938,0.9879378742329586,0.9926989372416561,0.9945796770035727,0.9880998014438137,0.9927328801355211,0.994722262757293,0.9949886197570726,0.9980946395637066,0.9999290758959437,252.0
0.9999965627489559,0.9999969293463937,0.9999972396682433,0.9773835212167205,0.9798160275784529,0.9819072683700888,0.9917671025518935,0.995081776480551,0.996572212509914,0.9902041278238194,0.9937127761324785,0.9961529029315743,0.9900975178856539,0.9932609061535566,0.9963505465711775,0.9894523957665664,0.9931555377860151,0.9961595467542541,0.9891195228020704,0.9933951392546386,0.9955217507106882,0.9889444338236825,0.9931111829114595,0.9953372403443009,0.9883398463887132,0.9934146325387649,0.9950676582590327,0.98858778569077,0.9923510368366536,0.9959492626179849,0.9884272643279083,0.9923562724190422,0.9959490504849128,0.9882688766385143,0.9913045564083772,0.9956633937789933,0.9900983931153937,0.9928992255374051,0.9962475014348937,0.9900328649099089,0.9932609349614591,0.9965463447704854,0.9882687462656271,0.991074134854463,0.9955561620841973,0.9882683262695945,0.9908871621823107,0.9955048512501539,0.9881218099613066,0.9898733469838653,0.995506480381791,0.9881130869777813,0.9901049534513728,0.9953572536179486,0.9881038874543288,0.989650038325324,0.9955096108798202,0.9878658590702719,0.9932769433984562,0.9947262010175939,0.9876092985280678,0.9931326281415441,0.9946919361836335,0.9878790089403512,0.9932769946125175,0.9944506567772278,0.988155596313965,0.9934210514191008,0.9949377231367174,0.9881456907049573,0.9937101577746952,0.9949442103621585,0.9867695385149791,0.9931189014972355,0.9947747286157618,0.9867096815443649,0.9931189214996051,0.9948634956173089,0.9867584991485353,0.9934814201863256,0.9945930813668227,0.9863090212605125,0.9925328933520208,0.9939147060792674,0.9862373068404561,0.9925329831952068,0.9939320014072206,0.9863205010047957,0.9925329133423787,0.9937439136970636,0.9874572488779519,0.9925050004455279,0.995934638240678,0.9888756732894339,0.9929180049108365,0.9952006991130393,0.9869291802864467,0.9929711127410771,0.9946173285697565,0.9862424111567102,0.9926633696889002,0.9943018451438255,0.9864185282249902,0.9925325514968774,0.9941180328770648,0.9887410866483259,0.9927927130018641,0.9950629364122078,0.9889025036702886,0.992825824859049,0.9952050382424477,0.9956939354993359,0.9981743719050665,1.0003046895168668,253.0
0.99999663528455,0.9999969120877081,0.9999973388309905,0.9778720321347203,0.9797037151799788,0.9825600322561328,0.992272663530604,0.9949449648769849,0.9973348919465614,0.9907151425727824,0.9935779004036459,0.9969186701115643,0.9906100008732434,0.9931248535473944,0.9971142991740762,0.9899638319744802,0.9930207843266181,0.9969249788412743,0.989636046311327,0.993262362557315,0.996294323881159,0.989461384754606,0.9929793120758212,0.9961113764462373,0.9888596743948235,0.9932829934913703,0.9958441760390888,0.9891007163637103,0.9922164580089692,0.9967150234742397,0.9889402926410351,0.9922217545028901,0.996714873356852,0.9887833375611992,0.9911697466172585,0.9964292866771393,0.9906107945647767,0.9927622312158495,0.9970097355109707,0.9905462895650481,0.9931248823513497,0.9973100273325172,0.9887831883313833,0.9909395401363753,0.996322101736747,0.9887827594031404,0.9907527226755414,0.9962707878708369,0.9886373737325698,0.9897370112373903,0.9962711363212385,0.9886286964792184,0.9899687826639764,0.9961226730451883,0.9886195877836831,0.9895134772127665,0.996273984845672,0.9883876837504542,0.9931461615666674,0.995505419249833,0.9881326083764539,0.9930023242641282,0.9954725915197156,0.9884002549347147,0.9931462127739874,0.9952302445126588,0.9886761906192907,0.9932897916675589,0.9957152277943998,0.9886662768095078,0.9935791399853976,0.9957214624121598,0.9872974091864392,0.9929891574074802,0.9955598306642406,0.9872382893659687,0.9929891774072372,0.9956492658435822,0.98728641033922,0.9933515550376412,0.9953786116340463,0.986835307009922,0.9924034932944101,0.9947006782596174,0.9867636081794219,0.9924035831258824,0.9947181565929477,0.9868464925365349,0.992403513282162,0.9945303252979784,0.9879706597531203,0.9923703615463736,0.9967004630133071,0.989393535504126,0.9927866623947916,0.9959758641983477,0.9874551181138675,0.9928414177285303,0.9954005179249976,0.9867692733717869,0.9925344413448721,0.9950862392136346,0.986944990690872,0.9924031514838391,0.9949032309439128,0.9892602417165808,0.9926627682487299,0.9958394971598266,0.9894202088622066,0.9926939399980923,0.9959802258822852,0.9961916475623366,0.9980598553005291,1.000970051583488,254.0
0.9999967524312343,0.9999968727397545,0.9999975132819823,0.9786615819689177,0.9794445634280817,0.98370645382045,0.9930931533288362,0.9946463032602162,0.9986845713805506,0.9915388905720964,0.9932826208381613,0.9982684450599518,0.9914351147283617,0.9928284363075561,0.9984616229094814,0.9907878699537984,0.9927269472518944,0.9982740382562371,0.9904635040123407,0.9929696148302245,0.9976479899702175,0.9902891650388792,0.9926873498656816,0.9974664190944327,0.9896896633111519,0.9929923134880675,0.997199643223152,0.9899255490800258,0.9919247046598755,0.9980640749882879,0.9897653158659838,0.9919305439347892,0.9980639825956027,0.9896085383090035,0.9908781723861356,0.9977780665917888,0.9914358297259657,0.9924649036748192,0.9983555829155968,0.9913722813012819,0.9928284651029117,0.9986569873140128,0.9896083641834295,0.9906482482813276,0.997671023299841,0.9896079234239521,0.9904616482501423,0.997619779291975,0.9894614452757031,0.9894449433129563,0.9976191309945677,0.9894528664697918,0.9896777643262542,0.9974725769079628,0.9894434963717115,0.9892211790460024,0.9976215750842032,0.9892188585107063,0.99285719783355,0.9968623349950059,0.988965016928838,0.9927143875993009,0.9968303216898157,0.9892304322360245,0.9928572490259789,0.9965873783968332,0.9895066315295177,0.9929998009021248,0.9970711209802243,0.9894966972973356,0.9932892914451189,0.9970767155704833,0.9881346805853477,0.9927014660434551,0.9969216151500232,0.9880769928944547,0.9927014860374236,0.9970116980214279,0.9881237948327541,0.9930650448450193,0.9967423916453959,0.9876685492809599,0.9921146384698213,0.9960622499739068,0.9875969352208244,0.9921147282751693,0.9960797979658189,0.9876795819208045,0.9921146584517604,0.9958923741705579,0.988796322438953,0.9920813435775032,0.9980494726544741,0.9902221274053098,0.9924951563885086,0.9973319404574116,0.988288619548162,0.992553246229,0.9967598047943905,0.9876023867421141,0.9922457770054423,0.9964465419709181,0.9877782123752106,0.9921142967586535,0.9962641752140249,0.9900899442941749,0.99237259443943,0.9971969540176112,0.9902487898417981,0.9924020412549894,0.9973363190349505,0.9969960772475364,0.9977956999834136,1.002138643992555,255.0
0.9999969277076277,0.9999968371978576,0.9999977035586923,0.979830791898958,0.9792084866450685,0.9849501557565625,0.9943771599521692,0.9943850964116769,1.0001919436625055,0.9928199567428362,0.9930218222755215,0.9997702268712698,0.9927189054804993,0.9925668155048603,0.9999624030080791,0.992067975469223,0.9924658306513318,0.9997740413957777,0.9917405009122002,0.9927101609668143,0.9991473075845643,0.991564683558351,0.9924271158156115,0.9989647974005968,0.9909655496047763,0.992736036396521,0.9986976442217319,0.9912030947390829,0.991663129560851,0.9995622634582809,0.9910424358907788,0.9916690015838534,0.9995622565620076,0.9908844085290462,0.9906161119716572,0.9992729935794805,0.9927194682383985,0.9922026249731549,0.9998553914255974,0.9926578203105553,0.9925668442926232,1.00015789470225,0.9908842103213499,0.9903864610655385,0.9991661587704925,0.9908837580427977,0.9902000681104649,0.9991150463271192,0.9907356356863654,0.9891806553619413,0.9991106938375066,0.9907271149628494,0.9894137679141598,0.9989648677105734,0.9907174583208589,0.9889565542450959,0.9991125836441421,0.990494094296973,0.9926032974657065,0.9983598747469299,0.9902401062716977,0.9924618053074993,0.9983273336810783,0.9905051368937141,0.9926033486450662,0.9980852281417908,0.9907822770743135,0.9927445824430395,0.9985690026971751,0.9907723880710483,0.993034777229937,0.9985748795166188,0.9894086773962212,0.9924505318644171,0.9984169690711491,0.9893510084358114,0.9924505518533465,0.9985062172971947,0.9893979602368737,0.99281643960609,0.9982410479060286,0.9889390468638884,0.9918622718746105,0.9975578059272338,0.9888672132923347,0.9918623616571878,0.9975750742243682,0.9889499619498416,0.9918622918514834,0.9973880844076324,0.9900707777699395,0.9918193232411795,0.9995477174686823,0.9914972332069594,0.9922344858371219,0.9988301190719692,0.9895624972400754,0.9923013653384762,0.9982559856812209,0.9888739222511007,0.9919942188746814,0.9979423576069677,0.9890490612699095,0.9918619302500864,0.9977598912355008,0.991364254356966,0.9921113966675054,0.9986947862732305,0.9915241058915727,0.9921412936628792,0.9988345036411633,0.9981875657300655,0.9975551177797275,1.0034065522575475,256.0
0.999997067751423,0.9999968030454611,0.9999978605979077,0.9807654420467864,0.9789813032856104,0.9859768863476954,0.9954038162868153,0.9941357855380806,1.0014383033004608,0.9938385838180321,0.9927728695238256,1.001006003349289,0.9937380770704599,0.9923188836123266,1.0011981025975631,0.9930859950458085,0.9922197688080399,1.0010089577893582,0.9927511930445738,0.9924581658713206,1.0003709421611442,0.9925747557509685,0.9921749360133993,1.0001881283215124,0.9919714485164591,0.9924817802929073,0.9999114010909358,0.9922194765608967,0.9914212497264225,1.0007976081249992,0.9920586845753727,0.9914279594066707,1.000797737276871,0.9918997547012366,0.9903766579817868,1.0005083410256232,0.9937385552528434,0.9919555098895644,1.0010918379632634,0.9936773813116168,0.9923189123928964,1.0013929875173209,0.9918995751033192,0.9901476437530021,1.0004023194467078,0.9918991321202323,0.9899618408662392,1.0003518220860415,0.9917521253934161,0.9889451770157079,1.0003512457128974,0.9917436482909159,0.9891783260776632,1.000205883621794,0.9917340901454659,0.98872158903198,1.0003537406289362,0.9914956181346961,0.9923473482370915,0.9995675654835837,0.9912390012543429,0.9922049167842895,0.9995318022209498,0.991506677776881,0.9923473994032588,0.9992928191646753,0.9917864742702636,0.9924895724860489,0.9997800550305512,0.9917764918804924,0.9927792670052376,0.9997841197873406,0.9904017423896948,0.9921910885322441,0.9996113377872613,0.9903438263769687,0.9921911085159542,0.9996988967885574,0.99039104955636,0.9925568006267212,0.9994351371027024,0.989924790327871,0.9915974769460831,0.9987514938986186,0.9898529389882941,0.9915975667047285,0.9987682402698045,0.9899354494387064,0.9915974969176298,0.9985810163479855,0.9910863203162195,0.9915823572131671,1.0007829911100565,0.992507381563076,0.9919821886370935,1.000053801219681,0.9905561918131416,0.9920420016080438,0.9994548579604197,0.989862032867038,0.9917320918000121,0.9991388759364164,0.990035344287958,0.9915971354126195,0.9989550834556048,0.9923745149484529,0.9918594354610543,0.9999188961718214,0.9925342311671584,0.9918886011519474,1.0000582036251686,0.9991400241228733,0.9973236086816775,1.0044532761267444,257.0
0.9999971712412763,0.9999967677531011,0.9999979760392884,0.9814564333073909,0.9787467691642557,0.9867312880362644,0.9961634419087171,0.9938772448942358,1.0023592925353213,0.9945874078475319,0.9925140335949054,1.0019028276311284,0.9944881357213021,0.9920617752748963,1.002095868800864,0.9938328142497812,0.9919617155599292,1.0018997660389448,0.9934910728950133,0.9921972537593816,1.0012456520583177,0.9933139247899236,0.9919138947526477,1.001061484582521,0.9927092601697476,0.9922202704766222,1.0007707164883721,0.9929630185261008,0.991164329187878,1.0016828867069671,0.9928016259063016,0.9911715389183621,1.0016829867628356,0.9926423730019067,0.9901196151895713,1.0013853612308825,0.9944885185340114,0.9916997837828486,1.0019906267343923,0.9944282516597628,0.9920618040480057,1.0022905514487277,0.9926421610984453,0.9898908486380775,1.0012793021327804,0.9926417027380491,0.9897051986157803,1.0012287159264839,0.9924954787111377,0.9886862056167958,1.0012219926285273,0.9924870700099141,0.9889198550026473,1.0010778547158619,0.9924775284118583,0.9884622864871481,1.001223475947872,0.9922319416251975,0.9920855166888927,1.0004174609498437,0.9919743199648822,0.9919429630923022,1.0003767713583023,0.9922434827206814,0.9920855678415823,1.0001419959939968,0.9925236988725943,0.9922278630351752,1.000635460851224,0.9925136440004562,0.9925171874945997,1.0006381249337102,0.9911390386300035,0.9919281055920537,1.0004439347116845,0.9910828017758115,0.9919281255704833,1.000530069014273,0.9911283659052462,0.9922936154023234,1.0002675321654166,0.9906535218371924,0.9913333740438718,0.9995782385886894,0.9905812702990096,0.9913334637787166,0.9995938132122684,0.9906654032418517,0.9913333940101218,0.9994069389739807,0.9918258174853527,0.9913283997097871,1.001668085213079,0.9932463401751519,0.9917210789523893,1.000927105810286,0.991289110307482,0.9917791009573895,1.0002912358865357,0.9905898496711524,0.9914681799522646,0.9999708978872045,0.9907635512002062,0.9913330326009707,0.999784474701408,0.9931131004850108,0.9915981152411292,1.0007921076178101,0.9932732846175234,0.9916272824424563,1.000931518784231,0.9998441798595855,0.9970846032158144,1.0052223893175805,258.0
0.9999972251490722,0.9999967341655319,0.9999980562701004,0.9818176530447468,0.97852261979109,0.9872558728512626,0.9965560597680394,0.9936351417541086,1.0029989715908656,0.9949591487539339,0.9922733178580804,1.0025055112732988,0.9948599648733076,0.9918226087362891,1.0026976630625843,0.9942026140940399,0.9917237126224127,1.002495382072342,0.9938431965221456,0.9919545756923076,1.0018125528485122,0.9936650845541158,0.9916708918181981,1.0016264956115248,0.9930534622117196,0.9919785087127333,1.001311219787724,0.9933292807409715,0.9909302505149598,1.0022726788150311,0.9931672455550745,0.9909384314827201,1.002272718693145,0.9930082118302864,0.9898874545305518,1.0019666742946494,0.9948601113096378,0.9914618566862335,1.0025928114503522,0.9948003101762075,0.9918226375024519,1.0028915187559662,0.9930080100027452,0.9896593772396294,1.0018611953873582,0.9930075570208484,0.9894743263212723,1.0018110000406846,0.9928623495794975,0.9884554341707391,1.0017983117861284,0.9928539996529868,0.9886894452263938,1.0016552999701174,0.9928445245351872,0.9882316386949268,1.001798965698437,0.9925697919141084,0.9918447139182477,1.0009404677335414,0.9923084660241963,0.9917028144140565,1.0008905712966534,0.9925815621704768,0.9918447650585518,1.000663026014011,0.9928654450665926,0.9919864061147374,1.001169004640095,0.9928553268716893,0.9922754182985807,1.0011705434653384,0.991467668654201,0.9916870871896504,1.0009321612741557,0.9914119862275871,0.9916871071632484,1.001015037187956,0.9914569144749177,0.9920504733324924,1.0007531299716375,0.9909736204249341,0.9910944636062635,1.0000585373676782,0.9909012782382913,0.991094553319633,1.0000725781299473,0.9909862497093039,0.9910944835677346,0.9998849140179144,0.9921883627694151,0.9911011176734658,1.0022575287289492,0.9935968780744213,0.9914778145912733,1.0014919577401495,0.9916163265844765,0.9915389458586926,1.0007889973408362,0.9909096825568511,0.9912285162900419,1.000460768080607,0.9910837047257351,0.9910941222450758,1.0002695348793538,0.9934632117093074,0.9913545571566016,1.0013567270732726,0.9936238646446336,0.9913837417203556,1.0014963832232682,1.0002122617890976,0.9968562046322827,1.0057572083036115,259.0
0.9999972513208251,0.9999966934385182,0.9999981000672433,0.9819925710936552,0.9782510690296619,0.9875406348966648,0.9967496558281781,0.9933409280756718,1.0033599341474557,0.9951266913962764,0.9919778049113803,1.0028220596664952,0.9950295567147458,0.991528026779537,1.0030116844882202,0.9943672753900851,0.9914323414209558,1.0028049406700936,0.993985972633321,0.9916525029788094,1.0020859504453945,0.9938064606894308,0.9913686585494396,1.0018974831846699,0.9931860813362555,0.9916744400030421,1.0015543027799356,0.9934889679560174,0.9906448731986297,1.0025778227142907,0.9933259725184466,0.9906540074628047,1.00257771635782,0.9931672923551075,0.9896076169130567,1.0022659915975216,0.9950293261380018,0.9911680194546449,1.00290606481552,0.9949714128065452,0.9915280555371365,1.0032045994895962,0.9931670610876739,0.9893799896229907,1.002160469034599,0.9931665943926461,0.9891952495140987,1.0021101387831288,0.9930224100769073,0.9881868373245969,1.0021029609002787,0.9930141382221609,0.9884215718908286,1.0019616543316863,0.993004700474149,0.9879643941664253,1.002104040040994,0.9926940781767344,0.991538894286673,1.0011635607324405,0.992427555156582,0.9913959101662031,1.0011031364816076,0.9927067378468347,0.9915389454112529,1.0008836915320836,0.9929948558095352,0.9916816710604788,1.0014043285363532,0.9929847210700509,0.9919707171029221,1.0014055178699048,0.9915838080568488,0.9913778020422266,1.001118672217384,0.991530167272273,0.9913778220096275,1.0011983050010524,0.9915731361914585,0.9917420359684064,1.0009413914563308,0.9910735453677294,0.9907812178916383,1.000230237017288,0.9910009357589479,0.9907813075768455,1.0002422145418342,0.9910874539698121,0.9907812378468406,1.0000536586897422,0.9923422114242,0.9908225036272242,1.00256222454701,0.9937374040264428,0.991175350185348,1.0017628477967007,0.9917271182083125,0.9912293160744536,1.0009832222740842,0.9910095608887585,0.9909156363682732,1.0006449211079822,0.9911835158882253,0.9907808766376092,1.000447473519954,0.9936034736745013,0.9910519219074865,1.001627490753265,0.9937639666845427,0.9910803216024339,1.0017673118935977,1.0003905071108052,0.9965795016368498,1.0060475830753284,260.0
0.9999972426725483,0.9999966473084684,0.9999981144353112,0.9819369290780989,0.9779442233640485,0.9876331690598246,0.9966814462383954,0.9930046978481955,1.0034851815886017,0.9950225577688155,0.9916380018935665,1.0028910993953768,0.9949276565858118,0.9911886541561781,1.0030760574914843,0.9942591573281883,0.9910956784566055,1.0028634820912645,0.9938468682096516,0.9913040619011095,1.0021043053308059,0.9936651803329782,0.9910188125778665,1.00191243103036,0.9930301349766346,0.9913249688837967,1.0015370947555295,0.993375991197408,0.9903127547368702,1.002628661434075,0.9932117476427343,0.9903228188623598,1.0026284923198803,0.9930555304942806,0.9892792919536075,1.0023054337183492,0.9949267806494421,0.9908289910108121,1.0029690334020733,0.9948713346199816,0.9911886829039109,1.003267225158044,0.9930552841017861,0.9890523294490186,1.0022000833844305,0.9930548107895204,0.9888681012396181,1.002149773503988,0.9929090616973149,0.987863769136843,1.0021347309255502,0.9929008556605521,0.9880989846385227,1.001994890302748,0.9928911347452678,0.9876419351751353,1.002134576867862,0.9925249389496655,0.9911878929145468,1.0011220690401057,0.9922499241528632,0.9910437232427396,1.0010482700031675,0.9925391193367981,0.9911879440210963,1.0008394880962677,0.99283386032323,0.9913318552981231,1.0013781758341767,0.9928238491954074,0.9916220892796291,1.0013812871820602,0.9913982789417898,0.9910247825078227,1.0010302074612845,0.9913462515880779,0.9910248024681583,1.0011056371694609,0.9913876850154205,0.9913897751831426,1.0008547072887315,0.9908752799733463,0.9904278116865074,1.000125814210217,0.9908025875138468,0.9904279013399855,1.0001354938021263,0.990890892026079,0.9904278316346481,0.9999458148095213,0.9922212453504644,0.9904961676596785,1.0026127312222466,0.9935942729116832,0.9908244628521572,1.0017770389966,0.9915373558479307,0.9908759881052017,1.000904955378014,0.9908093882535486,0.9905608938924075,1.0005549352442602,0.9909846617301897,0.9904274705532072,1.0003502262050499,0.993459144871773,0.9906999365283671,1.0016406264338775,0.9936205958834652,0.9907287430780481,1.001781531301961,1.0003337656696987,0.996266815774601,1.0061419811641563,261.0
0.9999972132813032,0.9999966065034127,0.9999981099066543,0.9817416934080901,0.9776717683842934,0.9876015568801263,0.9964647728841705,0.9927120035927286,1.003463405402933,0.9947699486050923,0.9913443700169406,1.002811175177349,0.9946761472920151,0.9908972691428988,1.0029914187363742,0.9940009200037563,0.9908051876298776,1.0027730184190504,0.9935640543206017,0.9910053003251482,1.0019707141973562,0.993380724100147,0.9907200576732851,1.0017761173974147,0.9927367177530596,0.9910275884900435,1.0013661259320692,0.9931108044186099,0.9900268124747429,1.0025311168142397,0.9929449536224376,0.9900374604697875,1.0025309067533248,0.9927900758507582,0.9889992721025248,1.002197246572944,0.9946747077807129,0.990539403530253,1.0028845541924676,0.9946209051184385,0.9908972978821555,1.0031796372426234,0.9927897784641281,0.9887727957324342,1.0020915141543183,0.9927892812352881,0.9885888507002706,1.0020407507235907,0.9926441260118355,0.9875947838503509,1.0020259063132595,0.9926359874120204,0.9878305576356916,1.0018876610486753,0.9926262561099303,0.9873743009115594,1.0020254160008024,0.9922221474818617,0.990891460698121,1.0009256927130625,0.9919413165451483,0.9907477801615772,1.0008384667197148,0.9922374193133249,0.990891511789456,1.0006397004066807,0.9925368443353805,0.9910349341231702,1.001197563419292,0.9925268692278849,0.9913256282119887,1.0012012955633456,0.9910866242195098,0.9907309926222211,1.0007850661157922,0.9910359968598534,0.9907310125766877,1.0008558018113474,0.9910760685958082,0.991096096864876,1.000610441389463,0.9905528826323287,0.9901368043639812,0.9998642356305785,0.9904800523939329,0.9901368939914041,0.9998714299603765,0.9905704828978577,0.9901368243063235,0.999680597933995,0.9919452677757887,0.9902129338081811,1.0025149810538787,0.9933087518525967,0.9905254743638562,1.0016408114026207,0.9912220388133038,0.9905821528465063,1.0006716561748905,0.9904852393158974,0.9902694960768996,1.000308799964111,0.9906615057962261,0.9901364633298222,1.0000963561674936,0.9931737584437313,0.9904011160693321,1.0015045453338776,0.993334823273573,0.9904290498083994,1.0016453322628749,1.000134788090302,0.9959892034591763,1.006109831471877,262.0
0.9999971741351508,0.9999965686764705,0.9999980920686712,0.9814808561871528,0.9774191416812622,0.9874825568673201,0.9961780785027431,0.9924415385511632,1.003337487564201,0.994447276324169,0.9910738554674368,1.0026245805288494,0.9943547045150236,0.9906286303832611,1.0027984570309603,0.9936735652665603,0.9905392282584033,1.0025758590470706,0.9932104113903426,0.990728368493353,1.0017285432335519,0.9930266955172975,0.9904439448938387,1.0015320874394469,0.9923700441388138,0.9907493562151151,1.0010838782074722,0.9927782383833624,0.9897674437978858,1.002327157149691,0.992611055650187,0.9897791065299698,1.0023269336836254,0.9924587618516804,0.9887465420132229,1.0019829495739372,0.994352695813394,0.9902722652985291,1.0026908735956468,0.9943006238708917,0.9906286591147021,1.0029833936710817,0.9924584204955764,0.9885207440234017,1.0018769772763656,0.9924579029042574,0.9883372489985762,1.0018258516790506,0.9923128010966944,0.987353749082411,1.0018094891170055,0.9923046966261397,0.9875895205683068,1.0016720220444784,0.9922949244060879,0.9871347917377594,1.0018085978461555,0.9918421980282587,0.9906122432136554,1.0006155914560553,0.9915530728913664,0.9904680122334212,1.0005137163107234,0.9918587495145493,0.9906122942906541,1.0003261800490093,0.9921650545128633,0.9907562673849033,1.0009044747966436,0.9921550348808196,0.9910466904269065,1.0009075783901138,0.9906893819203693,0.9904515394185962,1.000420794215337,0.9906394030499787,0.9904515593674772,1.0004863126709245,0.9906787991240508,0.9908156362998826,1.0002454167464285,0.9901456180807787,0.9898597434728041,0.999484876158128,0.9900723012363263,0.9898598330754093,0.9994894161301701,0.9901653008108807,0.989859763409623,0.9992975879977243,0.9916043117761413,0.9899596914576931,1.0023107304543535,0.9929540824973427,0.9902496174159394,1.0013972077665163,0.9908231149535686,0.9903031091385693,1.0003212492241487,0.9900765105433593,0.9899915478781461,0.9999453231739429,0.9902537373651568,0.9898594025330786,0.9997249084860197,0.9928197858230686,0.9901259532763442,1.0012615888372893,0.9929800096567929,0.9901526413416714,1.001401751346964,0.9998689662132402,0.9957317992252822,1.0059885991806892,263.0
0.9999971252785969,0.9999965367438254,0.9999980714120549,0.9811560192831473,0.977205633901816,0.9873458672836233,0.9958167512206801,0.9922151493172748,1.003183399943716,0.9940498056754542,0.9908462037051582,1.0024117426049626,0.9939588970728075,0.9904025166465973,1.002578393889654,0.9932722327814957,0.990316707357331,1.0023538710874902,0.9927797223001978,0.9904916322714473,1.0014609529255312,0.9925948801177539,0.9902073768095169,1.0012619347898881,0.9919238002945601,0.9905087016530982,1.0007767979921667,0.9923712919676202,0.9895523454331281,1.0020994076093321,0.9922028168667711,0.9895649517084716,1.0020992053060358,0.9920520602112728,0.9885396569355316,1.001746212732625,0.993956340597227,0.9900473817405977,1.0024692793023535,0.9939062221526344,0.9904025453714569,1.002760142933616,0.9920517147135903,0.9883150264927583,1.0016406697944613,0.9920511962842158,0.9881324646780284,1.0015896983846626,0.9919066597037262,0.9871604929580331,1.001572009344581,0.9918986703767517,0.9873978079178798,1.001437486473894,0.9918888379500237,0.9869430692275949,1.0015705545320384,0.9913807540026184,0.9903684538524009,1.0002811972413042,0.9910821404275519,0.9902223954079218,1.0001650022281052,0.9913985804948053,0.9903685049168783,0.9999884710470535,0.991712949446169,0.9905143058877625,1.0005866918795678,0.9917028623524858,0.9908042353250763,1.0005888299548795,0.9902062696875542,0.9902053694262939,1.0000331034815968,0.9901563912427253,0.9902053893702527,1.0000933009028639,0.9901956871502295,0.9905690072201757,0.9998577562746854,0.9896527441431864,0.9896151049962588,0.9990826423199726,0.9895788905727766,0.9896151945769459,0.9990846358813276,0.9896741071440676,0.9896151249281986,0.9988916358665797,0.9911889653276269,0.9897496625800846,1.0020827723224388,0.9925212651051529,0.99001292515579,1.0011270910091212,0.9903397356139135,0.9900571257553434,0.9999473762752016,0.9895827274057959,0.9897452907852018,0.9995587308919177,0.9897608207106905,0.9896147641399305,0.9993304411390032,0.9923870973680144,0.9898894030155522,1.0009915648686212,0.992547059136061,0.9899153961044216,1.0011316572269526,0.9995379117265443,0.995514264315129,1.0058493085196014,264.0
0.9999970811052227,0.9999965200273319,0.9999980431564774,0.9808606699804233,0.9770929529137989,0.9871592220805104,0.9954958099570784,0.9921010900790221,1.002969960495089,0.9936954600621102,0.9907360906458312,1.002138185191834,0.9936059793738173,0.9902931909064495,1.0022963775312428,0.9929137606283464,0.9902113131462825,1.002068284129302,0.9923965977877337,0.9903783949980005,1.001135655458813,0.992210869588999,0.990094256826706,1.0009341896637423,0.9915292582741662,0.9903967256150024,1.00041382887194,0.9920061474956045,0.9894537708515083,1.001803021678848,0.9918367910852632,0.9894676318524226,1.0018027883916356,0.9916835036769319,0.988446335722996,1.0014334055100371,0.9936028729808617,0.9899386854264264,1.0021846041045999,0.9935545707881519,0.990293219628116,1.0024750445402402,0.9916831695280444,0.9882231156267511,1.0013285538095382,0.991682657898831,0.9880417107356553,1.001277927716187,0.9915378650646051,0.9870715899635387,1.0012440345163969,0.9915298639252604,0.9873082150568752,1.0011092055531607,0.9915200141645156,0.9868548500200054,1.001240648129599,0.9909738235099245,0.9902582177137543,0.9998922471635404,0.9906679708019229,0.9901134797725687,0.9997628953721548,0.9909919961809965,0.9902582687725953,0.9995958784878266,0.9913136090516314,0.9904027496676252,1.0002132564244859,0.9913033653798224,0.9906914637443036,1.0002130826430402,0.9897795912193258,0.9901002289904676,0.9995939925999823,0.9897286776546713,0.9901002489323466,0.9996485978515522,0.9897690587608987,0.9904643629211235,0.9994200554507569,0.9892233606371269,0.9895159744376507,0.9986317439678871,0.9891489599419795,0.9895160640095967,0.9986314300080879,0.9892464703676971,0.9895159943676449,0.9984374670616095,0.9908181559367846,0.9896583335817628,1.0017860607687414,0.9921363315155877,0.9898996857258514,1.0007992967941497,0.9899157228653406,0.9899517835186611,0.9995222294552515,0.9891518760638202,0.9896439711839488,0.9991219060901351,0.9893312022718479,0.989515633614583,0.9988865061618909,0.9920021945153316,0.989776173758358,1.000663742276315,0.9921622102742718,0.989801898703741,1.000803874696705,0.9992369391975784,0.9953994841698632,1.0056590895377944,265.0
0.9999970379482852,0.9999965053502897,0.9999980255919809,0.9805736896557303,0.9769939668207561,0.9870436609200081,0.9951766145957748,0.9920014552068905,1.0028336522490802,0.9933450638299168,0.9906406113337615,1.0019512992462114,0.9932556425788227,0.9901998728447663,1.0021024035697454,0.9925584897666683,0.9901202876449087,1.0018714606002024,0.9920215146133272,0.9902801846594046,1.000903714711722,0.9918358820913059,0.9899958202567585,1.0007006648323438,0.9911430982749758,0.9902997906868227,1.0001484303318091,0.9916450216818807,0.9893691830271285,1.0015986776068984,0.9914746397243469,0.9893837286596396,1.0015983779368167,0.9913203699235507,0.9883693208497523,1.0012177787696508,0.9932520554126212,0.9898470960899329,1.0019893949878247,0.9932046276254324,0.9901999015637089,1.0022777431788896,0.9913200337273755,0.9881475390496193,1.0011134771049965,0.991319522510831,0.9879672869361168,1.0010630603376214,0.9911750774362915,0.9870047153882371,1.0010209183108287,0.9911670400729059,0.9872402645853047,1.0008851516201398,0.9911572774513895,0.9867894670744546,1.001016701028041,0.9905782706673585,0.9901626492544443,0.9996043676184685,0.9902669221612365,0.990018853466835,0.9994634267659578,0.9905968167797096,0.9901627003083942,0.9993048374116418,0.9909238213138993,0.9903062394307924,0.9999390229001793,0.9909135111715165,0.9905944619413495,0.9999379279166857,0.9893696035932892,0.9900082326414376,0.9992615873286051,0.9893181003341068,0.9900082525814917,0.9993115042791391,0.989359029105396,0.990371117238261,0.9990866196496239,0.9888110755223488,0.98943013429201,0.9982897865746675,0.9887368482612473,0.989430223856368,0.9982878023962248,0.9888351987899737,0.989430154220316,0.9980923382547933,0.9904504540973017,0.989577480506518,1.0015814823863347,0.991760469030998,0.9898009386373657,1.0005657114237914,0.9895072812596475,0.9898602949148863,0.9992024294573596,0.9887382702578336,0.9895563852396874,0.9987920478311696,0.9889186556159838,0.989429793497815,0.9985505385328467,0.9916263113299456,0.9896774092725243,1.000430088000196,0.9917860318555092,0.9897022742480486,1.0005703247168143,0.9989444704123492,0.9952986567522065,1.0055413052191895,266.0
0.9999970074429526,0.9999965009411413,0.9999980122341751,0.980369779673648,0.976962943316606,0.9869555380205637,0.9949550575042285,0.9919779039610496,1.0027314754073526,0.9931068643090037,0.9906248179551983,1.0018059871562819,0.9930213154926382,0.990185152802851,1.0019517555483464,0.9923165634021424,0.9901082062645901,1.0017167296189124,0.9917717149890369,0.9902670817781748,1.0007218298764848,0.9915856401082607,0.9899822286189917,1.000517213648979,0.9908943776144032,0.9902928865642728,0.9999410463751306,0.9913976305639463,0.9893624639618726,1.0014357870785224,0.9912263553902848,0.9893775312453192,1.0014354365922198,0.9910705487975146,0.9883691589386313,1.00104248833797,0.9930172323695853,0.9898332342655899,1.0018362443293818,0.9929729940048692,0.9901851815213503,1.0021257696488783,0.99107022348698,0.9881489877237677,1.0009389671252993,0.9910697190159831,0.9879700537151271,1.000888936258513,0.9909248759286795,0.9870111927940971,1.0008329561130653,0.9909167432292357,0.9872446323596947,1.0006947144566238,0.9909070414203203,0.986797142315293,1.0008274746484092,0.9903285585911856,0.9901614163776828,0.9993796514376582,0.9900159635970327,0.9900212261325457,0.9992295868783845,0.9903489173118897,0.9901614674316015,0.9990784476734902,0.9906747016403824,0.9903014012864678,0.9997247465681905,0.9906643129820369,0.9905890620966729,0.9997225461274865,0.9891188017651579,0.9900143754458715,0.9990040218004239,0.9890683533081767,0.9900143953860754,0.9990510373343084,0.9891081894317563,0.9903761902349573,0.9988281344356439,0.9885564298317941,0.9894450920023891,0.9980216660624359,0.9884816694264744,0.9894451815682627,0.9980180033211477,0.9885819555068838,0.9894451119310331,0.9978219725648395,0.9901970666645622,0.9895729861364797,1.0014184327447664,0.9915095293996669,0.9897868934692272,1.0003823351871755,0.9892537491191867,0.9898668724521468,0.9989527771093228,0.9884816832736901,0.9895680383676254,0.9985340048778503,0.9886638032674278,0.9894447512024266,0.9982873471135241,0.9913755161226244,0.9896634922486746,1.0002467994570856,0.9915346696174286,0.9896871612906236,1.000386991612807,0.9987366808240423,0.995267093261316,1.0054514927841265,267.0
0.9999969845240284,0.9999964986967205,0.9999980080841001,0.9802174087015488,0.9769467897916976,0.9869284329707472,0.9947854648572749,0.991968049214304,1.0026971909412703,0.9929215223088604,0.9906212481414376,1.0017363145890692,0.9928407040079775,0.9901838643787787,1.0018791703981675,0.9921285711110731,0.9901089266145208,1.0016384947971975,0.9915725586681583,0.9902621374373163,1.0006220851459429,0.9913847424867284,0.9899759825662328,1.0004149808821081,0.9906925767982345,0.9902900311997846,0.999820683137205,0.9912070801704709,0.9893693793123872,1.001350483057007,0.9910353336415498,0.9893852238863933,1.0013501055662786,0.99087975236608,0.9883821603545455,1.000946348045613,0.9928363984444654,0.989833770605119,1.0017621774659358,0.9927953860666169,0.990183893097231,1.0020525472345845,0.9908793637346046,0.988163010006331,1.0008424720194384,0.9908788299442095,0.9879847537691722,1.0007919015244644,0.9907331323561449,0.987031663563959,1.000725626294104,0.9907249726687124,0.9872642639246447,1.0005866767132252,0.9907151786009871,0.9868187186098055,1.0007187947743457,0.9901255422936641,0.9901603178774152,0.9992461335101283,0.98981113707602,0.9900211885589152,0.9990887610657462,0.9901482790143729,0.9901603689312962,0.9989441651066706,0.9904724331960567,0.9902992420460304,0.9995993588972854,0.9904620497174825,0.9905870023514033,0.9995973270216727,0.9889134053524444,0.9900165422528092,0.9988442944574445,0.9888638794748423,0.9900165621930722,0.9988890140792903,0.9889027811443503,0.9903778342587802,0.9986681422498691,0.9883443029030939,0.9894515234940285,0.9978523981394342,0.9882692022849388,0.9894516130605856,0.9978474698787636,0.9883702303939699,0.989451543422825,0.997650461336441,0.9900039021523133,0.9895846005802545,1.0013329200021794,0.991307629217136,0.9897797405768143,1.0002797634920824,0.9890459563624784,0.9898692516580134,0.9987991234040675,0.9882702565136133,0.9895733217299963,0.9983732755144284,0.9884522639332917,0.9894511826914657,0.9981223084231872,0.9911731062928856,0.9896558472785882,1.000143715788585,0.9913322660481814,0.9896787975724937,1.0002844686323564,0.9985813974196394,0.9952506702146574,1.00542386175665,268.0
0.9999969835342358,0.9999964988027115,0.9999980061376532,0.9802092657198486,0.976946609876671,0.9869147855516991,0.994784509319657,0.9919733485700443,1.0026879616806774,0.9929063929413439,0.9906336388840677,1.0016982801198837,0.9928267670084727,0.9901985539281692,1.0018366881982115,0.992110550955924,0.9901248601221043,1.0015935156070424,0.9915480791718105,0.990275402048616,1.0005597215147601,0.9913608703938189,0.9899895317831635,1.0003518452029583,0.9906651280483234,0.990304547259948,0.9997399602280281,0.9911848598316434,0.9893904280924944,1.0012994375232505,0.9910125816384948,0.9894065451448423,1.001298941016794,0.9908546008618178,0.988410139056649,1.0008864718423052,0.9928222879818488,0.9898502988652946,1.001718391440026,0.9927822930373168,0.9901985826470425,1.0020083733012575,0.9908541452862273,0.9881919399898356,1.000782186509189,0.9908535803533062,0.9880142949247918,1.0007310398972518,0.9907047858974602,0.9870697067228419,1.0006579005039162,0.9906966576614793,0.9873025790483261,1.0005197373941408,0.9906864104556907,0.9868580305848487,1.0006499181023953,0.990097910374101,0.9901760132362389,0.9991542852718475,0.9897835919831534,0.9900376461647209,0.998991252121905,0.9901207669280799,0.9901760642909331,0.9988505589655721,0.990444909682646,0.9903141752086047,0.9995143054596067,0.9904345098198648,0.9906017577473569,0.9995120204736302,0.9888870509626532,0.9900342044953152,0.9987303795060078,0.9888380417167065,0.9900342244359387,0.9987731631988661,0.9888762968772858,0.9903928785749034,0.9985508236371079,0.988316029154411,0.9894713389778473,0.9977349638967955,0.9882401555066745,0.9894714285462409,0.9977288573962904,0.9883434848444771,0.9894713589070524,0.9975321646569313,0.9899783727882785,0.9896070505575927,1.0012816827763316,0.9912837785269044,0.9897934117523727,1.0002168652296266,0.9890183095175495,0.9898879780177093,0.9986916219678648,0.9882422286986281,0.9895952318260125,0.9982611391085828,0.9884235059726674,0.989470998168297,0.9980075889189315,0.9911496276021744,0.9896698666355852,1.0000811532806793,0.9913084897064316,0.9896920868362962,1.0002215879031124,0.9985731269675624,0.9952505134467743,1.0054099775712688,269.0
0.9999969777306223,0.9999964999294824,0.9999980180351762,0.9801713068805908,0.976953166404987,0.986993292249651,0.9947392876905459,0.9919868315680239,1.002777569221311,0.9928469514749592,0.990651845798367,1.0017660675693916,0.9927689213791818,0.9902189737077727,1.0019011620632365,0.9920476215384672,0.9901475764019567,1.0016556241005081,0.9914792068564034,0.9902901367633135,1.000608899820177,0.991291019156504,0.9900023891342431,1.0003996827720203,0.9905920384123938,0.9903183314591713,0.9997754501156131,0.9911203643280626,0.9894196568256949,1.001358349798731,0.9909478827329974,0.9894362894175665,1.0013578122158902,0.9907894214902451,0.9884468931946868,1.0009405512582963,0.992764263090984,0.9898724886467432,1.001781796841566,0.9927255381338177,0.990219002427235,1.0020716594230914,0.9907888891239761,0.9882295181880715,1.0008356890142989,0.9907882882215394,0.988052365131679,1.0007838383771728,0.99063611635812,0.9871188787248324,1.0007086508060552,0.9906280333076529,0.987352306249271,1.0005716376054319,0.9906172785591457,0.9869087340073909,1.0007000496358398,0.9900226953907794,0.9901889077468374,0.9991813171011262,0.9897070973683851,0.9900499678419895,0.9990138362085782,0.9900458511754524,0.9901889588021913,0.9988763497963314,0.9903710070718875,0.9903276425516372,0.9995466180579757,0.9903606317671909,0.9906153485083761,0.9995447017766776,0.9888088870459325,0.9900469634676398,0.9987411455025044,0.9887602607118025,0.9900469834085196,0.9987824452583353,0.9887981292446107,0.990405375466502,0.9985614851728509,0.9882311139897554,0.989483881172848,0.9977399135094579,0.9881545798661547,0.9894839707423835,0.9977329202328689,0.9882584938624238,0.9894839011023064,0.9975356787729602,0.98991276223813,0.9896391106067038,1.001340451329164,0.9912130963300617,0.9898050356341586,1.0002644886837604,0.9889391501107804,0.9899008434589062,0.9987062868153889,0.9881602060659842,0.9896087900336368,0.9982714136097544,0.9883397405976105,0.989483540358953,0.9980152310778794,0.9910785368698614,0.9896811136575075,1.000128387676263,0.991237369578912,0.9897025703669503,1.0002692575631995,0.9985344334010687,0.9952572252221288,1.005489996231609,270.0
0.999996987564414,0.9999965005278529,0.9999980308564697,0.9802361208669413,0.976956497222704,0.987077009167483,0.9948146642052932,0.9919948186379672,1.0028812365999182,0.9929182195991545,0.9906643888930087,1.0018560794353042,0.9928403408503733,0.9902348800614885,1.0019892921063962,0.9921190330094064,0.9901632752857706,1.0017422327979093,0.9915485297034498,0.9903006203523536,1.0006869090909922,0.9913595611554552,0.9900120327501197,1.0004766399055616,0.9906629990138613,0.9903277484035131,0.9998457311253273,0.9911913940717644,0.9894399118201573,1.001442626028209,0.9910185868925291,0.9894566269883801,1.0014420008703893,0.9908618554367883,0.9884739165832943,1.0010215492830077,0.9928355754003186,0.9898910854896755,1.0018704868427224,0.9927971276522899,0.9902349087814131,1.002158239416811,0.9908612507677841,0.9882572975269498,1.000916154623497,0.99086061595879,0.98808059013169,1.0008636547081793,0.9907075624139654,0.9871568700592714,1.0007877160492986,0.9906994628454022,0.9873897416212873,1.0006502038938534,0.9906885983642415,0.986948243157133,1.000778939128712,0.9900958819447215,0.9901973612984879,0.999247477229891,0.9897819299080456,0.9900578135040818,0.999078145637523,0.9901188281859998,0.9901974123542712,0.9989413095152216,0.9904428277301993,0.9903367039624266,0.9996153677987214,0.9904324732559074,0.9906244829838725,0.9996137117907268,0.9888902938083313,0.9900564666049476,0.9988020862191788,0.9888432242553072,0.9900564865460177,0.9988430930495577,0.9888796162098289,0.9904161603430893,0.9986244439257053,0.9883097058546347,0.9894934423838736,0.9977962763918615,0.9882332266200581,0.9894935319542737,0.9977889253602857,0.9883376785549164,0.9894934623135244,0.9975914908294172,0.9899813588978071,0.989658923589913,1.0014246448871036,0.9912814768421777,0.9898141167019023,1.0003416266522105,0.989016475684769,0.9899098254772087,0.998767166765089,0.9882382082149042,0.9896188071965071,0.9983302255837257,0.988417857422436,0.9894931015666875,0.9980728316454935,0.9911471017521465,0.9896903844773959,1.0002057142827883,0.9913053387925075,0.9897105422931782,1.0003464410049532,0.9986004978992014,0.9952606404058272,1.005575351903351,271.0
0.9999970018531098,0.9999965038691911,0.9999980465552942,0.980329882589228,0.9769776962702847,0.9871793712960406,0.9949256230952869,0.9920246513892144,1.0030094075767768,0.9930289775615424,0.9907004060093985,1.0019753623376633,0.9929529124601302,0.9902740500305466,1.0021080887276625,0.9922301468365952,0.9902025354427318,1.0018604810565532,0.9916599508015972,0.9903376134043145,1.0007960166695844,0.9914714430410866,0.9900487290545296,1.0005852742819068,0.9907768376717099,0.9903653933587069,0.9999477067620837,0.9913023307103039,0.9894838572277636,1.001561553946118,0.9911291464459052,0.9895004758217698,1.0015609185031544,0.9909745306475459,0.988525814513659,1.0011413718384148,0.9929480914884962,0.9899327776287098,1.0019898421142106,0.9929108282008072,0.9902740787516083,1.002276324370786,0.9909739148214093,0.988310346949366,1.001036354378856,0.9909732757240239,0.9881345417745178,1.0009839627009889,0.9908208015461765,0.9872219211360836,1.0009114779922714,0.9908126913575604,0.9874543415312177,1.0007736140754209,0.9908019127177798,0.9870150809074374,1.000903268250389,0.9902132009666567,0.9902355456742018,0.9993457496194768,0.9899018263415181,0.9900963197917482,0.9991747733022066,0.9902356087512193,0.9902355967319393,0.9990384024958697,0.9905580083983527,0.9903745663122435,0.999715963304697,0.9905476721593491,0.9906623936318348,0.9997145215723221,0.989017259409836,0.9900964602044096,0.9988947752721429,0.9889715391331658,0.9900964801462788,0.9989356576042897,0.989006529019745,0.9904549916712063,0.9987156662478344,0.988435235194681,0.9895356990921675,0.9978867894056256,0.9883588100481836,0.989535788666369,0.9978792128239592,0.9884636335326281,0.9895357190226644,0.9976816350027653,0.9900894313019742,0.9897009674048826,1.0015436200704373,0.9913934304369407,0.9898506353522674,1.000450363290685,0.989139953851171,0.9899502914665678,0.9988607729901473,0.9883635102638416,0.9896617785729902,0.9984223461356458,0.9885430245054782,0.9895353582605174,0.9981641700443702,0.9912591564178987,0.9897270091837863,1.0003145633718278,0.9914172460284392,0.9897464728771568,1.0004552032551024,0.9986960759863053,0.9952822748659241,1.0056797224179976,272.0
0.9999970150528728,0.9999965087886522,0.99999805666718,0.9804168016934361,0.9770099354124503,0.9872453439025916,0.9950268191935443,0.9920629704206877,1.003091425144702,0.9931294595325074,0.9907434674768962,1.0020469450052896,0.9930523952256318,0.9903202791402445,1.0021782727343054,0.992330548274159,0.9902477855460159,1.001928860171767,0.9917635975766429,0.9903805854763216,1.0008587885633178,0.9915762255917614,0.9900916063110444,1.0006482855497552,0.9908834524137967,0.9904071876662851,1.0000037833435826,0.9914027211512138,0.9895322653864524,1.0016276103827169,0.9912293319099763,0.9895489009889342,1.0016269176134414,0.9910760903289555,0.9885790661038597,1.0012040122987265,0.9930474452449898,0.9899815408087546,1.0020611233631724,0.9930098072692718,0.9903203078626527,1.0023448453979606,0.9910754596120822,0.9883645801361933,1.001099246039368,0.9910748142855157,0.9881895299700448,1.0010468816170104,0.9909229438932081,0.9872811026935738,1.000969749145516,0.9909148281392957,0.9875131242977353,1.0008316662205061,0.9909041319347858,0.9870750981609651,1.0009610025345406,0.9903224491035745,0.9902768659670143,0.9993986774613645,0.9900127976084673,0.9901375583897399,0.9992265798759116,0.9903448995813402,0.9902769170268646,0.9990906532782133,0.9906656124205806,0.9904159681993471,0.9997704528644956,0.9906551622343389,0.9907027715506678,0.9997671774479343,0.9891315688699646,0.9901381735140379,0.9989440391321924,0.9890865172316571,0.9901381934567394,0.9989845452879347,0.9891208852783854,0.990497394964166,0.9987660873971282,0.9885493924787858,0.9895768099560863,0.9979346318232654,0.9884726025916994,0.9895768995339711,0.9979267023989865,0.9885785791623718,0.9895768298874026,0.9977295101658019,0.9901883895919166,0.9897488881124736,1.0016096286719003,0.9914985067845727,0.9898934522852133,1.000513693767925,0.9892525051729418,0.989991724196691,0.998910543465795,0.9884771558384049,0.989703296645834,0.998471250317874,0.9886567634742915,0.9895764691104204,0.9982125556362258,0.9913646621664587,0.9897702390955746,1.0003783063907519,0.9915220675506189,0.9897884204489682,1.0005185700895702,0.9987846734971981,0.9953151420957264,1.0057469854348418,273.0
0.9999970244111962,0.999996515867545,0.9999980660150972,0.9804780288976565,0.9770561484990121,0.987306423501305,0.9951001085437347,0.9921187281858639,1.0031666871728955,0.9931973658311246,0.9908054034406323,1.0021112933683292,0.9931194763289048,0.990384631797615,1.0022404381533265,0.9923971666770389,0.9903119201287216,1.0019896738874283,0.9918302642108282,0.9904448365838736,1.0009147288444598,0.9916423098761301,0.9901544998053627,1.000703363659353,0.9909517446829337,0.990474815453504,1.0000536147226597,0.991469400201769,0.9895995730459408,1.0016863506494298,0.9912958948810205,0.9896163591605407,1.001685674097714,0.9911436165489608,0.9886505317472247,1.0012593272763062,0.9931144672231527,0.9900478267140017,1.0021236335677721,0.9930764366932698,0.99038466052189,1.0024054417533061,0.9911429461976901,0.9884366998357343,1.0011543644495273,0.9911422825042587,0.9882620853781597,1.0011016822012182,0.9909891327573562,0.9873582989505575,1.0010207125178296,0.9909810632404796,0.9875908534347809,1.0008837755031268,0.9909701390583049,0.9871529570966886,1.0010112157685658,0.9903936109749326,0.990347536370922,0.9994456362230127,0.9900856832663505,0.9902101456544715,0.9992721989994058,0.9904163048072276,0.9903475874344091,0.9991371145952358,0.9907350032527592,0.9904847216467039,0.9998191032151635,0.9907245298527388,0.9907713077170603,0.999815455962273,0.9892087829627556,0.9902146634183551,0.9989879796761268,0.9891647521263885,0.990214683362597,0.999028450841888,0.989198175998813,0.990575133489053,0.9988120020816079,0.9886224484614149,0.9896562909146698,0.9979736478393897,0.9885448013837729,0.9896563804997468,0.99796515848828,0.9886516307102787,0.9896563108475874,0.9977680925556923,0.9902540825120062,0.9898161860654684,1.0016683847241568,0.9915641957081158,0.989955496729493,1.0005686236672515,0.9893270335503581,0.9900677064086927,0.9989537715112939,0.9885523604793992,0.9897829003148716,0.9985124813308885,0.9887308058474883,0.9896559500416382,0.998252681775518,0.9914300565363489,0.9898319946734732,1.0004329594613846,0.9915875311880217,0.9898496719944673,1.0005735330895413,0.9988470912516273,0.9953622595166199,1.0058092579741966,274.0
0.9999970403363945,0.9999965207863264,0.9999980732739171,0.9805813118086718,0.9770877815802441,0.9873528324054154,0.9952282496984811,0.9921602392353477,1.0032335054328292,0.9933297652170044,0.9908523789893978,1.0021723989107745,0.9932537182849277,0.9904322950210185,1.0022990049507545,0.99252661111086,0.9903603166223942,1.0020476147907476,0.9919746714811465,0.9904954955925326,1.0009750206064711,0.9917883109916559,0.9902056069962722,1.000764143055854,0.991107382569346,0.990529128767407,1.0001160214301084,0.9915959983595075,0.9896500214323655,1.0017424662639478,0.9914221334810518,0.9896666031619469,1.00174182320182,0.9912676279624605,0.9887054624907675,1.0013122672402817,0.9932486042172038,0.9900960398245559,1.0021808379072723,0.9932118621500919,0.9904323237466709,1.002463506633954,0.9912669494296806,0.9884924197594376,1.001207553989718,0.9912662825357157,0.9883184198365689,1.0011549375239899,0.991113599924485,0.9874197692347687,1.0010731708363123,0.9911055773198123,0.9876528371394853,1.0009373701770963,0.9910946582534025,0.9872151988870884,1.0010634306119919,0.990555315561451,0.9904043972084227,0.9995084177403187,0.9902510628926486,0.9902683359110325,0.9993350705788222,0.9905782055368697,0.9904044482748469,0.9991994452384315,0.9908930042126759,0.9905402530097291,0.9998821137400439,0.9908826772238915,0.9908279999987282,0.9998807059469017,0.9893797623907771,0.990274951782943,0.999050714719366,0.989335992135861,0.9902749717284033,0.9990906808015624,0.9893692521622717,0.9906370720700448,0.9988771956400054,0.9888006138077363,0.9897169651806479,0.9980381056115522,0.9887228451883985,0.9897170547712317,0.9980294070037102,0.9888317331767952,0.9897169851147917,0.9978334808836791,0.990378044388739,0.9898642824772671,1.0017246050440907,0.9917106299558348,0.9900068920486972,1.0006297209767154,0.9894972955440535,0.990127323847395,0.9990168203311938,0.9887266938819667,0.9898438018129716,0.9985761036787156,0.9889069196919674,0.9897166242866625,0.9983167283895544,0.991576953274045,0.9898838296988288,1.000494502145503,0.9917343226949539,0.9899011630875928,1.000634629496132,0.9989523954735342,0.9953945277862654,1.0058566084776221,275.0
0.9999970527350278,0.9999965181558456,0.9999980775217335,0.9806624007097992,0.9770701608821775,0.9873797843630289,0.9953254063860434,0.9921422503062306,1.0032746501643566,0.9934256326961803,0.9908344546418946,1.0022077130901041,0.9933495570572732,0.9904144779131765,1.0023297856015936,0.9926233325299925,0.9903441433618188,1.0020832776811204,0.9920697021984098,0.9904743952865681,1.001006025134244,0.9918825068950442,0.9901840936416894,1.0007940545387302,0.9912033453028324,0.9905055631055002,1.0001456256719383,0.9916935271907078,0.9896363804843425,1.0017804385156304,0.9915192380491529,0.9896526240275159,1.0017797721195734,0.9913684794712943,0.9886977619907606,1.0013537621309447,0.9933443988360164,0.9900783082376705,1.0022096947126549,0.9933077159131537,0.9904145066383079,1.0024930096674884,0.9913677914810322,0.988485372604636,1.0012492341758017,0.9913671206518001,0.9883118764264586,1.0011966524031746,0.9912150308732853,0.9874233782094783,1.0011222856663604,0.9912070073592442,0.9876560380827044,1.0009863481058747,0.9911961649157975,0.9872203477140412,1.0011135595847362,0.9906526788961757,0.9903782213839528,0.9995375165548464,0.9903492483179134,0.9902403717555881,0.9993637959662157,0.9906757374367686,0.9903782724490228,0.9992280924617283,0.9909895312729209,0.9905158655032542,0.9999119038754762,0.9909793292359796,0.9908044996918646,0.9999123490350672,0.9894807445284997,0.9902447889785496,0.9990787638644082,0.9894376728825454,0.9902448089233987,0.9991185341911598,0.9894702893224157,0.9906077953618015,0.9989065958400587,0.9889012757668006,0.9896821041440874,0.9980661480480818,0.9888230205244596,0.9896821937314928,0.9980570548263109,0.9889337961625984,0.9896821240775228,0.9978621054944641,0.9904725869096145,0.9898478007601436,1.0017626379812812,0.9918047259373662,0.9899851216580227,1.0006596000019798,0.9895964384378128,0.9900968008080474,0.9990448284493583,0.9888259716620019,0.9898101718784516,0.9986042006832944,0.9890065259699032,0.9896817632621958,0.998344837409058,0.9916709644339938,0.9898619768854349,1.000524320073219,0.9918286781353609,0.9898793937687378,1.0006645109298125,0.9990350571600689,0.9953765780862517,1.0058841157499256,276.0
0.9999970491694198,0.9999965164825866,0.9999980833204382,0.9806391123754041,0.977058632182929,0.9874180211326755,0.9952975934958532,0.9921324033058165,1.0033188435663831,0.9933959392598591,0.9908280850077986,1.0022456365853114,0.9933192379496383,0.9904093509952038,1.0023646045139194,0.9925940129116151,0.9903407304904938,1.0021200777384462,0.9920406203204348,0.9904672389087156,1.001039886115674,0.991854292338409,0.9901773512106249,1.0008277261482303,0.9911750637575167,0.9904975549971254,1.0001776534149451,0.9916655557878487,0.9896372403767604,1.00181792657788,0.9914913315950127,0.9896538765921946,1.001817198308891,0.9913426485421545,0.9887030840499149,1.0013926244042,0.9933141300702654,0.9900741753783497,1.0022440668055739,0.9932769827390465,0.9904093797201837,1.0025263005387266,0.9913419381198616,0.9884911285771066,1.0012880143607885,0.9913412569628752,0.9883179326609929,1.0012352665254551,0.9911904579884188,0.987437300660391,1.0011667456265603,0.991182419687611,0.9876692931083391,1.0010303435239452,0.9911717584654086,0.987235497537381,1.0011588220902363,0.9906235015728847,0.9903688531968061,0.9995672286930198,0.9903198526267061,0.9902299274599207,0.9993920862112661,0.9906460851029294,0.9903689042613929,0.9992568941071769,0.990960938782289,0.9905075734043955,0.9999435506261733,0.9909509010899185,0.990797372810037,0.9999464797989379,0.9894532580987149,0.9902333929034848,0.9991036313122227,0.9894109793343482,0.9902334128481028,0.9991432832471675,0.9894427547878781,0.9905953367867273,0.9989301655708284,0.9888682965368703,0.9896708103292154,0.9980881787175518,0.988789650598612,0.9896708999155944,0.9980787272719001,0.9889005212714679,0.989670830262422,0.9978835479195243,0.9904451176283086,0.9898511283717792,1.0017999795695176,0.9917766953565825,0.9899786511826733,1.0006932818938787,0.9895669096517908,0.9900858366035095,0.9990705294996772,0.9887947250268447,0.9897988559802362,0.9986282829038127,0.9889743996494098,0.9896704694512298,0.9983678918660389,0.9916429811377289,0.9898555641643924,1.0005580465315598,0.9918007046605689,0.9898726629234449,1.0006982045903496,0.9990113169786378,0.9953648434202161,1.0059230915218824,277.0
0.9999970451376589,0.9999965104203354,0.9999980854646779,0.9806129354978805,0.9770184322036243,0.9874321141799656,0.9952655792222538,0.9920882657398592,1.0033354085446613,0.993361033267241,0.9907838908155635,1.0022539128998658,0.9932857147820052,0.9903663633929333,1.0023716202451167,0.9925584331014445,0.9902984588551224,1.002126921527051,0.9920043969525151,0.9904193153477245,1.0010409368513769,0.9918170109067743,0.9901286365692517,1.0008267950258736,0.9911400336842353,0.9904466073772111,1.0001759698580783,0.9916284808515229,0.9895977480314724,1.0018243245069742,0.9914541009413602,0.9896145561516559,1.001823624593674,0.991304325041307,0.9886671473245727,1.0013981084022923,0.9932805889546464,0.9900321529864315,1.0022509764770349,0.9932443019905243,0.9903663921166659,1.0025326390970903,0.9913036026370557,0.9884556085288501,1.001293538632877,0.9913029161380718,0.9882827224011825,1.0012407412412374,0.9911506368653594,0.9874079296279554,1.0011742586690842,0.9911425600809536,0.9876387934389913,1.0010367603787274,0.9911317480877758,0.9872071612616481,1.0011667717873987,0.9905887657159028,0.9903152750163787,0.9995638524319373,0.9902855812262625,0.9901747268088933,0.9993880453987253,0.9906109997113657,0.9903153260781983,0.9992527085980675,0.9909260293220034,0.9904556177241277,0.9999413065647325,0.9909160284061499,0.9907454350479387,0.9999446762049155,0.9894217681988721,0.9901755583211156,0.9990977525510025,0.9893802021719786,0.9901755782645651,0.9991372371517442,0.9894112477876117,0.9905369568481084,0.9989237702368953,0.9888372315435964,0.9896092529159297,0.9980831715095458,0.9887584669456402,0.9896093424967204,0.9980734769224187,0.9888707684499969,0.9896092728478916,0.9978790300725331,0.9904069909943075,0.9898122842340583,1.0018063790388994,0.9917386811669502,0.9899294975549234,1.000691477739035,0.9895335731742396,0.9900282236761461,0.9990652944054115,0.98876170843937,0.9897386211118268,0.9986231974117902,0.9889420226287597,0.9896089120592079,0.9983628877628188,0.991603690769774,0.9898051855344662,1.000555051902111,0.9917630073568315,0.9898236646269939,1.0006963961547357,0.9989846280274236,0.9953238778763389,1.0059374593766481,278.0
0.9999970447324155,0.9999965052650822,0.9999980827208641,0.98060969004543,0.9769841740556454,0.9874135584704898,0.9952649329353985,0.9920510921829044,1.0033183186178853,0.9933604318855196,0.9907466972602533,1.0022307409512083,0.9932862637106701,0.9903308352658005,1.0023481244548782,0.9925595913040774,0.9902627913942065,1.002103067165808,0.9920022393905834,0.9903789430019364,1.0010123782980593,0.9918147614281206,0.9900881736718217,1.000798465454294,0.9911374348700172,0.9904038530357442,1.0001436371257812,0.9916304986689446,0.9895642866156883,1.0018004982135322,0.9914559587807013,0.9895812556537171,1.0017997676673815,0.9913088172548232,0.9886364112561218,1.001374458703901,0.9932811036042408,0.9899979572171022,1.0022281696878623,0.9932455661100597,0.9903308639885033,1.0025084318833182,0.9913081382624171,0.98842566452738,1.001270758387255,0.9913074732695296,0.9882535131458693,1.0012185987208975,0.9911568427015216,0.987380471648023,1.001151150326955,0.9911487974185885,0.9876114701577731,1.0010143717155982,0.9911381724696734,0.9871801094245518,1.0011436201454411,0.9905841379777052,0.9902703785239626,0.9995283154450336,0.9902796092753091,0.9901284822491501,0.9993506812003524,0.9906066593497962,0.9902704295834691,0.99921679123915,0.990922660860958,0.9904120693292225,0.9999078828005786,0.9909127128745323,0.9907020320339138,0.9999119412226235,0.9894129507475177,0.9901257844849949,0.9990541965295786,0.9893712104741174,0.9901258044274399,0.9990929360190751,0.9894023306411535,0.9904851443669381,0.9988775466746355,0.9888261819560867,0.9895561821963116,0.9980406215165855,0.9887474727165028,0.9895562717722923,0.9980307588051791,0.9888597848312178,0.989556202127202,0.9978361372755206,0.9904074094801331,0.9897789092611157,1.0017825116399475,0.99173660965365,0.989888898817269,1.000663689966377,0.9895252487415491,0.9899792785332824,0.9990247588121923,0.988751368200388,0.9896870483260045,0.9985818037985619,0.9889309538672555,0.9895558413578913,0.9983209648370721,0.9916023872577622,0.9897653312486038,1.0005279886594383,0.9917605038057571,0.98978218215456,1.0006686438160006,0.9989813290629161,0.9952889694458549,1.005918563567533,279.0
0.9999970291446095,0.9999965028403361,0.9999980810716549,0.9805073422610394,0.9769679563651458,0.9874034126646142,0.9951444837139669,0.9920342878825354,1.0032994888088846,0.9932333049837619,0.9907307670429162,1.0022018557813628,0.9931608135920756,0.9903167032622947,1.0023196688847258,0.992431821665584,0.9902487815408113,1.00207143327228,0.9918684606446253,0.9903601766327298,1.0009748176477873,0.9916790903927409,0.9900681957012736,1.0007583727594838,0.9910014950010946,0.9903838299968363,1.0001017192621486,0.9915028887660823,0.9895530509976577,1.001767135561459,0.9913284411757293,0.9895705379904746,1.0017663681727347,0.991181520214832,0.9886267304865093,1.0013386599867324,0.9931556575408648,0.9899852638260552,1.0022006223026263,0.9931211184208898,0.9903167319845885,1.0024795525936008,0.9911808306004318,0.9884162788634925,1.0012349446812079,0.9911801608185887,0.9882443422680885,1.0011827100311703,0.991030760600828,0.9873729482698859,1.0011145744287773,0.9910227291428056,0.9876037426430386,1.0009780927449428,0.9910122466780524,0.987172899510479,1.0011068957950375,0.990445625815104,0.9902492070152368,0.9994830939370167,0.9901394498453108,0.9901065812879176,0.9993036152338132,0.9904683902698204,0.9902492580736553,0.9991711078953711,0.9907857414748844,0.990391627321766,0.9998648314847428,0.9907758424884275,0.990681700803458,0.9998695584405123,0.9892694359264532,0.9901012409692289,0.9990017755442889,0.989227573440571,0.9901012609111802,0.999039841456307,0.9892587724418634,0.9904596567669391,0.9988240106698684,0.9886764142548247,0.9895278683982175,0.997986400475404,0.9885959309592449,0.9895279579716377,0.9979754930554557,0.9887107241187055,0.9895278883285376,0.9977819649855137,0.9902806350964051,0.9897712372343431,1.0017489906077415,0.9915998709579558,0.9898682107748781,1.0006224812746507,0.989382068897006,0.9899551187686912,0.9989745416992026,0.9886045537396512,0.9896605227618729,0.998529831312113,0.9887822467779243,0.9895275275695414,0.998267925269729,0.9914640340480101,0.9897430870702559,1.000485248279161,0.9916238829743069,0.9897614684672509,1.0006274368755386,0.9988770020355794,0.9952724477498852,1.0059081996510455,280.0
0.9999970190979104,0.999996499575561,0.9999980769741799,0.9804410133397169,0.9769461541118245,0.9873767057023903,0.9950685002789879,0.9920108500092784,1.0032659475131098,0.9931522239785343,0.9907103882448529,1.0021594282258635,0.9930799127190285,0.9902968464170844,1.0022749878651467,0.992351056442327,0.9902303125476831,1.0020269757391795,0.9917825433954074,0.9903404201566876,1.0009262963298025,0.9915922163030573,0.990048662587228,1.0007080823302426,0.9909148212843935,0.9903652544897603,1.0000505207645198,0.9914239935274957,0.9895373412921432,1.0017220493843757,0.9912496456384394,0.989555377873445,1.0017212997780989,0.9911055233035305,0.9886124226539603,1.0012925244827846,0.9930747426897553,0.989965824461381,1.0021554227112008,0.9930403354342388,0.9902968751387958,1.0024339082107345,0.9911047965562052,0.98840200915574,1.0011883693337003,0.9911041090543317,0.9882300193248418,1.0011357207385787,0.9909536628951173,0.987361384462109,1.0010673316400327,0.9909456952671107,0.9875929190397177,1.0009324456938944,0.9909349953296804,0.9871615766005437,1.001059256109458,0.9903576852892853,0.9902316067160849,0.999429995805274,0.9900510752917365,0.9900895627783354,0.9992497085419565,0.9903799882295815,0.9902316577736076,0.9991171128867219,0.9906985909574978,0.990373445335083,0.9998130440231647,0.990688744416256,0.990663608577196,0.9998184612207586,0.9891802037924136,0.9900857805207448,0.9989460187848349,0.9891381660812213,0.9900858004623938,0.9989834245887416,0.9891696564127164,0.990446302601356,0.9987713205608608,0.988588505208768,0.9895109473724547,0.9979298974914957,0.9885079752616999,0.9895110369443832,0.9979187721933581,0.9886234569924363,0.9895109673024425,0.9977255078179098,0.9902024235645157,0.9897588384433814,1.001703808303865,0.9915127135691063,0.9898488550624969,1.0005716412645662,0.9892932447932196,0.9899388020853225,0.9989192554450264,0.988515904776508,0.9896445547886614,0.9984739496970878,0.9886937367461235,0.9895106065494542,0.998211763293956,0.9913761453008798,0.9897230251336875,1.0004337094178157,0.9915371247214536,0.9897425444734541,1.0005765810211944,0.9988093969429898,0.9952502327048848,1.0058809707800214,281.0
0.9999970149232891,0.9999964996451906,0.9999980708530967,0.9804122724548521,0.9769462288045357,0.987336099752836,0.9950414270499525,0.992013451238402,1.0032213392993559,0.9931197240921738,0.990714341810208,1.0021062756584367,0.9930469049617051,0.990302686085796,1.0022215538067674,0.9923184723156729,0.9902357468634136,1.0019731696825749,0.9917453637041003,0.9903436012851051,1.0008631424925722,0.9915523706210109,0.9900494317093947,1.0006422284078023,0.9908787394685488,0.9903704106141225,0.9999820694709234,0.991390999205,0.9895449173587407,1.0016686416353804,0.9912165060495496,0.9895631211464817,1.001667926614396,0.9910729257617488,0.9886226269770689,1.0012394971927743,0.9930417024198601,0.9899731730905073,1.002103308993077,0.9930070466977865,0.9903027148076746,1.0023793146813569,0.9910722186142927,0.9884126931765631,1.001135774397993,0.9910715409424701,0.9882411318308162,1.001083425151393,0.9909222856140439,0.9873760812478908,1.0010174724939127,0.9909144177815777,0.987609080121098,1.0008851336188191,0.9909037614659516,0.9871766281509827,1.0010094077789873,0.9903211542742659,0.9902391097666103,0.9993581155764492,0.9900142996956861,0.9900987544944679,0.9991763789003841,0.9903435716569996,0.9902391608245192,0.9990447585608531,0.9906623157080022,0.9903792597823484,0.9997429285211933,0.9906523706715099,0.9906682321347708,0.999746661625488,0.9891454984484542,0.9900973731897412,0.9988702927264089,0.9891043262298151,0.9900973931316276,0.9989077996295058,0.9891349340651566,0.9904575918782218,0.9986951867441447,0.988549209602815,0.9895274925589141,0.997849988300991,0.9884683251066643,0.9895275821323705,0.9978385208861063,0.9885836727576095,0.989527512489243,0.99764493633326,0.9901687130235144,0.9897675423388258,1.0016503883828767,0.9914712712599701,0.9898481467019635,1.0005044614975345,0.9892562958386885,0.9899505180732404,0.9988434310368993,0.9884777365948183,0.9896592237522025,0.9983962398950015,0.9886554648706725,0.9895271517300985,0.9981328932159617,0.9913327168268994,0.9897203812757639,1.0003646535204338,0.9914958180630123,0.9897419241836662,1.0005093985456024,0.9987801237066397,0.9952503209930897,1.005839592376295,282.0
0.9999970149553218,0.999996498701188,0.9999980653638346,0.9804112530295951,0.9769397619806051,0.9872994001736827,0.99504639181721,0.9920080604386742,1.0031834808309972,0.9931223960021622,0.9907082618913896,1.0020621054547982,0.9930508943831781,0.990299290736801,1.0021795557513495,0.9923208445700632,0.9902297751445975,1.001926685307563,0.9917459197448973,0.9903349727275379,1.000813204761479,0.9915519545823372,0.9900401641036188,1.0005913955577843,0.9908795707953704,0.9903602756891318,0.9999289456925804,0.9913947649784328,0.9895391010827598,1.0016210113171133,0.9912200568540837,0.9895572726627849,1.0016202511443837,0.9910801213511827,0.988617403955581,1.0011903153239174,0.9930457364398514,0.9899719255580217,1.0020635432149751,0.9930117927005295,0.9902993194585845,1.002336945339772,0.9910793967474838,0.9884076178424035,1.001086443204577,0.9910787108602563,0.98823613380225,1.0010339252105434,0.990931398906387,0.9873711287855551,1.000966275198592,0.9909235090275983,0.9876034301098946,1.0008333015073059,0.9909131283780592,0.9871718208722401,1.000958047892234,0.9903209203911211,0.9902281095379327,0.9993029780063387,0.9900134779505974,0.9900873911994941,0.9991205066719981,0.9903433590475325,0.9902281605952786,0.9989891600652592,0.9906627259042832,0.9903686226943479,0.9996888217311035,0.9906527260230821,0.9906567696060739,0.9996915380488226,0.9891433793454611,0.9900850667813272,0.9988119356258904,0.9891020275325338,0.990085086722968,0.9988489156102469,0.9891328281150249,0.9904454577273922,0.9986371643971991,0.9885499181451854,0.9895145959099605,0.9977930332345376,0.9884697314803526,0.9895146854822675,0.9977817554604433,0.9885846975497483,0.9895146158400328,0.9975879394149791,0.9901709553404606,0.9897613822345548,1.001602713649493,0.9914704689733232,0.9898384591537913,1.0004534238218494,0.9892546380035543,0.9899381416151777,0.998786307841422,0.9884761225478582,0.9896456598968867,0.9983392352378568,0.9886551758336646,0.9895142550855182,0.9980758923390926,0.991331609512471,0.9897103888714087,1.0003133238689723,0.9914949464357806,0.989732058759179,1.0004583682768105,0.9987791054450381,0.9952437392802631,1.0058022031049987,283.0
0.9999970168813156,0.9999964929571833,0.9999980651489954,0.9804234111598692,0.9769016256395465,0.9872974246648629,0.9950630328369493,0.9919668525289339,1.0031868504679906,0.9931359399706053,0.9906636825916473,1.0020641844662392,0.9930654039061066,0.9902566441168833,1.0021828424472807,0.9923352712496949,0.99018638883251,1.0019300557336037,0.9917540114727335,0.9902839789255368,1.0008112785279308,0.9915588531338191,0.9899879877441489,1.0005878169346947,0.9908836611933222,0.9903045791574203,0.9999258695690809,0.9914098186808536,0.9894974424772827,1.001627131236585,0.9912348115969563,0.9895154154930829,1.0016263157468164,0.9910977173280878,0.9885796611514862,1.0012009139856113,0.9930602526832697,0.9899308251877712,1.0020683124175094,0.9930268760974342,0.9902566728374292,1.0023398444600795,0.99109696639566,0.9883699419135967,1.0010967649416893,0.9910962679685739,0.9881984529523676,1.0010439772023854,0.9909489520768585,0.9873428198749264,1.0009865219635636,0.9909410324172955,0.9875743268048895,1.0008527007097199,0.990930680669357,0.987144868579581,1.0009796861143814,0.9903219698047304,0.9901683785365857,0.9992996498967138,0.9900124946591738,0.9900251935396678,0.9991170926165931,0.9903447655951441,0.9901684295908515,0.9989856975427643,0.990665653762185,0.9903113584695261,0.9996857208813105,0.9906556876540703,0.9905994274505535,0.9996887888000693,0.989139727887288,0.9900195881518672,0.9988094487100087,0.9890986000550552,0.99001960809219,0.9988462485060217,0.9891293240153205,0.9903825373208168,0.9986384640770565,0.9885402251023695,0.9894425298778577,0.9977878882765725,0.9884601176914146,0.9894426194436363,0.9977765410722,0.9885745339380078,0.9894425498064761,0.9975823278058777,0.9901838501753354,0.9897182651209037,1.001608816599976,0.9914764676115543,0.9897855832067464,1.0004489507453356,0.9892503441119579,0.9898716230293031,0.9987827509205003,0.9884674642909885,0.9895736598384359,0.9983351523755061,0.9886460055697793,0.9894421890782551,0.998071281400083,0.9913362783933463,0.989656231030332,1.0003076143493608,0.9915010354126592,0.9896792494791249,1.0004538930977065,0.9987915048201266,0.9952048798852912,1.0058002116624276,284.0
0.9999970179114889,0.9999964855807353,0.9999980668021318,0.9804304631462228,0.9768528204642534,0.987308027584682,0.9950701371466519,0.9919122124570929,1.0032024411936258,0.9931383193424158,0.9906077146815376,1.0020783697467281,0.9930682173216362,0.9902012239971234,1.0021963941201264,0.99233613850209,0.9901309008699851,1.0019442075621017,0.9917530724033581,0.9902257391289292,1.0008242140744585,0.9915576363274392,0.9899303647992882,1.000600552796922,0.9908803572995365,0.9902441513034633,0.9999382571176799,0.9914098736387056,0.989442651279347,1.0016429226763646,0.991234485802068,0.9894603299796675,1.0016421450373656,0.9910983758900243,0.9885278016134496,1.0012189197065138,0.9930629917608119,0.9898758432827116,1.0020819135447718,0.9930300053484034,0.9902012527160592,1.002352978686442,0.9910976557249399,0.988318603302142,1.0011153790012641,0.9910969725009204,0.9881476045994089,1.00106304440751,0.9909493442889272,0.9872962469854515,1.0010086544755465,0.9909414760025489,0.9875284399075451,1.0008760994602426,0.9909310300323053,0.987098877141729,1.0010021564395133,0.9903175098621639,0.9901058488991482,0.9993119741919806,0.9900072022624823,0.9899612916389898,0.9991292611793274,0.990340559179127,0.9901058999501946,0.998997891686014,0.9906619228125482,0.9902502011661855,0.999698324929266,0.9906520422219771,0.9905386547187284,0.9997025664695901,0.9891360518863935,0.9899543458356875,0.9988226964506324,0.9890958860663984,0.9899543657746982,0.9988598985420035,0.9891256845737372,0.9903177833077834,0.9986525900887565,0.988529640620421,0.9893756886526445,0.9977977516679658,0.9884493384867529,0.9893757782123835,0.9977862411017252,0.9885633994173253,0.9893757085799181,0.9975917519259959,0.9901812452967567,0.9896611525993927,1.001624715526226,0.9914756378593454,0.9897283173723415,1.0004620534766677,0.9892441519648463,0.989806182196061,0.9987945948316714,0.9884582956957975,0.9895063674038497,0.9983461824287438,0.988636288170734,0.9893753478760239,0.9980817149631378,0.9913360069468355,0.9895995185716434,1.000321252731989,0.9915002726343113,0.9896220275567685,1.0004669944627937,0.9987986866374408,0.9951551401669539,1.005811032466033,285.0
0.9999970232668149,0.999996481655352,0.9999980663937317,0.9804652477718907,0.976826817576463,0.9873047078408586,0.9951130127293868,0.9918837028778624,1.00320475128271,0.9931790003844339,0.9905768580126675,1.0020796451426162,0.9931096197013618,0.9901726972756212,1.0021995309918623,0.9923755579443478,0.9900996053942481,1.0019450122502873,0.9917928384956836,0.9901916471902164,1.0008233888362985,0.991597423474414,0.9898960305343532,1.0005992074151537,0.9909191369947964,0.9902072280144367,0.9999369463639421,0.9914488683596729,0.9894107237364234,1.001644590999856,0.9912730062812004,0.9894279483109719,1.001643857518014,0.9911389476214636,0.9884976628860742,1.001221553313859,0.993104516388658,0.9898491806591763,1.0020869274086188,0.9930717485398015,0.9901727259937326,1.0023558243976474,0.9911382422478804,0.9882888303308884,1.0011183595315196,0.9911375664338113,0.9881181590811469,1.0010662689150533,0.9909903426077779,0.9872689444072497,1.0010127971098073,0.9909824791225872,0.9875009903978946,1.0008802969220596,0.9909720832326936,0.9870719677302942,1.001006486950556,0.9903542348551911,0.9900664336941921,0.9993098669879906,0.9900426679716061,0.989920328396888,0.9991267043572458,0.9903773250850845,0.9900664847432075,0.9989955595415044,0.9906999215320966,0.9902123340404135,0.9996968204513108,0.9906900858774,0.9905008586216693,0.9997016107545111,0.9891711392752656,0.9899104980932212,0.9988196402776341,0.9891316334087001,0.9899105180313473,0.9988571224484519,0.989160734157785,0.9902730826019828,0.9986484737967372,0.988560827767907,0.9893292493322343,0.9977943182833666,0.9884808319374135,0.9893293388877664,0.997782914171503,0.988594305038888,0.9893292692585709,0.997588121176459,0.9902168664243116,0.9896257217429425,1.0016265351113776,0.991515149976929,0.9896938542260181,1.0004603453695726,0.9892775387685496,0.9897626811654359,0.9987912402601435,0.9884895745860246,0.9894601635683321,0.9983428676165127,0.9886675065214813,0.9893289085716211,0.9980783504970233,0.9913749956232708,0.9895645483115761,1.000319064542174,0.9915398910922136,0.9895876792680893,1.0004652823639575,0.9988341490904658,0.9951286422787675,1.00580767144618,286.0
0.999997020670703,0.999996473416055,0.9999980672856215,0.9804494781981808,0.9767729473571403,0.9873108805853416,0.9950879463561905,0.9918196229590012,1.003208977282381,0.9931513587340677,0.9905064825934042,1.0020804129498617,0.9930814407441264,0.9901030667489716,1.0021995761025733,0.9923476893520645,0.9900288433535038,1.0019449028923513,0.9917631626373573,0.9901126380333789,1.0008215389856052,0.9915659151216376,0.9898148936031361,1.000595634655891,0.9908881787970538,0.9901218709574668,0.9999354962731799,0.9914207048438076,0.9893394031541823,1.001643997657134,0.9912445170455481,0.9893563209602082,1.0016432370260715,0.9911118992082494,0.9884273075805345,1.0012202868140005,0.9930762931762415,0.9897801460576143,1.002087282011766,0.9930432800885372,0.9901030954650686,1.002355203578811,0.9911112003095591,0.9882187732800806,1.001117311818088,0.9911105278723831,0.9880483584627081,1.001065361057494,0.990964985924362,0.9871994644962174,1.001011142555404,0.9909570893062892,0.9874306980179226,1.000877714743266,0.9909469524449199,0.9870027301811408,1.0010049282287672,0.9903216545676616,0.9899755000603392,0.9993085396545159,0.9900090341743348,0.9898259342298723,0.9991254201995222,0.9903448810158867,0.989975551104663,0.9989940820728824,0.9906683517662036,0.9901248609761412,0.9996955701131288,0.9906585747339357,0.990413525975533,0.9997011035350307,0.9891378999374342,0.9898085291089455,0.9988189011239726,0.9890994206331871,0.9898085490450107,0.9988569606464246,0.9891273961821517,0.9901691571492474,0.9986450797768777,0.9885194400698285,0.9892198248658687,0.9977932450378312,0.9884400344915609,0.9892199144114617,0.9977820983696346,0.9885522089024135,0.9892198447899911,0.997586598388174,0.9901864339711888,0.9895522739311617,1.0016259786571406,0.9914823707676936,0.9896114078549746,1.0004557619935022,0.98924167049846,0.9896615075331753,0.9987900772653815,0.9884490167728927,0.9893516758456123,0.9983419671825485,0.988626360822144,0.9892194841430739,0.9980773955594134,0.9913406644501994,0.9894806123324863,1.000313038590463,0.9915069460209097,0.989504954739042,1.0004607098169291,0.998818049419624,0.9950737223231196,1.0058139531014234,287.0
0.9999970150054225,0.9999964719985938,0.9999980698214035,0.9804126596999807,0.9767635883338467,0.9873278945229428,0.9950425772521994,0.9918096768483957,1.0032252685175644,0.9931018875662055,0.9904944884378742,1.0020910637865694,0.9930304215830085,0.9900916984963645,1.0022085278698214,0.9922966488710264,0.9900166337031813,1.0019532063127126,0.9917132097914989,0.9900971945506583,1.0008290122859207,0.991515593855954,0.9897993873827795,1.000602044257934,0.99083816386791,0.9901025044587514,0.9999419495957316,0.9913675306847052,0.9893268805025743,1.0016496361450606,0.991191172882179,0.9893437168807602,1.0016488367812386,0.9910563645944713,0.9884148399380356,1.0012219924997954,0.993025286891707,0.9897692785031811,1.002096279484127,0.9929913221157659,0.9900917272121351,1.0023631014538426,0.9910556556252139,0.9882064734907975,1.0011189660031699,0.9910549785330606,0.9880361723718314,1.0010669328662456,0.990910003512344,0.9871859066743637,1.0010089322104483,0.9909021029186647,0.9874169343037665,1.0008753811432218,0.9908920426963824,0.9869890623269286,1.0010022265117402,0.9902692233578714,0.9899531634493564,0.9993138378161472,0.9899554383352539,0.989801935204422,0.9991305114097959,0.99029198449091,0.989953214492524,0.9989988145373752,0.990617396015088,0.9901041868128776,0.9997013687483777,0.9906075624603785,0.9903920460754876,0.999705876431922,0.9890826091366559,0.9897817834581061,0.9988232462409388,0.9890442267083035,0.9897818033936293,0.9988612987895722,0.989072073881349,0.9901417818408439,0.9986485953455763,0.9884588986330111,0.9891901649651808,0.9977968191212941,0.9883794206138008,0.9891902545080754,0.997785627766603,0.9884910586132368,0.9891901848887015,0.997589783369176,0.9901316361738908,0.9895385689800238,1.0016316180843712,0.9914317656064473,0.9895959097277849,1.0004616282292809,0.9891861406054682,0.9896350178518397,0.9987947773039998,0.9883901669900075,0.9893224794894716,0.9983462390588853,0.98856660392832,0.989189824252652,0.9980813343712758,0.9912893063184531,0.989464394065847,1.0003181952769546,0.991456918159741,0.989490238553725,1.000466546237886,0.998780511791091,0.9950641866677794,1.005831283965391,288.0
0.999997020485443,0.9999964681437794,0.9999980704523418,0.980448603948333,0.9767381693207878,0.9873315224948717,0.9950851482004899,0.9917810873046067,1.0032344287311359,0.9931473081835285,0.9904633441113988,1.0020983963762544,0.9930752776317349,0.990061501353563,1.0022152978947572,0.9923403251169897,0.9899862323759246,1.0019599069798644,0.9917670197039685,0.9900610636642423,1.0008346004715654,0.9915687116464085,0.9897614981616192,1.000607004737756,0.9908996678543746,0.9900627912929513,0.9999490413901838,0.9914090695318314,0.9892975539477159,1.001656231054546,0.9912325357781216,0.9893143394323402,1.0016554317096678,0.9910955840459622,0.9883875859770327,1.0012283715075896,0.9930701647152503,0.9897398391153704,1.002103463111146,0.9930358227950076,0.9900615300684603,1.0023692235381125,0.9910949156183945,0.9881798157232384,1.0011261009932957,0.991094258471306,0.9880100857159605,1.0010746415544811,0.9909481155277198,0.9871613097350529,1.00101538814584,0.9909402572027406,0.9873930407611891,1.0008829056686985,0.9909300035879318,0.9869647008203934,1.001008523217738,0.9903339348292736,0.9899111844203272,0.999322152699297,0.9900223015438818,0.9897588844013895,0.999140275172468,0.9903564955662676,0.9899112354613189,0.9990068149435866,0.9906801026355957,0.9900632796063794,0.9997084108872569,0.9906701175545995,0.9903495668566905,0.9997103821135236,0.9891551712844059,0.9897378698581414,0.9988365956546464,0.9891174321731134,0.9897378897927758,0.9988750183318638,0.9891446535948915,0.990098097333302,0.998662329201822,0.9885348105587329,0.9891446520072448,0.9978124580898641,0.9884558856543385,0.9891447415460051,0.9978015269460382,0.988568022541439,0.9891446719298452,0.997606189894309,0.9901718897631526,0.989508671080966,1.0016382236613928,0.9914839487649504,0.9895569223156412,1.0004659551397508,0.98925702298258,0.9895910111177553,0.9988070075580233,0.9884625651618962,0.9892773384784516,0.9983599957109581,0.9886407095985016,0.9891443113104476,0.9980960465615506,0.9913404873364488,0.9894244371399098,1.000321596693769,0.9915090725057885,0.9894511469807776,1.0004708777116225,0.9988171505488765,0.995038280290394,1.0058349999225682,289.0
0.9999970295211169,0.9999964647538988,0.9999980691433761,0.9805077004418562,0.9767159344733657,0.9873221882471592,0.9951558498953145,0.9917552707213468,1.003230495217189,0.9932204393155852,0.9904352265761497,1.002094491366184,0.9931518491097656,0.9900347995891154,1.0022140032247677,0.9924144079476682,0.9899587253799713,1.001956208229324,0.9918393024151835,0.9900280594195857,1.000829411367748,0.9916409883993164,0.9897284829590078,1.000601620469849,0.9909702029280072,0.9900246444480598,0.9999433668981701,0.9914831888336383,0.9892709293119627,1.001652791248582,0.9913065079430667,0.9892876800459898,1.0016519543912248,0.9911706201664933,0.9883626111548215,1.001225500772797,0.993146833571524,0.9897142700071051,1.0021029842449807,0.993114385390111,0.9900348283032414,1.002368882997404,0.9911699682679928,0.9881552425677339,1.001123615436696,0.9911693193907816,0.9879858717787108,1.001072427700467,0.991021804422253,0.9871384846556149,1.0010116354918381,0.9910138810863938,0.9873689848319381,1.0008774220227308,0.9910035270157752,0.9869423504775997,1.0010049282211644,0.9904036939664257,0.9898689343235626,0.9993170872590063,0.9900917733608294,0.9897142453073895,0.9991359472703985,0.9904259924019687,0.9898689853623688,0.9990014060924589,0.9907503302192531,0.9900234185550169,0.99970279358271,0.9907402998405676,0.9903090427914917,0.9997039011827148,0.989225045256093,0.989691142080979,0.9988338988516008,0.989187418716895,0.9896911620146688,0.9988723426498096,0.9892145699871174,0.990051999109733,0.9986606573841801,0.9886026754818711,0.9890946879417899,0.9978098797476403,0.9885234705013205,0.9890947774760118,0.9977988134564983,0.988636193206496,0.9890947078633786,0.9976038831815373,0.9902451562923552,0.9894820677768577,1.001634732577773,0.9915562337058695,0.9895239062472526,1.0004605315126165,0.9893265869636252,0.9895440273939174,0.9988038393221731,0.9885302027281838,0.9892275511597293,0.9983571681463416,0.988708479223855,0.9890943472622624,0.998093352462296,0.9914127149184909,0.989391360848418,1.0003161327452434,0.9915813644017214,0.9894180639525485,1.0004654574051006,0.9988773922170737,0.9950156152231967,1.005825509803282,290.0
0.9999970324677687,0.9999964695770386,0.9999980708677015,0.9805258331932996,0.9767472181037163,0.9873330396712661,0.9951831404183613,0.9917949590353963,1.0032478569803613,0.9932496891215354,0.9904767369474076,1.0021128045946717,0.9931828387574931,0.990079745369714,1.0022366031574585,0.992443704756469,0.9900004275457772,1.0019747427273091,0.9918699285643361,0.9900705655413199,1.0008453266404347,0.9916724884198495,0.9897712057942533,1.0006176058854686,0.9910016585043651,0.9900674408495178,0.9999575328004888,0.9915122687775598,0.9893129094548593,1.0016720722118664,0.9913353011734579,0.9893295082921486,1.0016713412396092,0.9912007775476583,0.9884061099935207,1.0012452439362742,0.9931780386194884,0.9897619643565514,1.0021286445777249,0.9931462572674089,0.9900797740851474,1.002391759275225,0.9912001232209615,0.9881989967703825,1.001143435725874,0.9911994734152062,0.9880298251393967,1.0010922660054882,0.9910511954561889,0.9871843222104861,1.0010311571463448,0.9910432526021631,0.9874144540046836,1.0008964393007014,0.9910328211722755,0.9869885511960014,1.0010245000867688,0.990437438060417,0.9899125015835804,0.9993314748481233,0.9901270155455482,0.9897584866367583,0.999150926734166,0.9904596644113243,0.9899125526246286,0.9990155441789016,0.9907826473901226,0.9900663117499906,0.9997167366594361,0.9907725268165003,0.9903509627285972,0.9997163418005867,0.9892619548737127,0.9897368029147613,0.9988497984122273,0.9892241167722228,0.9897368228493714,0.998888044786744,0.9892515184805607,0.9900983023832729,0.9986775664311578,0.9886456508036477,0.9891430992820562,0.9978279178397174,0.9885662678873632,0.9891431888206684,0.9978167600177381,0.9886803491325472,0.9891431192046223,0.9976227480510071,0.9902721528236169,0.9895223673937469,1.0016541718177778,0.9915877707450318,0.9895667991300181,1.0004763205051617,0.9893640307607193,0.9895894270103383,0.9988198422683648,0.9885696448891395,0.9892741418674283,0.9983740726895627,0.9887502298852957,0.9891427585858239,0.9981107678630569,0.9914440030405801,0.9894340060298562,1.0003316818389802,0.9916131428256973,0.9894612139359198,1.0004812371286722,0.9988958978201931,0.9950475204309263,1.005836588402189,291.0
0.9999970297171578,0.9999964703805617,0.9999980758550477,0.9805076393548925,0.9767521599780952,0.987365937232605,0.9951621754982105,0.9918035897454714,1.0032856680865558,0.9932297926827749,0.9904847293485084,1.0021530048031404,0.9931636642741338,0.9900910860874144,1.0022807057435716,0.992424582406361,0.9900085493479435,1.0020154927007565,0.9918496636450489,0.9900763763395884,1.0008847975409945,0.9916524208933678,0.9897767637721228,1.000656972960311,0.9909804024546405,0.9900713507747952,0.9999968215923949,0.9914929445535055,0.9893212190113438,1.0017135470070773,0.9913156705089852,0.9893375950399745,1.0017128507137778,0.991182635791092,0.9884161272039441,1.0012875517726136,0.993158970677091,0.9897759840041868,1.0021759395220602,0.993127435931131,0.9900911148031813,1.0024358086261829,0.9911819888504723,0.9882093636098139,1.0011859838886286,0.991181342905176,0.988040491692405,1.0011349633643698,0.9910314205577438,0.9871968302023922,1.001072811209123,0.9910235052782034,0.9874274689555834,1.0009388171963332,0.9910128289065394,0.9870013039281748,1.0010659539283255,0.9904151060313277,0.9899148957934585,0.9993707897927325,0.9901041613775496,0.9897599988036859,0.9991904675101909,0.9904371442570671,0.9899149468346289,0.9990545384204071,0.9907609767235426,0.9900695880294967,0.9997560035965277,0.990750851954801,0.9903539919678933,0.9997554530661008,0.9892393326547878,0.9897371533523773,0.9988914506462813,0.9892021041109598,0.9897371732869944,0.9989300429966544,0.9892289731896537,0.990100039144103,0.9987212246896072,0.9886200610454149,0.9891417212973725,0.9978676966586816,0.9885405093930729,0.9891418108358581,0.9978564369422065,0.9886547539460803,0.9891417412199097,0.9976625562019932,0.9902508733399018,0.9895291587689552,1.0016957276720537,0.991567579520259,0.9895722080207567,1.0005155317385195,0.9893397924846395,0.9895892138895607,0.9988597795496348,0.9885435866786667,0.9892716573829697,0.9984140442830919,0.9887248061509742,0.9891413806016226,0.9981506103007431,0.9914235854866004,0.9894392082353072,1.000370680200079,0.991592976620678,0.9894665706073115,1.0005204506849583,0.9988773543473777,0.9950525719107021,1.0058701206836065,292.0
0.9999970326277118,0.9999964650113321,0.9999980758383833,0.9805273388360798,0.9767170923278296,0.9873657094310698,0.9951822103073422,0.9917617565840731,1.0032866398139797,0.9932467705648543,0.990437948991633,1.0021540740286352,0.9931811436407366,0.9900453160798929,1.0022824430820898,0.9924408392229529,0.9899617372978796,1.0020164975676789,0.9918634669845463,0.990022451353387,1.0008854260031759,0.9916658110547958,0.9897224365233898,1.0006573224434632,0.9909900148737307,0.9900107341726979,0.9999974657286856,0.9915075116526465,0.9892743621477296,1.0017147140743934,0.9913298834363599,0.9892904555679861,1.0017140535306839,0.9911963210856463,0.9883709745785645,1.0012886740851068,0.993176412914148,0.9897310223150813,1.0021783266869584,0.9931452439006401,0.9900453447943367,1.002437459255135,0.9911957575408199,0.9881651685593822,1.0011885345884597,0.9911951523843686,0.9879972559520744,1.0011386333769994,0.9910444851459322,0.9871519863264073,1.0010710230600832,0.9910365378241286,0.9873820588152084,1.0009361775368117,0.9910258175913864,0.9869565895034056,1.001063920197605,0.9904203916466577,0.9898483597320412,0.9993709007130062,0.9901073004889487,0.9896897738872301,0.999190439268207,0.990441576665773,0.9898484107697767,0.9990539101528172,0.9907689376902393,0.9900067408494608,0.9997566061342367,0.9907588730615493,0.9902913695601391,0.999756852700949,0.9892392963961624,0.9896608580224524,0.9988910386629303,0.98920230012798,0.9896608779555258,0.9989297233366742,0.9892289071595278,0.9900232142282213,0.9987199955736119,0.9886136894380023,0.9890578970118888,0.997867109030007,0.9885351852347439,0.9890579865427509,0.9978563120594586,0.9886470988867023,0.9890579169327277,0.9976611543851543,0.9902631631258657,0.989480380185889,1.0016969846928685,0.9915808155809718,0.9895176187723602,1.000515828437708,0.9893391643813557,0.9895131339023228,0.9988594591835313,0.9885384859480052,0.9891889990234327,0.9984137956765851,0.988718890470864,0.989057556345146,0.998150233499105,0.9914367194562514,0.989384527895473,1.0003708944538696,0.9916058830195874,0.9894114463792183,1.0005207682926982,0.9988974219189504,0.995016820344065,1.005869892643749,293.0
0.9999970385721296,0.9999964617667089,0.999998077441792,0.9805659706572962,0.9766955383128983,0.9873755960979623,0.995229577498239,0.9917390769342492,1.0033046339836618,0.9932920667389461,0.9904124943701637,1.0021729042939442,0.9932267344304645,0.9900210081999253,1.0023022004709559,0.9924856244247857,0.9899366166437616,1.0020355313174845,0.9919068756213062,0.9899924553301273,1.0009041858420553,0.991709479729576,0.98969372915847,1.0006760800522105,0.9910305786452055,0.989974649202378,1.0000163524023142,0.9915499411669234,0.9892497254213413,1.0017338268521556,0.9913720299904556,0.9892656674481778,1.001733215731149,0.9912365697110287,0.9883481426950402,1.0013075578944326,0.9932219293800058,0.9897076319019128,1.0021990588445917,0.9931910670518196,0.9900210369136687,1.0024570416263807,0.9912359981138719,0.9881425097908373,1.0012074070983707,0.9912353892580094,0.9879747185555752,1.001157459238952,0.991084296845691,0.9871325883350484,1.001091743056991,0.9910763909976303,0.9873634862476514,1.0009579738037175,0.9910655657478629,0.9869375090836757,1.0010847092480828,0.9904600838321405,0.9898068042695479,0.9993902817498626,0.9901467037878766,0.9896447776165573,0.9992101229673056,0.9904808641960838,0.9898068553051361,0.9990728565603435,0.9908091829440641,0.9899686261951565,0.9997759075106712,0.9907991982923539,0.9902536171500406,0.9997772482774605,0.9892804210161813,0.9896092519008928,0.9989114460417415,0.9892443625536609,0.9896092718329188,0.9989506844089184,0.9892699183102075,0.9899695701306512,0.9987373978648456,0.9886493957393263,0.9889995229585722,0.9978882362139639,0.9885709490631451,0.9889996124841116,0.9978774166517833,0.9886830202293235,0.9889995428782248,0.9976824545490863,0.9903038296967003,0.9894547056902325,1.0017161710976323,0.9916251338017378,0.9894897189759857,1.0005349714983975,0.9893778968338804,0.9894623562961682,0.9988796466503933,0.9885740994133715,0.9891320524538464,0.9984345675056445,0.9887542820273145,0.9889991823120803,0.9981712323045211,0.9914816552775364,0.9893572303839117,1.0003906289479014,0.9916505464554614,0.9893840299675843,1.0005398930779776,0.9989368061258768,0.9949948606263951,1.0058799941994314,294.0
0.9999970441472822,0.9999964561503688,0.9999980761330954,0.9806027431371896,0.9766587270408942,0.9873665228580121,0.9952720011062385,0.9916959959186643,1.0032985540552373,0.993331789472832,0.9903643883232143,1.0021652127191596,0.9932676008252681,0.989973482902176,1.0022947137651497,0.9925222683620972,0.9898868118750197,1.0020265354553992,0.991947015249023,0.9899395980712119,1.0008959597393008,0.9917497547361012,0.9896403990851305,1.000667130511533,0.9910699781575004,0.9899174413383773,1.0000094112273035,0.9915830155802257,0.9891974671663374,1.0017239302815302,0.9914044011953117,0.9892126288135716,1.0017233776001973,0.9912673523007286,0.9882967434636247,1.0012957848960198,0.9932628498479661,0.9896605711799775,1.0021915928245873,0.9932325789338246,0.9899735116145437,1.0024496621958239,0.9912667580937815,0.9880911375952488,1.0011953863059901,0.9912661384387689,0.9879233168962247,1.0011452038110273,0.991113263438718,0.9870826483385285,1.0010782561772036,0.9911053650537325,0.9873137635448365,1.0009446747656547,0.9910942942916557,0.9868877249814366,1.0010709685788897,0.9904989478853261,0.9897457019031912,0.9993842287430914,0.9901848456399689,0.9895812310405679,0.9992043560179804,0.9905204178918217,0.9897457529356297,0.9990670922006964,0.9908483905635326,0.9899099680760564,0.9997694891343465,0.9908384733657294,0.9901951910636059,0.9997717127323869,0.9893181646380943,0.9895428793299053,0.998906334150183,0.9892822771882095,0.9895428992605927,0.9989455982461162,0.9893076807825398,0.9899035549921593,0.998732730977751,0.9886862703741093,0.9889290927712031,0.997883772372731,0.9886079706374211,0.988929182290357,0.997872963988398,0.9887201954012276,0.9889291126894333,0.9976781982936295,0.9903315837536601,0.9893961819678802,1.001706532470309,0.9916648570078312,0.9894361520326372,1.0005252809187535,0.9894151880946133,0.989395838471722,0.9988742869108563,0.9886100219893802,0.9890620609479082,0.9984297053370645,0.9887906583757053,0.9889287521490104,0.998166586971951,0.9915202955462086,0.9893026136997488,1.0003799380597502,0.9916903718274084,0.989330631051677,1.000530196169083,0.9989742845583848,0.9949573354525479,1.0058707617713707,295.0
0.9999970486861234,0.9999964547603611,0.999998070143961,0.9806322985803052,0.9766499363349849,0.9873267496687335,0.9953079940242188,0.9916835397634021,1.0032551861237067,0.9933670455405299,0.9903504672318512,1.0021177711202316,0.9933026998672843,0.9899577683519996,1.0022438392485438,0.9925561795778771,0.9898730457203909,1.0019782188882802,0.9919843656784162,0.9899237485673203,1.000847037187513,0.9917891102129358,0.9896263058322614,1.0006194022031836,0.9911066082676947,0.9898970414895408,0.9999585475998418,0.9916143926677632,0.9891839251226778,1.0016746267323138,0.9914355522213193,0.9891989272218024,1.0016739872870415,0.9912960831621787,0.988284534407343,1.0012454114949845,0.9932977833247472,0.9896434216021763,1.0021383304536229,0.993267707762655,0.9899577970639114,1.0023985188614595,0.9912954593995709,0.9880788805067838,1.0011446369090233,0.9912948255548613,0.9879109520444812,1.001094117077205,0.9911413255935513,0.98707344414975,1.00102914778796,0.9911334064228375,0.9873042667329699,1.0008950386854956,0.9911222725039592,0.9868789589909666,1.0010221079974357,0.9905338768028557,0.9897217941658533,0.9993319196523794,0.9902190034889801,0.9895553321358559,0.9991516253934045,0.9905549493603666,0.9897218451970478,0.9990143189568371,0.9908843537466908,0.9898880514933398,0.9997178410872332,0.9908743743511039,0.9901724578577809,0.9997189507312396,0.9893507454660729,0.9895135407266057,0.9988512684275781,0.9893147126910229,0.9895135606566944,0.9988903420905355,0.9893401640922659,0.9898724122744027,0.9986750954981952,0.9887167113455478,0.9888959899368285,0.9978301082530195,0.9886387436280982,0.9888960794529487,0.9978193917964979,0.9887503257492855,0.9888960098543826,0.9976243011523601,0.9903610807904998,0.9893813206863963,1.0016571753202848,0.9917050896485109,0.9894231562847626,1.0004780989872482,0.9894481862723311,0.9893672332708232,0.998820760165678,0.9886412921181618,0.989030757072436,0.9983761521145589,0.9888211416831036,0.9888956493261785,0.9981130399733171,0.9915614115026435,0.9892904589832417,1.0003335855326863,0.9917308914404305,0.9893181032714669,1.0004829963124189,0.9990044147801259,0.9949483637876158,1.0058302301356818,296.0
0.999997047690139,0.9999964571189325,0.9999980674973871,0.9806250773365507,0.9766655682975615,0.9873091937232917,0.9953024050950431,0.9917019208142727,1.00323519979723,0.9933596261459579,0.990364231219525,1.0020939278572765,0.9932972629933391,0.989971741998805,1.0022211625431883,0.9925481034398745,0.9898859964738698,1.0019526945578008,0.9919739184502129,0.9899317637436813,1.0008203457716738,0.9917777760450327,0.9896330769017941,1.000592096053931,0.9910932519652407,0.9899003805459365,0.9999299868379014,0.9916051233891254,0.9891956991384273,1.0016471143027497,0.9914259736085239,0.989210507875398,1.0016465074664598,0.9912865624606068,0.9882957943181897,1.0012145870884754,0.9932921767431172,0.9896575629636624,1.0021157546530894,0.9932635877027942,0.9899717707111276,1.0023764662917853,0.9912859185292333,0.9880901806372415,1.0011135807826816,0.991285275074025,0.9879222376904091,1.001062838633871,0.9911322281422792,0.9870825018468423,1.0009930617459348,0.9911243377265675,0.9873139417982237,1.000859732367097,0.9911132257212276,0.9868876314567125,1.0009852125298648,0.9905195189504437,0.9897213428783723,0.9993029542194674,0.9902040581027771,0.9895526491949431,0.9991226596849366,0.9905406029633052,0.989721393909539,0.9989851534552098,0.9908706058788925,0.9898898318589779,0.9996890038746318,0.9908605946766873,0.9901737465808229,0.9996895242946071,0.989334370548565,0.9895064406293609,0.998821752053376,0.9892983056025692,0.9895064605593007,0.9988607077501234,0.9893237640673095,0.9898648819426491,0.9986449378729294,0.9886970417988046,0.9888829596651066,0.9978008809409363,0.9886189156047983,0.988883049180016,0.9977900091135946,0.988730702009255,0.9888829795823897,0.9975950582393577,0.9903496075064603,0.9893914604305462,1.0016297430869974,0.9916930466000338,0.989429137651692,1.0004503651330225,0.9894319051309373,0.9893603080827696,0.9987918109541439,0.988622322879047,0.989019075462875,0.9983472061811434,0.9888015894677449,0.9888826190590645,0.9980840001955755,0.9915487019220215,0.9892957875867439,1.0003052197153275,0.9917186093426836,0.9893238421886745,1.0004552711641457,0.9989970647153935,0.9949642993451938,1.0058123369883516,297.0
0.9999970419450661,0.9999964532294994,0.9999980706937651,0.9805880547348947,0.9766399614360632,0.9873305740608821,0.9952552312595515,0.9916730405133855,1.003256445991455,0.9933106171683129,0.9903315036599647,1.0021131543701678,0.9932476838966793,0.9899403218401004,1.0022412604498672,0.9924992349646191,0.989852527053572,1.001971053044824,0.9919227268360125,0.9898940558249654,1.0008374598214969,0.9917242230098356,0.9895940815370504,1.0006069262480493,0.9910423644020884,0.9898588768303282,0.9999480159035137,0.9915564789789416,0.9891611568324816,1.0016647750663854,0.9913769727366915,0.9891756695963942,1.0016641391737522,0.9912400367972717,0.9882614126889699,1.0012312660089666,0.9932425102038673,0.9896271888337975,1.0021371020516505,0.9932137319996334,0.9899403505515174,1.0023961496929013,0.9912393803308021,0.988055924697777,1.001130167228416,0.9912387309998058,0.9878880567774977,1.0010793136242713,0.9910858681455528,0.987047402214266,1.001006298573058,0.9910779655928889,0.9872786806270777,1.0008726617760622,0.9910668892551162,0.9868524633749293,1.0009980487523469,0.9904687118240906,0.9896763916975617,0.9993214296111729,0.9901533273308719,0.9895055158337597,0.9991413537893479,0.9904897719644646,0.989676442726409,0.9990034461736442,0.9908197614959816,0.9898470628576964,0.9997073754059652,0.9908098091721808,0.9901312731578816,0.9997087280290743,0.989283515031545,0.9894572075070026,0.998839114442833,0.9892469696156185,0.9894572274359473,0.99887766669484,0.9892728583345928,0.9898147980359235,0.9986609910939511,0.9886511038905625,0.9888311627342167,0.9978218870869521,0.988573676277413,0.988831252244419,0.9978112625208276,0.9886853031378922,0.9888311826504512,0.9976164017317687,0.9902981200369695,0.9893543524598526,1.0016474570106866,0.9916384291369805,0.989389378914626,1.000464169157628,0.9893823191406456,0.9893114208831207,0.9988107544548261,0.9885740118983555,0.9889683609263192,0.9983670999169192,0.9887543268970437,0.9888308221460833,0.9981044883132916,0.9914925591794499,0.9892545660450648,1.0003175974259135,0.991664295444074,0.9892846911987727,1.0004690507386063,0.998959312822101,0.99493820113604,1.0058341182892259,298.0
0.9999970344999805,0.9999964560266539,0.9999980710060694,0.9805391623390431,0.9766582829979962,0.9873330736921931,0.9951978215070184,0.9916947287545533,1.0032544559942136,0.9932521801081441,0.990354787956699,1.0021074673624013,0.9931888413438098,0.9899650147335503,1.0022367024557717,0.9924404338454559,0.9898750929994388,1.0019638108114808,0.9918640798425267,0.9899195663740714,1.000828126176139,0.9916643277344114,0.9896184925173102,1.0005967536556468,0.9909862813067235,0.9898876711666577,0.9999363335204108,0.9914976071957649,0.9891826829400613,1.0016559664924627,0.9913178259529918,0.9891970078202046,1.0016552884579342,0.991182502660619,0.9882825301335537,1.0012202315741798,0.9931836140553374,0.9896530087117976,1.0021338679841416,0.9931546862570904,0.989965043445687,1.0023912759476812,0.9911817754835223,0.9880766721892734,1.0011181106111413,0.9911810919847304,0.987908347209764,1.001066390449669,0.991029173186345,0.9870680807426065,1.0009927739123354,0.9910212196561936,0.9872984937698726,1.000857844726117,0.9910103118100783,0.9868732210736515,1.0009844032394604,0.9904157744683711,0.9897081434280794,0.9993083153025063,0.9901023982753071,0.9895391302163042,0.9991275094074463,0.9904367528093737,0.989708194458565,0.9989901042469633,0.9907648873013345,0.9898769518523372,0.9996951203556699,0.9907549315257652,0.9901609534663873,0.9996963657004869,0.9892354520563866,0.989491354106872,0.9988215439237345,0.9891988844785998,0.9894913740365036,0.9988600504354845,0.9892245662213565,0.9898449094275081,0.998637507846491,0.988607607782515,0.9888702885342407,0.9978074762984263,0.9885304191524238,0.9888703780479889,0.9977968950907998,0.9886422048227298,0.9888703084512652,0.9976022270867146,0.9902371598573548,0.989374365953068,1.0016386535631485,0.9915777918254706,0.9894130825502352,1.0004535442397644,0.9893344068702796,0.9893472078993162,0.9987957045190137,0.9885289249167859,0.989007492761623,0.9983522139163793,0.9887101283251762,0.9888699479326168,0.9980898423574539,0.9914312353041458,0.9892776048795963,1.0003063152689413,0.9916034686869267,0.9893083573394222,1.0004584256649305,0.9989094767171586,0.9949568792098652,1.0058366492809423,299.0
0.9999970397803749,0.9999964543917236,0.9999980699746859,0.9805735435404735,0.9766474834928763,0.987325790325732,0.995239911903185,0.9916826638244872,1.003250662297324,0.9932976249627994,0.990341842507382,1.002103237544529,0.9932343899657543,0.9899523948095917,1.0022322958458458,0.9924867832212707,0.9898608277419699,1.001958702256325,0.9919123406076381,0.9899065438809892,1.00082537460668,0.9917131598130435,0.9896061606644867,1.000594605123919,0.9910365566478648,0.9898742094783576,0.9999350500047939,0.991542805147357,0.9891665087710184,1.0016488542701012,0.9913626212429792,0.9891804865286536,1.0016482009270016,0.9912278935895856,0.9882655717661936,1.0012098110045287,0.9932291101493167,0.9896406491848374,1.0021294688304103,0.9932003364434184,0.9899524235213644,1.002386757549183,0.9912271529012873,0.9880598085172991,1.0011075753454648,0.9912264630184405,0.987891528120092,1.00105572939157,0.9910747120070178,0.987048013949477,1.000975812097863,0.9910667102000005,0.9872776063474429,1.0008396203119305,0.9910558775380057,0.9868528779298357,1.0009667875343249,0.9904687689438795,0.9896941814855994,0.9993084659229565,0.9901574420700899,0.98952481444995,0.9991286254010521,0.9904891121532452,0.9896942325153718,0.9989897498689665,0.9908162195365791,0.9898633437360168,0.9996945380273013,0.990806317670342,0.9901475693370716,0.9996965119747407,0.9892965567919811,0.9894770958392801,0.9988255189677984,0.9892607792056415,0.9894771157686265,0.9988645392183729,0.9892856580912429,0.9898306982677365,0.9986411759515742,0.9886715432083535,0.9888554570172671,0.9978125089977684,0.9885948020188872,0.9888555465296818,0.9978020756180677,0.9887069234865412,0.9888554769339947,0.9976078104895538,0.9902793423971615,0.98935529093373,1.0016316532852811,0.9916268627272717,0.989401144503551,1.0004517007724936,0.9893934629053281,0.9893329305898613,0.9987984678884034,0.9885902519221144,0.9889932284855255,0.9983559654048269,0.9887726884916401,0.988855116420718,0.9980942558265996,0.9914807748623153,0.9892661182479995,1.0003049195936,0.9916525975720663,0.9892968102918026,1.0004565656436617,0.9989445275850971,0.9949458730370356,1.0058292419984343,300.0
